date,open,high,low,close,volume
1325376000,39.49,39.49,39.04,39.26,1111
1325462400,39.26,40.16,39.49,40.16,551
1325548800,40.16,39.71,39.26,39.49,490
1325635200,39.49,39.49,39.04,39.26,3220
1325721600,39.26,39.26,38.82,39.04,775
1325980800,39.04,39.49,39.04,39.26,3240
1326067200,39.26,39.04,38.59,38.59,1710
1326153600,38.59,39.26,38.82,38.82,549
1326240000,38.82,38.82,38.59,38.82,2477
1326326400,38.82,38.82,38.37,38.82,3102
1326672000,38.82,38.82,38.59,38.59,1049
1326758400,38.59,39.26,38.37,39.04,866
1326844800,39.04,40.16,39.26,40.16,2190
1327190400,39.93,40.16,39.49,39.93,4484
1327276800,39.93,39.49,38.59,38.82,1650
1327449600,38.82,39.26,38.59,39.26,1170
1327536000,39.26,39.26,38.37,38.82,1060
1327795200,38.82,39.26,38.59,38.82,4200
1327968000,38.82,39.26,38.37,38.37,2291
1328054400,38.37,39.04,38.37,38.59,1833
1328140800,38.59,39.04,38.59,38.59,3946
1328400000,38.59,38.59,38.14,38.37,1611
1328486400,38.37,38.59,38.37,38.59,992
1328572800,38.59,38.37,37.7,38.37,2091
1328659200,38.37,38.37,38.14,38.37,386
1328745600,38.37,38.37,38.14,38.14,920
1329004800,38.14,38.14,37.92,38.14,1309
1329091200,38.14,38.59,37.7,37.92,1992
1329177600,37.92,38.37,37.7,38.14,1961
1329264000,38.14,38.59,38.37,38.59,276
1329350400,38.59,38.14,37.7,37.92,550
1329782400,37.92,38.14,37.92,38.14,631
1329955200,38.14,38.14,37.7,38.14,1230
1330214400,38.14,38.14,37.25,37.7,2747
1330300800,37.7,38.14,37.7,37.92,1285
1330387200,37.92,38.37,37.7,38.14,2204
1330473600,38.14,38.14,37.92,37.92,1030
1330560000,37.92,38.14,37.7,37.92,2300
1330819200,37.92,38.14,37.03,38.14,1451
1330905600,38.14,38.14,37.7,37.7,460
1330992000,37.7,37.7,37.25,37.25,2124
1331424000,37.25,37.47,37.25,37.47,754
1331510400,37.47,37.7,36.58,37.47,1022
1331596800,37.47,37.47,37.03,37.03,1321
1331683200,37.03,37.25,36.8,36.8,793
1331769600,36.8,36.8,36.36,36.8,842
1332028800,36.8,36.8,36.36,36.8,1003
1332115200,36.8,37.25,36.58,36.58,311
1332201600,36.58,36.8,36.36,36.36,4107
1332288000,36.36,37.47,36.36,37.03,1257
1332633600,37.03,37.47,36.58,37.47,920
1332720000,37.47,37.7,36.8,37.7,2082
1332806400,37.7,37.25,36.58,36.8,270
1332892800,36.8,37.47,37.03,37.47,1615
1332979200,37.47,37.92,37.25,37.25,1395
1333238400,37.25,37.47,37.25,37.47,1762
1333324800,37.47,37.47,37.03,37.25,1275
1333411200,37.25,37.47,37.47,37.47,680
1333497600,37.47,37.47,37.25,37.25,3550
1333584000,37.25,37.47,37.25,37.47,680
1333843200,37.47,37.47,37.25,37.47,1051
1333929600,37.47,37.7,37.25,37.47,921
1334016000,37.47,37.47,37.03,37.47,1313
1334102400,37.47,38.37,37.7,37.7,2180
1334188800,37.7,39.26,37.92,39.26,683
1334448000,39.26,41.5,39.71,41.28,2514
1334534400,41.28,43.96,41.72,43.96,833
1334620800,43.96,43.51,42.84,42.84,1789
1334707200,42.84,42.39,40.61,41.5,3301
1334793600,41.5,42.39,40.61,41.05,4668
1335052800,41.05,41.5,41.05,41.28,1560
1335225600,41.28,42.62,41.72,42.62,100
1335312000,42.62,43.96,43.96,43.96,70
1335398400,43.96,46.87,44.41,46.87,8831
1335657600,46.87,49.33,45.3,47.32,8923
1335744000,47.32,47.99,43.96,45.08,5694
1335916800,45.08,45.08,42.39,42.39,980
1336003200,42.39,43.29,42.84,43.29,241
1336348800,43.29,43.74,43.74,43.74,183
1336435200,43.74,45.53,44.18,45.53,2332
1336521600,45.53,46.87,43.51,45.53,7062
1336608000,45.53,45.53,42.62,44.86,11243
1336867200,44.86,44.41,42.84,43.29,3133
1336953600,43.29,42.84,40.83,41.72,5092
1337040000,41.72,44.41,42.17,44.41,696
1337126400,44.41,44.86,44.86,44.86,150
1337212800,44.86,46.64,45.3,45.3,6469
1337472000,45.3,45.53,43.74,44.86,6548
1337558400,44.86,46.2,44.63,44.86,3222
1337644800,44.86,45.75,43.51,45.75,8963
1337731200,45.75,45.3,43.51,43.51,905
1337817600,43.51,45.75,43.51,45.75,7754
1338076800,45.75,47.99,45.08,46.87,6836
1338249600,46.87,46.42,43.74,43.74,3959
1338336000,43.74,43.29,40.83,40.83,4480
1338422400,40.83,42.39,40.38,42.39,1231
1338681600,42.39,45.08,41.72,45.08,1647
1338768000,45.08,45.3,42.84,43.51,3705
1338854400,43.51,43.96,43.07,43.51,2968
1338940800,43.51,43.07,41.72,41.95,1331
1339027200,41.95,43.74,41.05,43.07,2120
1339286400,43.07,45.08,43.51,44.63,8139
1339372800,44.63,45.53,44.18,45.08,4583
1339459200,45.08,45.53,44.86,45.08,4983
1339545600,45.08,46.42,44.63,45.3,8518
1339632000,45.3,44.86,43.51,44.18,1912
1339891200,44.18,44.18,42.39,43.74,2426
1339977600,43.74,43.51,42.84,43.51,2589
1340064000,43.51,43.51,43.07,43.29,1549
1340150400,43.29,44.18,43.29,43.74,1361
1340236800,43.74,44.41,43.96,44.18,1170
1340582400,44.18,45.08,43.51,45.08,1760
1340668800,45.08,44.63,43.74,44.18,2036
1340755200,44.18,45.08,43.29,45.08,2422
1340841600,45.08,45.53,44.86,45.08,2876
1341100800,45.08,45.53,45.08,45.53,3643
1341187200,45.53,46.2,45.08,45.3,3256
1341273600,45.3,45.3,45.08,45.3,880
1341360000,45.3,46.42,45.08,46.42,3868
1341446400,46.42,46.2,45.53,46.2,3056
1341705600,46.2,46.87,45.75,45.97,2338
1341792000,45.97,47.32,45.97,46.87,3893
1341878400,46.87,47.99,46.87,47.32,3747
1341964800,47.32,47.76,46.87,47.76,3631
1342051200,47.76,48.66,47.09,47.54,3977
1342310400,47.54,48.66,47.54,48.66,1722
1342396800,48.66,50.0,47.32,50.0,12898
1342483200,50.0,52.91,49.78,52.01,12061
1342569600,52.01,55.37,51.79,55.37,8985
1342656000,55.37,58.05,53.13,58.05,21519
1342915200,58.05,58.5,55.59,56.71,19689
1343001600,56.71,58.05,56.04,56.26,13375
1343088000,56.26,56.26,54.25,56.26,7364
1343174400,56.26,55.59,54.25,54.92,10548
1343260800,54.92,54.25,52.91,53.36,4910
1343520000,53.36,52.68,49.78,50.9,4932
1343606400,50.9,52.24,50.22,52.01,7450
1343692800,52.01,54.47,51.34,53.13,4757
1343779200,53.13,54.47,52.68,54.03,6479
1344124800,54.03,54.92,53.58,54.25,4178
1344211200,54.25,54.7,54.03,54.25,5741
1344297600,54.25,54.92,52.68,53.13,4255
1344384000,53.13,53.8,51.79,53.8,6744
1344729600,53.8,53.8,51.12,52.01,3111
1344816000,52.01,51.34,49.55,51.34,3464
1344902400,51.34,51.34,50.67,50.9,1990
1344988800,50.9,50.9,49.78,50.22,4533
1345075200,50.22,53.13,50.9,51.79,5649
1345334400,51.79,52.91,51.79,52.46,5601
1345507200,52.46,52.91,50.45,50.9,5218
1345593600,50.9,51.12,49.78,50.67,4219
1345680000,50.67,51.12,50.0,50.67,3162
1345939200,50.67,52.68,50.67,52.46,10162
1346025600,52.46,53.36,52.68,52.91,3340
1346112000,52.91,54.03,52.46,53.36,7405
1346198400,53.36,53.13,52.46,53.13,6758
1346284800,53.13,52.46,51.79,52.01,1905
1346544000,52.01,52.24,51.79,52.01,2866
1346630400,52.01,52.91,52.01,52.01,4178
1346716800,52.01,51.79,51.34,51.79,5642
1346803200,51.79,52.24,51.79,51.79,2370
1346889600,51.79,52.01,51.79,51.79,7102
1347148800,51.79,52.24,51.79,52.01,5013
1347235200,52.01,52.24,50.9,52.24,5097
1347321600,52.24,52.24,51.79,52.24,1662
1347408000,52.24,52.24,52.01,52.01,3222
1347494400,52.01,52.46,52.01,52.46,2968
1347753600,52.46,52.91,52.24,52.91,3274
1347840000,52.91,53.36,52.46,53.36,3239
1347926400,53.36,54.7,52.91,54.03,2338
1348012800,54.03,54.47,53.36,54.47,10568
1348099200,54.47,54.25,53.8,54.03,8013
1348358400,54.03,54.47,53.36,54.03,7991
1348444800,54.03,54.03,53.36,53.36,160
1348531200,53.36,53.13,52.24,52.91,4295
1348617600,52.91,53.36,52.24,53.36,6587
1348704000,53.36,52.68,52.46,52.68,1695
1348963200,52.68,52.91,52.46,52.91,5747
1349049600,52.91,53.13,52.46,52.91,4962
1349136000,52.91,53.13,52.91,52.91,2888
1349222400,52.91,53.13,52.24,53.13,2684
1349308800,53.13,53.36,52.91,52.91,2620
1349568000,52.91,53.58,52.91,52.91,3211
1349654400,52.91,53.13,52.91,52.91,3157
1349740800,52.91,53.13,52.91,52.91,5229
1349827200,52.91,54.25,52.91,53.13,3367
1349913600,53.13,53.36,52.91,52.91,7164
1350172800,52.91,53.58,52.91,53.36,3698
1350259200,53.36,53.36,52.91,53.13,2449
1350432000,53.13,53.58,53.58,53.58,517
1350518400,53.58,53.8,53.13,53.58,1405
1351555200,53.58,54.7,53.13,54.7,1294
1351641600,54.7,56.04,54.03,54.47,2858
1351728000,54.47,54.47,54.03,54.47,2402
1351987200,54.47,56.26,53.8,55.37,3923
1352073600,55.37,56.49,54.03,55.82,2610
1352160000,55.82,56.26,55.59,55.82,3708
1352246400,55.82,58.28,54.92,57.38,4246
1352332800,57.38,58.72,57.16,57.16,3508
1352592000,57.16,58.5,56.49,57.16,2797
1352678400,57.16,57.61,56.71,57.61,3161
1353196800,57.61,60.51,57.38,58.95,4897
1353369600,58.95,60.74,58.28,59.4,3585
1353456000,59.4,60.29,58.5,59.62,7505
1353542400,59.62,59.84,58.5,59.62,12951
1353801600,59.62,62.08,59.84,60.96,7730
1353888000,60.96,60.51,59.17,60.29,59247
1353974400,60.29,60.51,59.17,59.17,3234
1354060800,59.17,60.96,58.5,60.29,5510
1354147200,60.29,60.29,59.84,60.07,2261
1354406400,60.07,60.07,58.5,58.72,4800
1354492800,58.72,59.84,58.5,59.17,4633
1354579200,59.17,60.74,59.17,59.4,3519
1354665600,59.4,61.18,59.62,60.29,5953
1354752000,60.29,60.29,59.84,59.84,1830
1355011200,59.84,59.62,58.5,59.4,5198
1355097600,59.4,58.95,58.5,58.72,4919
1355184000,58.72,59.62,58.72,59.62,3414
1355356800,59.62,60.29,59.4,60.29,3290
1355616000,60.29,63.87,60.07,61.86,5244
1355702400,61.86,62.97,61.86,62.53,6656
1355788800,62.53,62.08,59.17,61.86,5273
1355875200,61.86,62.53,60.96,62.08,8116
1355961600,62.08,62.53,60.51,60.51,5727
1356220800,60.51,62.3,59.62,61.41,7171
1356307200,61.41,65.21,61.41,64.76,3500
1356480000,64.76,67.45,64.76,67.0,6219
1356566400,67.0,70.8,65.43,69.68,4877
1356912000,69.68,69.46,65.88,67.45,14630
1356998400,67.45,67.67,65.88,67.0,7961
1357084800,67.0,67.9,65.88,67.9,5628
1357171200,67.9,69.68,66.33,68.79,10342
1357430400,68.79,68.57,67.0,67.67,6384
1357516800,67.67,67.67,66.78,67.67,6744
1357603200,67.67,68.34,66.11,67.22,7156
1357689600,67.22,67.45,65.88,67.0,3658
1357776000,67.0,68.12,66.11,68.12,3936
1358035200,68.12,67.67,66.33,67.45,5314
1358208000,67.45,72.82,67.45,72.82,14770
1358294400,72.82,77.96,70.13,74.16,19323
1358380800,74.16,74.38,69.68,70.58,5818
1358640000,70.58,69.91,67.9,69.01,2655
1358726400,69.01,70.8,68.34,69.91,6088
1358812800,69.91,73.04,69.68,72.15,7109
1358899200,72.15,72.37,71.25,71.92,4532
1358985600,71.92,71.92,70.13,70.13,4722
1359244800,70.13,70.36,67.67,69.68,3268
1359331200,69.68,69.46,67.9,68.12,6464
1359504000,68.12,68.12,67.45,67.9,5603
1359590400,67.9,68.79,65.88,66.55,2997
1359849600,66.55,69.24,66.55,67.67,4519
1359936000,67.67,67.9,66.55,67.9,2909
1360022400,67.9,68.12,67.45,67.9,2382
1360108800,67.9,67.9,66.55,67.0,2204
1360195200,67.0,67.45,66.78,67.45,2011
1360454400,67.45,68.34,67.0,68.34,4273
1360627200,68.34,70.8,68.34,69.68,1951
1360713600,69.68,70.8,67.9,68.57,1862
1360800000,68.57,70.36,68.57,69.91,4871
1361059200,69.91,75.5,71.03,75.5,450
1361232000,75.5,76.62,71.25,71.92,6905
1361318400,71.92,70.8,69.68,69.68,5135
1361404800,69.68,70.8,68.34,69.68,3237
1361664000,69.68,69.91,68.34,69.68,2131
1361750400,69.68,70.8,68.79,70.8,2352
1361836800,70.8,71.92,68.57,69.68,2202
1361923200,69.68,69.68,68.57,69.68,3682
1362009600,69.68,70.13,69.46,69.68,9283
1362268800,69.68,70.8,69.24,69.68,7283
1362355200,69.68,70.8,69.68,69.68,2021
1362441600,69.68,70.58,69.46,70.13,1333
1362528000,70.13,71.25,69.68,71.03,5661
1362614400,71.03,73.26,70.13,71.92,8671
1362960000,71.92,72.59,71.25,71.92,5405
1363132800,71.92,75.28,71.7,74.16,5687
1363219200,74.16,75.28,72.37,73.04,9300
1363478400,73.04,73.04,70.8,71.92,5629
1363564800,71.92,71.25,70.13,71.03,4336
1363651200,71.03,72.15,70.8,71.92,5473
1363737600,71.92,71.03,70.13,70.36,1903
1363824000,70.36,70.13,68.57,69.68,3174
1364083200,69.68,69.01,67.9,68.57,2999
1364169600,68.57,69.68,67.67,69.24,3862
1364342400,69.24,69.46,68.57,69.01,2307
1364428800,69.01,69.24,68.12,68.79,3297
1364688000,68.79,68.79,67.0,67.45,7670
1364774400,67.45,68.57,66.33,67.9,6103
1364860800,67.9,68.79,67.67,68.79,5576
1364947200,68.79,69.68,68.57,68.57,3462
1365033600,68.57,68.57,67.9,68.34,1588
1365292800,68.34,68.79,68.34,68.79,2378
1365379200,68.79,69.24,68.34,68.34,1805
1365465600,68.34,69.01,68.12,68.57,2150
1365638400,68.57,69.01,68.57,68.57,2923
1365984000,68.57,68.57,67.45,67.67,1467
1366070400,67.67,68.34,67.45,67.67,2711
1366156800,67.67,68.79,67.0,68.12,2336
1366243200,68.12,68.12,67.45,67.45,2324
1366502400,67.45,67.0,66.33,66.33,3138
1366588800,66.33,66.33,64.54,66.33,3428
1366675200,66.33,67.22,66.33,67.0,2531
1366848000,67.0,66.11,64.09,65.21,1360
1367107200,65.21,64.99,64.32,64.32,1623
1367193600,64.32,65.66,64.32,64.54,2263
1367280000,64.54,65.21,64.09,65.21,3425
1367452800,65.21,65.21,62.53,63.2,2410
1367712000,63.2,64.54,60.96,60.96,2917
1367798400,60.96,60.07,58.72,59.17,2272
1367884800,59.17,62.53,59.17,61.86,1989
1367971200,61.86,62.3,61.18,61.86,1152
1368057600,61.86,61.18,60.07,60.74,480
1368316800,60.74,62.97,60.74,62.08,2755
1368403200,62.08,63.2,62.3,63.2,1666
1368489600,63.2,63.65,62.75,63.42,2285
1368576000,63.42,66.11,62.97,66.11,1507
1368662400,66.11,65.66,65.21,65.66,862
1368921600,65.66,64.76,63.42,63.42,1205
1369008000,63.42,64.32,62.53,63.65,1461
1369094400,63.65,67.22,64.09,66.33,8468
1369180800,66.33,67.22,65.21,65.66,2936
1369267200,65.66,64.76,62.53,62.53,2170
1369526400,62.53,63.87,62.3,63.2,2433
1369612800,63.2,64.76,62.97,64.09,1307
1369699200,64.09,65.43,63.42,64.09,1841
1369872000,64.09,64.76,63.87,64.32,3965
1370131200,64.32,65.21,63.42,63.65,2959
1370217600,63.65,64.09,63.42,64.09,2001
1370304000,64.09,65.21,63.87,64.09,5887
1370390400,64.09,64.32,63.65,64.09,3773
1370476800,64.09,64.99,62.97,63.2,5457
1370736000,63.2,63.65,62.53,62.97,1275
1370822400,62.97,63.2,61.63,61.86,1674
1370908800,61.86,62.3,61.41,61.41,4959
1370995200,61.41,61.86,60.51,61.41,938
1371081600,61.41,60.74,59.62,59.84,2734
1371340800,59.84,61.63,59.62,59.62,3116
1371427200,59.62,59.84,58.72,59.84,3177
1371513600,59.84,59.62,58.95,59.17,3775
1371600000,59.17,59.4,58.5,59.4,2193
1371686400,59.4,59.4,58.5,58.95,2914
1371945600,58.95,59.62,58.5,58.95,3944
1372032000,58.95,59.4,58.5,59.4,2863
1372118400,59.4,61.18,58.72,61.18,1591
1372204800,61.18,61.63,60.51,60.74,2267
1372291200,60.74,60.51,58.95,59.4,2462
1372550400,59.4,59.4,58.5,59.4,4074
1372636800,59.4,59.4,58.72,59.4,8440
1372723200,59.4,61.63,58.95,61.63,6663
1372809600,61.63,63.65,61.63,62.3,8503
1372896000,62.3,62.53,61.18,62.08,2654
1373155200,62.08,61.41,60.29,61.18,1944
1373241600,61.18,61.41,60.74,61.41,1314
1373328000,61.41,62.08,61.18,62.08,4180
1373414400,62.08,62.3,61.86,61.86,906
1373500800,61.86,62.3,60.74,60.96,1952
1373760000,60.96,61.41,60.96,61.41,849
1373846400,61.41,62.08,60.96,61.18,520
1373932800,61.18,61.41,60.29,61.18,1405
1374019200,61.18,62.53,60.51,62.53,833
1374105600,62.53,62.53,60.96,61.86,3565
1374364800,61.86,63.42,60.96,62.97,1576
1374451200,62.97,62.75,61.41,62.75,3960
1374537600,62.75,62.97,61.86,62.97,2380
1374624000,62.97,62.97,62.08,62.97,3875
1374710400,62.97,63.2,62.3,62.97,6133
1374969600,62.97,62.97,62.3,62.75,2271
1375056000,62.75,63.42,62.53,62.97,6445
1375142400,62.97,64.32,61.41,63.42,4366
1375228800,63.42,67.22,62.97,64.54,5674
1375315200,64.54,66.11,64.76,65.88,3874
1375574400,65.88,67.22,65.21,66.33,6786
1375660800,66.33,68.34,65.21,68.34,16970
1375747200,68.34,68.34,65.66,67.45,8059
1375833600,67.45,70.8,67.22,69.68,14766
1375920000,69.68,71.03,69.01,71.03,10429
1376179200,71.03,71.92,68.79,71.47,6243
1376265600,71.47,71.47,70.58,71.47,5404
1376352000,71.47,71.92,70.8,70.8,12121
1376438400,70.8,75.28,70.8,73.04,22278
1376524800,73.04,75.28,72.37,75.05,17518
1376784000,75.05,79.3,74.38,78.41,8762
1376870400,78.41,80.65,77.29,79.75,13094
1376956800,79.75,79.75,77.51,78.63,14268
1377388800,78.63,78.63,74.38,75.28,9229
1377475200,75.28,76.4,73.04,73.04,10512
1377561600,73.04,74.83,73.26,73.94,5993
1377734400,73.94,75.28,72.15,74.16,10781
1377993600,74.16,75.95,73.26,74.83,10315
1378080000,74.83,74.83,73.94,74.83,4607
1378166400,74.83,74.83,73.04,74.16,9705
1378252800,74.16,75.05,73.04,73.71,5881
1378339200,73.71,74.16,72.59,74.16,4619
1378598400,74.16,74.16,73.26,73.71,1430
1378684800,73.71,73.71,71.92,73.04,3761
1378771200,73.04,72.59,71.03,71.92,3506
1378857600,71.92,71.92,70.8,71.03,3560
1378944000,71.03,71.7,70.8,71.03,2297
1379203200,71.03,70.8,69.01,69.91,1705
1379289600,69.91,69.46,67.45,68.12,3105
1379376000,68.12,69.68,67.22,69.46,4190
1379548800,69.46,70.36,67.9,69.91,7230
1379808000,69.91,69.68,68.12,69.24,3598
1379894400,69.24,71.03,67.45,71.03,4366
1379980800,71.03,71.92,69.46,70.8,3569
1380067200,70.8,71.92,69.68,70.13,2342
1380153600,70.13,70.8,69.24,69.68,2947
1380412800,69.68,70.58,69.24,69.68,5593
1380499200,69.68,70.8,69.91,70.36,4048
1380585600,70.36,71.47,69.68,71.25,6780
1380672000,71.25,73.04,70.8,73.04,4507
1380758400,73.04,73.71,70.8,72.15,5989
1381017600,72.15,74.38,71.92,73.71,6298
1381104000,73.71,74.61,73.04,73.71,6554
1381190400,73.71,75.28,74.16,74.61,5781
1381276800,74.61,76.4,73.71,75.05,10880
1381363200,75.05,77.96,75.05,77.96,9084
1381968000,77.96,79.3,76.4,76.62,3422
1382227200,76.62,79.08,74.61,78.19,12323
1382313600,78.19,77.74,76.62,76.62,5261
1382400000,76.62,77.29,75.5,76.4,2882
1382486400,76.4,76.17,75.28,76.17,6589
1382572800,76.17,75.72,73.26,74.38,8658
1382832000,74.38,74.16,73.04,74.16,6644
1382918400,74.16,73.94,71.92,73.26,7712
1383004800,73.26,74.16,73.26,73.71,5113
1383091200,73.71,74.38,72.59,74.16,3999
1383177600,74.16,75.28,74.16,74.38,4946
1383696000,74.38,74.16,73.26,74.16,3065
1383782400,74.16,74.61,73.04,74.16,2913
1384041600,74.16,73.71,73.04,73.04,3006
1384128000,73.04,74.38,72.59,74.16,2943
1384214400,74.16,78.19,74.16,76.84,2751
1384300800,76.84,78.63,76.62,77.51,13696
1384387200,77.51,78.63,76.4,78.63,7095
1384992000,78.63,82.21,79.75,82.21,1316
1385251200,82.21,88.92,84.22,86.24,21647
1385337600,86.24,86.69,81.99,84.0,13105
1385424000,84.0,87.36,82.66,85.57,28272
1385510400,85.57,90.26,85.57,89.82,36076
1385596800,89.82,90.26,88.47,90.26,21680
1385856000,90.26,97.87,90.04,97.87,23763
1385942400,97.87,105.92,94.29,104.36,20977
1386028800,104.36,104.13,100.78,103.24,19402
1386115200,103.24,108.83,101.45,103.69,12389
1386201600,103.69,109.5,99.88,103.24,21081
1386460800,103.24,103.46,101.0,102.12,16688
1386547200,102.12,104.36,99.44,102.34,26882
1386633600,102.34,104.36,101.23,103.24,28690
1386720000,103.24,105.92,101.67,105.48,18473
1386806400,105.48,107.71,104.13,104.58,17759
1387065600,104.58,113.53,104.36,113.53,20003
1387152000,113.53,123.37,113.08,123.37,20965
1387324800,123.37,129.63,122.25,122.25,29053
1387411200,122.25,125.61,120.02,124.04,39462
1387670400,124.04,123.37,117.55,121.13,19387
1387756800,121.13,120.02,115.77,118.67,33400
1387843200,118.67,122.03,114.65,118.67,30153
1388016000,118.67,125.38,116.66,119.12,15787
1388275200,119.12,120.02,114.42,117.78,22999
1388448000,117.78,118.45,115.54,116.66,25659
1388534400,116.66,115.54,110.4,111.96,15862
1388620800,111.96,117.11,106.82,117.11,28467
1388880000,117.11,120.02,112.41,118.45,65735
1388966400,118.45,119.79,114.87,118.9,25538
1389052800,118.9,119.57,116.66,119.57,22161
1389139200,119.57,124.94,118.9,123.59,38768
1389225600,123.59,123.37,119.12,122.03,20109
1389484800,122.03,124.94,121.58,122.48,24734
1389571200,122.48,124.27,121.13,124.27,19617
1389657600,124.27,125.83,123.15,125.83,32504
1389830400,125.83,125.38,121.36,123.37,19341
1390089600,123.37,124.49,119.57,124.49,29053
1390176000,124.49,129.86,123.37,125.61,81646
1390262400,125.61,125.38,122.25,122.92,11260
1390348800,122.92,122.7,119.34,120.69,13817
1390435200,120.69,122.03,118.67,121.13,13779
1390694400,121.13,130.53,121.13,126.28,40298
1390780800,126.28,126.5,122.48,123.37,9937
1390867200,123.37,125.61,120.24,125.38,26031
1390953600,125.38,127.4,124.49,126.28,29804
1391299200,126.28,125.61,122.25,123.37,8622
1391385600,123.37,125.38,120.02,125.38,16945
1391472000,125.38,125.38,121.36,125.38,14068
1391558400,125.38,123.82,122.03,123.82,8624
1391644800,123.82,125.83,123.37,124.94,18213
1391904000,124.94,125.83,122.92,125.61,31751
1391990400,125.61,136.79,128.96,130.08,52878
1392076800,130.08,130.3,127.84,129.63,29068
1392163200,129.63,128.96,125.61,128.96,10260
1392249600,128.96,129.63,126.5,127.62,14908
1392508800,127.62,127.17,123.37,125.61,12363
1392595200,125.61,126.28,123.37,124.94,10000
1392681600,124.94,126.05,123.37,125.61,14557
1392854400,125.61,127.84,124.04,126.95,12477
1393113600,126.95,130.08,126.05,127.84,16883
1393200000,127.84,130.3,126.95,127.84,10633
1393286400,127.84,127.84,123.82,127.84,8159
1393372800,127.84,127.84,123.37,127.17,11856
1393804800,127.17,125.61,121.58,125.61,11330
1393891200,125.61,124.27,120.02,123.37,12645
1393977600,123.37,124.49,122.25,123.59,13670
1394064000,123.59,123.82,121.13,122.25,8096
1394323200,122.25,122.25,120.24,120.46,12131
1394409600,120.46,121.13,118.23,121.13,11578
1394496000,121.13,119.57,118.0,118.0,5775
1394582400,118.0,118.45,115.77,118.45,5270
1394668800,118.45,119.12,116.21,118.9,6624
1395014400,118.9,117.78,115.77,116.66,5748
1395100800,116.66,115.99,112.86,115.54,9587
1395187200,115.54,121.13,113.53,121.13,10946
1395273600,121.13,120.69,118.0,118.0,8516
1395532800,118.0,121.8,116.21,121.8,8169
1395619200,121.8,127.84,120.02,127.17,21201
1395705600,127.17,125.61,120.02,123.37,29739
1395792000,123.37,131.87,123.37,131.87,60736
1395878400,131.87,134.11,123.37,125.38,20209
1396224000,125.38,123.82,121.13,123.37,5218
1396310400,123.37,124.27,122.7,124.27,3932
1396396800,124.27,124.27,122.25,123.15,11115
1396483200,123.15,123.37,121.13,122.03,3927
1396742400,122.03,123.37,121.13,121.36,8848
1396828800,121.36,121.8,119.57,121.13,5197
1397001600,121.13,120.91,119.79,120.91,5534
1397088000,120.91,121.8,121.13,121.13,3389
1397347200,121.13,122.25,120.02,122.25,5766
1397520000,122.25,121.13,120.02,120.46,8445
1397606400,120.46,120.69,119.34,120.69,5706
1397692800,120.69,120.91,119.34,120.24,11560
1397952000,120.24,120.24,117.78,118.9,7619
1398038400,118.9,119.12,117.11,118.23,4512
1398124800,118.23,122.03,117.55,122.03,3658
1398211200,122.03,122.03,120.02,121.13,6040
1398556800,121.13,124.49,120.91,122.48,19082
1398643200,122.48,122.25,120.46,121.58,17521
1398729600,121.58,122.25,117.78,117.78,17504
1398816000,117.78,123.37,116.66,122.03,38545
1399161600,122.03,122.25,122.25,122.25,146
1399334400,122.25,121.13,116.21,121.13,5111
1399420800,121.13,122.25,117.78,117.78,3621
1399507200,117.78,117.78,114.65,117.11,3062
1399766400,117.11,117.11,113.53,114.65,2232
1399852800,114.65,115.09,112.63,113.75,6393
1399939200,113.75,116.66,112.19,114.87,3367
1400112000,114.87,115.09,113.53,114.42,1498
1400371200,114.42,114.2,110.62,111.74,2406
1400457600,111.74,113.3,111.07,112.41,3738
1400544000,112.41,112.63,111.29,112.19,1380
1400630400,112.19,112.63,111.29,111.96,1436
1400716800,111.96,113.3,111.52,112.41,3420
1400976000,112.41,114.65,112.19,112.19,1964
1401062400,112.19,113.98,111.29,111.96,2068
1401148800,111.96,112.86,111.74,112.63,2651
1401235200,112.63,116.44,112.41,115.54,3465
1401580800,115.54,115.32,112.63,114.2,3419
1401667200,114.2,116.66,112.41,116.66,5675
1401753600,116.66,121.8,115.54,117.78,3237
1401840000,117.78,115.77,114.42,114.42,4933
1401926400,114.42,115.54,112.41,114.65,1460
1402185600,114.65,114.87,112.63,113.3,4810
1402272000,113.3,113.75,112.63,112.63,3135
1402358400,112.63,116.66,112.19,114.65,6762
1402444800,114.65,119.34,112.63,116.44,7845
1402531200,116.44,118.45,114.42,115.77,5318
1402790400,115.77,125.16,115.77,125.16,21646
1402876800,125.16,128.07,122.25,126.5,17798
1402963200,126.5,128.07,122.25,126.5,13316
1403049600,126.5,126.95,125.16,125.61,5595
1403136000,125.61,125.61,124.49,124.94,4887
1403481600,124.94,125.38,123.37,123.82,2822
1403568000,123.82,124.04,119.57,122.48,4915
1403654400,122.48,124.49,121.36,123.37,5342
1403740800,123.37,124.49,122.48,123.37,2294
1404000000,123.37,133.44,124.27,133.44,6659
1404086400,133.44,134.33,127.84,133.44,17816
1404172800,133.44,133.66,128.96,132.32,16496
1404259200,132.32,132.77,130.08,131.42,8711
1404345600,131.42,134.56,128.07,134.56,10454
1404604800,134.56,136.79,133.44,136.79,10936
1404691200,136.79,141.49,134.56,141.49,23528
1404777600,141.49,154.24,142.38,154.24,75326
1404864000,154.24,168.11,154.69,161.4,64933
1404950400,161.4,168.11,158.04,165.2,53832
1405209600,165.2,179.07,165.2,169.9,41709
1405296000,169.9,175.94,167.44,168.11,41992
1405382400,168.11,168.78,165.87,168.11,13822
1405468800,168.11,182.87,166.32,182.87,15232
1405555200,182.87,179.74,170.35,176.83,20796
1405814400,176.83,186.0,173.7,176.16,17347
1405900800,176.16,179.29,170.35,179.29,23797
1405987200,179.29,176.83,170.35,173.7,26067
1406073600,173.7,172.81,169.9,172.58,19797
1406160000,172.58,172.36,169.0,171.02,18897
1406419200,171.02,170.35,168.11,170.12,19175
1406505600,170.12,169.45,167.21,169.23,11965
1406678400,169.23,170.35,163.63,165.87,18615
1406764800,165.87,166.99,162.74,163.86,17974
1407024000,163.86,161.85,159.16,161.17,14283
1407110400,161.17,160.5,157.15,159.16,16927
1407196800,159.16,163.63,158.71,160.73,19507
1407283200,160.73,161.4,158.94,159.16,19442
1407369600,159.16,163.19,155.81,160.28,27587
1407801600,160.28,158.94,154.69,158.04,7449
1407888000,158.04,161.4,155.36,161.4,13102
1407974400,161.4,163.63,158.49,160.73,15244
1408320000,160.73,157.82,146.86,150.66,37244
1408406400,150.66,152.45,147.08,150.21,17808
1408492800,150.21,150.21,145.29,149.09,19673
1408579200,149.09,149.99,143.5,147.98,12597
1408838400,147.98,149.54,144.84,147.98,12176
1408924800,147.98,145.29,136.34,138.81,13049
1409011200,138.81,145.74,131.65,132.77,13423
1409097600,132.77,144.62,134.56,138.81,13712
1409184000,138.81,143.73,137.91,137.91,9333
1409443200,137.91,137.91,132.09,135.45,7186
1409529600,135.45,134.56,130.98,134.56,8096
1409702400,134.56,136.79,132.54,133.21,6177
1409788800,133.21,131.87,128.74,129.19,13269
1410048000,129.19,128.52,120.46,120.46,8707
1410220800,120.46,128.74,121.13,127.84,6261
1410307200,127.84,136.79,126.05,128.96,17200
1410393600,128.96,128.96,124.27,127.84,5116
1410652800,127.84,127.17,124.49,125.83,11790
1410739200,125.83,125.61,123.37,124.49,4559
1410825600,124.49,125.61,124.04,125.61,5664
1410912000,125.61,125.83,123.59,123.59,2141
1410998400,123.59,124.04,122.25,122.25,556
1411257600,125.61,123.59,119.34,119.57,4876
1411344000,119.57,120.69,114.42,117.33,4694
1411430400,117.33,127.62,119.34,127.62,1603
1411516800,127.62,137.91,127.62,132.99,27922
1411862400,132.99,133.44,130.08,132.99,5441
1411948800,132.99,136.57,131.42,136.57,2590
1412035200,136.57,135.67,130.53,130.53,4135
1412726400,130.53,130.08,127.17,130.08,1950
1412812800,130.08,130.08,128.74,128.96,4332
1413072000,128.96,129.86,124.27,125.38,3534
1413158400,125.38,125.83,123.37,124.71,6363
1413244800,124.71,126.73,124.71,125.61,2216
1413331200,125.61,127.84,125.61,127.4,3468
1413417600,127.4,128.96,125.61,128.29,2026
1413676800,128.29,130.98,124.49,130.98,2531
1413763200,130.98,128.96,126.5,128.29,1855
1413849600,128.29,129.41,126.95,126.95,1623
1413936000,126.95,128.74,124.49,126.73,2166
1414281600,126.73,125.83,124.49,125.83,318
1414368000,125.83,127.4,125.61,127.4,826
1414454400,127.4,127.17,124.71,126.28,3103
1414627200,126.28,126.05,124.71,124.71,3239
1414886400,124.71,122.92,122.03,122.7,3479
1414972800,122.7,123.37,120.24,120.69,2984
1415059200,120.69,121.13,116.88,121.13,4283
1415145600,121.13,124.04,120.46,123.37,3168
1415232000,123.37,123.37,121.36,122.48,4774
1415491200,122.48,121.58,118.9,118.9,4361
1415577600,118.9,119.12,116.44,118.67,7137
1415664000,118.67,118.9,112.86,118.9,2460
1415750400,118.9,120.46,117.11,118.9,3095
1415836800,118.9,120.91,115.54,117.33,5215
1416096000,117.33,117.33,115.54,115.54,2659
1416182400,115.54,115.09,109.95,109.95,5025
1416268800,109.95,114.2,106.59,113.98,5593
1416355200,113.98,118.0,112.19,115.99,1602
1416441600,115.99,116.66,114.2,115.99,3097
1416700800,115.99,122.25,115.99,121.13,5920
1416787200,121.13,120.02,116.88,117.78,1129
1416873600,117.78,117.78,115.99,115.99,71
1417305600,115.99,115.99,112.41,113.3,1452
1417392000,113.3,113.98,111.96,112.86,1733
1417478400,112.86,115.09,111.07,115.09,1108
1417564800,115.09,118.23,113.75,115.54,2153
1417651200,115.54,118.67,116.66,117.55,2277
1417910400,117.55,116.21,113.98,114.87,1718
1417996800,114.87,114.42,112.86,113.98,1290
1418083200,113.98,114.42,112.63,113.53,2366
1418169600,113.53,118.9,113.53,118.9,567
1418256000,118.9,120.91,115.99,118.67,4644
1418515200,118.67,124.04,119.79,123.37,3724
1418601600,123.37,126.73,121.36,124.94,4393
1418688000,124.94,124.27,118.9,123.82,5232
1418774400,123.82,122.92,120.91,122.25,3200
1418860800,122.25,121.13,117.78,121.13,2212
1419120000,121.13,120.02,116.88,117.55,3044
1419206400,117.55,119.57,114.87,119.57,4523
1419292800,119.57,118.9,113.75,118.23,2357
1419379200,118.23,118.9,116.21,118.9,3183
1419724800,118.9,122.03,118.9,122.03,3257
1419811200,122.03,122.03,118.0,120.02,2105
1419984000,120.02,123.37,117.55,120.24,2969
1420070400,120.24,122.25,118.9,120.91,2695
1420329600,120.91,121.36,119.79,120.69,1201
1420416000,120.69,122.7,119.12,122.7,1739
1420502400,122.7,121.13,118.0,120.02,3920
1420588800,120.02,120.24,118.23,120.24,3541
1420675200,120.24,121.13,119.34,119.57,2511
1420934400,119.57,122.03,117.78,122.03,3451
1421020800,122.03,120.91,118.45,119.57,3521
1421107200,119.57,120.02,118.0,120.02,1012
1421193600,120.02,123.15,118.23,122.03,11042
1421539200,122.03,122.25,119.57,120.02,5160
1421625600,120.02,125.38,121.13,122.7,7796
1421712000,122.7,123.15,119.79,120.69,10113
1421884800,120.69,120.46,118.9,119.57,1265
1422144000,119.57,121.8,118.0,120.02,2889
1422230400,120.02,122.03,118.9,121.36,5767
1422316800,121.36,127.84,120.69,126.28,13660
1422403200,126.28,128.52,125.16,127.62,15503
1422489600,127.62,128.29,124.49,125.61,10005
1422748800,125.61,124.71,123.59,124.04,4653
1422835200,124.04,124.27,122.25,122.7,3667
1422921600,122.7,123.37,119.34,121.8,2126
1423008000,121.8,122.25,120.02,121.13,1946
1423094400,121.13,123.15,119.12,119.57,2868
1423353600,119.57,120.24,119.12,120.02,2025
1423440000,120.02,122.03,118.9,120.91,6337
1423526400,120.91,120.02,117.33,120.02,3543
1423612800,120.02,121.13,118.9,120.24,3776
1423699200,120.24,122.25,120.02,121.58,5980
1423958400,121.58,121.58,120.24,120.46,1086
1424044800,120.46,120.91,119.34,120.91,4307
1424304000,120.91,120.91,119.34,119.79,2807
1424563200,119.79,119.34,117.55,117.55,3088
1424649600,117.55,117.78,115.77,117.55,3374
1424736000,117.55,117.78,116.66,117.78,3018
1424822400,117.78,119.12,116.44,118.9,2152
1424908800,118.9,118.9,116.66,118.9,1994
1425168000,120.02,121.13,118.9,121.13,1184
1425254400,121.13,124.49,120.02,121.13,1111
1425340800,121.13,122.03,119.12,121.8,1590
1425427200,121.8,123.82,120.24,120.69,2209
1425859200,120.69,126.5,122.25,124.94,8858
1425945600,124.94,123.37,119.34,121.36,1061
1426032000,121.36,122.25,120.46,120.46,1618
1426118400,120.46,123.37,118.9,120.02,1710
1426377600,120.02,121.13,119.12,120.02,2644
1426464000,120.02,120.02,118.23,119.12,1607
1426550400,119.12,119.57,118.23,119.12,731
1426636800,119.12,119.34,118.0,119.34,1901
1426723200,119.34,121.13,118.9,121.13,1882
1426982400,121.13,120.24,117.55,118.23,6630
1427068800,118.23,118.9,117.33,118.67,4993
1427155200,118.67,118.67,117.55,118.23,1251
1427241600,118.23,118.9,116.44,118.9,797
1427328000,118.9,120.24,117.33,120.24,966
1427587200,120.24,118.9,118.67,118.67,531
1427673600,118.67,118.67,114.65,116.44,3598
1427760000,116.44,117.78,116.21,116.88,1282
1427846400,116.88,117.55,115.32,117.55,2590
1427932800,117.55,117.78,115.54,117.78,3444
1428192000,117.78,119.12,114.87,115.54,1330
1428278400,115.54,116.66,113.53,114.42,3678
1428364800,114.42,114.65,113.53,114.42,2372
1428451200,114.42,117.55,114.2,116.21,2164
1428537600,116.21,119.12,114.65,119.12,7084
1428796800,119.12,121.58,118.45,120.91,4345
1428883200,120.91,119.34,116.88,119.34,4158
1429056000,119.34,120.02,115.54,119.79,13284
1429142400,119.79,118.45,115.54,118.45,8979
1429401600,118.36,118.36,116.44,118.12,820
1429488000,118.12,118.84,117.64,118.12,1363
1429574400,118.12,118.84,116.92,118.84,1312
1429747200,119.08,117.64,116.68,117.16,1563
1432425600,117.16,115.25,107.59,107.59,90
1432512000,107.59,105.91,99.93,101.12,844
1432598400,101.12,108.78,102.32,108.78,1215
1432684800,108.78,107.11,103.76,103.76,230
1432771200,103.76,107.83,104.71,107.11,2330
1433030400,107.11,109.98,107.59,108.78,1141
1433116800,108.78,110.46,107.11,109.5,2353
1433203200,109.5,109.98,109.5,109.5,181
1433289600,109.5,117.16,109.98,117.16,1581
1433376000,114.29,117.88,115.49,116.68,5611
1433721600,116.68,118.6,115.49,116.68,1959
1433808000,116.68,124.58,118.6,120.99,3888
1433894400,120.99,119.08,117.16,118.6,880
1433980800,118.6,117.16,114.77,115.49,2209
1434240000,115.49,114.29,112.61,112.61,2431
1434326400,112.61,115.96,111.18,114.53,1505
1434412800,114.53,115.72,113.81,115.72,1298
1434499200,115.72,115.72,113.81,115.01,1700
1434585600,115.01,114.77,112.37,113.33,873
1434844800,113.33,113.33,112.61,113.09,1001
1434931200,111.9,114.29,111.9,113.09,1380
1435017600,113.09,115.01,113.09,114.29,7897
1435104000,114.29,115.49,112.85,112.85,1269
1435190400,113.57,114.29,113.57,114.05,833
1435449600,114.05,114.29,113.09,114.29,2180
1435536000,114.29,114.29,110.94,114.29,8930
1435622400,112.37,113.09,110.94,113.09,6613
1435708800,111.42,111.9,111.42,111.9,572
1435795200,110.46,111.42,110.22,110.7,4059
1436054400,111.42,114.05,111.42,113.57,1564
1436140800,113.57,113.57,110.22,110.46,330
1436227200,110.46,111.9,110.46,110.7,6448
1436313600,111.66,111.66,110.94,111.42,2073
1436400000,113.33,113.33,111.9,111.9,401
1436659200,111.66,112.37,110.7,112.13,5083
1436745600,111.9,111.9,111.66,111.66,1242
1436832000,110.94,112.85,110.94,111.9,3414
1436918400,111.9,113.81,111.42,113.09,2601
1437004800,113.09,117.16,113.33,117.16,391
1437523200,115.72,119.55,114.53,119.08,7356
1437609600,119.08,125.06,117.88,125.06,7731
1437868800,125.06,136.07,127.21,136.07,140
1437955200,136.07,138.46,127.69,132.96,8007
1438041600,132.96,130.8,128.65,128.65,682
1438128000,128.65,126.5,125.54,125.54,120
1438214400,125.54,125.06,121.47,121.47,3973
1438473600,121.47,121.23,120.27,120.51,558
1438560000,120.51,123.38,119.08,123.14,3667
1438646400,123.14,123.86,118.84,119.32,7651
1438732800,119.32,123.62,118.36,122.67,6489
1438819200,121.95,125.06,122.67,124.58,8242
1439078400,124.58,126.02,121.47,126.02,9306
1439164800,126.02,130.56,126.26,128.41,8260
1439251200,128.41,126.26,121.95,122.67,2244
1439337600,120.51,121.47,118.12,120.27,4305
1439424000,120.03,123.62,118.6,120.03,8463
1439683200,121.47,122.91,119.32,119.32,15570
1439769600,121.23,129.85,121.23,129.85,14033
1439856000,132.0,137.74,132.0,137.74,17564
1439942400,137.74,140.14,135.83,139.9,4816
1440028800,142.53,144.93,139.42,139.42,5070
1440288000,137.27,137.27,134.63,134.87,8354
1440374400,134.87,135.59,134.63,134.87,2386
1440460800,134.39,137.03,132.48,137.03,3076
1440547200,134.87,134.87,134.63,134.87,1300
1440633600,134.63,134.63,133.44,133.44,1382
1440979200,132.48,134.15,132.48,133.44,3126
1441065600,133.44,133.44,131.76,132.24,6425
1441152000,130.09,130.09,130.09,130.09,1000
1441238400,128.17,128.17,125.06,125.06,760
1441497600,127.21,129.85,127.21,128.65,1710
1441584000,130.8,132.72,127.45,132.24,2252
1441670400,132.48,132.48,130.56,130.56,651
1441756800,128.65,128.65,128.65,128.65,41
1441843200,126.73,130.8,126.73,128.41,7097
1442102400,128.65,133.44,128.65,133.44,9190
1442188800,135.83,136.07,131.52,133.44,4489
1442275200,135.83,134.63,130.09,132.24,1356
1442361600,131.04,131.04,130.09,130.33,1186
1442448000,130.56,130.56,127.45,128.65,5292
1442880000,126.5,126.5,122.91,122.91,9991
1442966400,125.06,127.21,123.86,125.06,9252
1443052800,122.91,124.1,122.91,123.86,956
1443398400,121.71,122.43,120.51,121.47,1581
1443484800,121.47,123.62,121.47,121.47,2289
1443571200,119.55,125.78,119.55,121.47,4851
1443657600,122.67,123.86,120.03,123.62,5128
1443916800,122.67,122.67,119.79,121.71,2200
1444003200,123.86,123.86,119.55,120.27,2871
1444089600,120.27,120.27,117.88,119.08,5822
1444176000,119.08,121.47,119.08,121.47,511
1444262400,121.47,132.24,119.79,132.24,15581
1444521600,134.39,143.97,134.39,140.62,93601
1444780800,143.01,143.01,131.76,132.0,9865
1444867200,129.85,133.2,127.69,133.2,6688
1445126400,131.04,132.24,130.33,132.24,8306
1445212800,131.52,133.44,130.8,133.44,2033
1445731200,131.04,131.04,128.65,128.89,2481
1445904000,126.73,126.73,125.06,126.73,3737
1445990400,124.58,126.73,122.67,125.3,2955
1446076800,126.26,127.45,125.3,126.26,1970
1446336000,126.02,126.02,121.47,122.91,4509
1446422400,121.47,126.26,121.47,124.1,3088
1446508800,122.67,123.14,122.67,123.14,81
1446595200,121.23,126.26,121.23,125.3,1462
1446681600,124.58,124.58,123.86,123.86,878
1446940800,121.71,124.34,121.71,124.34,607
1447027200,126.02,129.37,126.02,129.37,4949
1447113600,127.21,129.85,127.21,127.93,8443
1447545600,126.5,127.45,126.26,127.45,1170
1447632000,125.54,126.5,125.54,126.5,250
1447804800,127.45,127.45,125.54,126.26,1230
1447891200,127.45,127.45,123.86,125.06,1940
1448150400,123.86,123.86,121.71,121.95,2625
1448236800,121.47,121.95,121.23,121.95,4235
1448323200,124.1,124.1,121.71,122.67,1170
1448409600,124.1,124.1,120.99,121.47,6331
1448496000,120.51,121.47,117.88,120.75,2656
1448755200,119.55,119.55,114.29,114.29,9273
1448841600,116.2,121.47,115.25,116.92,4935
1448928000,116.92,122.43,118.84,122.43,5943
1449014400,120.27,121.71,120.27,121.71,3272
1449100800,122.67,123.62,121.47,121.47,3472
1449187200,123.62,125.78,123.62,125.06,2902
1449446400,122.91,122.91,122.43,122.67,860
1449532800,120.75,122.67,120.75,121.71,2091
1449619200,123.86,126.02,123.86,126.02,1612
1449705600,126.02,126.02,121.47,125.06,934
1449964800,125.06,125.06,122.91,122.91,1652
1450051200,121.95,122.19,121.47,121.47,2818
1450137600,120.51,120.51,119.08,120.27,3918
1450224000,121.47,122.19,120.99,121.47,7554
1450310400,121.71,125.78,121.71,125.06,1388
1450569600,125.06,129.37,124.34,128.89,16618
1450656000,128.89,140.38,128.89,140.38,47347
1450742400,142.77,147.56,135.83,136.31,21836
1450828800,136.31,135.83,132.48,132.48,6162
1450915200,131.04,135.83,131.04,135.83,11469
1451001600,133.92,134.63,133.2,133.92,12349
1451260800,133.92,134.39,132.72,133.2,2290
1451347200,133.2,135.35,132.48,133.44,7138
1451520000,133.44,136.55,133.44,135.35,5772
1451779200,133.44,137.74,133.2,137.74,8407
1451865600,137.74,140.14,133.92,134.87,6760
1451952000,137.03,137.03,133.44,134.63,4135
1452038400,132.24,135.11,132.24,133.44,4686
1452124800,135.83,138.22,134.63,137.03,7371
1452384000,137.03,138.22,134.87,137.74,5622
1452470400,138.22,140.38,136.07,139.42,11440
1452556800,139.42,139.66,138.46,138.46,4907
1452643200,138.46,140.86,137.51,140.38,2677
1452729600,140.62,144.21,139.18,144.21,22823
1452988800,146.6,155.22,143.25,150.19,65709
1453075200,148.75,159.29,148.04,152.58,19463
1453161600,150.43,151.63,144.69,149.71,15212
1453248000,152.35,160.96,152.35,155.7,53666
1453334400,155.7,157.37,151.87,153.3,23814
1453593600,153.3,157.13,154.74,157.13,34629
1453680000,158.57,160.96,155.94,156.17,7231
1453766400,156.17,157.61,155.7,156.17,16386
1453852800,156.17,154.98,152.58,153.78,4958
1453939200,152.58,153.78,151.63,153.06,6324
1454198400,154.98,154.98,150.43,151.15,5068
1454284800,151.15,154.5,150.67,153.54,12969
1454371200,153.78,156.17,152.58,152.58,7156
1454457600,152.58,152.58,150.67,151.15,4671
1454544000,152.58,154.74,150.91,154.74,11203
1454803200,154.74,158.33,153.78,156.17,12440
1454889600,156.17,155.94,153.54,154.98,10270
1455148800,154.98,154.98,152.58,152.58,4680
1455408000,149.95,152.35,148.04,150.19,7802
1455494400,150.19,154.98,146.6,154.98,10726
1455580800,154.98,157.37,150.43,151.63,4767
1455667200,151.63,154.98,147.8,154.98,14601
1455753600,154.98,156.41,154.5,154.5,20751
1456012800,156.89,156.89,153.78,154.98,21553
1456099200,153.78,156.17,153.78,154.98,6229
1456185600,154.98,159.53,153.78,158.57,16364
1456272000,157.37,158.09,154.98,156.17,4249
1456358400,153.78,158.57,152.82,153.78,5816
1456617600,153.78,156.17,154.26,154.98,10168
1456704000,154.98,154.98,154.02,154.74,4735
1456790400,154.98,154.98,153.3,153.78,4675
1456876800,153.78,159.53,152.58,157.13,3609
1456963200,154.98,162.16,154.98,161.44,31519
1457222400,159.76,165.75,159.76,164.55,22567
1457568000,166.95,179.63,166.95,179.63,69293
1457827200,182.74,189.44,181.31,182.98,133833
1457913600,184.9,184.9,172.93,174.6,31398
1458000000,173.17,175.08,170.54,172.93,14526
1458086400,172.21,176.28,170.54,174.84,9375
1458172800,174.13,174.6,172.93,173.17,14604
1458432000,172.69,174.37,170.77,171.73,16552
1458518400,172.45,173.17,168.86,168.86,24495
1458691200,169.34,172.69,168.86,170.06,8568
1458777600,170.06,176.04,169.58,170.54,11367
1459036800,170.54,174.84,169.34,174.84,25338
1459123200,174.84,177.72,171.25,174.37,16225
1459209600,174.37,174.84,171.01,173.89,7922
1459296000,173.89,176.52,171.97,172.93,8799
1459382400,172.93,172.45,170.54,171.25,7572
1459641600,171.25,178.91,169.82,174.13,15676
1459728000,174.13,176.52,174.13,176.52,12643
1459814400,174.13,177.72,174.13,177.48,22777
1459900800,177.48,178.67,175.8,176.52,17535
1460246400,176.52,177.72,174.13,174.37,35135
1460332800,174.23,174.51,171.21,172.31,2445
1460419200,172.31,169.28,167.9,167.9,1071
1460592000,167.9,176.44,167.9,176.44,3092
1460851200,179.46,179.46,173.96,177.54,7426
1460937600,177.54,182.22,170.66,182.22,12148
1461024000,182.22,180.29,176.16,178.64,2370
1461110400,178.64,180.84,177.81,180.29,12246
1461196800,180.29,187.17,177.54,187.17,26726
1461456000,187.17,192.4,184.97,189.92,11906
1461542400,189.92,196.25,190.2,194.05,11479
1461628800,194.05,192.95,189.37,189.37,6470
1461715200,189.37,194.05,187.72,191.85,10197
1461801600,191.85,192.95,189.37,189.37,7618
1462147200,189.37,191.3,186.34,189.92,18127
1462233600,189.92,191.02,188.55,189.92,7259
1462320000,189.92,189.65,186.9,187.72,5406
1462406400,187.72,187.72,181.67,187.72,6608
1462665600,187.72,191.02,183.59,188.27,5668
1462752000,189.92,196.25,189.92,192.4,20133
1462838400,195.15,195.15,189.1,190.47,3444
1462924800,190.47,194.05,189.92,194.05,11538
1463011200,194.05,197.35,194.05,194.33,3940
1463270400,195.7,197.35,193.78,197.08,4754
1463356800,197.08,196.25,193.5,196.25,4406
1463443200,196.8,200.93,195.98,200.93,16189
1463529600,200.93,204.51,200.93,201.76,7927
1463616000,201.76,204.79,199.56,202.03,14300
1463875200,202.03,202.58,198.18,200.93,2404
1463961600,200.93,203.69,200.11,202.31,14290
1464048000,202.31,205.06,202.31,203.69,7665
1464134400,203.69,204.24,198.46,201.48,13438
1464220800,201.48,203.41,194.6,200.66,5751
1464480000,200.66,200.66,195.43,200.66,10097
1464566400,200.66,200.66,196.8,197.08,6432
1464652800,197.08,197.35,193.5,195.15,7732
1464739200,195.15,196.8,192.12,194.33,10461
1464825600,194.33,201.48,194.33,197.63,14888
1465084800,197.63,199.28,192.68,197.63,8658
1465171200,197.63,198.18,191.85,198.18,4113
1465257600,197.91,200.93,195.7,200.11,9201
1465344000,200.11,203.41,199.83,200.11,11892
1465430400,200.93,204.79,200.11,200.11,7948
1465689600,200.11,203.41,197.63,199.56,4476
1465776000,199.56,209.19,200.93,206.44,40671
1465862400,210.29,213.32,209.19,211.94,35182
1465948800,211.94,212.77,209.74,211.94,11057
1466035200,211.94,212.49,205.61,210.02,14568
1466294400,210.02,210.29,204.51,207.81,18341
1466380800,207.81,209.19,205.61,206.44,10740
1466467200,206.44,211.94,206.44,207.26,9949
1466553600,210.57,214.14,208.09,211.94,11454
1466640000,211.94,211.94,205.34,206.99,6052
1466899200,206.99,209.74,207.26,209.19,7223
1466985600,209.19,217.17,210.02,217.17,22093
1467072000,217.17,216.07,212.22,216.07,12542
1467158400,216.07,215.25,213.04,213.87,10899
1467244800,213.87,214.42,210.84,212.49,19936
1467504000,212.49,211.94,210.02,211.67,11526
1467590400,211.67,214.7,209.19,214.7,5677
1467676800,213.04,220.2,210.02,218.82,20430
1467763200,218.27,227.08,218.27,223.23,24816
1468108800,223.23,224.33,217.45,223.23,4691
1468195200,223.23,230.94,223.23,227.63,27375
1468281600,227.63,229.56,211.94,224.6,8705
1468368000,224.6,225.15,217.45,222.95,10620
1468454400,221.58,227.08,221.58,225.15,11763
1468713600,225.15,246.07,224.33,246.07,46553
1468800000,246.07,251.85,237.82,243.05,28713
1468886400,242.22,261.21,242.22,258.18,53355
1468972800,261.49,282.41,261.49,282.41,73449
1469059200,282.41,291.77,276.35,284.61,43680
1469404800,284.61,306.9,284.88,306.9,63729
1469491200,306.9,320.12,301.4,311.58,37909
1469577600,311.58,316.26,298.65,311.31,40667
1469664000,311.31,308.01,297.0,305.53,33191
1469923200,305.53,307.73,294.52,299.47,28865
1470009600,299.47,302.78,287.64,297.27,33867
1470096000,297.27,293.14,289.01,289.01,58079
1470182400,289.01,294.24,284.06,289.56,23444
1470268800,289.56,287.64,276.63,280.76,30904
1470528000,280.76,290.66,280.76,281.31,25130
1470614400,281.31,279.38,261.76,262.86,16460
1470700800,267.82,287.64,267.82,287.64,3567
1470787200,291.77,294.52,271.4,289.01,50652
1470873600,290.39,294.52,286.81,294.52,33089
1471132800,289.29,289.29,276.63,280.76,20056
1471219200,285.43,290.66,274.15,280.76,27993
1471305600,280.76,289.29,280.76,285.16,30158
1471392000,281.31,291.77,281.31,289.01,16569
1471737600,284.88,292.59,284.88,287.64,8813
1471824000,289.01,289.01,278.55,279.1,6697
1471910400,278.0,284.33,274.7,280.76,12823
1471996800,284.61,284.61,275.53,280.76,7338
1472342400,283.51,283.51,277.45,279.38,5090
1472428800,281.03,287.64,279.38,284.33,14088
1472515200,289.01,289.56,284.33,288.74,16862
1472601600,284.88,290.39,284.88,288.74,19708
1472688000,286.26,291.77,286.26,288.46,15887
1472947200,286.54,297.0,285.99,294.52,13611
1473033600,294.52,304.43,294.52,300.85,34803
1473120000,300.02,304.15,292.04,296.72,25608
1473206400,298.65,306.9,292.04,306.9,62511
1473292800,303.05,304.98,300.02,303.88,15717
1473552000,304.15,309.66,300.57,302.78,29449
1473638400,302.78,305.53,302.22,302.78,29095
1473811200,304.15,305.25,301.67,302.78,11695
1474156800,301.4,303.33,298.65,300.02,11307
1474329600,308.56,308.56,300.02,301.12,42584
1474416000,299.2,301.4,294.52,295.89,24012
1474502400,297.82,297.82,288.19,294.24,31362
1474761600,297.82,297.82,288.19,294.24,31362
1474848000,287.77,284.88,272.09,278.69,10691
1474934400,279.52,282.41,277.45,277.45,4456
1475020800,277.45,279.52,276.63,277.45,1414
1475107200,272.5,276.63,272.5,276.63,3261
1475366400,281.99,282.41,276.63,280.76,4644
1475452800,280.76,284.88,276.63,277.45,2351
1475539200,276.63,280.76,275.39,275.8,7550
1475625600,280.76,280.76,275.39,280.76,1002
1475712000,282.82,284.88,276.63,281.99,2238
1476576000,281.99,290.25,280.34,281.99,1795
1476662400,281.99,281.99,272.5,276.21,3931
1476748800,272.91,278.69,272.91,276.63,1206
1476835200,275.8,276.63,272.5,274.56,3950
1476921600,279.52,279.52,272.91,276.21,2944
1477180800,272.5,274.56,270.43,270.43,6226
1477267200,272.5,272.91,267.96,269.61,7673
1477353600,268.37,268.37,264.24,266.3,3856
1477440000,268.37,268.37,264.24,265.07,4364
1477526400,260.11,266.3,260.11,263.41,2964
1478131200,260.11,268.37,258.46,266.3,906
1478476800,266.72,266.72,253.92,258.05,1784
1478563200,260.11,260.11,249.79,251.85,5340
1478649600,253.09,253.09,245.25,247.73,5406
1478736000,249.79,250.62,246.07,247.73,4874
1478995200,251.85,251.85,246.9,247.73,7038
1479081600,251.44,251.44,245.66,247.73,6752
1479168000,251.85,252.68,243.6,246.49,7995
1479254400,245.66,247.73,242.77,245.66,4803
1479340800,245.66,245.66,239.47,239.47,5087
1479600000,235.75,235.75,218.82,229.56,6046
1479686400,232.04,233.27,223.37,229.15,6653
1479772800,231.21,231.21,222.13,227.08,6174
1479859200,222.95,222.95,214.7,216.76,9827
1479945600,220.89,222.95,215.93,217.59,10536
1480204800,215.52,218.0,206.44,207.26,14556
1480291200,204.37,220.89,198.18,216.76,20030
1480377600,212.63,231.21,208.5,229.15,6827
1480464000,231.21,243.18,227.08,237.82,17082
1480550400,239.47,243.6,229.56,237.4,12639
1480809600,235.75,235.75,230.38,230.38,3739
1480896000,229.56,230.38,218.82,225.02,3418
1480982400,228.73,229.15,222.95,227.08,3030
1481068800,228.73,228.32,224.19,227.08,1850
1481155200,225.43,227.08,222.95,222.95,4444
1481414400,222.95,223.37,218.41,218.82,3290
1481500800,218.82,218.82,212.63,216.76,1484
1481673600,220.89,220.89,216.76,218.82,5246
1481760000,220.89,223.78,218.82,223.78,4365
1482019200,222.95,222.95,216.76,222.95,6847
1482105600,220.89,220.89,214.7,214.7,6963
1482192000,214.7,218.82,208.5,214.7,9974
1482278400,210.98,216.76,206.44,210.98,6654
1482364800,210.57,211.81,208.92,211.81,8026
1482710400,207.68,210.57,205.2,205.2,7763
1482796800,201.48,208.92,199.42,204.37,10568
1482883200,206.44,208.5,204.37,205.61,5725
1482969600,207.26,217.17,207.26,217.17,19494
1483228800,220.89,229.15,220.89,225.02,18373
1483315200,227.08,231.21,225.02,225.43,19457
1483401600,227.08,227.08,218.82,218.82,8202
1483488000,220.89,220.89,210.57,218.82,6130
1483574400,214.7,220.06,214.7,218.0,8287
1483833600,216.76,218.41,214.7,216.35,5593
1483920000,216.76,222.95,215.11,222.95,5545
1484006400,222.95,227.08,222.95,222.95,4148
1484092800,227.08,227.08,222.95,222.95,8359
1484179200,222.95,225.43,219.24,223.78,5428
1484438400,220.89,223.78,218.82,220.48,2339
1484524800,220.48,221.3,217.59,218.82,2058
1484611200,217.59,218.41,215.93,215.93,3270
1484697600,218.0,218.82,214.7,214.7,3386
1484784000,216.76,218.41,215.11,218.0,1913
1485043200,219.24,219.24,217.17,217.17,2773
1485129600,216.35,216.35,214.7,214.7,2679
1485216000,218.82,218.82,206.44,209.74,7839
1485302400,208.5,208.5,198.18,202.31,25727
1485388800,202.31,202.31,187.86,189.92,33136
1485734400,186.21,191.99,182.49,182.49,12799
1485820800,179.6,191.57,179.6,189.1,11409
1485907200,192.4,200.24,191.99,199.42,9886
1485993600,203.13,206.44,198.18,199.42,15620
1486252800,203.13,203.13,194.05,194.05,3121
1486339200,191.99,193.23,187.86,187.86,5122
1486425600,188.27,191.16,186.21,187.86,4245
1486512000,188.68,189.92,184.97,185.79,9700
1486598400,182.9,187.03,181.67,183.73,12428
1486857600,187.03,187.03,171.76,177.12,11551
1486944000,174.23,182.9,170.52,181.67,11039
1487030400,184.56,184.56,175.06,180.43,13085
1487116800,183.73,188.27,182.49,187.03,12899
1487203200,187.86,189.92,185.79,187.03,15709
1487462400,186.62,186.62,182.08,183.73,23260
1487548800,187.03,187.86,181.67,181.67,17150
1487635200,184.97,191.99,180.43,181.25,18863
1487721600,182.49,182.49,177.54,179.19,22813
1487808000,177.12,182.49,176.3,181.67,14367
1488067200,183.73,183.73,177.54,179.19,6391
1488240000,175.89,175.89,172.17,173.82,16732
1488326400,173.82,177.54,173.82,177.54,5008
1488412800,179.6,179.6,175.47,179.6,5828
1488672000,178.36,184.97,178.36,182.9,12347
1488758400,184.97,188.27,184.14,185.38,9615
1488844800,182.49,182.9,181.25,181.67,5596
1489017600,183.32,186.62,183.32,183.73,3547
1489363200,183.73,185.79,181.67,181.67,5870
1489449600,184.56,185.79,181.67,182.08,9273
1489536000,185.38,185.38,182.9,184.97,3091
1489622400,186.62,186.62,182.08,183.73,9046
1489881600,183.73,187.45,183.73,186.21,10196
1489968000,187.86,191.99,187.86,190.34,16216
1490054400,190.75,199.83,189.92,199.83,26819
1490140800,203.55,212.63,200.24,202.31,45578
1490227200,206.85,212.22,203.55,210.98,42052
1490486400,211.81,232.04,211.39,232.04,86224
1490659200,232.04,250.2,236.58,245.66,63335
1490745600,245.66,253.92,227.08,233.27,122754
1490832000,233.27,238.23,229.15,236.99,151987
1491177600,236.83,260.11,241.28,249.71,86048
1491264000,249.71,251.69,237.82,245.25,38622
1491436800,245.25,245.25,234.84,238.81,42085
1491696000,239.8,240.29,232.86,233.85,26361
1491782400,234.35,240.29,231.38,233.36,24705
1491868800,232.86,244.75,232.86,242.28,29427
1491955200,243.76,247.73,237.82,237.82,43976
1492041600,235.34,238.81,231.87,233.85,25576
1492300800,234.84,238.31,226.42,227.91,14433
1492473600,223.94,227.91,219.48,222.95,26897
1492560000,222.95,232.37,224.44,229.39,15551
1492646400,229.89,239.3,229.39,230.38,32994
1492905600,234.84,253.18,234.84,235.83,42569
1492992000,233.85,234.84,230.88,232.37,23133
1493078400,230.38,233.85,229.89,232.37,17195
1493164800,232.86,233.85,230.38,231.38,9098
1493251200,229.39,235.34,229.39,230.88,15743
1493510400,227.91,232.86,224.93,227.41,18728
1493683200,225.43,231.87,220.48,227.91,22562
1493769600,232.86,236.83,226.42,228.4,13689
1493856000,228.4,236.83,224.93,227.91,10579
1494115200,228.4,229.89,224.44,224.93,5619
1494201600,220.97,230.38,220.97,227.91,16791
1494288000,227.91,228.4,223.94,226.42,21081
1494460800,230.38,230.88,228.4,229.89,12423
1494806400,232.86,233.36,227.91,230.38,10542
1494892800,228.4,230.38,225.43,225.93,7225
1494979200,225.43,227.91,224.93,225.43,4811
1495065600,225.43,226.92,222.95,223.45,6117
1495324800,227.91,227.91,219.98,222.95,10460
1495411200,218.49,222.95,218.49,221.47,3174
1495497600,220.48,225.43,219.48,222.95,6912
1495584000,222.95,225.93,221.96,225.43,11662
1495929600,224.93,225.43,220.48,223.45,9086
1496102400,222.95,222.95,218.49,219.98,7182
1496188800,219.98,225.43,217.5,222.95,8727
1496275200,225.43,227.41,219.98,220.97,14518
1496534400,222.95,222.95,218.0,220.48,10779
1496620800,220.97,222.95,219.48,219.48,12176
1496707200,222.95,226.92,221.96,224.93,10899
1496793600,229.39,229.39,222.95,224.44,14334
1496880000,219.98,223.94,219.98,222.46,6842
1497139200,218.99,221.96,218.0,219.48,7886
1497225600,220.48,220.97,215.03,220.48,9184
1497312000,217.01,219.98,215.52,215.52,13963
1497398400,215.52,218.0,215.03,215.52,8869
1497484800,216.02,218.99,214.03,218.0,15064
1497744000,218.0,218.0,212.05,213.54,19261
1497830400,213.54,213.54,206.6,211.56,21359
1497916800,212.55,212.55,205.61,209.58,12740
1498003200,206.6,210.57,206.6,209.08,6334
1498089600,209.08,212.55,208.09,208.58,16465
1498348800,210.57,211.06,207.59,209.58,10516
1498521600,210.07,210.57,208.09,209.58,11352
1498608000,205.61,212.05,205.61,212.05,10162
1498953600,212.05,213.04,207.59,212.05,14946
1499040000,208.09,213.04,208.09,209.58,7794
1499126400,209.58,211.06,207.59,208.09,13712
1499212800,209.08,210.57,207.59,210.57,11348
1499299200,213.04,216.51,210.57,213.04,18660
1499558400,216.51,220.97,213.04,218.49,20091
1499644800,218.0,218.0,213.04,214.53,12785
1499731200,214.53,218.0,213.04,215.52,9864
1499817600,215.52,218.0,214.03,214.53,8794
1499904000,216.02,216.51,213.04,213.54,12875
1500163200,214.03,215.52,213.04,214.53,4465
1500249600,214.53,221.96,214.53,221.47,16129
1500336000,222.46,233.85,222.46,233.85,27796
1500422400,232.86,232.86,227.91,227.91,21239
1500508800,227.91,230.38,224.93,229.39,10954
1500768000,230.38,230.38,225.43,227.41,16709
1500854400,227.91,227.91,224.93,225.43,13393
1500940800,225.43,228.4,224.93,226.92,16138
1501027200,222.46,227.91,221.96,222.95,22953
1501113600,222.95,227.91,222.95,227.91,11335
1501372800,224.93,228.4,220.48,223.45,9537
1501459200,222.95,227.41,222.95,224.93,12315
1501545600,223.45,232.37,222.95,224.93,9280
1501632000,225.43,225.93,224.44,224.93,12168
1501718400,224.93,227.41,222.95,224.44,14097
1501977600,222.95,225.93,222.95,224.93,18930
1502064000,229.39,229.39,223.94,224.44,11926
1502236800,219.98,227.91,219.98,222.95,17516
1502323200,222.95,224.93,219.48,221.96,21245
1502582400,220.48,222.46,218.0,220.48,14415
1502755200,220.48,220.97,218.49,218.49,15104
1502841600,218.99,221.96,218.99,219.98,11304
1502928000,222.46,222.46,217.01,219.48,23326
1503187200,215.52,219.98,215.52,218.0,16054
1503273600,218.0,218.99,214.03,217.01,5674
1503360000,216.02,218.99,216.02,218.49,12396
1503446400,218.0,218.99,217.01,218.49,7718
1503532800,218.49,224.44,215.03,219.48,11438
1503792000,219.48,223.45,219.48,220.97,3889
1503878400,219.98,223.94,219.98,220.97,7897
1504051200,218.0,219.48,215.52,217.01,14820
1504137600,217.01,217.01,214.03,216.51,15528
1504483200,216.51,217.5,211.06,213.04,33009
1504656000,213.04,218.0,210.57,217.01,11603
1504742400,215.52,217.01,211.06,212.05,34082
1505001600,210.57,213.54,209.58,211.06,37704
1505088000,210.57,213.04,208.09,210.07,17950
1505174400,209.58,211.06,208.09,208.58,27903
1505260800,208.09,209.58,207.1,208.09,32249
1505347200,208.09,221.47,207.59,221.47,42524
1505606400,221.96,227.41,217.01,221.47,49764
1505692800,222.95,223.94,219.48,219.48,33400
1505865600,218.49,219.48,215.52,218.0,10450
1506211200,218.0,219.48,217.5,218.49,3718
1506297600,218.49,221.96,218.0,221.96,2882
1506384000,220.97,222.46,219.48,220.48,5132
1506988800,220.97,224.44,220.97,224.44,3164
1507075200,222.95,222.95,216.51,218.0,6475
1507420800,214.03,214.03,208.09,213.54,15759
1507507200,214.53,214.53,210.57,212.55,17649
1507593600,211.56,217.01,209.58,211.56,19003
1507680000,211.56,213.54,210.57,212.05,11993
1507766400,212.05,215.52,212.05,213.04,4974
1508025600,214.03,214.53,211.56,214.53,5553
1508112000,215.52,223.45,215.03,218.99,18696
1508198400,218.0,222.95,216.02,222.46,12124
1508284800,220.97,222.95,217.01,219.98,12688
1508630400,216.02,226.92,216.02,222.95,11183
1508716800,222.95,225.43,220.48,222.46,12644
1508803200,222.46,223.94,220.48,221.96,9549
1508889600,219.98,223.45,219.98,222.46,17137
1509235200,218.49,221.47,218.0,218.99,7203
1509321600,218.49,219.48,216.51,216.51,13723
1509408000,214.53,218.0,214.53,216.51,8889
1509494400,212.55,216.51,212.55,215.03,6291
1509580800,215.03,218.99,213.04,218.0,8331
1509840000,218.0,218.0,210.07,213.04,16936
1509926400,213.04,213.04,208.09,212.55,29796
1510012800,216.02,216.02,208.09,209.08,26141
1510099200,205.12,209.08,205.12,206.11,17305
1510185600,206.11,211.56,204.13,205.61,9434
1510444800,205.61,210.57,205.61,209.58,9098
1510531200,211.06,212.05,208.09,212.05,14684
1510617600,213.04,215.03,210.07,214.03,14580
1510704000,213.04,214.03,211.06,212.05,3596
1510790400,215.52,215.52,208.09,208.09,13740
1511049600,208.09,209.08,204.13,208.09,13373
1511136000,207.1,209.08,207.1,208.58,4579
1511222400,208.58,210.57,208.58,209.58,4762
1511308800,209.58,212.55,208.58,210.57,5998
1511395200,210.57,213.04,210.57,210.57,7260
1511654400,210.57,218.49,210.57,214.03,10953
1511740800,215.52,215.52,213.04,213.04,6918
1511827200,213.04,214.03,210.57,213.54,12551
1511913600,213.04,217.5,213.04,216.02,19013
1512000000,216.02,217.01,213.54,216.51,10518
1512345600,216.51,216.51,213.04,215.52,10306
1512432000,218.99,218.99,213.04,213.54,6588
1512518400,211.06,216.51,211.06,215.52,9725
1512864000,219.48,223.45,212.05,213.04,11646
1512950400,212.55,214.53,210.07,213.54,12873
1513036800,213.54,213.54,211.06,211.56,15642
1513123200,210.57,213.54,208.58,212.05,4262
1513209600,214.53,214.53,210.57,210.57,3701
1513468800,213.04,213.04,209.58,209.58,6121
1513555200,209.08,211.06,209.08,210.57,4333
1513641600,210.07,211.06,208.58,210.07,8052
1513728000,208.58,211.06,207.59,209.58,3192
1513814400,206.6,209.58,206.6,208.09,7557
1514073600,208.09,212.05,208.09,208.58,7917
1514246400,211.06,211.06,203.63,208.09,7244
1514332800,204.62,207.1,202.14,205.61,11368
1514419200,202.14,206.6,198.18,203.13,9917
1514678400,202.64,202.64,198.18,199.17,27546
1514764800,203.13,205.12,200.66,205.12,6665
1514851200,209.08,213.04,206.11,210.57,55870
1514937600,207.59,212.05,207.59,209.08,15373
1515024000,208.09,208.58,206.11,208.58,5788
1515283200,207.1,212.55,206.11,209.58,18051
1515369600,210.07,213.04,208.09,210.57,8389
1515456000,210.57,211.56,209.08,210.57,7302
1515542400,208.58,211.56,208.58,207.1,7277
1515888000,211.56,211.56,206.6,208.09,10523
1516060800,208.58,208.58,205.61,206.6,4270
1516147200,204.13,206.6,202.64,204.62,6401
1516492800,205.61,208.09,204.62,207.59,21733
1516579200,208.09,209.08,207.1,208.09,18056
1516665600,208.58,208.58,205.61,206.11,15725
1516752000,204.13,208.09,204.13,207.59,14131
1516838400,207.1,208.09,206.6,208.09,13110
1517097600,208.09,209.58,205.61,206.11,49337
1517184000,205.71,206.31,202.14,202.74,8266
1517356800,204.52,204.52,202.14,204.52,4790
1517443200,204.52,205.12,203.93,204.52,6191
1517702400,205.12,208.09,203.33,208.09,8959
1517788800,208.09,208.09,203.33,203.33,8109
1517875200,204.52,206.31,202.14,206.31,5214
1517961600,205.12,205.71,202.74,203.33,5012
1518048000,199.77,205.12,199.77,203.33,3523
1518307200,203.33,203.93,202.74,203.33,1760
1518393600,203.33,203.33,202.14,202.14,3785
1518566400,203.33,203.33,199.17,202.14,4167
1518652800,202.74,208.09,202.74,208.09,7548
1518912000,208.09,213.44,206.9,208.09,11904
1519084800,208.09,208.68,202.14,203.93,6728
1519171200,202.74,202.74,201.55,202.14,2461
1519257600,202.74,203.33,200.95,202.14,4099
1519516800,203.33,203.33,199.17,200.95,3932
1519603200,200.36,200.36,199.17,199.17,4951
1519689600,198.58,203.33,197.39,200.95,4409
1519776000,200.95,201.55,198.58,198.58,13018
1520121600,195.01,196.2,193.23,195.01,16726
1520294400,190.25,195.01,190.25,194.41,5748
1520380800,194.41,197.98,194.41,196.2,6817
1520726400,196.2,196.79,193.82,193.82,6491
1520812800,193.82,196.79,193.82,195.01,10231
1520899200,195.01,197.98,194.41,197.98,8561
1520985600,196.2,199.17,195.01,199.17,8410
1521072000,196.2,200.36,196.2,199.17,10440
1521331200,201.55,201.55,197.98,198.58,5791
1521417600,199.17,199.17,193.23,193.23,5937
1521504000,190.85,194.41,190.85,192.04,2133
1521590400,188.47,190.85,186.69,187.87,11081
1521676800,189.66,190.25,184.31,187.87,6600
1522022400,184.31,186.09,177.77,178.36,10390
1522108800,181.93,193.82,168.26,187.87,16469
1522195200,187.87,188.47,182.52,184.9,12154
1522281600,184.9,190.25,184.9,189.06,8252
1522540800,190.25,190.25,183.12,186.69,6979
1522627200,186.69,189.06,184.31,186.69,6267
1522713600,184.31,189.06,184.31,187.28,3431
1522800000,187.87,193.82,187.28,193.23,12813
1522886400,196.2,199.17,190.85,196.79,22167
1523145600,197.98,206.9,196.79,202.14,17000
1523232000,202.74,205.71,198.58,199.17,13810
1523318400,196.2,200.36,193.23,198.58,6099
1523404800,197.39,199.17,195.01,199.17,5135
1523491200,199.77,202.14,197.39,200.36,9067
1523750400,200.36,202.14,193.82,202.14,7648
1523836800,202.14,202.74,199.17,200.95,5765
1523923200,200.95,203.93,199.77,200.36,17345
1524009600,202.14,210.47,200.36,205.12,17497
1524096000,208.68,209.87,206.31,208.68,24467
1524355200,208.68,219.98,209.28,219.39,36790
1524441600,223.55,227.11,214.03,214.03,39505
1524528000,211.06,217.01,205.12,213.44,16417
1524614400,214.03,214.03,208.68,209.28,10118
1524700800,209.87,210.47,205.12,206.9,10047
1524960000,203.33,206.9,200.36,204.52,10608
1525219200,204.52,203.33,200.95,202.74,5447
1525305600,203.93,209.28,203.93,205.71,9858
1525564800,205.71,205.71,203.93,204.52,9671
1525651200,202.14,205.12,201.55,203.93,6251
1525737600,203.93,203.93,202.14,203.93,5181
1525824000,203.93,206.31,204.52,204.52,6849
1525910400,204.52,205.71,200.36,203.93,11575
1526256000,201.55,204.52,200.95,202.74,4201
1526342400,202.74,203.33,200.36,201.55,2916
1526428800,200.95,204.52,200.36,202.74,3039
1526515200,203.33,203.93,201.55,201.55,6983
1526774400,203.33,204.52,200.95,202.14,9261
1526860800,199.17,202.14,199.17,202.14,10925
1526947200,199.17,202.14,199.17,200.36,6973
1527033600,202.14,202.14,198.58,198.58,8116
1527120000,198.58,200.95,199.17,199.17,5963
1527379200,199.17,199.17,196.2,197.39,6118
1527465600,197.39,206.31,195.01,202.14,5764
1527552000,202.14,203.33,198.58,200.36,9698
1527638400,200.36,202.14,199.17,201.55,10982
1527724800,202.14,202.14,200.36,200.95,8381
1527984000,199.17,199.77,193.82,196.2,14980
1528070400,193.82,196.79,192.63,195.6,6154
1528243200,197.39,202.14,197.39,199.77,3379
1528329600,199.77,199.77,193.23,194.41,3481
1528588800,194.41,194.41,186.69,188.47,9920
1528675200,188.47,193.82,187.87,192.04,5594
1528761600,189.66,192.04,188.47,190.85,3235
1528848000,190.25,191.44,187.87,189.06,3924
1528934400,189.66,192.63,189.66,190.85,3956
1529193600,190.25,190.25,186.69,190.25,1083
1529280000,190.25,190.25,184.31,186.69,6878
1529366400,191.44,191.44,187.87,187.87,3309
1529452800,186.69,186.69,183.71,185.5,5309
1529539200,184.31,187.87,184.31,184.31,9336
1529798400,181.93,188.47,181.93,186.69,3045
1529884800,187.87,187.87,184.9,186.09,3561
1529971200,184.9,186.09,182.52,184.9,7623
1530057600,184.31,185.5,183.12,184.9,1402
1530144000,184.31,185.5,183.12,185.5,10595
1530403200,184.9,184.9,181.33,181.33,5338
1530489600,191.44,194.41,190.85,194.41,5188
1530576000,179.55,183.12,179.55,181.33,3991
1530662400,181.33,184.31,178.36,183.71,8901
1530748800,185.5,189.06,184.9,188.47,2638
1531008000,188.47,190.85,187.87,188.47,9349
1531094400,187.87,187.87,183.12,184.31,4364
1531180800,184.9,186.69,184.31,186.09,47740
1531267200,187.28,188.47,184.31,185.5,40507
1531353600,186.09,187.28,184.31,184.31,12730
1531612800,183.71,186.69,183.71,184.9,2890
1531699200,184.9,187.28,184.9,186.69,32979
1531785600,187.87,188.47,187.28,187.28,1983
1531872000,187.28,188.47,186.09,188.47,3133
1531958400,187.87,188.47,184.9,187.28,6170
1532217600,186.69,187.87,186.09,186.69,8337
1532304000,186.69,188.47,186.09,186.09,3905
1532390400,186.09,189.06,186.09,186.09,7297
1532476800,187.28,187.28,184.9,186.69,6281
1532563200,186.69,187.28,186.09,187.28,5608
1532822400,189.06,189.66,187.28,189.06,9058
1532908800,187.87,189.66,187.28,189.66,5984
1532995200,189.66,190.85,189.06,190.85,7541
1533081600,189.66,192.04,189.66,191.44,9526
1533168000,191.44,194.41,190.85,194.41,5188
1533427200,194.41,195.01,193.23,195.01,3712
1533513600,195.01,195.01,193.23,193.82,9520
1533600000,193.23,193.82,192.63,193.82,4342
1533686400,193.23,194.41,191.44,193.23,1567
1533772800,191.44,193.23,189.66,192.04,5748
1534032000,191.44,191.44,186.09,189.06,3439
1534118400,187.28,189.66,187.28,188.47,2778
1534204800,188.47,192.63,188.47,191.44,6036
1534291200,193.82,203.93,193.82,200.36,37824
1534377600,204.52,205.12,199.17,202.14,25581
1534636800,204.52,204.52,200.95,200.95,21370
1534723200,202.14,202.14,197.39,199.17,14359
1534809600,199.17,199.17,196.79,197.98,8787
1534896000,199.17,204.52,196.79,204.52,3613
1534982400,200.95,200.95,197.98,199.17,7504
1535241600,199.17,200.36,196.2,197.98,3588
1535414400,197.98,199.17,196.2,197.98,7354
1535500800,198.58,198.58,196.2,196.79,6392
1535587200,196.79,199.17,196.79,198.58,9985
1535846400,197.98,202.14,197.98,201.55,9661
1535932800,199.77,206.31,199.77,203.93,15425
1536019200,202.14,206.31,202.14,205.12,17187
1536105600,202.74,215.22,202.74,211.66,29704
1536192000,214.03,218.79,208.09,209.28,33936
1536451200,209.87,209.87,205.71,205.71,7740
1536537600,205.71,205.71,202.14,203.33,4112
1536624000,202.14,208.09,202.14,205.12,4778
1536710400,205.12,211.06,205.12,208.68,12667
1536796800,209.28,213.44,208.68,209.28,20006
1537056000,214.03,224.14,211.66,218.2,53133
1537142400,218.2,219.98,213.44,214.03,21307
1537228800,212.85,215.22,212.25,213.44,9249
1537401600,209.28,216.41,209.28,213.44,9880
1537660800,216.41,216.41,212.25,214.63,19281
1537833600,214.63,221.76,214.63,219.98,44925
1537920000,221.17,222.95,216.41,217.01,18655
1538006400,217.01,219.98,217.01,217.01,14911
1538265600,215.22,217.6,214.63,214.63,11183
1538352000,212.85,215.22,209.28,209.28,21976
1538438400,209.28,212.85,209.28,209.87,12983
1538524800,209.28,210.47,206.31,206.31,28516
1538611200,208.09,208.09,205.12,206.9,15025
1538870400,205.12,206.9,204.52,204.52,10164
1538956800,204.52,212.25,204.52,207.49,9581
1539043200,208.09,208.09,206.31,206.31,9551
1539129600,206.31,206.9,205.12,206.31,6502
1539216000,207.49,209.28,205.71,208.09,10534
1539475200,209.28,212.85,208.09,212.25,12769
1539561600,216.41,216.41,210.47,210.47,11617
1540080000,214.63,214.63,211.06,211.06,3483
1540166400,211.06,211.06,209.28,211.06,3196
1540252800,211.06,212.85,210.47,212.85,6474
1540339200,211.06,212.85,209.87,212.85,3065
1540425600,212.85,212.85,211.06,212.25,5436
1540684800,211.06,211.06,208.09,209.87,11851
1540771200,208.09,208.68,206.9,208.09,8152
1540857600,207.49,210.47,206.9,209.28,11760
1540944000,213.44,211.06,208.09,209.28,9391
1541030400,208.09,209.28,208.09,209.28,6758
1541289600,208.09,209.87,206.9,206.9,15056
1541376000,206.9,209.28,206.9,207.49,10438
1542153600,207.49,209.28,207.49,208.09,1763
1542240000,208.09,208.68,206.9,207.49,5701
1542499200,207.49,207.49,203.93,205.12,6006
1542585600,205.12,206.31,204.52,205.71,5455
1542672000,205.71,207.49,203.33,206.31,2001
1542758400,206.31,209.87,203.33,203.93,6780
1542844800,203.93,205.12,202.14,204.52,6445
1543104000,204.52,205.12,202.74,202.74,8678
1543190400,202.77,202.77,199.17,201.55,5374
1543276800,201.55,205.71,200.95,202.14,5914
1543363200,202.14,202.14,201.55,202.14,2677
1543449600,202.14,202.14,199.77,200.95,6964
1543708800,200.95,200.95,195.6,197.98,9756
1543795200,197.98,199.17,195.6,196.2,9202
1543881600,196.2,199.17,193.82,198.58,2973
1544054400,195.6,196.79,190.25,194.41,8394
1544313600,194.41,199.17,194.41,199.17,2982
1544400000,199.17,202.14,196.2,199.17,5830
1544486400,199.17,201.55,197.98,199.77,3705
1544572800,199.77,202.74,199.77,200.36,990
1544659200,200.36,205.12,199.17,200.95,5226
1544918400,200.95,204.52,200.95,204.52,18570
1545004800,204.52,211.06,202.14,211.06,5225
1545091200,211.06,211.06,203.93,204.52,10127
1545177600,204.52,205.12,203.33,203.93,3717
1545264000,203.93,208.68,203.93,207.49,14032
1545523200,207.49,215.22,207.49,212.25,16974
1545609600,212.25,215.22,209.28,212.25,14350
1545696000,212.25,212.25,208.68,209.87,8383
1545782400,209.87,215.22,209.28,215.22,22157
1545868800,215.22,217.01,212.85,213.44,36773
1546128000,213.44,213.44,208.68,208.68,11317
1546214400,208.68,209.28,206.31,206.9,16215
1546300800,206.9,208.09,204.52,205.71,22211
1546387200,205.71,206.31,205.12,205.12,7467
1546473600,205.12,206.9,202.14,205.12,7294
1546732800,205.12,209.28,204.52,204.52,9776
1546905600,205.71,207.49,205.71,207.49,8069
1546992000,207.49,208.68,206.9,207.49,8426
1547078400,206.9,210.47,206.9,208.09,4955
1547337600,212.25,212.25,205.71,207.49,22250
1547424000,207.49,208.68,206.9,208.09,20430
1547510400,208.09,208.09,206.9,208.09,7663
1547596800,208.09,208.68,206.9,208.09,9525
1547683200,208.09,208.09,205.12,205.12,3486
1547942400,205.12,205.12,202.74,205.12,3502
1548028800,205.12,205.71,202.14,203.33,6616
1548115200,203.33,203.93,200.36,203.93,5188
1548201600,203.93,204.52,203.33,203.93,2273
1548288000,203.93,204.52,203.33,203.33,16140
1548547200,203.33,203.33,201.55,201.55,4235
1548633600,201.55,205.12,200.95,203.33,8647
1548720000,203.33,203.33,202.14,202.74,2612
1548806400,202.74,202.74,201.55,201.55,3892
1548892800,201.55,203.33,201.55,201.55,5850
1549152000,200.36,202.14,200.36,200.95,12977
1549238400,200.95,202.14,199.17,201.55,13265
1549324800,202.14,202.14,200.95,200.95,5648
1549411200,209.28,209.28,199.17,199.17,6099
1549497600,196.2,200.36,196.2,198.58,5500
1549756800,199.17,199.17,196.2,197.39,6098
1549843200,195.01,199.17,195.01,197.39,5268
1549929600,196.2,197.98,196.2,197.39,5722
1550016000,196.2,197.39,195.6,195.6,13830
1550102400,196.79,196.79,194.41,196.2,13107
1550361600,196.2,199.77,195.01,196.2,18875
1550448000,195.01,196.2,193.23,195.6,9327
1550534400,192.63,197.98,192.63,197.98,3150
1550620800,197.98,197.98,195.6,195.6,2685
1550707200,195.6,199.17,195.6,197.98,9054
1550966400,197.98,197.98,195.6,196.2,6833
1551052800,197.39,197.98,194.41,196.79,15959
1551139200,196.79,198.58,196.79,197.39,18064
1551225600,196.2,199.17,196.2,197.98,27442
1551571200,194.11,197.98,183.39,185.28,14076
1551744000,183.39,185.28,183.39,184.02,5732
1551830400,184.02,184.65,182.76,184.02,2085
1551916800,184.02,185.28,182.76,185.28,8624
1552089600,185.28,185.28,184.02,184.02,2618
1552176000,185.28,185.28,184.02,184.02,2618
1552262400,187.8,189.69,184.65,187.8,9999
1552348800,189.06,192.85,187.8,192.22,16058
1552435200,192.22,192.85,189.06,190.95,14926
1552521600,189.69,190.95,186.54,190.32,6707
1552780800,190.95,192.22,189.06,190.32,8247
1552867200,190.95,191.58,189.69,189.69,10211
1552953600,189.69,189.69,187.8,187.8,3883
1553126400,187.17,189.06,186.54,186.54,3230
1553385600,186.54,188.43,184.65,184.65,8327
1553472000,185.28,187.8,184.02,185.28,8653
1553558400,187.8,187.8,184.65,185.28,10218
1553644800,185.28,188.43,184.65,185.28,4409
1553731200,187.8,187.8,184.02,185.28,9227
1553990400,186.54,186.54,184.65,185.91,11187
1554076800,185.91,187.17,184.02,187.17,12690
1554163200,188.43,191.58,188.43,190.32,15332
1554249600,189.69,193.48,189.69,192.22,15802
1554336000,192.22,192.22,189.69,191.58,11579
1554595200,189.69,194.74,187.8,194.74,11864
1554681600,194.74,201.67,195.37,199.15,21933
1554768000,196.0,200.41,196.0,196.0,21533
1554854400,196.63,197.89,195.37,196.63,8299
1554940800,197.26,201.04,197.26,198.52,22147
1555286400,197.26,200.41,197.26,200.41,11551
1555372800,197.26,206.08,197.26,205.45,17829
1555459200,205.45,213.01,205.45,213.01,24403
1555545600,214.9,220.57,211.75,220.57,49470
1555804800,220.57,220.57,216.16,219.31,28028
1555891200,222.47,222.47,211.75,215.53,19348
1555977600,218.05,218.05,214.27,218.05,17832
1556064000,215.53,223.1,214.9,223.1,68938
1556150400,223.1,245.15,223.1,244.52,145400
1556409600,248.93,258.39,245.15,248.93,111393
1556496000,248.93,248.93,241.37,245.15,45136
1556582400,245.15,246.41,240.74,245.78,27561
1556755200,241.37,243.89,240.11,242.63,24698
1557014400,242.63,242.63,236.96,238.85,55477
1557100800,237.59,244.52,235.7,244.52,40670
1557187200,245.78,245.78,242.0,245.15,39057
1557360000,248.3,249.56,243.26,244.52,94677
1557619200,243.89,245.78,242.0,245.78,17340
1557705600,245.78,246.41,242.0,243.26,20540
1557792000,244.52,265.32,244.52,262.17,194265
1557878400,262.8,281.71,262.17,276.03,133601
1557964800,280.44,280.44,265.32,265.32,112016
1558224000,267.84,270.99,262.17,265.95,67027
1558310400,270.99,272.25,262.17,263.43,59854
1558396800,265.32,265.95,260.28,263.43,42776
1558483200,264.69,268.47,263.43,267.21,92882
1558569600,269.1,276.03,268.47,271.62,97795
1558828800,272.25,273.51,266.58,267.84,50429
1558915200,264.06,268.47,264.06,265.95,44153
1559001600,269.73,269.73,264.69,265.32,13321
1559088000,265.95,268.47,264.69,267.21,54281
1559174400,275.4,284.23,268.47,269.73,94006
1559433600,272.88,272.88,264.69,265.95,29715
1559520000,270.99,270.99,260.91,260.91,64123
1559606400,261.54,264.69,260.91,262.17,48716
1559779200,263.43,263.43,260.28,260.28,25497
1560124800,260.28,262.17,259.02,259.65,33018
1560211200,259.65,262.8,259.65,262.17,62742
1560297600,260.28,261.54,259.02,261.54,17469
1560384000,259.65,261.54,259.02,259.02,30086
1560643200,259.02,259.02,254.61,254.61,44708
1560729600,254.61,255.87,253.35,253.98,42955
1560816000,253.98,255.24,252.72,253.35,24044
1560902400,253.35,254.61,252.09,254.61,23061
1560988800,257.76,257.76,253.98,255.87,11029
1561248000,255.24,256.5,253.98,255.24,6869
1561334400,253.98,260.28,253.98,259.02,37528
1561420800,260.28,262.8,259.02,262.17,25298
1561507200,263.43,263.43,259.65,260.28,17369
1561593600,260.28,260.28,258.39,260.28,18552
1561852800,260.28,260.28,255.87,256.5,11120
1561939200,257.13,257.13,254.61,255.24,12593
1562025600,254.61,260.28,254.61,258.39,21391
1562112000,257.13,261.54,256.5,260.91,24200
1562198400,261.54,261.54,258.39,259.02,16330
1562457600,257.13,258.39,256.5,257.13,30964
1562544000,258.39,258.39,255.24,255.87,29244
1562630400,258.39,256.5,252.72,255.24,9165
1562716800,255.24,256.5,253.35,256.5,26313
1562803200,256.5,258.39,255.24,255.24,19978
1563062400,255.87,259.02,255.24,255.87,10033
1563148800,255.87,257.13,255.24,255.87,9018
1563235200,268.47,268.47,255.87,257.76,8675
1563321600,257.13,263.43,257.13,262.8,29854
1563408000,260.28,266.58,260.28,263.43,20493
1563667200,260.91,262.8,259.02,260.91,14478
1563753600,260.91,264.06,260.91,262.17,19276
1563840000,263.43,274.14,263.43,274.14,105508
1563926400,274.14,274.14,269.73,272.88,61735
1564012800,272.88,273.51,269.1,270.99,97104
1564272000,266.58,270.36,265.95,267.84,96129
1564358400,267.84,270.99,267.84,269.1,35679
1564444800,268.47,271.62,268.47,270.36,31788
1564531200,265.95,272.88,265.95,271.62,42713
1564617600,274.77,274.77,270.36,270.99,37084
1564876800,270.36,276.03,267.21,275.4,68518
1564963200,272.88,275.4,271.62,272.88,44680
1565049600,277.92,278.55,270.99,272.25,196356
1565136000,268.47,276.66,268.47,274.14,56560
1565222400,274.14,274.14,270.36,271.62,34679
1565481600,270.99,271.62,269.73,270.99,25832
1565568000,272.88,272.88,270.36,271.62,20621
1565654400,271.62,275.4,269.73,269.73,17896
1565740800,268.47,270.99,267.84,270.36,13082
1565827200,269.1,272.88,267.84,270.99,36318
1566086400,270.99,272.88,270.36,270.99,36698
1566172800,271.62,273.51,270.36,271.62,38717
1566259200,271.62,272.25,269.1,269.1,17383
1566345600,267.84,270.99,267.84,270.36,20878
1566432000,270.36,270.99,267.84,269.73,28290
1566691200,266.58,269.1,266.58,269.1,20297
1566777600,270.99,270.99,267.84,267.84,16088
1566864000,267.84,270.36,267.21,268.47,14181
1566950400,267.21,269.1,267.21,267.84,21023
1567036800,269.1,269.1,266.58,268.47,11405
1567296000,269.73,269.73,265.32,265.32,17893
1567382400,267.21,267.21,260.91,262.8,43531
1567468800,261.54,268.47,259.65,267.21,36698
1567555200,267.84,270.36,264.69,268.47,22525
1567641600,267.84,269.1,267.84,267.84,15371
1567900800,269.1,269.1,265.32,265.95,8733
1567987200,267.84,267.84,262.17,263.43,19723
1568073600,262.17,264.06,262.17,263.43,21628
1568160000,262.8,264.69,262.17,263.43,22008
1568246400,263.43,264.69,262.17,262.17,27640
1568505600,261.54,263.43,260.28,260.28,18691
1568592000,260.28,260.91,257.13,257.13,23477
1568678400,258.39,263.43,258.39,263.43,22549
1568764800,264.69,266.58,264.06,266.58,28150
1568851200,261.54,267.84,260.28,260.28,22965
1569110400,260.28,261.54,259.65,260.91,14749
1569196800,260.28,261.54,259.65,260.91,17256
1569283200,259.02,259.65,258.39,259.65,8687
1569456000,259.65,259.65,257.76,258.39,13312
1569715200,258.39,263.43,256.5,263.43,23666
1569801600,259.65,261.54,259.02,261.54,9318
1569888000,259.65,263.43,259.65,262.8,11045
1569974400,262.8,262.8,259.02,259.02,3711
1570060800,261.54,263.43,261.54,262.17,3319
1570665600,260.28,261.54,259.65,261.54,1419
1571011200,261.54,261.54,257.76,258.39,15531
1571097600,259.65,262.17,258.39,260.28,34190
1571184000,261.54,261.54,259.65,260.91,10681
1571270400,261.54,262.17,259.65,260.91,15319
1571529600,259.65,260.91,259.02,260.28,11108
1571616000,259.65,261.54,259.02,259.65,13609
1571702400,259.02,260.28,257.76,259.02,7228
1571788800,261.54,262.17,259.02,260.28,2992
1571875200,261.54,262.17,259.65,260.91,9027
1572480000,261.54,262.8,258.39,260.28,4949
1572739200,259.65,260.28,258.39,259.65,4909
1572825600,260.91,260.91,258.39,260.28,13907
1572912000,261.54,262.17,260.28,262.17,12478
1572998400,261.54,262.8,261.54,261.54,16754
1573084800,262.8,262.8,260.91,261.54,18305
1573344000,260.91,264.06,258.39,264.06,11958
1573430400,260.91,265.32,260.91,265.32,3581
1573516800,267.84,267.84,260.91,262.8,12550
1573603200,260.91,262.8,260.28,262.17,23563
1573689600,262.17,262.8,261.54,262.8,18775
1573948800,264.69,266.58,258.39,261.54,11182
1574035200,261.54,263.43,261.54,263.43,52113
1574121600,264.69,264.69,261.54,262.17,21222
1574208000,261.54,263.43,261.54,262.17,12638
1574294400,263.43,263.43,257.13,259.65,9107
1574553600,257.76,258.39,254.61,254.61,14677
1574640000,255.24,259.65,254.61,257.76,5669
1574726400,258.39,258.39,253.35,255.24,11131
1574812800,253.98,257.76,253.98,257.76,5247
1574899200,257.76,257.76,254.61,254.61,5609
1575158400,255.24,255.24,253.35,254.61,5892
1575244800,254.61,255.24,252.09,253.98,17229
1575331200,252.72,253.98,252.72,252.72,6534
1575417600,252.72,255.87,252.72,255.24,11388
1575504000,255.24,256.5,253.98,255.24,6589
1575763200,255.87,257.76,253.98,257.76,6252
1575849600,257.13,261.54,254.61,259.02,10680
1575936000,258.39,263.43,255.87,261.54,67690
1576022400,262.17,263.43,260.91,260.91,13042
1576108800,261.54,261.54,257.76,259.65,21051
1576368000,259.65,262.17,259.02,260.28,8639
1576454400,261.54,261.54,255.87,255.87,9861
1576540800,255.24,258.39,255.24,256.5,6407
1576627200,255.24,258.39,255.24,255.87,9668
1576713600,254.61,256.5,253.98,254.61,5118
1576972800,256.5,260.91,256.5,259.65,13018
1577059200,260.91,260.91,256.5,259.65,20783
1577145600,261.54,262.17,259.65,260.28,19873
1577232000,259.65,261.54,259.65,260.91,31149
1577318400,260.91,262.8,260.28,262.8,103337
1577577600,257.86,257.86,244.5,247.17,20987
1577664000,246.5,246.5,241.16,243.83,8211
1577750400,243.83,244.5,241.16,244.5,8569
1577836800,243.16,245.17,239.82,245.17,7109
1577923200,245.17,245.83,239.82,239.82,6793
1578182400,240.49,243.16,240.49,242.49,11390
1578268800,243.83,248.51,243.83,247.84,26892
1578355200,250.51,251.18,247.17,249.17,9507
1578441600,248.51,249.17,246.5,246.5,10093
1578528000,246.5,246.5,242.49,243.83,11059
1578787200,247.84,249.17,244.5,247.84,15768
1578873600,249.84,255.19,249.84,253.18,39441
1578960000,250.51,253.85,250.51,252.51,11083
1579046400,257.19,257.86,252.51,257.86,22021
1579132800,259.86,265.87,257.86,261.2,30689
1579392000,263.87,265.87,261.87,264.54,37203
1579478400,268.55,271.89,257.86,259.86,50503
1579564800,264.54,265.21,257.19,259.86,20945
1579651200,263.87,263.87,255.85,257.86,13717
1579737600,260.53,260.53,253.85,255.19,11817
1579996800,253.18,256.52,248.51,248.51,16983
1580083200,245.83,258.53,245.83,258.53,23768
1580169600,258.53,259.86,253.85,257.86,14063
1580256000,253.85,258.53,253.18,256.52,8241
1580342400,257.19,259.19,255.85,256.52,10082
1580601600,256.52,261.87,255.85,260.53,25714
1580688000,261.2,263.87,259.19,259.19,22861
1580774400,261.87,264.54,257.19,257.86,32960
1580860800,260.53,260.53,255.19,257.19,12291
1580947200,255.85,260.53,255.19,257.19,11711
1581206400,255.19,256.52,253.85,254.52,11030
1581292800,255.19,257.19,251.85,253.85,14196
1581379200,257.86,260.53,255.19,257.19,13972
1581465600,261.87,261.87,255.85,259.19,34048
1581552000,257.86,259.19,253.85,256.52,20972
1581811200,257.19,260.53,255.85,260.53,29836
1581897600,261.87,267.88,260.53,264.54,42746
1581984000,268.55,272.55,263.87,265.21,41812
1582070400,269.88,269.88,263.2,265.21,17687
1582156800,265.21,267.21,263.87,265.87,25763
1582416000,268.55,291.26,268.55,287.92,130275
1582502400,287.92,300.61,283.91,288.59,104982
1582588800,291.26,291.26,277.9,290.59,48731
1582675200,293.26,302.62,291.93,302.62,88846
1582761600,297.27,316.64,293.93,311.97,110009
1583020800,311.97,317.31,300.61,301.95,86815
1583107200,297.27,301.95,280.57,280.57,52575
1583193600,280.57,297.27,260.53,283.91,83824
1583280000,280.57,283.91,273.89,277.9,59890
1583366400,272.55,277.9,267.21,270.55,51446
1583798400,265.21,265.21,253.85,253.85,44333
1583884800,252.51,271.89,252.51,271.22,73399
1583971200,271.22,273.89,260.53,265.21,66328
1584230400,260.53,263.2,252.51,255.19,67992
1584316800,253.85,261.2,247.84,255.19,34352
1584403200,253.18,253.85,247.17,252.51,45920
1584489600,247.84,257.19,241.16,247.17,50811
1584576000,245.17,257.19,240.49,251.18,34900
1584835200,246.5,251.18,241.83,245.83,5639
1589241600,241.16,241.16,238.49,238.49,470
1589328000,233.81,233.81,231.81,231.81,240
1593388800,227.8,227.8,209.09,219.78,12955
1593475200,215.77,235.15,213.77,233.81,4499
1593561600,233.81,256.52,233.81,253.85,16073
1593648000,255.19,263.2,229.13,230.47,13518
1593907200,233.81,243.83,230.47,237.82,29844
1593993600,233.14,245.83,233.14,243.83,25485
1594080000,247.17,253.18,245.17,249.84,16559
1594166400,250.51,250.51,241.83,245.83,15958
1594252800,243.83,247.84,240.49,245.83,10849
1594512000,247.17,251.85,245.83,250.51,20839
1594598400,250.51,255.19,249.17,250.51,38001
1594684800,250.51,252.51,248.51,250.51,9391
1594771200,251.18,259.19,251.18,257.19,34899
1594857600,259.86,270.55,259.86,267.21,49834
1595116800,272.55,288.59,272.55,288.59,90
1595203200,302.62,317.31,283.24,295.27,152858
1595289600,295.94,297.94,285.25,287.92,70227
1595376000,297.27,297.27,280.57,284.58,55050
1595462400,284.58,287.25,279.23,285.92,33121
1595721600,287.25,291.26,281.91,289.92,60056
1595808000,289.92,293.93,287.25,289.26,51602
1595894400,290.59,290.59,285.92,288.59,30474
1595980800,287.25,288.59,281.24,281.91,61718
1596067200,277.23,286.58,277.23,285.25,34944
1596326400,279.9,281.91,271.22,271.22,64556
1596412800,271.89,279.23,270.55,274.56,26260
1596585600,279.9,279.9,268.55,271.89,30060
1596672000,270.55,272.55,267.88,271.22,33954
1596931200,267.88,275.23,266.54,275.23,33276
1597017600,288.59,288.59,275.89,283.91,30437
1597104000,285.25,285.25,279.23,279.9,26345
1597190400,276.56,281.91,276.56,279.9,25454
1597276800,283.91,283.91,276.56,277.23,27971
1597536000,274.56,277.9,270.55,273.89,34679
1597622400,273.89,277.23,271.22,277.23,20840
1597708800,277.9,279.23,274.56,278.57,16446
1597795200,273.89,277.23,272.55,273.22,25812
1597881600,273.89,275.23,271.22,275.23,8351
1598140800,279.9,279.9,274.56,276.56,8109
1598227200,279.23,280.57,277.23,280.57,30112
1598313600,283.24,285.25,279.9,281.24,39774
1598400000,283.91,286.58,280.57,284.58,39150
1598486400,286.58,287.25,283.91,283.91,30360
1598745600,283.91,297.94,281.24,283.24,20137
1598832000,286.58,287.92,282.58,286.58,40437
1599004800,291.26,293.93,288.59,291.26,108553
1599091200,291.26,292.6,287.25,288.59,54999
1599350400,287.92,298.61,286.58,286.58,51535
1599436800,284.58,286.58,281.91,283.24,30894
1599523200,282.58,283.24,278.57,281.91,18591
1599609600,295.94,295.94,279.23,282.58,30486
1599696000,296.6,296.6,281.91,283.91,30353
1599955200,283.91,286.58,283.91,286.58,40426
1600041600,286.58,293.26,286.58,290.59,64709
1600128000,292.6,293.93,286.58,289.26,31509
1600214400,290.59,290.59,284.58,287.25,35281
1600300800,301.28,301.28,285.92,291.93,95389
1600560000,295.94,300.61,290.59,293.93,53218
1600646400,293.93,294.6,288.59,291.26,54729
1600732800,293.93,293.93,287.92,289.92,93124
1600819200,292.6,292.6,287.25,291.26,38716
1600905600,292.6,292.6,287.92,290.59,43273
1601164800,292.6,295.27,289.26,293.93,66164
1601251200,293.93,295.94,293.26,294.6,31645
1601337600,294.6,294.6,291.93,292.6,45801
1601424000,297.27,297.27,289.92,291.26,37898
1601510400,290.59,293.93,290.59,293.26,17254
1601769600,293.93,297.27,293.93,293.93,76534
1601856000,294.6,295.94,292.6,293.26,40920
1601942400,293.93,300.61,293.26,300.61,117064
1602028800,300.61,301.28,296.6,299.28,55530
1602115200,300.61,300.61,295.27,295.94,37815
1602374400,293.93,295.27,292.6,293.26,27787
1602460800,303.95,303.95,291.26,293.93,35458
1602547200,293.93,293.93,292.6,293.26,18523
1602633600,293.93,293.93,291.26,293.26,19883
1602720000,295.94,297.27,291.93,295.27,35904
1602979200,292.6,294.6,291.93,293.26,28101
1603065600,292.6,294.6,291.26,293.93,23746
1603152000,295.94,296.6,294.6,295.27,28155
1603238400,295.94,300.61,295.94,300.61,48986
1603324800,302.62,303.95,300.61,303.28,68836
1603843200,305.29,316.64,304.62,315.98,83397
1603929600,317.31,322.66,314.64,315.31,114747
1604188800,315.31,319.98,312.64,318.65,116363
1604275200,318.65,319.98,313.3,313.3,52560
1604361600,320.65,320.65,310.63,311.97,53871
1604448000,312.64,312.64,308.63,309.96,33667
1604534400,309.96,317.98,308.63,313.97,102758
1604793600,313.97,315.31,312.64,314.64,26833
1604880000,313.97,316.64,312.64,315.31,33751
1604966400,316.64,317.31,312.64,313.97,80125
1605052800,315.31,321.99,315.31,319.98,69277
1605139200,317.31,323.32,317.31,323.32,79435
1605657600,317.31,330.67,313.97,325.33,143816
1605744000,341.36,341.36,326.66,328.0,71429
1606003200,330.67,342.03,330.67,337.35,152285
1606089600,340.69,344.03,338.02,342.03,196565
1606176000,342.03,345.37,340.69,342.03,66020
1606262400,341.36,350.71,341.36,349.38,79838
1606348800,350.71,355.39,347.37,350.71,85540
1606608000,351.38,373.43,350.05,370.09,230701
1606694400,374.09,384.78,357.39,361.4,169861
1606780800,361.4,361.4,344.7,354.05,151300
1606867200,350.71,358.06,347.37,357.39,111044
1606953600,356.73,360.73,352.72,355.39,90643
1607212800,348.71,356.06,344.7,345.37,171129
1607299200,344.03,356.06,340.69,355.39,131127
1607385600,354.05,368.75,354.05,365.41,226073
1607472000,364.07,365.41,356.73,358.06,92328
1607558400,357.39,359.4,351.38,357.39,54470
1607817600,360.73,370.75,359.4,368.75,136826
1607904000,370.75,374.76,352.05,357.39,323130
1607990400,360.73,364.07,352.05,352.72,117229
1608076800,367.41,367.41,350.05,352.05,76542
1608163200,354.05,354.05,344.03,346.04,87068
1608422400,344.03,347.37,322.66,328.67,104545
1608508800,322.66,332.68,316.64,323.99,103564
1608595200,327.33,336.02,327.33,336.02,85171
1608681600,330.67,344.7,330.67,334.01,73410
1608768000,334.01,334.01,326.66,329.34,57679
1609027200,330.67,331.34,326.0,329.34,41700
1609113600,327.33,330.67,323.99,328.67,32570
1609200000,330.0,330.0,325.33,326.0,96176
1609286400,334.18,334.18,318.82,324.19,30138
1609372800,320.35,331.88,319.58,326.5,48740
1609632000,332.64,338.79,332.64,338.02,46462
1609718400,339.56,341.86,334.18,337.25,29054
1609804800,340.33,340.33,331.11,334.18,22837
1609891200,331.11,336.48,331.11,336.48,33745
1609977600,338.02,340.33,331.88,336.48,39177
1610236800,336.48,345.7,336.48,345.7,90717
1610323200,348.01,352.62,345.7,346.47,59076
1610409600,363.37,363.37,346.47,348.78,28076
1610496000,347.24,353.39,345.7,345.7,52729
1610841600,352.62,352.62,347.24,348.01,52720
1610928000,348.78,350.31,344.17,344.17,61879
1611014400,345.7,345.7,340.33,344.94,64531
1611100800,345.7,345.7,340.33,341.09,43511
1611187200,358.0,358.0,338.79,341.09,48043
1611446400,341.86,350.31,341.86,342.63,58964
1611532800,342.63,356.46,341.09,353.39,125936
1611619200,357.23,376.43,353.39,371.82,216204
1611705600,372.59,372.59,359.53,361.07,87784
1611792000,361.07,361.07,348.01,352.62,112245
1612051200,351.85,351.85,338.79,341.86,106833
1612137600,341.86,352.62,338.02,342.63,39012
1612224000,344.94,348.01,341.86,343.4,63651
1612310400,345.7,356.46,343.4,346.47,86928
1612396800,352.62,352.62,339.56,346.47,77015
1612656000,346.47,347.24,343.4,345.7,68729
1612742400,348.78,368.75,342.63,356.46,107995
1612828800,368.75,368.75,346.47,351.08,52134
1612915200,353.39,354.15,344.94,351.08,34799
1613001600,348.01,356.46,346.47,346.47,58376
1613260800,345.7,349.54,342.63,344.17,52654
1613347200,361.07,361.07,344.94,350.31,64582
1613433600,353.39,359.53,347.24,354.92,103729
1613520000,355.69,360.3,350.31,358.76,119712
1613606400,361.07,367.98,357.23,362.6,117240
1613865600,361.84,371.82,358.76,363.37,115833
1613952000,364.14,364.14,353.39,356.46,99940
1614038400,353.39,353.39,342.63,349.54,61301
1614124800,366.45,366.45,348.01,352.62,76992
1614211200,358.0,358.0,345.7,349.54,60468
1614470400,345.7,345.7,336.48,338.79,87385
1614556800,338.79,344.94,334.18,341.86,86938
1614643200,344.94,344.94,330.34,334.18,70484
1614729600,334.18,334.18,323.42,328.8,74820
1614816000,331.11,334.95,330.34,333.41,58945
1615161600,333.41,338.79,329.57,330.34,72363
1615248000,330.34,331.11,325.73,327.27,36121
1615334400,323.42,333.41,323.42,327.27,41639
1615680000,322.66,328.8,320.35,321.12,47505
1615766400,327.27,327.27,318.82,320.35,29309
1615852800,318.82,323.42,318.05,320.35,38698
1615939200,324.96,325.73,318.82,324.96,18916
1616025600,341.09,341.09,324.96,330.34,37568
1616284800,330.34,338.02,330.34,335.72,38957
1616371200,336.48,336.48,329.57,329.57,32906
1616457600,330.34,333.41,324.96,328.03,23070
1616544000,330.34,335.72,327.27,329.57,45332
1616630400,333.41,333.41,327.27,331.11,55859
1616976000,333.41,333.41,326.5,329.57,27514
1617062400,331.88,331.88,327.27,328.8,28165
1617148800,332.64,347.24,327.27,341.86,108531
1617235200,349.54,349.54,333.41,337.25,69742
1617494400,338.02,341.86,333.41,338.79,71522
1617580800,341.86,341.86,334.18,335.72,38063
1617667200,331.88,337.25,331.88,335.72,48766
1617753600,336.48,337.25,331.88,335.72,30237
1617840000,337.25,337.25,333.41,335.72,42866
1618185600,334.95,336.48,331.11,335.72,64341
1618272000,345.7,345.7,335.72,341.86,102443
1618444800,345.7,347.24,341.86,344.17,80699
1618704000,349.54,350.31,337.25,338.79,75807
1618790400,334.95,338.02,331.88,332.64,75119
1618876800,330.34,334.95,329.57,330.34,69148
1618963200,328.03,334.18,326.5,329.57,67723
1619049600,334.18,334.18,325.73,328.8,57567
1619308800,331.11,331.11,321.12,321.89,53306
1619395200,321.12,325.73,308.83,316.51,82121
1619481600,318.82,321.12,312.67,319.58,91231
1619568000,322.66,323.42,315.74,318.82,41259
1619654400,318.82,323.42,318.05,321.89,48621
1619913600,324.19,328.03,322.66,325.73,58954
1620000000,328.8,330.34,320.35,321.12,63178
1620086400,324.96,324.96,318.82,320.35,46355
1620172800,305.76,324.96,305.76,320.35,48809
1620259200,326.5,326.5,318.82,320.35,43509
1620518400,320.35,323.42,316.51,321.89,44803
1620604800,324.19,324.19,319.58,322.66,34550
1620691200,330.34,330.34,321.12,323.42,47979
1620777600,323.42,324.19,321.12,321.89,34976
1620864000,322.66,323.42,321.12,321.89,43764
1621123200,324.19,326.5,323.42,326.5,64623
1621209600,334.18,334.18,328.03,328.8,50942
1621296000,331.11,332.64,328.8,332.64,73076
1621382400,333.41,338.79,331.88,334.18,87374
1621468800,349.54,349.54,328.8,335.72,60345
1621728000,334.18,341.86,328.8,341.86,95466
1621814400,342.63,349.54,342.63,347.24,201509
1621900800,348.01,348.01,340.33,342.63,45800
1622073600,338.02,342.63,334.18,341.09,86267
1622332800,341.09,348.78,338.02,344.17,156823
1622419200,347.24,349.54,338.79,339.56,63529
1622505600,338.02,339.56,333.41,335.72,72507
1622592000,335.72,340.33,334.18,338.02,67701
1622678400,341.86,349.54,338.02,345.7,169456
1622937600,349.54,369.52,349.54,358.0,309217
1623024000,341.09,368.75,341.09,352.62,178135
1623110400,353.39,359.53,351.85,355.69,181070
1623196800,355.69,360.3,352.62,354.92,94004
1623283200,353.39,357.23,350.31,351.08,69384
1623542400,351.08,355.69,343.4,354.15,135433
1623628800,354.15,372.59,353.39,367.21,238183
1623715200,368.75,381.81,368.75,374.13,346796
1623801600,374.13,391.8,370.29,377.97,249556
1623888000,382.58,384.88,375.66,376.43,132336
1624147200,358.0,384.12,358.0,365.68,185371
1624233600,380.27,380.27,358.0,361.07,158267
1624320000,345.7,371.06,345.7,370.29,112308
1624406400,370.29,370.29,361.07,361.84,72529
1624492800,377.2,377.2,357.23,370.29,168916
1624752000,365.68,384.12,365.68,378.74,165483
1624838400,397.17,397.17,377.2,381.81,183885
1624924800,384.12,386.42,370.29,372.59,73114
1625011200,365.68,371.82,362.6,370.29,49724
1625097600,351.85,377.2,351.85,371.82,97084
1625356800,371.82,374.13,364.91,366.45,54096
1625443200,366.45,371.82,361.84,365.68,37585
1625529600,364.91,366.45,361.07,363.37,44597
1625616000,370.29,370.29,361.84,361.84,77933
1625702400,362.6,368.75,361.07,366.45,51483
1625961600,367.21,374.9,366.45,374.9,63968
1626048000,376.43,379.51,367.21,368.75,69957
1626134400,363.37,371.06,363.37,369.52,64679
1626220800,374.9,374.9,366.45,367.98,40531
1626307200,368.75,370.29,365.68,367.98,59702
1626566400,367.98,391.8,367.98,390.26,199269
1626652800,395.64,403.55,391.03,393.33,298032
1626739200,393.33,419.22,388.72,418.69,428610
1626912000,426.37,460.55,422.6,451.72,800592
1627171200,460.71,465.39,447.11,458.63,400066
1627257600,455.56,458.63,441.73,444.81,564272
1627344000,437.89,449.41,427.9,441.73,308307
1627430400,441.73,447.11,436.35,437.89,130006
1627516800,441.73,441.73,430.21,438.66,107729
1627776000,441.73,442.5,434.05,436.35,134087
1627862400,434.05,441.66,434.05,440.2,90713
1627948800,441.73,447.88,438.74,445.57,98770
1628035200,454.48,454.48,443.42,447.49,117917
1628121600,447.88,450.95,444.04,445.57,128975
1628380800,446.34,450.18,445.57,446.34,106350
1628467200,450.18,450.18,442.5,445.57,98808
1628553600,453.26,459.4,441.73,455.56,164275
1628640000,464.63,476.3,451.72,452.49,332172
1628726400,452.49,460.17,451.72,455.64,207792
1628985600,464.01,464.7,449.41,456.33,246363
1629072000,460.94,460.94,451.1,453.26,178209
1629158400,449.41,456.33,447.19,448.57,119069
1629244800,447.11,460.94,441.73,457.1,203897
1629331200,457.87,460.94,453.26,453.64,155462
1629763200,457.1,457.1,444.04,445.57,84503
1629849600,442.5,444.19,436.51,437.28,81382
1629936000,437.12,440.96,434.05,437.89,73544
1630195200,437.89,444.81,429.21,429.44,74915
1630368000,426.37,427.14,414.84,417.92,99639
1630454400,417.92,425.6,413.31,421.37,93937
1630540800,420.99,426.37,415.07,420.22,64932
1630800000,414.08,416.38,397.25,406.39,118899
1630886400,406.39,426.37,398.79,426.37,80904
1630972800,426.37,426.37,417.92,417.92,39266
1631059200,418.22,418.22,407.16,411.0,37797
1631145600,413.31,417.15,407.16,411.23,37249
1631404800,411.0,417.92,411.0,414.08,49372
1631491200,420.99,424.83,414.84,419.45,61708
1631577600,422.53,424.06,414.84,420.22,50050
1631664000,420.22,420.22,411.0,411.77,51866
1631750400,411.0,411.0,395.64,399.63,84511
1632096000,403.32,404.09,386.42,390.18,112904
1632182400,384.12,397.94,377.97,389.49,80684
1632268800,397.17,411.0,391.8,406.39,61892
1632355200,414.46,429.44,408.7,418.69,113896
1632614400,426.91,430.21,411.77,414.84,80063
1632700800,414.08,414.08,395.64,401.78,71015
1632787200,403.32,403.32,388.72,391.03,65077
1632873600,391.8,393.33,380.2,393.33,78586
1632960000,395.64,397.17,387.96,390.26,48902
1633219200,390.26,390.26,382.58,382.58,62039
1633305600,382.58,385.65,377.2,381.81,54880
1633392000,380.27,389.49,377.97,387.19,55864
1633478400,394.87,395.56,384.12,388.72,39844
1633824000,388.72,402.55,387.96,391.41,51759
1633910400,391.03,392.49,384.12,391.03,26076
1634428800,391.03,395.56,387.96,390.18,13824
1634515200,390.26,390.26,379.66,381.04,38949
1634601600,385.65,385.65,370.29,378.74,42712
1634688000,386.27,397.25,377.97,387.03,28247
1634774400,379.51,387.96,379.51,384.27,30079
1635033600,384.88,387.96,377.97,386.42,39448
1635120000,387.19,394.1,383.35,393.33,47523
1635206400,399.48,403.32,394.1,403.32,60461
1635292800,404.86,429.06,396.41,423.29,193472
1635379200,426.37,430.21,413.31,413.31,91581
1635638400,407.16,417.92,402.55,408.7,75090
1635724800,400.56,411.0,399.48,400.25,66975
1635811200,400.25,407.09,395.64,406.01,30675
1635897600,414.08,421.76,409.47,417.07,103451
1636329600,417.15,417.92,405.63,405.63,27478
1636416000,405.7,407.16,393.33,395.64,53120
1636588800,393.33,399.48,384.12,389.49,68078
1636848000,386.42,391.8,381.81,390.95,36575
1636934400,391.8,395.56,388.72,389.11,27116
1637020800,389.49,394.1,384.12,390.26,48725
1637107200,397.94,397.94,390.41,394.03,47611
1637193600,386.5,392.57,386.5,390.41,19692
1637452800,390.26,391.8,386.04,387.19,39307
1637539200,387.19,391.03,386.42,387.34,20171
1637625600,384.12,387.96,380.27,381.89,36868
1637712000,381.81,383.27,380.35,380.97,36718
1637798400,381.04,383.73,377.2,380.27,40312
1638057600,377.2,380.27,361.07,365.68,64115
1638144000,361.84,371.06,360.3,366.83,25152
1638230400,364.14,368.75,359.53,363.37,35963
1638316800,362.6,364.91,361.07,363.37,28814
1638403200,364.91,366.37,358.76,358.76,37874
1638662400,354.15,357.23,341.09,342.63,68193
1638748800,342.63,352.62,330.34,346.47,68814
1638835200,347.32,351.0,344.17,344.17,28400
1638921600,341.86,341.86,335.72,338.79,27135
1639008000,338.02,338.02,330.34,337.25,40348
1639267200,335.72,338.79,323.42,323.42,32738
1639353600,323.42,323.96,311.98,323.42,50626
1639440000,329.57,338.02,323.04,335.72,12873
1639526400,341.86,348.01,330.34,334.18,34320
1639612800,334.18,338.79,330.42,338.79,42355
1639958400,345.55,362.53,345.55,355.69,203606
1640044800,362.68,362.76,352.39,359.53,89845
1640131200,364.91,374.9,359.53,373.36,91095
1640217600,380.2,381.81,369.52,381.04,77234
1640476800,383.42,385.65,380.27,384.12,130801
1640563200,391.8,391.8,377.2,378.74,88858
1640649600,378.74,382.58,374.9,379.51,91046
1640736000,383.35,383.35,374.9,377.97,200533
1641081600,377.97,379.81,368.84,378.89,78818
1641168000,383.5,385.34,379.81,382.58,35929
1641254400,389.03,390.88,377.97,389.03,52990
1641340800,392.72,396.41,385.34,386.27,45591
1641427200,387.19,389.03,383.04,388.11,37485
1641686400,390.88,400.09,387.19,397.33,79470
1641772800,401.02,403.32,393.64,395.48,70123
1641859200,395.95,399.08,392.81,395.39,41350
1641945600,401.02,401.02,389.03,390.88,39598
1642032000,388.57,393.55,388.57,393.55,37250
1642291200,393.55,402.86,396.5,401.02,63396
1642377600,406.55,407.47,401.02,406.55,50102
1642464000,406.55,413.0,402.77,405.63,95284
1642550400,405.63,407.47,393.0,399.17,60921
1642636800,396.41,401.02,394.1,399.17,41039
1642896000,405.63,406.55,394.56,396.59,42972
1642982400,400.09,400.09,385.34,389.03,67946
1643068800,387.19,391.8,382.58,387.1,51430
1643155200,387.19,387.19,382.58,383.87,27790
1643241600,382.58,389.95,382.58,384.42,21775
1643500800,391.8,398.25,387.28,391.52,39524
1643587200,392.72,392.72,388.29,389.03,20348
1643673600,387.19,390.88,385.34,389.95,33761
1643846400,391.8,391.8,387.19,387.74,47402
1644105600,385.34,389.03,384.42,385.34,33404
1644192000,383.96,389.95,383.59,384.42,26388
1644278400,389.95,391.8,383.5,384.42,33948
1644364800,384.42,385.34,380.73,383.04,16231
1644451200,389.03,389.03,380.73,382.12,20035
1644710400,374.56,381.66,373.36,373.82,42697
1644796800,373.36,377.97,371.52,372.44,24705
1644883200,373.36,377.97,371.7,375.2,36803
1644969600,382.58,382.58,374.28,375.11,17607
1645056000,382.58,382.58,371.98,373.36,18795
1645315200,368.75,370.59,364.14,367.83,35466
1645401600,368.75,373.36,366.91,370.59,27798
1645488000,370.59,376.13,370.59,373.18,15662
1645574400,374.19,374.28,368.66,368.75,35048
1645660800,369.67,369.67,361.38,365.98,33591
1645920000,365.98,366.26,360.55,364.14,29411
1646006400,364.14,370.5,357.69,359.53,66116
1646179200,357.69,359.53,348.47,350.31,63480
1646524800,348.93,354.46,348.93,351.14,31906
1646611200,352.16,356.77,352.16,354.92,21937
1646784000,358.61,359.53,351.33,353.91,20104
1646870400,353.08,356.67,350.31,356.31,28256
1647129600,359.53,371.52,356.31,371.52,56207
1647216000,377.05,378.89,364.14,370.59,43377
1647302400,373.36,373.36,364.14,367.83,36194
1647388800,367.83,368.75,365.06,365.25,20680
1647734400,368.75,370.59,361.38,365.62,22115
1647820800,370.59,370.59,360.45,364.69,18867
1647907200,364.69,368.2,364.14,366.91,20056
1647993600,374.19,374.19,361.38,364.14,14248
1648080000,363.68,364.14,361.38,362.3,24489
1648339200,362.3,363.22,357.69,357.78,20877
1648425600,355.48,359.53,354.0,355.84,22843
1648512000,351.23,359.16,349.39,353.91,18020
1648598400,353.08,357.69,351.23,354.92,19953
1648684800,356.77,357.69,353.08,354.09,16460
1648944000,354.09,354.92,349.02,350.77,21505
1649030400,345.7,352.16,345.7,349.39,44329
1649116800,354.92,354.92,342.48,347.36,28851
1649203200,344.78,348.47,336.48,338.24,40684
1649289600,336.21,345.7,336.21,343.86,22876
1649635200,343.86,352.16,337.5,338.33,27160
1649721600,335.19,344.14,335.19,335.38,12556
1649808000,335.56,340.17,335.56,338.33,29290
1650153600,341.09,346.63,339.25,342.02,20608
1650240000,341.09,344.78,338.33,341.0,15159
1650326400,340.17,342.94,330.68,342.02,19684
1650412800,343.86,348.47,338.33,341.09,16063
1650499200,341.09,341.09,334.64,341.09,14989
1650758400,342.02,347.55,338.33,347.18,22222
1650844800,350.31,354.0,345.7,348.47,15248
1650931200,344.78,347.55,342.48,343.86,11521
1651017600,341.09,342.02,339.25,342.02,12344
1651104000,348.47,348.47,338.42,340.17,26491
1651449600,338.33,338.33,335.19,335.56,15384
1651622400,335.56,337.41,331.88,332.8,12602
1651708800,332.8,336.48,328.19,328.46,14718
1651968000,328.46,328.46,324.5,326.81,20085
1652054400,331.88,338.33,327.27,336.48,16600
1652140800,342.94,348.19,336.48,348.19,13260
1652227200,348.47,354.0,342.02,354.0,17055
1652313600,354.0,358.61,349.39,350.22,13959
1652745600,353.08,353.08,336.48,337.41,10299
1652832000,340.17,340.17,333.72,337.41,8992
1652918400,337.41,343.86,336.12,337.22,7073
1653004800,337.41,337.41,331.88,335.56,5095
1653264000,342.02,342.02,330.58,331.88,15982
1653350400,326.34,337.41,325.42,333.72,10269
1653436800,333.72,336.48,331.88,334.64,17122
1653523200,334.64,338.33,332.8,338.33,12109
1653609600,338.33,338.33,334.64,336.39,10347
1653868800,338.33,338.33,328.37,329.11,12409
1653955200,327.27,327.27,320.91,324.5,14454
1654041600,326.34,328.19,322.66,324.5,10455
1654128000,324.5,325.42,320.91,322.66,16073
1654214400,316.3,324.5,316.3,316.66,18065
1654473600,318.05,318.51,311.59,316.2,20851
1654560000,313.44,318.05,297.4,303.21,49886
1654646400,305.14,310.67,303.48,307.91,27291
1654732800,308.83,313.99,307.17,308.83,15288
1654819200,313.35,313.35,300.53,309.38,8784
1655078400,309.38,313.44,306.06,306.06,9837
1655164800,304.22,308.83,302.74,302.84,11543
1655251200,303.3,303.3,297.77,301.45,11386
1655337600,299.61,304.22,294.26,295.92,28991
1655424000,301.45,301.45,294.54,294.91,7331
1655596800,299.61,299.61,290.48,293.16,13101
1655683200,289.47,293.16,282.19,286.33,25115
1655769600,284.86,291.31,283.94,286.7,26282
1655856000,290.39,290.39,280.25,285.78,37679
1655942400,284.86,285.78,276.75,281.17,43832
1656028800,281.17,285.78,274.72,284.86,12201
1656201600,289.47,292.23,283.75,290.48,39098
1656288000,291.22,295.92,288.55,289.47,22811
1656374400,285.59,307.08,283.94,304.22,21480
1656460800,304.22,304.22,289.47,300.99,20955
1656547200,304.22,306.06,299.61,304.68,33598
1656633600,310.58,310.58,299.98,300.53,14504
1656806400,300.53,304.22,299.06,301.45,21180
1656892800,304.22,311.59,303.3,303.3,47200
1656979200,304.22,308.83,299.61,304.13,35848
1657065600,308.74,308.74,293.16,302.38,19649
1657152000,304.22,307.91,299.61,304.22,22802
1657238400,304.22,304.22,295.0,297.77,6386
1657497600,293.16,295.0,285.78,287.99,31001
1657584000,287.99,293.71,281.91,285.78,46072
1657670400,291.31,291.31,284.86,288.18,28378
1657756800,293.16,299.52,289.47,299.52,129060
1657843200,299.61,306.98,297.77,305.14,23305
1658016000,305.14,306.98,302.56,306.98,13768
1658102400,305.23,306.98,301.45,306.98,30494
1658188800,309.75,311.59,305.79,306.25,48655
1658275200,305.14,306.06,303.3,304.22,9519
1658361600,310.3,310.3,299.61,300.53,33924
1658448000,306.16,306.16,295.0,295.0,73821
1658620800,300.53,304.22,293.16,299.61,34052
1658707200,299.61,308.83,299.61,305.97,22249
1658793600,304.22,307.91,301.45,302.28,28310
1658880000,302.38,303.3,299.61,303.3,15694
1658966400,304.22,304.68,301.45,303.48,25355
1659052800,307.45,307.81,300.53,303.3,10688
1659225600,309.29,309.29,303.3,308.74,52879
1659312000,312.52,316.85,307.08,310.67,29020
1659398400,311.5,311.59,306.06,308.83,16845
1659484800,310.67,312.52,305.14,305.97,24591
1659571200,304.22,309.75,301.36,301.64,53722
1659657600,301.45,306.98,295.74,300.53,15314
1659830400,301.45,302.38,295.0,298.69,25006
1659916800,297.77,303.21,296.84,298.69,17323
1660003200,304.5,304.5,294.17,295.0,16292
1660089600,299.61,300.44,291.41,294.08,13511
1660176000,296.75,297.67,293.16,294.91,14796
1660435200,293.16,298.6,292.33,292.33,12706
1660521600,296.84,299.61,293.16,299.61,14532
1660608000,299.52,302.38,295.92,297.67,17914
1660694400,295.92,297.77,294.08,295.0,11949
1660780800,296.84,299.61,295.92,297.77,17718
1661040000,297.77,304.22,297.77,304.22,27475
1661126400,298.13,304.22,298.13,302.38,14918
1661212800,301.45,304.22,300.53,302.84,10216
1661299200,306.8,308.83,303.39,304.68,19675
1661385600,310.76,310.76,303.3,304.22,16629
1661472000,304.13,305.6,299.61,300.16,7870
1661644800,299.61,299.61,295.92,297.31,17936
1661731200,299.61,299.61,293.25,296.75,13656
1661817600,302.65,302.65,295.92,296.94,11139
1661904000,295.0,299.52,295.0,295.65,13331
1661990400,295.0,297.77,293.16,295.92,12572
1662076800,301.82,301.82,293.16,295.0,3734
1662249600,294.08,299.61,294.08,295.92,7380
1662336000,295.92,298.69,295.0,296.29,11229
1662422400,295.46,298.69,295.46,295.92,13240
1662508800,295.0,295.0,292.97,294.82,12342
1662595200,293.16,295.92,293.16,294.08,11069
1662854400,295.0,295.92,289.19,289.47,24584
1662940800,295.18,301.08,287.63,289.47,13529
1663027200,290.39,293.16,285.78,291.5,12273
1663113600,295.0,297.31,291.31,295.92,23829
1663200000,299.61,299.61,290.39,291.31,16374
1663286400,288.55,290.39,284.86,290.39,11315
1663459200,296.2,296.2,285.78,289.47,11440
1663632000,286.7,287.63,279.33,281.26,17004
1663718400,277.48,287.53,277.48,283.02,8026
1663804800,285.78,288.46,279.79,281.17,13150
1664064000,285.78,285.78,276.56,280.25,13739
1664236800,281.17,285.78,280.25,282.19,10558
1664323200,281.17,286.7,281.17,286.24,8119
1664409600,286.33,291.31,281.17,291.31,9610
1665273600,291.31,295.92,290.39,295.46,15873
1665360000,299.52,299.52,290.39,291.31,13000
1665446400,291.31,291.31,285.78,291.31,4458
1665532800,291.31,294.82,285.78,292.23,24496
1665619200,292.23,295.92,285.78,291.22,44417
1665878400,289.47,292.23,288.64,291.31,12032
1665964800,290.39,295.92,288.55,289.01,16317
1666137600,289.47,290.39,287.07,288.55,11518
1666224000,288.55,292.23,285.78,291.31,12755
1666483200,295.0,295.0,287.63,293.06,17351
1667174400,294.08,297.77,287.63,292.7,13157
1667260800,292.7,299.61,289.01,298.69,35973
1667347200,298.78,303.3,296.84,298.69,19128
1667433600,298.69,300.53,293.16,294.08,12711
1667692800,294.08,297.77,288.55,296.84,16955
1667779200,299.61,299.61,294.08,295.92,24381
1667865600,295.0,296.84,293.16,295.92,9278
1667952000,295.0,299.52,291.31,291.77,15234
1668038400,297.58,297.58,287.44,289.47,15742
1668297600,289.47,291.31,286.8,287.35,11950
1668384000,285.87,289.84,285.78,286.7,15187
1668470400,292.42,298.23,287.63,290.39,8337
1668556800,292.23,292.23,289.47,289.93,13463
1668643200,290.39,295.0,290.39,294.54,17607
1669075200,295.0,296.84,291.31,294.08,8935
1669161600,295.0,295.0,291.41,292.23,9236
1669248000,292.23,294.91,290.39,294.08,6331
1669507200,299.61,299.89,291.31,291.77,25216
1669593600,290.39,295.0,287.72,287.72,30870
1669680000,287.63,293.06,287.35,289.75,12352
1669766400,289.84,294.54,289.47,292.23,7447
1669852800,296.84,296.84,290.39,293.16,9580
1670112000,295.0,295.0,289.47,292.23,25605
1670198400,291.41,291.41,288.55,290.39,11332
1670284800,287.63,290.76,286.8,287.35,16382
1670371200,287.63,290.39,283.94,284.86,25574
1670716800,283.94,284.86,281.36,283.48,9650
1670803200,283.02,288.55,283.02,285.78,9970
1670889600,285.78,290.11,285.78,288.09,6355
1670976000,290.39,290.39,286.7,286.8,156925
1671062400,287.63,288.55,284.86,285.78,14709
1671321600,291.5,291.5,278.5,282.09,201937
1671408000,282.09,286.7,281.17,283.02,8067
1671494400,284.86,285.78,281.17,281.36,13973
1671580800,279.13,284.58,277.58,283.66,31483
1671667200,285.78,285.78,278.41,282.92,15590
1672012800,285.78,290.39,284.58,290.39,21883
1672099200,295.92,299.61,295.0,298.04,51610
1672185600,297.77,297.77,292.42,297.21,19569
1672272000,299.61,303.11,293.71,302.38,25822
1672531200,308.37,310.3,299.61,300.53,39484
1672617600,300.53,303.76,294.54,300.53,25571
1672704000,306.06,306.52,300.53,303.3,42776
1672790400,306.06,308.83,303.3,308.37,47144
1672876800,313.44,315.28,307.45,315.28,53538
1673136000,319.71,319.71,311.78,313.44,92031
1673222400,313.44,321.73,309.01,318.97,105273
1673308800,313.44,328.0,304.22,313.44,248684
1673481600,313.44,322.1,304.22,304.4,67648
1673913600,303.3,305.14,299.61,302.38,62496
1674000000,302.38,305.14,298.13,298.69,40481
1674086400,298.69,302.38,296.94,298.69,37215
1674432000,292.79,295.0,283.94,287.72,126466
1674518400,287.63,293.16,282.19,283.94,79173
1674604800,288.55,289.47,284.4,286.89,34199
1674691200,290.39,290.39,283.94,283.94,31528
1674950400,283.94,285.78,281.26,281.26,37956
1675036800,281.63,283.94,278.87,279.05,66765
1675123200,278.41,283.94,276.66,277.48,32832
1675209600,283.02,283.02,275.64,276.56,45514
1675296000,276.56,280.25,275.09,275.18,32404
1675555200,280.62,280.62,274.26,274.72,34791
1675641600,276.56,276.56,273.8,274.72,21360
1675728000,276.56,282.0,275.64,280.62,41141
1675814400,283.94,287.81,281.45,283.02,66790
1675900800,282.09,285.69,281.17,283.94,29687
1676160000,287.63,287.63,276.56,276.75,28593
1676332800,276.56,278.41,274.72,275.18,22019
1676419200,276.56,276.56,272.88,272.97,37344
1676505600,267.53,274.72,267.53,271.95,23137
1676851200,269.19,273.8,268.36,270.11,25304
1677024000,270.11,278.41,270.11,271.03,26153
1677110400,272.88,272.88,266.42,266.51,41640
1677369600,267.34,267.34,258.13,263.66,32146
1677456000,264.3,269.19,260.89,262.73,23893
1677542400,267.34,267.34,261.81,262.73,18954
1677628800,266.79,266.79,259.05,259.97,18727
1677715200,258.31,259.14,256.83,257.48,17392
1677974400,262.46,262.55,259.32,261.72,37017
1678147200,262.73,268.27,259.97,268.27,34653
1678320000,270.11,279.33,268.63,278.41,45885
1678579200,281.17,283.66,272.97,275.18,44726
1678665600,275.64,277.3,271.49,275.64,69587
1678752000,281.15,281.15,262.35,264.89,36492
1678838400,265.17,266.01,254.92,255.77,35903
1678924800,252.0,252.47,243.64,245.89,59597
1679184000,248.71,248.71,242.6,242.79,21040
1679270400,242.79,247.11,240.81,242.6,13799
1679443200,247.4,247.4,240.81,241.19,20447
1679529600,238.84,241.66,236.96,238.84,17649
1679788800,238.84,238.84,232.26,233.2,30751
1679875200,233.2,235.08,227.56,230.28,39301
1679961600,229.44,233.67,228.59,232.54,20785
1680048000,230.38,234.89,229.44,231.32,10613
1680134400,229.44,233.86,229.44,229.91,12174
1680393600,229.91,234.42,226.62,227.56,14559
1680480000,225.68,227.56,223.79,225.68,13807
1680566400,222.85,225.58,221.91,225.58,20737
1680652800,226.62,226.62,222.85,225.68,16295
1680739200,229.44,229.44,223.98,224.73,12283
1680998400,224.73,224.73,220.03,220.03,18981
1681084800,220.03,220.97,216.27,218.25,19230
1681171200,222.57,226.62,219.09,223.79,16466
1681257600,227.56,236.02,225.77,236.02,31877
1681344000,240.72,241.66,231.32,231.32,13846
1681603200,233.2,240.63,231.22,232.73,16060
1681689600,230.47,233.2,227.56,227.65,15770
1681776000,225.68,227.56,223.79,225.68,15338
1681862400,227.56,228.5,222.1,224.73,16398
1681948800,223.32,229.15,222.95,224.73,30269
1682208000,220.97,224.36,216.74,219.56,14775
1682294400,219.56,222.85,218.25,220.03,12092
1682380800,220.97,223.79,219.19,223.23,12005
1682467200,220.03,225.58,219.56,221.44,16448
1682553600,221.91,224.17,219.09,220.41,16190
1682812800,216.74,220.97,216.46,219.09,10469
1682985600,216.27,222.85,216.27,220.88,13032
1683072000,218.15,220.97,217.4,219.19,11916
1683158400,220.97,220.97,214.39,219.94,41732
1683417600,217.21,220.97,216.37,218.15,8889
1683504000,214.02,220.03,214.02,215.52,13142
1683590400,214.39,219.75,212.98,217.12,5054
1683676800,216.27,220.6,216.27,216.27,7179
1683763200,216.37,224.73,211.57,224.73,39101
1684022400,224.73,224.73,211.1,213.45,69971
1684108800,213.45,216.27,211.57,214.39,7186
1684195200,213.45,215.8,213.45,214.86,7257
1684281600,214.86,218.15,213.45,215.33,10606
1684368000,219.09,219.09,215.33,217.21,16253
1684627200,220.88,220.97,216.27,216.27,15468
1684713600,216.27,218.15,215.43,216.27,12210
1684800000,216.27,220.03,215.52,219.19,33102
1684886400,219.09,222.95,214.96,220.03,14945
1685232000,220.97,223.79,216.55,218.15,69398
1685404800,218.15,220.03,214.39,214.39,22898
1685491200,218.15,218.15,210.63,211.57,33715
1685577600,211.57,216.27,211.57,213.45,21938
1685836800,213.45,218.62,213.45,215.8,22179
1685923200,216.27,219.47,213.92,214.39,16703
1686009600,216.27,216.27,212.6,214.39,15859
1686096000,213.45,217.68,213.45,214.49,19984
1686182400,217.12,217.21,212.98,214.39,20562
1686441600,214.39,216.27,212.51,214.49,24092
1686528000,215.33,220.03,215.33,216.27,34741
1686614400,216.27,220.5,214.39,217.21,34769
1686700800,219.09,221.91,217.49,219.09,28078
1686787200,220.97,220.97,216.27,217.21,15875
1687046400,220.97,220.97,215.43,218.15,31348
1687132800,218.15,219.09,215.71,216.27,28445
1687219200,217.68,220.03,216.27,216.27,24757
1687305600,220.6,220.6,214.39,215.33,27190
1687392000,219.56,219.56,212.98,214.39,25728
1687651200,212.51,216.27,212.51,214.39,55988
1687737600,216.27,219.66,213.17,216.18,54335
1687824000,219.94,223.23,216.27,223.23,75381
1687910400,227.65,232.16,222.01,222.38,64742
1688256000,225.68,225.68,217.96,218.62,40449
1688342400,217.31,221.82,215.33,217.02,45071
1688428800,215.43,220.97,215.33,220.03,36910
1688515200,218.15,220.97,216.46,219.09,23932
1688601600,216.18,218.15,214.39,215.33,26895
1688860800,215.33,220.5,214.39,216.27,19087
1688947200,220.6,220.6,215.43,216.27,20809
1689033600,219.09,219.09,214.96,214.96,28173
1689120000,215.33,216.27,214.49,214.49,21029
1689206400,218.62,218.62,214.58,214.58,31352
1689465600,218.06,220.03,214.39,219.94,46266
1689552000,220.03,226.33,218.25,225.68,39477
1689638400,229.44,233.2,226.8,232.26,74737
1689724800,233.2,244.39,228.5,243.35,109807
1689811200,246.36,246.36,236.96,239.78,50631
1690070400,239.78,258.59,237.9,251.06,95198
1690156800,248.24,257.65,241.47,244.48,94779
1690243200,244.48,246.36,232.26,234.14,76633
1690329600,237.9,242.6,231.32,236.02,48886
1690416000,239.78,239.78,233.39,235.08,30072
1690675200,235.08,239.78,231.32,232.07,18263
1690761600,236.02,236.96,231.69,232.26,13082
1690848000,231.41,234.8,229.44,229.44,24677
1690934400,227.56,235.08,227.56,235.08,31501
1691020800,238.84,239.5,233.48,233.48,30989
1691280000,238.09,256.8,238.09,249.18,277818
1691366400,244.48,249.0,240.72,242.6,86650
1691452800,241.75,245.42,239.78,242.51,27802
1691539200,241.66,242.6,236.96,242.6,42358
1691625600,245.42,246.36,240.72,244.48,23004
1691884800,246.36,250.12,242.6,248.24,76591
1691971200,252.94,254.82,248.24,251.35,56788
1692057600,252.0,254.82,246.64,247.3,36592
1692144000,246.36,249.18,244.58,245.8,19294
1692230400,249.09,249.09,245.42,246.27,18286
1692489600,246.27,249.18,243.54,244.48,19605
1692576000,248.05,248.05,244.48,245.23,21850
1692662400,246.27,247.3,242.6,247.3,17678
1692748800,244.58,249.18,244.58,247.3,19743
1692835200,245.42,248.24,244.48,244.58,22080
1693094400,243.54,245.42,241.38,241.66,16373
1693180800,244.48,244.48,240.72,242.6,15772
1693267200,240.72,244.48,239.78,241.66,14786
1693353600,246.27,247.21,242.79,243.07,18400
1693699200,239.78,244.48,239.78,240.06,33984
1693785600,242.6,242.6,237.05,238.84,17422
1693872000,235.08,239.78,235.08,237.05,16605
1694044800,237.15,238.75,235.64,236.02,10055
1694304000,240.72,240.72,236.96,239.69,12819
1694390400,243.54,248.24,239.78,248.15,21840
1694476800,251.53,251.53,243.73,245.23,9532
1694563200,241.66,249.65,240.72,248.24,18534
1694908800,252.94,252.94,243.54,244.39,28163
1694995200,242.6,245.33,242.6,243.82,24190
1695081600,248.15,248.15,242.6,245.42,14795
1695254400,249.18,253.88,246.55,247.02,50228
1695513600,251.06,251.06,244.48,245.42,13632
1695600000,245.42,246.27,240.63,244.95,10018
1695686400,248.71,248.71,243.45,244.48,39214
1695772800,246.36,249.18,241.75,243.54,30760
1696118400,243.54,247.3,241.66,243.45,60740
1696204800,241.66,246.46,240.91,244.76,40811
1696291200,241.66,247.21,241.66,246.17,35324
1696377600,247.3,248.81,243.54,243.82,8133
1696464000,247.3,247.3,240.72,242.6,7398
1696723200,247.3,247.4,239.22,239.31,28146
1696809600,237.43,238.84,236.11,237.9,10233
1696896000,241.66,242.6,236.11,236.96,9470
1696982400,235.08,239.78,233.2,235.36,19245
1697068800,235.08,236.86,232.54,233.48,28503
1697414400,235.08,235.08,231.32,233.2,11941
1697500800,236.96,238.75,234.14,236.02,8118
1697587200,236.96,253.88,236.02,244.48,23077
1697673600,248.24,248.24,240.06,243.54,9050
1698537600,243.54,243.54,237.9,239.78,16265
1698624000,238.37,239.78,236.02,239.78,33815
1698710400,244.48,244.48,235.08,236.68,12366
1698796800,235.08,236.68,233.2,236.02,24366
1698883200,238.84,238.84,233.2,233.39,14152
1699142400,229.44,229.44,221.91,226.52,67192
1699228800,225.68,238.09,222.01,230.38,36331
1699315200,234.04,234.04,227.56,229.44,28233
1699401600,229.44,232.16,225.96,231.79,8644
1699488000,227.18,231.22,226.62,229.44,10046
1700438400,229.44,233.67,225.3,225.3,13280
1700524800,225.3,225.58,220.97,224.73,12618
1700611200,223.79,230.38,223.79,230.38,8661
1700697600,230.38,253.41,225.86,230.38,6824
1700956800,226.15,231.32,225.77,227.56,15023
1701043200,225.68,230.47,225.68,229.44,13748
1701129600,230.38,230.38,225.86,227.56,8124
1701216000,227.56,230.38,225.77,227.37,9876
1701302400,225.68,226.62,223.79,224.73,10214
1701561600,222.48,228.4,222.48,224.73,14293
1701648000,221.91,228.5,221.91,225.68,7552
1701734400,225.58,225.68,221.91,223.79,10287
1701820800,225.68,225.68,221.07,221.91,10646
1701907200,222.01,226.15,222.01,224.73,16898
1702166400,229.15,233.67,229.15,233.67,60
1702252800,238.28,242.6,230.38,231.32,36977
1702339200,231.51,236.96,227.56,230.75,68084
1702425600,235.36,236.49,231.32,231.98,31055
1702512000,228.12,234.14,228.12,233.2,13670
1702771200,228.59,234.89,228.59,233.67,25584
1702857600,235.08,239.78,232.26,236.02,44779
1702944000,235.08,246.55,235.08,245.42,62432
1703030400,240.72,251.25,240.72,245.7,57332
1703116800,245.42,248.24,240.06,240.72,39429
1703376000,243.54,244.48,237.99,238.37,44028
1703635200,243.07,243.07,233.67,234.7,15367
1703721600,234.14,234.98,230.66,232.26,19671
1704067200,236.02,236.02,231.51,234.04,33313
1704153600,234.14,234.14,230.38,233.67,34706
1704240000,233.2,233.2,228.59,232.16,17254
1704326400,232.26,234.98,229.44,230.38,30433
1704585600,230.38,231.32,226.62,228.87,39659
1704672000,233.2,233.2,226.62,229.15,15763
1704758400,233.2,233.2,228.59,230.47,29582
1704844800,230.38,233.2,229.44,230.38,31999
1704931200,229.53,231.41,228.03,230.38,13027
1705190400,231.41,232.26,229.15,231.22,25759
1705363200,231.22,236.96,230.38,232.07,43763
1705449600,232.45,236.02,230.38,232.26,76378
1705536000,231.32,235.08,228.59,232.26,29336
1705795200,232.26,233.39,228.87,229.34,48190
1705881600,228.5,233.2,228.5,229.44,45887
1705968000,227.65,232.16,227.65,230.56,21982
1706054400,230.38,232.26,227.84,230.85,25650
1706140800,229.91,232.26,229.91,230.47,35252
1706400000,230.38,233.2,229.44,230.38,23496
1706486400,234.61,234.61,230.47,231.79,22283
1706572800,234.61,234.61,229.91,230.85,17528
1706659200,230.38,232.63,228.68,228.68,16597
1706745600,227.56,228.03,225.77,226.15,18935
1707004800,230.38,230.38,224.92,226.15,21433
1707091200,225.68,228.03,224.73,227.56,19382
1707177600,230.28,230.28,225.68,226.33,12116
1707264000,230.85,230.85,224.73,226.62,22381
1707350400,224.73,227.56,224.73,227.56,19510
1707609600,225.68,225.68,219.66,222.67,42535
1707696000,223.04,224.73,221.16,223.79,17401
1707782400,223.79,223.79,217.49,217.49,23082
1707868800,218.15,220.97,216.37,219.09,19694
1707955200,216.37,222.57,216.27,222.57,42526
1708214400,219.09,221.82,216.27,216.84,48129
1708387200,216.27,220.5,216.27,216.27,31788
1708473600,219.09,220.41,215.61,216.55,11891
1708560000,216.27,218.15,215.24,215.33,15542
1708819200,216.27,216.27,213.55,213.55,22617
1708905600,214.39,216.27,211.66,214.39,14222
1708992000,212.7,216.18,212.51,213.45,15986
1709078400,217.21,217.21,212.7,214.39,10145
1709164800,213.45,214.39,211.66,212.32,16986
1709424000,216.27,216.27,209.69,210.63,14194
1709510400,214.39,223.23,214.39,223.23,530
1709596800,227.65,227.65,214.96,215.8,22320
1709683200,215.8,217.21,212.04,214.67,22025
1709769600,215.33,216.18,212.6,214.49,23094
1710028800,218.72,221.91,214.39,217.21,12089
1710201600,220.97,225.39,217.4,225.39,34642
1710288000,225.68,227.56,220.97,221.91,14493
1710374400,221.91,221.91,217.59,219.56,23461
1710633600,219.09,220.97,216.27,220.97,26682
1710720000,225.39,225.39,220.03,220.97,21615
1710806400,220.97,221.91,218.15,220.41,24816
1710892800,224.73,224.73,216.46,220.5,21729
1710979200,216.37,223.79,216.27,220.97,18890
1711324800,220.97,220.97,216.55,219.56,30270
1711411200,220.03,220.97,217.4,219.56,24395
1711497600,219.56,220.41,214.86,216.37,35243
1711584000,220.69,220.69,214.77,216.27,17792
1711843200,214.39,218.15,213.83,214.77,12071
1711929600,214.39,216.27,211.57,214.39,29683
1712016000,218.62,218.62,211.85,214.39,14167
1712102400,216.27,216.27,212.51,216.27,27641
1712188800,212.6,213.92,212.51,212.7,16873
1712448000,213.45,215.33,211.66,214.39,23508
1712620800,214.39,216.27,212.51,213.92,14615
1712707200,216.27,216.27,213.08,213.45,16651
1713052800,211.57,215.33,210.63,212.6,34920
1713139200,212.51,214.39,211.1,211.57,11054
1713225600,211.66,212.51,209.69,210.25,9690
1713398400,211.57,211.57,209.69,210.07,8650
1713657600,214.2,220.03,211.57,219.09,50829
1713744000,220.03,220.97,215.33,215.71,20603
1713916800,216.27,218.06,214.49,215.8,18242
1714003200,215.33,219.0,213.92,216.27,13249
1714262400,214.49,235.92,212.6,221.44,30349
1714348800,225.86,225.86,218.15,222.1,25653
1714435200,226.52,226.52,220.97,225.68,35982
1714608000,230.19,230.19,223.79,226.62,68990
1714867200,223.79,225.68,220.5,224.73,22003
1714953600,225.49,225.68,220.97,221.44,22081
1715040000,221.07,223.7,220.97,222.95,20390
1715126400,222.38,222.67,214.39,219.09,7893
1715212800,222.67,227.09,219.19,224.73,37949
1715472000,229.15,229.15,220.41,224.73,14870
1715558400,229.15,231.32,220.97,230.38,51018
1715644800,234.98,234.98,228.03,230.38,13509
1715731200,226.71,232.26,225.77,229.44,24472
1715817600,233.95,233.95,224.73,226.71,24081
1716076800,231.22,244.58,227.56,238.84,67790
1716163200,243.54,249.28,238.84,245.52,147012
1716249600,250.41,250.41,244.58,245.89,38353
1716336000,242.6,270.43,242.6,263.29,168134
1716681600,267.99,268.55,259.53,260.94,93070
1716768000,260.94,263.29,255.77,260.47,63787
1716940800,265.64,275.42,251.06,253.88,55763
1717027200,251.06,251.35,244.48,245.42,30737
1717286400,249.09,249.75,242.69,249.18,36533
1717372800,254.17,254.17,245.61,246.36,26425
1717459200,251.25,251.25,242.6,250.97,39795
1717545600,255.95,255.95,246.74,248.24,16572
1717632000,252.47,252.47,244.48,246.27,23243
1717891200,251.16,251.16,239.78,239.78,30419
1717977600,244.58,244.58,234.98,238.84,38941
1718064000,243.54,245.42,238.84,243.54,26904
1718150400,247.3,266.01,244.11,252.94,35200
1718236800,252.94,252.94,248.81,250.12,17533
1718496000,253.88,253.88,245.61,252.0,33067
1718668800,251.91,251.91,245.89,245.89,19809
1718755200,250.78,250.78,245.52,247.3,8129
1718841600,242.6,249.18,242.6,245.42,14554
1719100800,242.69,269.96,242.6,244.48,22427
1719187200,249.37,268.93,241.75,249.18,41247
1719273600,250.12,251.06,245.42,246.83,22605
1719360000,244.58,248.24,244.48,247.3,7484
1719446400,244.58,249.18,244.48,245.42,28727
1719705600,246.36,247.21,241.94,243.54,17310
1719792000,240.72,252.0,240.72,251.53,62619
1719878400,256.52,269.49,252.38,255.77,87848
1719964800,255.77,258.49,246.36,254.82,41796
1720051200,253.88,258.59,251.16,256.61,86098
1720310400,254.82,266.11,254.82,264.32,106759
1720396800,265.17,269.31,262.72,263.76,49865
1720483200,269.02,270.34,261.41,268.18,274360
1720569600,266.11,270.81,265.17,269.4,42559
1720656000,270.9,274.38,268.93,273.63,139159
1720915200,279.09,289.62,276.45,280.68,113142
1721001600,286.23,289.62,272.88,276.45,115912
1721088000,281.15,300.9,271.56,291.5,270358
1721174400,297.33,297.33,286.8,295.26,147540
1721260800,295.35,319.71,290.56,312.0,213901
1721520000,312.18,319.71,302.4,315.01,304300
1721606400,315.01,315.01,304.1,310.3,151988
1721692800,310.3,329.11,304.66,323.0,237532
1721779200,322.53,326.29,317.07,321.12,194863
1721865600,317.36,332.87,316.89,330.99,222739
1722124800,337.57,364.09,337.57,364.09,671424
1722211200,371.33,376.13,351.68,354.5,296529
1722297600,361.55,361.55,340.39,354.5,230971
1722384000,350.74,361.93,348.01,353.93,287817
1722470400,360.14,360.14,347.45,347.73,302530
1722816000,354.59,376.13,354.59,362.96,622697
1722902400,369.54,369.54,349.8,349.89,338449
1722988800,349.89,357.7,345.1,355.44,181152
1723075200,357.32,361.93,352.62,352.71,134799
1723334400,356.38,361.93,353.56,360.99,303869
1723420800,360.99,369.07,360.23,368.6,283100
1723507200,370.48,380.83,369.54,376.13,357409
1723593600,378.01,381.77,372.36,378.1,259891
1723680000,380.83,397.85,376.13,393.99,511952
1723939200,401.8,402.83,382.71,385.53,573837
1724198400,387.41,392.11,381.77,390.14,272796
1724284800,386.47,395.12,385.81,386.47,184187
1724544000,378.76,390.23,374.43,375.19,280315
1724716800,373.3,373.3,356.38,359.2,316327
1724803200,359.2,371.33,355.44,359.67,173834
1724889600,366.72,366.72,351.68,353.93,171319
1725148800,357.32,361.55,350.36,350.74,129467
1725235200,350.74,363.9,348.86,362.02,150424
1725321600,366.72,368.6,356.57,362.21,108022
1725408000,369.45,369.45,352.62,354.31,136516
1725494400,355.44,355.44,346.04,350.74,96884
1725753600,355.81,355.81,347.92,350.74,100624
1725840000,346.04,352.15,340.96,340.96,86782
1725926400,342.27,346.88,336.82,338.51,66020
1726012800,343.4,343.4,329.11,334.75,88445
1726099200,341.43,344.53,330.99,343.21,61295
1726358400,348.86,350.08,337.67,338.51,90671
1726444800,338.51,338.51,328.17,328.26,67066
1726617600,329.11,336.54,325.35,332.02,86056
1726963200,338.61,343.21,334.28,334.38,61970
1727049600,341.05,341.05,330.99,332.87,59299
1727136000,332.87,337.57,329.2,330.24,83688
1727222400,330.05,338.42,328.08,337.57,78883
1727308800,337.57,343.21,333.81,335.69,34594
1727568000,335.69,335.69,329.11,331.27,35272
1727654400,329.11,336.63,329.11,336.16,36555
1727740800,335.69,349.8,335.69,348.01,87013
1727827200,348.01,354.5,337.57,346.98,79249
1728172800,346.98,355.44,345.1,355.44,89543
1728259200,355.44,362.02,355.44,359.2,72876
1728345600,363.9,363.9,355.44,358.64,55126
1728432000,355.44,361.08,353.56,360.61,52289
1728950400,360.61,365.78,358.26,364.37,51430
1729036800,364.84,372.36,364.84,371.8,88954
1729123200,376.13,376.13,368.89,370.48,84201
1729382400,366.72,371.33,357.32,363.53,112813
1729468800,358.35,362.87,354.97,355.06,85200
1729555200,353.09,359.2,351.87,355.53,53921
1729641600,355.53,361.08,343.21,345.1,135310
1729728000,350.74,350.74,331.74,339.55,118792
1729987200,333.62,343.21,333.62,337.48,43996
1730073600,332.97,344.15,332.97,344.15,44073
1730160000,345.1,351.02,344.15,348.86,63203
1730246400,354.5,354.5,347.92,349.33,33749
1730764800,348.86,353.56,344.34,344.62,31483
1730851200,347.45,347.45,341.43,344.25,32031
1731196800,351.11,351.11,341.33,347.82,58328
1731283200,346.98,353.46,346.98,347.92,71670
1731369600,354.5,354.5,346.98,346.98,62383
1731456000,352.62,352.62,342.27,345.28,34318
1731542400,345.1,349.23,343.21,343.31,46503
1731801600,344.15,348.76,339.45,341.33,72913
1731974400,338.51,343.21,337.57,337.67,65017
1732060800,343.21,343.21,331.93,337.48,26760
1732147200,335.69,337.57,331.65,331.93,55719
1732406400,337.57,337.57,329.11,329.11,41256
1732492800,335.69,335.69,329.11,330.9,32139
1732579200,337.48,337.48,330.05,335.5,28610
1732665600,336.63,337.01,334.75,336.63,38927
1732752000,336.63,339.45,334.75,338.51,42328
1733011200,345.28,345.28,329.11,334.38,43405
1733097600,338.42,338.42,330.24,331.37,47343
1733184000,332.87,332.87,329.3,330.61,33741
1733270400,337.2,337.2,329.58,330.99,38930
1733356800,329.3,331.08,327.23,328.17,35035
1733616000,325.44,328.17,319.71,320.83,53335
1733702400,321.21,324.41,316.6,318.77,32050
1733788800,319.71,319.71,310.3,311.24,46578
1733875200,310.3,315.95,303.72,315.95,69547
1733961600,322.25,322.25,309.36,313.12,27811
1734307200,313.12,313.12,300.9,301.84,72485
1734393600,302.78,305.51,300.05,302.78,38502
1734480000,301.84,305.51,301.84,303.25,27913
1734566400,309.27,309.27,304.47,304.66,99471
1734825600,298.64,306.92,298.64,303.91,30552
1734912000,301.84,306.54,299.02,305.6,34848
1734998400,307.86,309.36,302.88,307.39,24396
1735171200,304.1,315.01,302.78,313.88,53904
1735430400,314.25,316.89,312.18,313.97,105485
1735603200,311.77,311.77,300.05,304.12,52420
1735689600,304.12,305.08,297.34,297.43,33089
1735776000,297.34,298.31,294.43,296.37,28790
1736035200,300.24,300.24,290.65,292.49,31591
1736121600,291.53,295.4,290.56,295.4,33107
1736208000,289.59,295.3,289.59,293.46,23953
1736294400,299.27,299.27,290.56,292.59,27123
1736380800,292.49,294.33,290.07,292.59,47238
1736640000,295.88,295.88,286.97,286.97,23901
1736726400,287.65,287.65,281.36,284.65,38612
1736899200,283.78,283.78,276.03,276.51,47411
1736985600,276.03,277.0,271.19,274.87,46231
1737244800,271.19,277.97,266.44,277.48,41611
1737331200,279.03,280.68,275.06,276.03,19577
1737417600,276.03,276.03,271.19,272.15,29055
1737504000,272.15,275.93,271.67,275.06,36936
1737590400,278.45,280.87,276.03,279.9,40746
1737849600,280.87,283.49,274.38,278.55,43687
1737936000,277.97,277.97,274.09,274.58,23094
1738022400,276.03,277.97,272.25,277.0,27911
1738454400,278.93,285.71,277.0,285.62,53452
1738540800,286.68,294.33,286.68,289.59,49607
1738627200,290.56,295.3,287.65,287.65,51668
1738713600,286.68,289.59,285.71,287.85,27079
1738800000,287.65,292.49,287.36,288.62,39334
1739059200,288.62,291.53,283.97,285.71,22682
1739145600,284.26,286.68,283.87,285.71,16601
1739232000,285.71,285.71,280.97,282.62,13397
1739318400,281.84,285.71,281.45,282.32,24571
1739404800,286.0,286.0,280.97,283.87,21247
1739664000,283.78,285.71,280.19,282.23,30069
1739750400,282.81,291.43,280.39,285.71,70893
1739836800,288.62,292.4,286.68,290.56,61491
1740009600,290.56,290.56,285.71,286.68,41190
1740268800,280.97,289.59,276.03,284.75,54840
1740355200,282.81,289.59,282.81,284.65,31364
1740441600,286.2,288.43,282.81,283.87,36537
1740614400,289.49,300.24,287.65,293.46,72598
1740873600,295.4,301.21,290.56,299.27,140917
1740960000,304.12,305.08,296.85,299.27,77760
1741046400,293.37,301.11,293.37,294.72,74386
1741132800,291.62,296.37,290.75,292.01,55112
1741219200,292.01,295.4,290.75,291.53,29555
1741478400,290.56,295.4,286.68,287.65,24088
1741564800,287.65,290.56,284.94,284.94,30724
1741651200,290.36,290.36,281.84,282.81,26267
1741737600,280.0,285.62,280.0,283.78,24116
1742083200,283.78,283.78,279.9,280.87,35376
1742169600,280.87,282.62,279.9,280.87,20075
1742256000,286.49,286.49,279.9,280.48,19349
1742342400,281.84,281.84,277.0,277.09,21954
1742428800,275.06,278.93,274.09,276.67,16174
1742688000,280.87,280.87,273.12,273.47,55957
1742774400,274.0,278.84,271.19,276.87,15084
1742860800,280.39,280.87,271.19,271.75,33659
1742947200,271.19,274.09,269.73,273.29,18208
1743033600,278.74,278.74,274.77,276.4,21529
1743292800,276.03,280.87,276.03,278.26,28128
1743465600,280.87,280.87,276.03,279.89,16186
1743552000,278.93,303.15,276.22,285.94,41118
1743638400,285.71,294.33,285.71,289.71,79398
1743984000,295.4,295.4,281.94,282.54,20209
1744070400,280.87,283.78,276.03,281.93,33174
1744156800,287.55,290.56,280.77,281.23,23950
1744243200,281.84,283.78,278.06,278.79,19731
1744502400,280.87,280.87,276.03,279.11,24409
1744675200,282.81,283.68,277.19,279.37,21484
1744761600,284.75,284.75,279.9,280.84,23865
1744848000,285.71,285.71,280.39,282.77,26221
1745107200,286.68,287.65,279.13,281.76,37196
1745193600,283.78,283.78,277.97,278.51,23794
1745280000,281.84,281.84,276.13,276.99,20167
1745366400,277.0,277.97,273.22,274.0,21640
1745452800,273.22,275.84,271.67,274.53,20455
1745712000,276.03,276.9,271.48,272.42,26308
1745798400,271.57,273.9,271.19,273.18,22512
1745884800,271.19,274.09,271.19,272.24,16939
1745971200,271.19,273.03,270.22,271.8,25703
1746316800,276.03,276.03,270.22,271.29,19617
1746403200,271.19,272.64,270.22,271.34,14774
1746489600,270.22,272.15,268.77,269.08,24515
1746576000,263.73,277.97,263.73,277.32,29812
1746662400,282.81,282.81,274.09,278.13,22151
1746921600,282.81,282.81,275.06,275.32,21211
1747094400,277.76,277.76,272.06,273.18,21636
1747180800,271.28,276.03,271.19,272.23,18859
1747267200,271.19,273.12,269.44,272.26,26415
1747526400,272.64,274.58,269.25,271.54,26842
1747612800,271.28,275.93,271.28,273.88,21693
1747699200,273.12,281.55,271.19,280.29,29990
1747785600,285.81,295.4,279.03,280.18,57459
1747872000,280.87,293.46,275.06,287.39,59233
1748131200,290.56,290.56,284.84,285.69,29709
1748217600,291.33,293.46,287.65,287.7,56707
1748304000,285.71,286.68,280.87,285.17,37980
1748390400,283.78,290.56,282.62,290.17,49484
1748822400,295.88,296.37,285.33,287.44,56718
1748908800,285.71,288.62,281.94,282.25,37267
1748995200,276.71,281.84,276.71,281.08,21673
1749081600,280.87,281.84,274.09,279.18,43892
1749340800,279.42,280.87,276.03,278.55,10481
1749427200,277.0,281.84,276.03,279.36,17735
1749513600,283.78,283.78,278.16,279.25,25016
1749600000,275.54,281.84,275.25,279.02,13387
1749686400,276.03,280.19,276.03,277.19,28838
1749945600,277.09,278.93,275.06,275.3,35850
1750032000,279.9,279.9,275.54,277.05,25471
1750118400,277.19,277.97,274.19,275.81,19099
1750204800,276.03,278.93,275.06,276.53,17243
1750291200,271.19,276.03,271.19,275.23,19789
1750550400,275.06,277.97,271.67,272.23,37857
1750636800,269.73,273.51,269.73,272.39,28893
1750723200,271.28,276.71,268.28,272.62,24677
1750809600,277.0,277.0,272.15,272.86,17868
1750896000,272.93,275.06,272.25,272.98,30005
1751155200,276.03,278.35,271.19,277.65,37928
1751241600,280.87,281.84,277.0,278.24,25817
1751328000,272.74,286.68,272.74,284.46,65159
1751414400,285.71,292.3,284.75,291.19,124408
1751500800,293.46,295.4,287.65,291.27,123907
1751760000,290.56,296.37,287.65,290.5,72632
1751846400,287.65,293.95,286.68,287.18,58749
1751932800,285.91,289.59,284.75,287.73,76334
1752019200,291.53,297.34,285.81,294.62,122851
1752105600,294.62,309.93,294.53,304.79,258347
1752364800,310.8,323.0,310.8,316.73,215092
1752451200,318.64,318.64,304.31,305.77,115004
1752537600,302.28,315.74,301.89,313.51,106227
1752624000,319.52,319.71,313.8,316.83,142187
1752710400,317.68,323.0,317.68,321.16,187049
1752969600,324.36,331.23,315.74,319.83,226513
1753056000,320.58,324.46,315.16,321.66,104403
1753142400,327.36,331.14,323.49,328.88,142308
1753228800,329.3,331.23,323.68,328.91,121584
1753315200,327.36,330.27,324.55,326.0,72244
1753574400,319.52,328.33,319.52,321.58,129779
1753660800,319.61,323.0,313.8,321.35,118015
1753747200,327.75,329.39,322.62,324.79,187129
1753833600,331.23,331.23,321.07,321.63,109653
1753920000,324.26,326.0,316.71,321.72,128639
1754179200,317.68,319.52,312.83,316.1,89591
1754265600,311.86,318.64,311.86,317.59,73743
1754352000,315.35,323.49,314.77,315.15,52835
1754438400,321.36,321.36,312.35,317.48,47800
1754524800,323.78,323.78,314.87,316.56,41801
1754870400,322.81,334.04,322.52,323.91,377771
1754956800,322.52,323.97,317.68,320.55,123924
1755043200,321.55,324.46,319.61,320.08,77384
1755129600,320.68,323.39,319.9,321.99,86636
1755388800,322.03,326.39,321.55,324.13,80302
1755475200,326.39,328.14,323.49,327.05,81072
1755561600,327.36,328.33,324.46,325.1,42199
1755648000,325.42,327.36,321.65,322.03,31830
1755734400,322.52,323.49,318.26,318.9,56884
1755993600,320.48,320.48,315.74,315.93,50565
1756080000,312.83,317.68,312.83,316.21,53184
1756166400,315.74,318.64,315.16,316.01,27429
1756252800,322.32,322.32,315.74,320.88,45857
1756339200,316.8,321.55,315.74,317.24,66102
1756598400,320.58,320.58,312.35,313.05,42198
1756684800,319.23,319.23,313.03,317.16,37584
1756771200,323.49,323.49,314.77,315.25,25961
1756857600,313.32,316.42,313.32,313.88,29206
1756944000,313.8,315.16,312.06,314.49,32179
1757203200,317.48,317.48,310.51,311.0,49379
1757289600,310.22,310.9,307.02,307.18,69424
1758153600,301.11,301.11,283.78,289.3,3170
1758412800,283.78,311.86,283.78,307.03,67958
1758585600,307.02,310.9,302.37,307.02,61925
1758672000,311.38,311.38,302.18,306.05,28083
1758758400,301.21,307.89,301.21,307.31,29186
1759017600,307.31,310.9,305.08,309.44,26821
1759795200,309.93,312.74,305.86,306.92,35362
1759881600,305.08,305.08,300.73,302.57,43145
1759968000,307.99,313.8,304.12,307.02,44571
1760227200,307.02,307.02,297.34,298.01,73570
1760313600,297.34,301.21,296.56,300.24,18227
1760400000,300.73,304.02,297.34,299.27,26968
1760486400,298.31,298.79,296.37,298.31,24390
1760572800,302.18,302.18,295.88,299.18,18464
1760832000,298.21,301.21,295.4,300.15,14571
1761436800,300.24,300.24,295.4,299.27,18308
1761609600,299.27,307.99,299.27,305.08,20072
1761696000,298.98,309.93,298.98,302.18,27920
1761782400,306.63,309.83,300.24,303.63,28033
1762041600,309.64,315.64,303.15,305.08,34431
1762128000,310.22,310.22,302.18,307.02,26537
1762214400,311.86,311.86,299.37,302.18,56192
1762300800,299.37,305.08,298.31,305.08,41787
1762387200,307.02,310.7,306.05,307.99,223177
1762646400,307.99,308.77,302.18,305.08,121484
1762732800,305.08,305.08,302.18,302.76,60370
1762819200,302.18,304.12,302.18,303.92,29052
1762905600,303.15,306.92,302.18,303.15,19975
1762992000,303.15,304.02,301.69,302.18,39923
1763251200,303.15,304.6,300.34,302.18,22740
1763337600,308.18,308.18,300.34,303.83,24424
1763424000,304.12,306.92,301.79,304.6,24019
1763510400,305.08,305.08,302.18,302.95,22061
1763596800,302.18,304.02,302.18,302.57,23008
1763856000,305.08,306.05,303.34,306.05,61239
1763942400,307.89,307.99,302.18,307.02,33678
1764028800,308.96,310.9,306.34,309.93,48790
1764115200,314.77,314.77,310.9,314.29,63588
1764201600,319.61,319.61,311.96,318.55,192110
1764460800,322.4,322.4,306.0,307.0,67768
1764547200,305.0,306.0,300.3,303.9,56148
1764633600,302.9,302.9,300.0,301.0,40658
1764720000,304.0,304.0,298.1,298.2,23796
1765065600,304.0,304.0,295.5,298.9,22681
1765152000,302.0,302.0,295.0,296.6,24934
1765238400,298.9,298.9,292.0,292.3,37931
1765324800,297.0,297.0,290.0,291.4,24514
1765411200,293.0,293.0,288.0,292.0,26009
1765670400,292.0,293.0,287.1,290.0,27743
1765756800,288.0,290.0,286.2,289.4,24328
1765843200,292.0,292.9,288.0,292.9,14912
1765929600,294.9,296.0,292.0,294.0,26518
1766016000,297.0,297.0,291.0,292.0,11848
1766275200,290.0,291.0,287.2,289.8,27646
1766361600,288.0,290.0,286.0,288.8,20208
1766448000,288.0,290.0,285.2,286.9,23575
1766534400,286.0,290.0,285.2,288.0,20792
1766880000,291.0,316.8,286.0,297.0,49373
1766966400,302.9,302.9,292.0,294.4,31487
1767139200,294.4,298.5,292.0,298.0,51018
1767225600,295.0,296.5,290.0,295.0,89799
1767484800,290.0,295.0,288.3,292.0,43097
1767571200,294.8,295.0,292.1,293.0,17448
1767657600,297.0,297.4,292.6,297.4,43501
1767744000,300.0,300.0,294.0,299.7,29448
1767830400,294.3,303.0,294.3,300.0,39057
1768176000,300.0,302.0,298.0,299.5,36804
1768262400,300.0,302.0,296.3,298.0,11348
1768348800,294.1,300.0,288.4,300.0,39336
1768694400,303.0,304.8,299.0,304.8,88350
1768867200,303.0,310.7,302.0,307.9,51596
1768953600,307.0,313.0,303.1,306.9,34955
1769040000,310.0,310.0,300.1,304.0,28495
1769299200,307.0,309.9,302.0,307.5,46807
1769385600,309.0,310.0,305.7,307.0,67671
1769472000,306.0,312.0,303.2,304.5,56138
1769558400,301.0,305.0,298.9,304.0,23915
1769644800,304.0,304.0,297.0,300.0,29200
1769904000,302.0,304.0,297.0,298.1,41620
1769990400,304.0,304.0,296.0,299.0,17660
1770076800,302.0,304.8,296.2,298.0,10054
1770163200,293.0,299.0,293.0,295.1,22157
1770249600,295.0,298.5,292.9,296.0,19054
1770508800,301.0,301.0,295.5,296.0,24811
1770595200,294.79,296.0,292.5,295.0,25210
1770681600,295.0,295.0,292.3,294.0,12965
