date,open,high,low,close,volume
1447804800,108.26,109.2,108.26,109.2,52
1447891200,110.15,112.97,110.15,112.97,104
1448150400,113.91,118.15,113.91,118.15,768
1448236800,119.25,123.8,119.25,123.8,12360
1448323200,126.94,129.61,126.16,128.51,46262
1448409600,129.14,129.14,124.28,124.75,25625
1448496000,123.49,123.8,122.23,123.02,14443
1448755200,121.92,121.92,120.04,120.82,15706
1448841600,120.66,123.33,120.66,121.29,9790
1448928000,121.29,123.8,120.82,123.8,11114
1449014400,123.8,124.59,122.23,123.49,11339
1449100800,122.86,123.96,121.76,122.55,11281
1449187200,123.33,123.96,121.92,123.49,14631
1449446400,123.8,125.06,123.02,123.33,16125
1449532800,123.8,124.12,122.39,123.65,11962
1449619200,123.33,125.69,122.86,125.69,14731
1449705600,125.06,125.37,123.49,123.8,13958
1449964800,123.8,123.96,122.71,123.8,23721
1450051200,123.8,123.8,123.49,123.49,24112
1450137600,123.49,123.8,122.23,122.39,8414
1450224000,123.18,123.8,122.23,122.71,16529
1450310400,121.61,123.65,121.61,122.39,12164
1450569600,122.39,123.02,120.98,122.08,7578
1450656000,122.08,122.08,120.04,120.35,6813
1450742400,120.35,120.66,118.15,119.09,7114
1450828800,119.09,120.04,118.47,119.41,12488
1450915200,119.41,121.45,118.31,120.51,11983
1451001600,119.41,121.45,118.47,121.45,9016
1451260800,121.45,120.66,119.09,119.25,10572
1451347200,119.25,120.82,118.78,119.41,13555
1451520000,119.09,120.82,118.78,119.09,11336
1451779200,119.25,120.19,117.84,118.94,11849
1451865600,118.94,119.57,117.21,118.78,9183
1451952000,117.68,119.88,115.95,119.88,27876
1452038400,119.88,119.88,116.43,117.52,21477
1452124800,116.9,120.19,116.9,118.78,16005
1452384000,118.78,120.66,117.68,120.35,29492
1452470400,119.88,121.14,119.09,120.04,30518
1452556800,119.88,123.8,119.09,123.8,35468
1452643200,123.8,124.59,120.35,122.86,26417
1452729600,123.18,123.8,120.51,122.23,29503
1453593600,122.23,128.36,123.33,128.36,3250
1453680000,129.61,134.95,129.61,132.28,4993
1453766400,132.28,132.44,131.03,131.34,3463
1453852800,131.34,130.87,128.83,128.83,2889
1453939200,129.93,130.87,128.51,128.51,4905
1454198400,129.14,130.08,128.83,128.83,864
1454284800,128.83,131.34,128.51,129.3,4260
1454371200,128.99,129.93,128.51,128.51,3252
1454457600,128.51,131.65,129.3,130.24,1624
1454544000,130.87,132.75,130.08,131.5,4935
1454803200,131.5,138.41,131.65,138.41,22443
1454889600,138.41,145.78,139.82,141.86,7786
1455148800,141.86,145.78,141.86,145.78,16567
1455408000,144.21,144.37,138.88,139.5,8387
1455494400,139.5,141.07,134.79,137.15,4728
1455580800,137.15,137.15,135.89,136.68,6993
1455667200,136.68,136.99,136.36,136.84,4226
1455753600,136.84,137.62,136.36,136.36,3850
1456012800,137.78,139.19,136.36,138.72,15416
1456099200,138.72,139.5,137.15,138.09,5314
1456185600,138.09,137.31,135.42,137.31,2333
1456272000,136.36,139.5,135.11,135.11,472
1456358400,136.36,138.72,136.36,138.72,1844
1456617600,138.72,139.5,135.27,135.42,4388
1456704000,135.42,136.84,134.95,134.95,3918
1456790400,134.79,135.27,134.64,134.95,3318
1456876800,136.21,142.17,135.11,142.17,25387
1456963200,143.74,150.18,143.74,150.18,18063
1457222400,151.91,158.97,151.91,158.97,42776
1457568000,160.86,168.71,160.86,168.71,4341
1457827200,170.75,179.38,162.27,178.28,63486
1457913600,180.48,189.9,180.48,189.9,17751
1458000000,192.41,194.93,177.03,177.18,52406
1458086400,175.93,175.93,166.35,167.76,27686
1458172800,169.81,175.46,168.71,174.04,18857
1458432000,176.24,181.11,174.67,177.03,30357
1458518400,178.75,180.17,172.63,176.09,13239
1458691200,177.18,177.34,172.0,172.47,13548
1458777600,172.47,172.16,166.19,169.96,19641
1459036800,169.96,172.0,163.84,164.0,6101
1459123200,164.0,162.11,158.5,159.91,9481
1459209600,158.03,161.8,155.52,157.56,14798
1459296000,157.56,166.35,155.2,164.31,5258
1459382400,164.31,164.47,160.54,161.01,5559
1459641600,161.01,164.78,158.34,164.78,5868
1459728000,164.78,166.19,159.91,161.96,5021
1459814400,162.27,163.84,160.39,163.37,5271
1459900800,163.37,168.55,162.27,166.04,15794
1460246400,166.04,173.1,164.47,164.62,14444
1460332800,164.62,167.14,165.25,166.98,4920
1460419200,166.98,169.02,163.37,164.31,9235
1460592000,164.31,165.1,163.21,165.1,3240
1460851200,165.1,165.25,163.37,164.62,3223
1460937600,164.62,164.47,163.21,164.31,4213
1461024000,164.31,163.84,161.48,162.9,9288
1461110400,162.9,163.68,161.48,161.96,4124
1461196800,161.96,161.48,158.66,160.7,15246
1461456000,160.7,162.27,158.66,159.76,4791
1461542400,159.76,159.44,157.72,159.44,8434
1461628800,159.44,159.29,157.87,159.29,3696
1461715200,159.29,160.07,158.03,159.13,2313
1461801600,159.13,159.13,158.19,158.34,9806
1462147200,158.34,158.34,155.36,158.34,5046
1462233600,158.34,158.34,156.15,158.03,5417
1462320000,158.03,157.56,154.89,157.56,10863
1462406400,157.56,156.15,154.58,155.68,6828
1462665600,155.68,159.91,154.73,159.91,5994
1462752000,159.6,159.76,157.72,158.34,12426
1462838400,158.34,161.96,157.87,159.44,5356
1462924800,159.44,160.7,156.46,160.39,7257
1463011200,161.48,165.72,159.6,165.72,12603
1463270400,165.25,169.33,164.0,166.19,12967
1463356800,166.19,168.24,164.0,166.35,8353
1463443200,166.19,169.33,164.62,166.82,11978
1463529600,166.82,166.98,165.25,165.57,6040
1463616000,165.57,165.88,164.62,165.72,3356
1463875200,165.72,166.19,163.84,166.19,8114
1463961600,166.19,166.51,164.0,164.0,8495
1464048000,164.0,166.19,163.21,164.62,6774
1464134400,164.62,165.41,163.05,164.78,3517
1464220800,164.78,166.82,163.21,165.41,11000
1464480000,165.41,169.49,165.57,166.19,5305
1464566400,166.19,171.06,167.76,169.65,17849
1464652800,169.65,180.48,168.08,180.32,28803
1464739200,180.32,182.68,172.63,175.3,16725
1464825600,175.3,176.24,169.02,172.47,10077
1465084800,172.47,174.67,170.9,173.1,16759
1465171200,173.1,175.3,171.06,175.3,12197
1465257600,174.83,175.61,173.26,173.57,6421
1465344000,173.57,176.71,173.1,176.71,11014
1465430400,177.18,182.52,176.4,182.21,28187
1465689600,182.21,184.25,177.66,183.46,22418
1465776000,183.46,184.09,179.23,183.31,13621
1465862400,181.89,184.41,178.75,182.05,5916
1465948800,181.89,182.84,180.32,181.89,7644
1466035200,181.89,184.25,180.32,181.89,8485
1466294400,181.89,186.6,179.54,186.6,14769
1466380800,186.6,192.73,185.03,189.12,14485
1466467200,189.12,194.14,186.6,193.83,14330
1466553600,194.45,196.02,190.53,192.73,13248
1466640000,192.73,197.91,192.26,197.91,11352
1466899200,197.91,200.42,193.67,196.02,12504
1466985600,196.02,197.59,192.1,194.77,8144
1467072000,194.77,196.65,191.31,194.14,11151
1467158400,194.14,196.02,189.74,195.24,11753
1467244800,195.24,194.45,192.1,192.1,6826
1467504000,192.1,197.44,190.53,195.87,12367
1467590400,195.87,198.69,193.04,195.08,13013
1467676800,195.24,198.69,192.88,196.02,9562
1467763200,196.02,198.22,193.67,196.81,6903
1468108800,196.81,197.59,194.61,196.65,4495
1468195200,196.65,196.02,191.79,192.88,8883
1468281600,192.88,194.45,183.46,189.74,5346
1468368000,189.74,192.88,186.6,191.31,9399
1468454400,191.31,196.02,188.33,193.36,4858
1468713600,193.36,198.54,186.6,190.53,16672
1468800000,190.53,195.24,188.02,191.31,5299
1468886400,193.83,193.83,189.59,191.31,4592
1468972800,191.31,193.83,189.74,191.31,3120
1469059200,191.31,192.1,190.53,192.1,4889
1469404800,192.1,192.1,189.74,191.31,6596
1469491200,191.31,195.24,190.69,191.0,7113
1469577600,191.0,199.16,191.31,199.16,31763
1469664000,199.16,199.16,190.37,195.24,22750
1469923200,195.24,197.59,190.22,192.41,7301
1470009600,192.41,197.59,190.53,195.24,16558
1470096000,195.24,194.45,191.31,192.1,8463
1470182400,192.1,192.88,189.74,191.94,6191
1470268800,191.94,191.94,187.23,187.23,8432
1470528000,187.23,194.61,186.6,188.49,7767
1470614400,188.49,193.51,177.18,177.5,3971
1470700800,179.7,186.76,179.7,186.76,130
1470787200,189.27,191.31,184.25,186.45,18759
1470873600,185.03,186.6,183.15,184.41,10871
1471132800,184.25,183.46,174.2,176.09,27302
1471219200,175.46,175.3,165.41,170.12,8049
1471305600,169.02,173.26,163.05,171.69,11494
1471392000,171.62,175.9,169.48,171.45,7694
1471737600,169.81,169.81,166.67,168.98,4070
1471824000,167.33,167.33,159.91,159.91,10240
1471910400,161.89,163.71,153.16,163.71,24628
1471996800,165.68,165.68,159.91,165.68,4162
1472342400,167.66,173.93,165.19,168.16,4631
1472428800,167.33,175.9,167.33,175.74,14228
1472515200,178.05,182.66,174.75,176.4,5425
1472601600,174.09,174.09,164.86,164.86,17589
1472688000,164.86,165.68,159.42,160.74,13606
1472947200,162.72,167.66,162.72,164.86,4512
1473033600,166.84,170.46,165.19,167.17,6822
1473120000,169.15,169.64,161.07,166.34,5337
1473206400,168.16,167.99,162.39,166.51,2757
1473292800,166.34,167.33,164.53,165.19,2460
1473552000,165.02,167.17,163.21,163.21,6323
1473638400,164.86,168.65,163.38,163.71,2679
1473811200,165.68,166.51,162.39,163.21,6720
1474156800,163.21,169.15,162.39,166.51,3592
1474329600,164.53,164.86,162.72,164.86,3596
1474416000,163.21,164.86,162.88,163.21,1278
1474502400,163.21,164.04,161.23,163.21,2055
1474761600,163.21,164.04,161.23,163.21,2055
1474848000,159.91,162.39,159.58,159.91,2317
1474934400,159.91,163.21,159.91,160.08,2745
1475020800,159.91,160.9,158.43,159.42,3256
1475107200,161.23,161.23,158.27,160.24,7053
1475366400,161.89,161.89,157.44,159.91,2409
1475452800,161.89,161.89,156.12,159.75,1486
1475539200,161.56,161.56,158.27,159.09,3446
1475625600,160.74,160.74,157.77,157.77,4379
1475712000,158.27,161.89,157.44,159.91,2928
1476576000,159.91,164.04,159.91,162.06,275
1476662400,162.39,164.86,160.41,164.86,1028
1476748800,164.86,164.86,159.58,162.39,2200
1476835200,160.41,161.56,158.43,159.91,213
1476921600,159.91,162.72,159.09,161.89,875
1477180800,161.89,161.89,158.27,159.75,2642
1477267200,159.58,160.24,158.1,158.27,1702
1477353600,159.91,159.91,156.95,157.61,1991
1477440000,159.42,159.42,156.29,158.27,4023
1477526400,158.27,158.27,156.45,157.44,2132
1478131200,158.6,162.72,156.78,162.39,1892
1478476800,164.69,164.69,159.09,159.42,1500
1478563200,161.23,164.04,157.44,159.91,1048
1478649600,159.91,159.91,156.62,156.62,4109
1478736000,157.44,158.93,155.63,156.12,6077
1478995200,156.62,156.62,154.97,155.79,1503
1479081600,157.61,159.42,154.14,156.29,341
1479168000,158.1,158.27,153.81,154.8,573
1479254400,153.32,154.8,150.85,154.8,2636
1479340800,156.62,156.62,151.51,151.67,2134
1479600000,153.16,154.97,145.74,150.02,2830
1479686400,151.67,153.49,150.02,150.19,296
1479772800,150.02,151.67,145.24,147.55,2242
1479859200,147.55,148.21,142.77,144.09,5650
1479945600,145.74,147.55,139.64,142.61,2454
1480204800,142.61,142.61,134.53,134.53,1824
1480291200,135.85,135.85,129.09,135.02,3591
1480377600,135.19,142.28,132.71,141.78,6740
1480464000,141.78,148.37,140.13,148.21,7470
1480550400,148.54,150.02,143.59,144.42,3024
1480809600,145.74,146.73,142.77,146.73,3100
1480896000,145.24,145.24,139.8,144.91,1140
1480982400,145.08,145.08,142.11,144.91,1515
1481068800,146.4,146.4,143.43,144.75,280
1481155200,146.23,146.23,138.32,139.97,14797
1481414400,140.13,140.13,132.22,132.22,11281
1481500800,130.9,131.07,125.96,129.75,5002
1481673600,131.07,131.56,127.6,131.56,1646
1481760000,130.9,130.9,127.77,129.09,3027
1482019200,127.77,129.42,127.11,127.77,2264
1482105600,126.45,129.09,126.45,127.77,1967
1482192000,126.94,127.27,124.64,126.28,1951
1482278400,127.44,128.26,125.13,126.12,849
1482364800,127.27,127.77,125.3,125.96,1292
1482710400,127.11,127.11,126.12,126.12,3479
1482796800,127.27,127.27,123.48,124.64,2409
1482883200,125.79,128.26,123.81,124.97,2516
1482969600,124.14,128.26,123.98,127.6,798
1483228800,128.92,128.92,125.3,125.3,1833
1483315200,125.96,128.59,125.96,127.77,4520
1483401600,127.77,128.1,126.28,128.1,1623
1483488000,128.43,128.59,126.12,126.94,2324
1483574400,126.94,126.94,125.63,126.12,1738
1483833600,126.12,127.27,126.12,126.94,1045
1483920000,127.77,128.43,127.11,127.77,1831
1484006400,127.44,128.43,127.44,127.77,470
1484092800,129.09,129.09,127.11,127.11,761
1484179200,128.43,128.43,126.94,127.77,972
1484438400,126.94,127.44,126.12,126.12,923
1484524800,127.27,127.77,125.79,126.94,703
1484611200,126.94,126.94,125.3,125.3,1486
1484697600,124.31,126.45,124.31,126.12,450
1484784000,126.94,126.94,125.63,126.12,266
1485043200,125.79,126.12,122.49,123.15,1525
1485129600,124.31,126.45,123.65,125.3,422
1485216000,125.63,125.63,123.32,123.32,3038
1485302400,123.65,123.65,121.83,122.0,1239
1485388800,120.84,123.15,119.69,122.82,1509
1485734400,122.82,122.82,116.72,116.72,3742
1485820800,116.23,119.86,114.58,115.57,1546
1485907200,115.9,120.02,115.9,120.02,1874
1485993600,120.35,121.5,118.7,119.2,2971
1486252800,119.2,120.35,118.04,120.35,1621
1486339200,119.2,120.02,118.04,120.02,1179
1486425600,120.02,120.68,119.53,119.69,536
1486512000,118.7,118.7,116.72,117.22,756
1486598400,116.23,116.23,112.93,112.93,6685
1486857600,111.94,112.11,110.13,110.62,5452
1486944000,110.79,112.44,110.46,111.28,2979
1487030400,111.28,114.09,111.12,113.1,1304
1487116800,113.1,117.22,112.44,117.05,3322
1487203200,117.05,122.0,116.23,120.68,4930
1487462400,120.84,120.84,118.54,119.53,1854
1487548800,120.68,120.68,119.03,119.53,866
1487635200,120.35,121.5,120.35,120.35,680
1487721600,119.53,119.53,117.88,118.87,290
1487808000,118.37,118.7,117.88,118.7,612
1488067200,118.7,119.86,117.88,118.7,1255
1488240000,117.88,118.04,115.08,116.39,5625
1488326400,117.05,118.87,116.06,118.7,4175
1488412800,118.7,118.7,116.72,116.72,943
1488672000,116.23,118.37,116.23,117.71,2081
1488758400,117.38,118.7,117.38,118.37,1228
1488844800,119.36,122.82,117.88,122.49,7869
1489017600,123.65,127.77,123.65,127.77,8747
1489363200,129.09,133.37,128.59,132.71,4251
1489449600,133.54,136.01,128.92,128.92,4129
1489536000,130.24,132.88,128.1,132.88,2203
1489622400,131.56,131.56,129.75,129.75,694
1489881600,129.75,133.87,131.07,131.56,2954
1489968000,131.56,132.88,128.92,132.38,5259
1490054400,132.38,133.21,129.75,131.4,4514
1490140800,131.72,137.0,131.56,132.88,5870
1490227200,132.88,139.97,132.88,139.97,9365
1490486400,141.45,147.72,141.45,147.72,18707
1490659200,147.72,156.29,149.36,156.29,10318
1490745600,156.29,161.89,150.19,152.5,9988
1490832000,152.5,155.13,150.02,152.17,8798
1491091200,153.98,156.62,152.5,156.62,2982
1491177600,156.78,158.6,151.51,154.97,5071
1491264000,153.16,153.32,151.67,152.5,3974
1491436800,152.5,154.47,148.37,151.18,5454
1491696000,152.5,153.32,148.37,153.32,3142
1491782400,154.97,156.78,151.67,153.32,4720
1491868800,155.13,162.55,155.13,162.55,24863
1491955200,162.39,168.82,162.06,165.68,14234
1492041600,163.71,167.33,160.9,162.55,7534
1492300800,161.56,165.85,157.28,157.28,5971
1492473600,157.28,157.28,152.83,154.97,7770
1492560000,154.47,156.62,153.81,154.64,3520
1492646400,156.45,156.45,154.31,154.64,3409
1492905600,156.45,158.27,154.97,154.97,5028
1492992000,154.64,156.95,153.32,154.97,6394
1493078400,154.97,154.97,153.32,153.81,1107
1493164800,152.0,154.97,152.0,153.49,2127
1493251200,152.99,154.97,151.18,153.32,2372
1493510400,152.5,155.3,151.67,153.49,2302
1493683200,154.14,154.8,152.83,153.32,2630
1493769600,154.14,155.3,152.5,155.3,704
1493856000,155.3,157.11,152.83,151.01,1791
1494115200,153.49,153.49,150.02,150.68,3891
1494201600,150.52,152.33,148.7,150.85,1727
1494288000,150.85,158.76,151.01,158.76,2282
1494460800,158.27,161.56,155.63,159.91,6481
1494806400,161.89,161.89,158.6,159.58,5806
1494892800,159.09,159.09,156.62,157.94,1445
1494979200,159.58,159.58,156.62,157.77,1315
1495065600,157.77,157.44,155.79,157.28,4203
1495324800,155.79,157.44,155.79,157.11,2924
1495411200,157.44,157.44,153.98,156.62,3642
1495497600,154.8,157.61,153.81,155.79,2474
1495584000,155.79,157.61,151.84,157.61,1484
1495929600,155.79,156.62,152.33,156.45,3416
1496102400,154.8,156.62,152.33,152.83,3971
1496188800,152.83,156.95,152.33,154.97,839
1496275200,154.14,155.3,153.32,155.3,1347
1496534400,153.49,155.79,151.84,154.14,2835
1496620800,155.3,155.63,152.33,154.64,1108
1496707200,155.79,156.29,154.14,155.46,1618
1496793600,153.65,155.46,153.65,154.47,1473
1496880000,153.32,155.13,153.32,154.14,1021
1497139200,155.63,155.79,153.32,154.97,4076
1497225600,153.32,153.65,151.67,152.66,3046
1497312000,153.32,153.32,151.67,153.32,2058
1497398400,154.97,154.97,151.67,153.98,265
1497484800,153.81,155.79,152.17,154.14,3120
1497744000,154.14,152.83,152.0,152.33,2195
1497830400,152.5,152.66,149.86,152.66,780
1497916800,151.51,155.13,151.01,152.99,1680
1498003200,152.17,153.16,151.51,152.17,1833
1498089600,152.33,153.49,151.67,152.5,3492
1498348800,152.5,152.66,150.02,152.33,973
1498521600,151.51,152.99,150.85,152.0,1429
1498608000,152.17,153.32,149.69,151.18,2745
1498953600,151.18,151.67,149.2,151.51,1793
1499040000,151.51,153.65,151.34,151.67,1514
1499126400,153.16,153.16,149.86,152.5,849
1499212800,150.02,152.5,150.02,151.67,601
1499299200,153.32,153.32,151.18,152.5,965
1499558400,152.5,154.31,150.68,152.5,1800
1499644800,151.67,153.32,151.67,153.32,1483
1499731200,153.32,155.79,152.33,154.64,3046
1499817600,154.64,154.97,152.5,152.83,1363
1499904000,151.67,152.66,150.85,150.85,2220
1500163200,151.34,153.32,150.85,152.0,2621
1500249600,152.0,152.33,150.19,152.33,938
1500336000,152.5,153.65,151.84,153.65,1224
1500422400,153.65,162.88,153.65,162.88,27032
1500508800,164.86,165.85,158.1,162.06,17497
1500768000,161.56,163.21,160.74,161.07,6349
1500854400,160.08,160.74,158.76,159.42,5578
1500940800,159.91,161.89,159.91,161.89,10425
1501027200,161.56,164.69,161.23,164.53,13378
1501113600,163.21,164.86,163.21,163.21,5539
1501372800,161.56,163.21,159.25,160.9,8378
1501459200,159.91,164.86,159.91,164.69,8278
1501545600,162.72,171.45,162.72,169.48,29521
1501632000,168.16,173.6,168.16,171.29,25467
1501718400,171.29,171.45,168.98,168.98,11636
1501977600,168.98,171.12,168.16,168.49,5719
1502064000,168.16,168.49,165.68,166.51,3707
1502236800,166.51,168.49,166.51,167.0,5551
1502323200,165.52,167.33,164.69,167.17,4716
1502582400,166.51,168.65,166.18,167.83,9311
1502755200,165.85,170.46,164.2,169.97,8583
1502841600,171.29,171.29,166.67,169.81,6790
1502928000,171.95,171.95,165.68,167.17,3683
1503187200,165.68,167.17,165.52,165.68,4893
1503273600,163.71,165.52,162.72,165.52,2156
1503360000,163.54,167.33,162.72,164.86,3442
1503446400,165.35,165.35,162.06,163.87,4533
1503532800,163.87,165.85,162.06,165.02,2287
1503792000,165.02,165.52,163.21,165.35,2603
1503878400,163.38,166.84,162.72,164.37,5730
1504051200,162.55,164.37,162.39,163.21,4150
1504137600,163.21,163.21,160.74,161.56,6652
1504483200,162.88,162.88,158.93,160.08,4327
1504656000,159.91,162.39,157.94,162.39,2540
1504742400,160.41,162.22,157.28,157.28,4880
1505001600,159.09,159.91,153.98,154.14,3378
1505088000,154.14,159.42,151.67,154.97,1553
1505174400,154.97,156.78,153.32,153.32,6364
1505260800,155.13,156.45,152.83,154.47,8663
1505347200,153.32,158.76,152.83,158.1,8750
1505606400,158.27,159.09,156.95,157.28,1939
1505692800,159.09,159.58,154.31,157.44,1480
1505865600,159.25,159.25,153.98,154.97,3725
1506211200,153.49,157.11,153.49,156.62,4589
1506297600,155.79,156.78,154.97,155.63,2257
1506384000,155.63,156.45,154.47,154.97,1039
1506988800,154.97,156.78,154.14,155.79,384
1507075200,155.96,155.96,154.97,154.97,284
1507420800,154.14,154.14,150.19,153.32,1417
1507507200,152.5,153.81,150.19,153.32,1214
1507593600,153.81,154.14,151.67,151.84,904
1507680000,151.67,153.32,149.86,149.86,2844
1507766400,150.85,152.83,150.85,151.34,2357
1508025600,151.18,151.67,150.35,151.01,466
1508112000,150.85,153.65,150.85,153.16,915
1508198400,152.0,155.46,151.18,151.67,6798
1508284800,150.02,153.49,150.02,152.5,1937
1508630400,154.31,155.13,153.32,153.49,453
1508716800,153.49,154.97,151.18,152.83,3740
1508803200,152.83,152.33,151.34,151.67,1482
1508889600,152.17,152.33,150.19,150.35,2318
1509235200,151.67,152.5,149.53,150.02,1792
1509321600,149.2,151.67,149.2,150.02,1153
1509408000,150.02,150.02,147.88,148.37,3613
1509494400,148.05,148.05,145.9,146.56,3483
1509580800,145.08,148.05,145.08,146.4,2360
1509840000,145.9,145.9,142.28,145.08,4955
1509926400,145.9,148.37,142.61,145.9,3519
1510012800,145.24,145.41,142.61,142.61,3987
1510099200,141.12,143.26,140.79,141.78,1930
1510185600,140.46,143.26,138.98,140.46,2213
1510444800,140.46,143.43,140.46,143.43,586
1510531200,142.61,142.61,140.46,142.61,3205
1510617600,142.61,145.57,141.95,145.57,8815
1510704000,144.58,146.23,142.61,142.61,5174
1510790400,141.78,143.43,141.78,143.26,1769
1511049600,143.26,141.95,140.46,141.29,403
1511136000,141.78,141.78,140.3,140.46,2341
1511222400,141.78,141.78,140.96,140.96,1050
1511308800,140.13,145.41,140.13,143.43,3431
1511395200,143.43,145.57,143.92,145.41,4097
1511654400,145.41,145.57,142.61,144.58,3453
1511740800,146.23,146.23,142.93,143.43,5366
1511827200,143.43,145.9,143.43,145.74,2041
1511913600,145.57,146.73,144.58,145.08,3727
1512000000,145.08,145.08,138.81,141.78,15420
1512345600,141.78,141.78,140.3,140.96,5927
1512432000,139.8,142.28,139.8,141.12,1725
1512518400,140.46,142.44,140.13,142.28,6570
1512864000,142.28,142.28,140.46,140.96,1676
1512950400,139.47,140.96,139.47,140.63,1507
1513036800,140.13,140.96,139.47,139.47,2091
1513123200,138.15,141.62,137.99,141.62,2027
1513209600,141.78,141.78,141.78,141.78,100
1513468800,138.65,139.8,137.66,139.47,2615
1513555200,139.8,139.8,137.82,138.48,5565
1513641600,138.32,138.32,136.51,137.66,2784
1513728000,137.66,138.81,134.53,137.49,2275
1513814400,137.33,137.33,135.68,135.85,1947
1514073600,137.66,139.8,136.01,136.01,4887
1514246400,136.34,137.49,135.19,136.01,3590
1514332800,135.19,136.34,133.54,136.34,2382
1514419200,137.33,137.33,135.19,136.18,2188
1514678400,136.18,136.18,133.04,135.19,5055
1514764800,134.03,136.67,134.03,136.67,1856
1514851200,136.84,136.84,134.03,135.52,2834
1514937600,136.01,136.01,134.53,134.69,3258
1515024000,135.19,138.48,134.36,138.48,7975
1515283200,138.45,137.56,136.85,137.56,2689
1515369600,136.14,137.38,135.42,137.2,1656
1515456000,137.2,137.92,134.53,136.67,1408
1515542400,135.78,136.31,135.6,136.31,525
1515888000,136.31,137.2,135.78,136.67,1286
1516060800,135.42,135.78,135.42,135.78,318
1516147200,135.42,135.78,133.11,133.11,893
1516492800,133.11,134.0,131.15,131.33,875
1516579200,130.62,133.11,129.37,131.69,919
1516665600,130.44,130.44,128.84,129.55,576
1516752000,130.62,130.62,129.55,130.62,987
1516838400,130.8,130.8,128.84,129.91,997
1517097600,129.55,129.73,128.66,129.01,662
1517184000,128.12,130.8,128.12,130.8,1155
1517356800,129.55,130.62,129.19,130.62,720
1517443200,130.97,130.97,129.91,130.8,837
1517702400,130.44,130.44,129.19,129.19,364
1517788800,130.44,130.8,128.66,129.01,609
1517875200,128.66,129.01,127.59,128.84,1347
1517961600,127.59,128.84,127.59,128.84,267
1518048000,129.73,129.73,127.59,128.66,407
1518307200,129.37,129.37,127.41,127.77,844
1518393600,126.52,127.77,125.99,127.77,110
1518566400,126.52,128.3,126.34,128.3,1581
1518652800,128.3,132.22,128.3,132.22,3540
1518912000,132.22,133.64,129.73,129.91,556
1519084800,128.66,130.26,128.12,130.26,431
1519171200,130.26,130.26,127.77,128.12,454
1519257600,126.88,128.66,125.81,128.66,664
1519516800,127.41,127.59,126.34,127.59,446
1519603200,126.88,128.66,126.17,128.66,1860
1519689600,127.77,128.66,126.7,128.66,1002
1519776000,127.41,127.41,125.45,126.7,2460
1520121600,126.7,126.88,121.0,126.34,1427
1520294400,120.29,122.43,118.15,122.43,1298
1520380800,122.43,124.03,122.07,124.03,999
1520726400,124.03,124.21,120.83,121.0,644
1520812800,121.0,121.0,118.87,120.65,782
1520899200,119.58,121.18,118.87,120.29,967
1520985600,120.29,123.5,120.29,122.61,1704
1521072000,121.54,121.54,121.54,121.54,1030
1521331200,120.47,120.47,115.48,115.48,17383
1521417600,114.42,114.42,110.14,110.14,16667
1521504000,109.25,111.75,105.34,110.85,15593
1521590400,111.75,111.75,105.87,109.79,8186
1521676800,109.96,111.57,107.12,109.25,3183
1522022400,108.36,108.36,105.16,106.23,8917
1522108800,106.23,108.18,104.8,107.65,5128
1522195200,108.18,108.18,106.76,107.29,5892
1522281600,107.65,110.68,107.65,110.68,8252
1522540800,110.68,110.68,107.12,108.72,2679
1522627200,107.83,109.79,107.83,108.54,2065
1522713600,109.43,110.5,109.07,110.14,747
1522800000,109.61,110.5,109.07,109.79,4705
1522886400,110.68,111.75,109.61,110.14,4628
1523145600,109.96,114.42,109.96,111.75,6637
1523232000,112.64,113.53,109.07,110.32,9461
1523318400,109.96,110.85,109.07,110.85,3493
1523404800,111.57,111.75,110.68,111.75,3570
1523491200,111.75,112.64,111.75,112.1,3471
1523750400,111.92,112.81,111.03,112.64,2444
1523836800,112.64,114.24,112.64,114.06,9586
1523923200,114.24,116.2,113.53,115.48,4431
1524009600,114.42,120.83,114.42,117.98,22627
1524096000,119.04,122.43,116.91,121.36,25085
1524355200,121.36,127.23,122.43,127.23,16370
1524441600,128.48,132.22,124.74,125.28,32366
1524528000,125.81,127.23,121.89,125.1,9612
1524614400,124.39,126.88,123.67,125.63,4185
1524700800,125.1,126.88,122.61,123.32,6381
1524960000,123.32,123.32,121.54,121.89,6097
1525219200,121.89,124.74,119.76,124.74,4047
1525305600,125.1,125.1,122.96,124.21,5538
1525564800,124.21,124.21,122.78,123.14,2702
1525651200,122.96,124.21,122.25,123.14,5616
1525737600,123.32,123.32,121.0,123.32,2278
1525824000,123.32,126.7,122.25,122.96,1864
1525910400,122.96,124.03,120.83,121.18,6058
1526256000,120.65,121.89,120.65,121.18,2714
1526342400,121.54,121.54,120.65,120.65,444
1526428800,119.58,121.72,119.58,120.65,2120
1526515200,121.54,122.61,120.65,121.0,3035
1526774400,121.0,121.54,120.11,120.83,870
1526860800,120.29,122.43,120.29,121.0,3869
1526947200,119.76,120.65,119.76,120.29,1793
1527033600,119.04,120.65,118.69,118.69,1101
1527120000,118.69,120.11,118.69,118.87,2260
1527379200,118.87,118.87,116.2,116.55,5440
1527465600,116.2,119.4,113.53,119.4,7004
1527552000,118.87,119.22,116.91,118.15,3476
1527638400,118.15,119.76,118.15,118.69,3923
1527724800,118.69,118.69,115.31,116.55,6620
1527984000,115.48,116.2,114.42,114.95,5490
1528070400,113.88,114.59,112.99,113.88,4253
1528243200,114.77,117.98,114.77,115.48,4232
1528329600,114.59,114.77,113.53,114.42,8205
1528588800,114.42,115.13,111.92,112.1,5680
1528675200,111.75,114.42,111.39,113.35,8155
1528761600,112.46,114.59,111.57,112.81,4694
1528848000,112.81,114.42,112.64,113.7,4515
1528934400,114.59,117.8,113.53,117.8,3878
1529193600,117.62,117.62,114.42,115.84,3008
1529280000,114.77,115.66,113.53,115.66,1394
1529366400,115.66,116.73,114.59,115.13,1017
1529452800,114.59,114.59,114.06,114.06,328
1529539200,114.42,115.31,113.35,113.53,1938
1529798400,112.64,114.42,112.64,114.06,1410
1529884800,113.17,114.06,112.46,113.88,1772
1529971200,114.42,114.42,111.39,111.75,2135
1530057600,111.39,114.42,111.39,111.75,2588
1530144000,111.21,112.64,111.21,111.75,3881
1530403200,108.36,110.14,108.36,109.43,1763
1530489600,109.07,109.25,108.72,109.25,314
1530576000,109.96,111.39,109.96,110.5,832
1530662400,109.79,112.64,109.79,111.57,2602
1530748800,111.75,115.66,111.75,113.53,5724
1531008000,112.81,115.48,112.81,114.95,5244
1531094400,114.24,114.24,112.64,113.17,1812
1531180800,113.17,114.06,112.64,113.7,1822
1531267200,113.53,114.59,112.81,113.17,3338
1531353600,111.92,112.99,111.75,111.75,4929
1531612800,111.57,112.64,111.39,111.75,2922
1531699200,111.75,113.35,111.03,111.57,688
1531785600,111.75,112.46,111.75,112.46,1211
1531872000,112.46,112.46,111.75,112.28,131
1531958400,111.57,112.64,111.21,111.39,2148
1532217600,111.39,111.39,109.96,109.96,4034
1532304000,109.96,110.85,109.96,110.32,194
1532390400,110.85,112.1,110.14,110.5,6502
1532476800,109.61,110.5,109.25,110.5,7218
1532563200,109.61,109.61,109.07,109.07,3135
1532822400,109.96,110.85,109.07,109.61,2576
1532908800,109.61,109.79,108.9,109.79,3689
1532995200,109.79,109.79,108.9,109.25,1233
1533081600,108.36,110.14,108.36,109.43,1763
1533168000,109.07,109.25,108.72,109.25,314
1533427200,108.36,109.25,108.36,109.25,4476
1533513600,109.25,109.25,108.36,109.07,964
1533600000,108.18,108.36,107.83,107.83,2308
1533686400,108.18,108.18,107.47,109.07,322
1533772800,107.29,107.47,106.58,107.47,2728
1534032000,108.18,108.9,106.58,106.94,3596
1534118400,106.05,107.47,106.05,107.47,2175
1534204800,108.36,108.36,106.94,108.01,1610
1534291200,108.18,109.96,106.58,109.96,6067
1534377600,109.07,109.07,108.18,108.36,7328
1534636800,107.65,108.36,107.47,108.36,736
1534723200,108.01,109.07,106.94,108.9,1597
1534809600,108.18,108.18,106.4,107.47,756
1534896000,106.58,108.18,106.58,108.01,1036
1534982400,108.36,108.54,107.29,107.29,1709
1535241600,107.65,107.65,106.4,107.29,1208
1535414400,106.4,107.29,105.69,106.94,7473
1535500800,107.65,107.65,105.51,105.87,3228
1535587200,105.87,106.4,105.51,106.05,4205
1535846400,105.87,107.29,105.87,106.58,3028
1535932800,106.76,107.47,106.23,107.29,4745
1536019200,106.76,107.29,106.4,107.29,1382
1536105600,106.4,108.18,106.4,107.83,5646
1536192000,107.47,107.83,106.4,107.12,6272
1536451200,106.76,106.76,106.05,106.23,469
1536537600,105.51,106.23,105.51,106.23,2021
1536624000,105.51,106.4,105.16,106.05,2357
1536710400,105.16,105.69,105.16,105.51,4530
1536796800,104.62,106.4,104.62,106.23,3115
1537056000,106.76,106.76,105.51,106.4,6564
1537142400,105.51,106.58,105.51,105.51,1236
1537228800,105.51,108.9,105.51,108.54,9061
1537401600,109.43,111.21,106.76,108.72,16887
1537660800,108.01,108.54,107.47,108.18,4472
1537833600,107.65,108.72,106.76,107.12,5936
1537920000,107.83,107.83,106.76,107.29,5192
1538006400,106.4,106.94,105.51,106.23,5565
1538265600,106.23,107.12,105.51,107.12,5277
1538352000,107.12,107.29,104.62,105.51,7807
1538438400,104.8,105.87,104.45,105.51,6121
1538524800,105.51,105.51,104.27,104.98,7175
1538611200,104.27,104.98,103.91,104.27,3001
1538870400,103.56,104.09,102.67,103.38,4547
1538956800,102.67,103.56,102.49,103.02,3667
1539043200,103.56,103.56,101.42,101.95,8437
1539129600,101.42,102.67,101.42,102.67,1880
1539216000,102.31,102.67,101.95,101.95,2455
1539475200,101.95,102.67,101.95,102.67,1681
1539561600,101.95,102.49,101.95,102.13,5756
1540080000,101.95,102.84,101.95,101.95,1406
1540166400,102.49,102.49,101.6,101.95,1496
1540252800,101.6,101.95,101.6,101.78,1168
1540339200,101.42,101.78,101.06,101.06,8418
1540425600,101.06,101.78,100.88,100.88,2338
1540684800,100.88,100.88,99.1,99.46,7115
1540771200,99.28,99.82,98.39,98.57,7411
1540857600,98.39,99.28,96.26,96.79,12078
1540944000,96.79,96.97,96.08,96.26,5436
1541030400,95.72,95.72,92.87,93.05,39698
1541289600,92.7,93.76,92.34,92.34,7964
1541376000,92.34,94.65,92.34,92.34,9845
1542153600,87.0,87.71,86.11,87.71,25293
1542240000,87.71,89.13,87.35,88.24,26284
1542499200,87.89,88.42,86.82,87.71,22836
1542585600,87.53,87.71,87.18,87.18,19318
1542672000,87.18,87.35,86.64,87.18,12851
1542758400,87.18,87.18,86.82,87.18,7414
1542844800,87.18,87.53,86.46,86.46,4338
1543104000,86.63,87.0,85.57,85.57,15220
1543190400,85.57,86.46,85.57,86.29,20816
1543276800,85.96,87.18,85.57,87.18,13666
1543363200,86.98,87.71,86.46,87.53,17415
1543449600,87.19,87.19,86.46,86.46,4317
1543708800,86.6,86.64,85.93,86.29,8489
1543795200,86.29,87.35,86.29,86.82,13976
1543881600,86.82,87.18,86.29,87.18,5129
1544054400,86.11,87.53,86.11,87.53,15568
1544313600,87.53,87.71,86.64,87.35,15170
1544400000,87.35,87.35,86.82,87.35,8105
1544486400,87.35,87.71,86.82,87.35,4636
1544572800,87.35,87.35,87.0,87.18,4156
1544659200,87.18,87.53,86.82,87.53,7650
1544918400,87.53,88.07,87.53,88.07,15071
1545004800,88.07,89.85,87.53,89.49,26200
1545091200,89.49,89.49,87.89,88.07,24874
1545177600,88.07,88.96,87.89,88.42,9454
1545264000,88.42,89.31,88.42,88.78,29180
1545523200,88.78,90.38,87.71,89.49,39336
1545609600,89.49,90.02,88.24,88.96,17392
1545696000,88.96,88.96,88.07,88.42,1721
1545782400,88.42,89.49,87.89,88.96,35347
1545868800,88.96,89.67,87.35,88.6,34286
1546214400,88.96,90.35,88.48,89.61,11857
1546300800,89.61,89.98,88.67,89.61,19960
1546387200,89.61,89.98,89.05,89.61,12066
1546473600,89.61,91.29,89.42,90.35,53154
1546732800,90.35,90.91,89.42,89.42,5640
1546819200,89.42,90.35,89.42,90.35,13571
1546905600,90.35,90.73,89.05,89.42,15975
1546992000,89.42,90.35,89.05,89.79,18678
1547078400,89.79,90.17,89.23,89.61,19087
1547337600,89.61,90.17,89.05,89.79,11369
1547424000,89.79,89.79,88.86,88.86,10127
1547510400,88.86,90.35,88.86,90.35,21772
1547596800,90.35,90.35,89.23,89.79,1612
1547683200,89.79,89.79,88.67,89.42,33108
1547942400,89.42,89.61,88.86,89.61,5762
1548028800,89.61,89.42,87.92,88.48,14688
1548115200,88.48,88.86,87.92,88.86,19259
1548201600,88.86,89.23,87.92,88.67,11589
1548288000,88.67,88.67,87.74,88.3,17048
1548547200,88.3,88.3,87.36,87.74,10205
1548633600,87.74,87.92,87.55,87.55,2809
1548720000,87.55,87.74,87.18,87.74,13887
1548806400,87.74,87.92,87.18,87.92,10097
1548892800,87.92,87.92,87.18,87.36,9361
1549152000,87.18,87.55,86.62,87.36,8593
1549238400,87.74,87.74,86.62,86.99,19780
1549324800,86.62,87.18,86.62,87.18,6005
1549411200,86.8,87.18,86.8,86.99,2252
1549497600,86.8,86.99,86.05,86.62,12726
1549756800,86.43,86.62,85.31,85.87,11812
1549843200,86.24,86.43,85.49,86.24,4859
1549929600,86.05,86.62,85.49,86.62,4782
1550016000,86.43,86.62,85.31,85.68,6860
1550102400,85.31,85.68,84.75,85.12,11234
1550361600,85.12,85.49,84.37,85.12,4797
1550448000,85.12,85.12,84.18,84.75,13725
1550534400,84.75,86.05,84.18,85.87,10662
1550620800,85.49,85.87,84.56,85.12,4388
1550707200,84.75,85.12,84.37,84.56,6024
1550966400,84.56,84.93,83.81,84.93,8066
1551052800,84.56,84.93,84.18,84.75,3951
1551139200,84.37,84.75,83.44,84.37,16044
1551225600,84.18,84.56,83.81,84.18,21677
1551571200,84.18,84.56,83.81,84.56,7443
1551744000,84.18,84.56,83.81,84.37,14623
1551830400,84.0,84.37,84.0,84.37,2602
1551916800,84.0,85.12,84.0,85.12,14099
1552089600,84.75,85.49,84.75,85.12,1717
1552176000,84.75,85.49,84.75,85.12,1717
1552262400,85.12,86.43,85.12,86.43,10986
1552348800,86.8,87.74,85.68,86.8,12590
1552435200,87.55,87.92,86.43,86.43,9617
1552521600,85.68,86.8,85.31,86.62,2154
1552780800,86.43,87.18,85.49,86.99,16896
1552867200,86.99,86.99,85.87,86.05,6512
1552953600,85.68,86.24,85.49,86.24,6461
1553126400,86.43,86.43,85.49,85.49,4636
1553385600,85.49,86.62,85.49,85.68,3510
1553472000,85.31,86.24,85.31,86.05,3860
1553558400,85.68,86.43,85.49,86.05,5792
1553644800,86.05,87.18,85.68,87.18,3984
1553731200,86.8,87.36,85.68,86.43,8572
1553990400,86.05,86.8,86.05,86.43,14590
1554076800,86.05,86.8,85.68,86.8,6273
1554163200,86.62,86.99,86.24,86.62,6025
1554249600,86.24,86.43,85.87,86.43,3907
1554336000,86.05,86.43,85.87,86.43,6214
1554595200,86.24,87.55,85.68,87.18,4217
1554681600,87.18,87.18,86.05,86.43,3315
1554768000,86.24,86.24,85.31,86.05,9900
1554854400,85.87,86.05,85.68,85.68,3064
1554940800,85.49,86.43,85.49,86.24,4552
1555286400,86.05,86.05,85.31,85.68,3277
1555372800,85.49,86.24,85.49,86.24,4922
1555459200,86.24,86.62,85.68,85.68,19572
1555545600,85.49,86.43,85.31,86.05,10621
1555804800,85.87,86.43,85.49,86.43,7088
1555891200,86.24,86.24,85.49,85.68,14127
1555977600,85.31,86.05,85.31,86.05,12889
1556064000,85.68,85.68,84.93,85.31,13051
1556150400,85.31,86.24,85.12,85.68,25422
1556409600,85.49,87.18,85.31,87.18,42335
1556496000,86.8,86.8,85.31,86.62,22537
1556582400,86.24,88.11,85.87,86.99,37885
1556755200,87.36,87.92,85.87,86.99,37099
1557014400,86.62,86.99,86.24,86.8,11187
1557100800,86.62,86.99,86.05,86.8,6173
1557187200,86.8,87.18,86.43,87.18,5412
1557273600,87.55,87.55,85.87,86.8,7435
1557360000,87.18,87.18,86.24,86.24,11153
1557619200,86.05,86.62,85.68,86.62,10211
1557705600,86.62,87.74,85.87,87.18,34980
1557792000,87.36,88.86,87.36,87.92,44008
1557878400,87.92,88.11,87.36,87.92,18718
1557964800,87.92,89.05,87.36,88.48,47925
1558224000,88.48,89.23,88.11,88.67,24404
1558310400,88.3,89.05,87.92,88.67,20732
1558396800,88.3,90.91,88.3,90.35,101120
1558483200,90.17,93.16,90.17,93.16,175271
1558569600,93.72,94.28,90.73,91.48,70734
1558828800,92.04,92.04,89.61,89.98,21026
1558915200,90.35,90.35,89.42,89.98,9761
1559001600,89.42,91.1,89.05,90.35,21629
1559088000,89.79,90.91,89.79,90.54,20404
1559174400,91.1,91.85,89.79,90.35,38805
1559433600,89.79,90.35,89.42,90.35,9947
1559520000,89.79,89.79,89.23,89.79,3759
1559606400,89.42,89.61,88.67,89.42,15250
1559779200,89.23,89.61,88.67,89.61,10594
1560211200,89.05,89.42,88.48,88.86,21316
1560297600,89.05,89.05,88.48,89.05,16368
1560384000,88.48,88.86,88.11,88.67,8699
1560643200,88.67,88.67,87.74,87.92,13935
1560729600,87.74,89.61,87.55,88.86,2488
1560816000,88.48,89.05,88.48,88.86,3423
1560902400,89.05,89.05,88.48,88.48,1952
1560988800,88.11,88.86,88.11,88.67,4195
1561248000,88.48,88.67,87.92,88.11,9670
1561334400,89.42,89.42,87.18,87.74,8536
1561420800,87.55,88.3,87.55,88.3,6287
1561507200,87.92,88.3,87.74,88.3,2985
1561593600,87.92,88.11,87.55,88.11,11226
1561852800,87.74,88.11,87.55,87.92,5362
1561939200,87.55,87.92,86.99,87.92,5843
1562025600,88.11,88.3,87.74,88.3,3817
1562112000,88.67,88.86,86.99,88.3,15632
1562198400,88.11,88.3,87.18,87.92,19440
1562457600,87.74,88.11,87.36,87.74,11495
1562544000,87.36,87.92,87.36,87.92,14572
1562630400,87.55,87.92,87.18,87.92,4573
1562716800,87.74,87.92,87.36,87.92,9831
1562803200,87.55,87.74,86.99,87.36,27923
1563062400,86.99,87.74,86.8,86.8,10064
1563148800,86.43,87.55,86.43,87.18,11110
1563235200,88.48,88.48,87.36,87.74,600
1563321600,87.36,87.74,87.18,87.74,24942
1563408000,87.74,87.74,87.36,87.36,12095
1563667200,87.36,87.55,86.99,87.55,23063
1563753600,87.55,87.74,87.18,87.55,7375
1563840000,87.55,87.74,87.36,87.74,8720
1563926400,87.74,87.92,86.99,87.92,11565
1564012800,87.55,87.74,86.8,86.99,16810
1564272000,86.62,87.18,86.24,86.24,22353
1564358400,86.24,87.18,86.24,86.8,11204
1564444800,87.18,87.18,86.43,86.99,12433
1564531200,86.62,87.36,86.24,87.18,15109
1564617600,87.18,87.18,86.24,86.8,16150
1564876800,86.62,86.62,86.24,86.62,5631
1564963200,86.43,86.99,86.05,86.43,6151
1565049600,86.05,86.43,86.05,86.43,5206
1565136000,86.24,86.43,85.49,85.49,38666
1565222400,85.68,86.05,85.12,85.68,36074
1565481600,84.56,85.87,84.56,85.49,19028
1565568000,84.56,85.87,84.56,85.87,8356
1565654400,85.87,85.87,85.31,85.87,2239
1565740800,85.87,86.05,85.31,85.49,5479
1565827200,85.12,85.49,85.12,85.49,2701
1566086400,85.87,86.05,84.75,85.31,10191
1566172800,85.31,85.49,84.93,85.49,5715
1566259200,85.49,85.49,84.37,85.49,23671
1566345600,85.31,85.31,84.18,84.56,7810
1566432000,84.37,84.93,84.18,84.93,26279
1566691200,85.31,85.31,84.37,84.93,2063
1566777600,84.56,84.93,84.37,84.37,6207
1566864000,84.37,84.93,84.37,84.75,2425
1566950400,84.56,84.56,83.81,84.37,16105
1567036800,84.75,84.75,83.62,84.18,16820
1567296000,83.81,84.18,82.5,83.62,31821
1567382400,83.62,83.81,82.5,82.88,18043
1567468800,83.25,83.62,82.13,83.06,34742
1567555200,83.44,83.81,82.13,83.06,51099
1567641600,83.06,83.25,81.75,82.69,71673
1567900800,82.5,82.5,81.75,82.13,9249
1567987200,82.13,82.32,81.75,82.32,15311
1568073600,82.5,82.5,81.75,81.94,8255
1568160000,81.94,82.5,81.75,82.5,8032
1568246400,82.32,82.5,81.57,82.5,26119
1568505600,82.13,82.13,81.38,81.57,9480
1568592000,81.57,81.57,81.19,81.38,7472
1568678400,81.38,83.25,81.38,83.25,15860
1568764800,84.18,84.18,82.32,83.62,17181
1568851200,83.62,83.62,82.32,82.88,10858
1569110400,82.69,82.69,81.94,82.69,3876
1569196800,82.32,82.5,82.13,82.5,4556
1569283200,82.69,82.69,81.75,82.5,4602
1569456000,82.13,82.5,81.38,82.5,14229
1569715200,82.32,82.69,81.94,82.69,3698
1569801600,82.32,82.5,81.75,82.32,5123
1569888000,82.13,82.5,81.94,82.5,5407
1569974400,82.13,82.32,81.94,82.32,9115
1570060800,82.13,82.5,81.94,82.5,1610
1570665600,82.13,82.32,81.94,81.94,2357
1571011200,81.75,82.13,81.38,81.94,4022
1571097600,81.57,82.69,81.57,82.69,2298
1571184000,82.5,82.69,82.13,82.5,5407
1571270400,82.5,82.5,81.57,82.13,43512
1571616000,82.13,82.13,81.01,81.75,45944
1571702400,81.38,81.75,81.19,81.57,4246
1571788800,81.57,82.13,81.19,81.94,7937
1571875200,81.57,82.13,81.19,81.94,5086
1572480000,81.94,81.94,81.19,81.57,12453
1572739200,81.57,81.57,81.19,81.57,6880
1572825600,81.38,81.57,81.19,81.38,9218
1572912000,81.01,81.38,81.01,81.38,9597
1572998400,81.38,81.57,80.82,81.19,19730
1573084800,80.82,81.19,80.63,80.82,16957
1573344000,80.82,81.19,80.63,81.01,5865
1573430400,80.63,81.57,80.63,81.19,11337
1573516800,81.01,81.57,80.45,81.01,16397
1573603200,80.63,80.82,80.26,80.82,20874
1573689600,80.82,80.82,80.45,80.63,2737
1573948800,80.26,80.63,80.07,80.63,28882
1574035200,80.45,80.82,80.26,80.82,9026
1574121600,81.01,81.01,80.07,80.82,6715
1574208000,81.19,81.19,79.89,80.45,42914
1574294400,80.82,81.01,79.89,80.26,20869
1574553600,80.26,81.01,79.89,81.01,11361
1574640000,81.19,81.19,79.89,80.26,13111
1574726400,80.07,80.26,79.7,79.7,23154
1574812800,80.07,80.82,80.07,80.45,3378
1574899200,80.07,80.26,79.89,80.07,11692
1575158400,79.7,80.07,79.7,79.7,10879
1575244800,80.07,80.07,79.7,79.89,13153
1575331200,80.26,80.63,79.7,80.07,15239
1575417600,79.7,80.82,79.7,80.26,6501
1575504000,79.89,80.45,79.89,80.45,9159
1575763200,80.07,80.45,79.7,80.45,3310
1575849600,80.07,81.75,79.89,81.38,32043
1575936000,81.01,81.19,80.45,80.82,19923
1576022400,81.19,81.19,80.26,81.19,16742
1576108800,81.19,82.69,80.45,82.13,60885
1576368000,82.32,82.5,81.38,81.94,16917
1576454400,81.57,81.75,81.01,81.38,22209
1576540800,81.57,81.57,81.01,81.38,8875
1576627200,81.19,81.38,81.01,81.38,9330
1576713600,81.01,81.38,81.01,81.38,3138
1576972800,81.19,81.19,80.63,81.19,39397
1577059200,80.82,81.38,80.82,81.38,24646
1577145600,81.57,81.75,80.82,81.19,9134
1577232000,81.19,81.19,80.82,81.19,2646
1577318400,81.19,81.19,80.63,81.19,5856
1577577600,81.01,81.01,80.63,81.01,6160
1577664000,80.82,81.01,80.63,81.01,6832
1577750400,81.94,81.94,80.63,81.57,9844
1577836800,81.19,81.57,80.82,81.57,1958
1577923200,81.57,81.57,80.82,81.19,5164
1578182400,80.82,81.94,80.82,81.38,34793
1578268800,81.19,81.75,80.82,81.75,25080
1578355200,81.75,82.69,81.19,82.13,47772
1578441600,82.5,82.5,81.57,82.13,19436
1578528000,81.75,82.13,81.57,81.94,24541
1578787200,81.57,83.44,81.57,83.44,70009
1578873600,83.62,84.93,82.88,84.18,100000
1578960000,84.18,84.56,83.06,84.18,68773
1579046400,84.56,85.68,84.18,84.93,77565
1579132800,85.12,85.31,84.18,84.93,42525
1579392000,85.31,85.68,84.56,85.68,73008
1579478400,85.49,85.49,84.37,84.93,44348
1579564800,84.93,84.93,84.0,84.75,23253
1579651200,84.93,84.93,83.62,84.18,29676
1579737600,84.0,84.0,83.25,83.25,23037
1579996800,83.44,83.44,82.5,82.88,26051
1580083200,82.5,83.44,82.5,83.06,24932
1580169600,83.06,83.81,82.88,83.06,10095
1580256000,82.88,83.06,82.5,82.88,18555
1580342400,83.06,83.44,82.5,83.25,31570
1580601600,82.88,83.62,82.88,83.44,45128
1580688000,83.44,84.37,83.06,84.0,62895
1580774400,84.37,84.75,83.44,84.37,81084
1580860800,84.0,85.12,83.81,84.75,73525
1580947200,85.87,85.87,84.18,84.56,34385
1581206400,84.37,84.75,84.18,84.56,40806
1581292800,84.37,84.75,84.37,84.56,15236
1581379200,84.75,86.24,84.37,85.68,174666
1581465600,85.31,85.87,85.12,85.87,114753
1581552000,85.87,86.8,85.49,86.24,122134
1581811200,86.24,86.62,85.31,86.43,66640
1581897600,87.55,87.74,86.05,87.36,114830
1581984000,88.67,88.67,86.43,86.99,105022
1582070400,86.8,86.99,86.24,86.8,26483
1582156800,86.8,86.8,86.24,86.43,34770
1582416000,86.8,87.36,86.62,87.18,49557
1582502400,87.18,87.18,86.24,86.24,31515
1582588800,86.62,88.67,86.62,88.67,223803
1582675200,87.36,91.29,87.36,89.79,224163
1582761600,90.35,90.91,89.05,89.23,126588
1583020800,89.23,89.79,87.18,87.92,95285
1583107200,87.55,87.55,86.43,86.43,21618
1583193600,86.43,87.74,85.68,86.99,54372
1583280000,86.62,87.18,85.31,85.87,55136
1583366400,85.49,85.87,84.56,85.49,61204
1583798400,85.12,85.12,84.0,84.56,21685
1583884800,84.93,86.62,83.25,86.24,151499
1583971200,86.05,86.24,84.0,84.75,220997
1584230400,84.67,84.67,81.79,83.51,40358
1584316800,83.51,83.8,82.36,82.94,16277
1584403200,82.65,82.94,81.79,82.36,34355
1584489600,82.07,82.07,80.92,81.79,25548
1584576000,82.36,82.94,80.63,82.94,28815
1584835200,82.36,85.24,81.79,85.24,2980
1593388800,84.67,84.67,82.07,82.07,18585
1593475200,81.5,83.8,81.5,83.8,12030
1593561600,84.38,86.11,84.38,86.11,2462
1593648000,85.53,85.53,85.53,85.53,520
1593907200,85.53,85.53,82.36,82.65,15777
1593993600,82.07,83.23,82.07,83.23,12327
1594080000,83.23,84.09,82.36,83.51,22979
1594166400,82.94,83.8,82.36,82.94,7724
1594252800,82.36,82.94,82.36,82.65,7458
1594512000,83.23,83.23,82.36,82.36,14069
1594598400,82.36,82.65,82.07,82.65,15455
1594684800,82.65,82.65,82.07,82.65,4164
1594771200,82.07,83.51,82.07,82.94,14281
1594857600,82.36,84.38,82.36,84.38,15332
1595116800,84.95,85.53,84.95,85.53,980
1595203200,86.11,87.84,83.51,84.09,36110
1595289600,83.51,84.67,82.65,84.09,26421
1595376000,84.38,84.38,82.65,84.38,18120
1595462400,85.82,85.82,82.36,83.8,19065
1595721600,83.8,84.09,82.94,83.8,21776
1595808000,83.51,84.09,82.36,82.94,40952
1595894400,82.36,83.51,82.36,83.23,12008
1595980800,83.23,83.51,82.65,82.94,16848
1596067200,82.94,84.09,82.65,83.51,24604
1596326400,84.09,85.24,82.65,82.65,31426
1596412800,82.65,82.94,82.65,82.65,7816
1596585600,82.36,82.94,82.36,82.36,7446
1596672000,84.09,84.09,82.07,82.94,9930
1596931200,82.36,83.51,82.36,82.65,10312
1597017600,82.36,83.51,82.36,82.94,38920
1597104000,83.51,83.51,82.36,82.94,10433
1597190400,82.36,82.94,82.36,82.36,7052
1597276800,82.94,82.94,82.07,82.94,13553
1597536000,82.36,84.38,82.07,84.09,43239
1597622400,84.09,84.38,82.94,83.51,17963
1597708800,83.51,83.51,82.94,83.51,10482
1597795200,82.94,83.51,82.65,82.94,23459
1597881600,82.94,83.8,82.65,83.51,14048
1598140800,82.94,83.51,82.65,83.23,13477
1598227200,83.23,83.51,82.65,83.23,15705
1598313600,83.23,83.23,82.65,82.94,16915
1598400000,84.38,84.38,82.94,83.51,69452
1598486400,83.8,84.09,83.23,83.51,36324
1598745600,83.51,85.53,83.23,84.67,59030
1598832000,84.67,87.84,84.67,86.39,95849
1599004800,86.68,89.85,86.39,89.85,246759
1599091200,91.58,93.6,87.55,88.41,132381
1599350400,89.85,91.29,88.41,89.85,183534
1599436800,89.56,90.72,88.41,88.7,78562
1599523200,88.41,89.56,87.84,89.28,41721
1599609600,89.28,89.28,87.84,88.7,43654
1599696000,88.41,89.28,87.55,88.99,55919
1599955200,89.28,92.44,88.41,91.58,167806
1600041600,91.58,95.04,91.58,93.02,236641
1600128000,93.6,94.75,91.87,93.31,74711
1600214400,93.6,97.05,91.58,96.77,232984
1600300800,98.49,101.09,96.48,101.09,357818
1600560000,102.24,102.24,96.19,97.05,153765
1600646400,97.05,99.07,94.46,97.63,112401
1600732800,95.61,98.49,95.61,96.48,121760
1600819200,97.34,99.36,95.9,99.07,119816
1600905600,99.94,103.68,99.07,103.68,411213
1601164800,103.68,108.58,103.68,105.12,456868
1601251200,107.71,108.58,105.7,106.56,200075
1601337600,109.15,109.15,105.12,107.71,202900
1601424000,107.71,110.59,106.85,109.44,374315
1601510400,109.73,110.88,107.14,107.71,206307
1601769600,110.02,110.02,104.83,106.27,195571
1601856000,106.56,110.59,105.41,109.73,403315
1601942400,110.59,115.2,110.31,114.34,421269
1602028800,114.92,120.39,114.92,120.39,346020
1602115200,120.97,123.56,116.36,116.36,207701
1602374400,119.53,119.53,111.17,111.75,473446
1602460800,110.88,114.05,109.73,112.03,210116
1602547200,113.76,113.76,109.44,110.31,132058
1602633600,113.19,113.19,105.98,106.85,183030
1602720000,109.44,110.59,106.85,107.43,130838
1602979200,106.56,108.58,105.41,105.7,78443
1603065600,106.27,110.88,106.27,110.88,199934
1603152000,113.76,116.64,112.61,115.2,354556
1603238400,115.2,116.36,113.19,113.76,176702
1603324800,113.76,117.22,112.9,116.36,397238
1603843200,116.36,117.51,114.05,117.22,204202
1603929600,116.93,118.37,116.64,117.22,239983
1604188800,120.39,123.56,118.66,120.97,705372
1604275200,121.54,122.12,119.81,120.39,209542
1604361600,120.97,120.97,119.53,120.1,203018
1604448000,120.39,122.69,119.81,122.41,212113
1604534400,122.98,128.17,122.12,127.88,561848
1604793600,129.32,133.93,127.02,131.05,436201
1604880000,132.49,132.49,127.59,131.05,397525
1604966400,134.79,134.79,128.74,130.47,357956
1605052800,134.22,134.22,129.9,132.2,434572
1605139200,135.66,135.66,131.34,132.2,346728
1605657600,131.38,132.89,127.75,128.96,279744
1605744000,128.36,133.5,128.05,131.08,195398
1606003200,135.01,135.01,128.36,129.26,183171
1606089600,129.26,131.08,129.26,130.78,75850
1606176000,132.29,133.2,129.26,129.26,124483
1606262400,130.47,132.29,129.57,130.78,116565
1606348800,130.47,132.29,128.36,128.96,166672
1606608000,128.96,130.47,127.15,128.66,181757
1606694400,131.38,133.8,127.15,131.99,183454
1606780800,135.92,135.92,128.66,130.78,143738
1606867200,130.78,131.38,128.96,129.57,125016
1606953600,128.05,130.47,127.15,128.36,112348
1607212800,127.75,128.96,124.73,124.73,66176
1607299200,124.73,127.45,121.4,125.63,97896
1607385600,126.24,132.59,126.24,130.47,280753
1607472000,134.41,134.41,128.96,129.57,151051
1607558400,128.05,131.08,128.05,128.36,40415
1607817600,131.99,131.99,127.15,128.05,92834
1607904000,127.45,128.05,126.24,126.84,68025
1607990400,127.45,129.26,126.54,126.84,70344
1608076800,130.47,130.47,124.73,125.94,65419
1608163200,125.63,129.87,124.73,125.63,107640
1608422400,129.26,129.26,121.1,121.1,98076
1608508800,118.68,124.12,118.07,122.31,66995
1608595200,123.52,125.33,122.31,125.03,71360
1608681600,126.24,127.45,121.7,122.31,78313
1608768000,123.52,124.73,122.0,122.61,42139
1609027200,123.82,124.42,120.49,121.4,54529
1609113600,122.0,124.42,120.19,123.82,77906
1609200000,124.42,125.63,123.82,124.42,67546
1609286400,123.21,124.73,123.21,123.82,40253
1609372800,127.15,127.15,123.52,124.73,90155
1609632000,125.94,127.15,124.12,125.94,144944
1609718400,127.15,128.66,125.94,126.54,84222
1609804800,127.75,131.99,126.54,131.38,229180
1609891200,132.59,134.1,129.26,129.26,119274
1609977600,130.47,130.78,128.36,128.66,80831
1610236800,130.47,130.47,128.05,128.66,72634
1610323200,127.75,129.87,127.75,128.66,115726
1610409600,125.94,129.57,125.94,129.26,60387
1610496000,128.96,133.2,128.96,131.99,176852
1610841600,132.59,133.5,131.08,131.68,104766
1610928000,135.62,135.62,130.17,130.47,80909
1611014400,130.47,131.38,129.57,130.17,61463
1611100800,130.47,132.59,129.26,131.99,111655
1611187200,133.5,138.64,130.78,138.64,340011
1611446400,138.03,147.11,138.03,141.06,350466
1611532800,145.29,145.29,137.13,138.34,166603
1611619200,141.06,142.57,137.73,138.94,337000
1611705600,141.06,142.57,137.13,138.34,175446
1611792000,138.34,141.36,136.22,137.13,94765
1612051200,135.62,135.92,132.59,134.1,117585
1612137600,134.1,136.22,133.5,135.31,64444
1612224000,136.52,138.34,135.31,135.62,91788
1612310400,137.13,141.97,134.71,138.03,231046
1612396800,138.03,141.06,135.92,140.15,144591
1612656000,141.66,144.08,140.45,142.27,340912
1612742400,143.48,145.29,139.85,140.76,129930
1612828800,142.57,142.57,137.73,138.03,93493
1612915200,138.03,139.24,136.82,138.03,82907
1613001600,138.03,139.24,136.82,137.13,96696
1613260800,137.13,138.94,136.22,136.52,67217
1613347200,138.03,144.39,135.31,140.15,198774
1613433600,141.06,142.27,138.64,138.94,161480
1613520000,137.43,138.64,137.43,138.34,70824
1613606400,137.13,138.64,137.13,137.43,104558
1613865600,138.94,142.27,138.94,140.45,310192
1613952000,142.57,143.48,140.76,141.66,369490
1614038400,145.9,150.44,143.18,150.44,747743
1614124800,154.67,154.67,144.69,147.11,551352
1614211200,147.11,150.13,145.29,145.9,377271
1614470400,150.44,150.44,140.15,140.15,310140
1614556800,140.45,143.48,138.34,142.87,260043
1614643200,143.18,144.08,137.73,138.94,183361
1614729600,141.97,141.97,136.22,138.03,133903
1614816000,138.94,141.06,138.34,140.76,134863
1615075200,139.55,141.06,137.43,138.34,141475
1615248000,138.34,141.06,137.13,139.55,205109
1615334400,135.31,144.99,135.31,142.57,314328
1615680000,138.03,147.11,138.03,142.57,235012
1615766400,147.11,147.11,140.76,141.36,129043
1615852800,140.45,144.08,140.15,141.36,93922
1615939200,145.6,145.6,140.76,141.36,89995
1616025600,145.6,145.6,141.06,141.36,92684
1616284800,145.6,145.6,141.06,141.66,123237
1616371200,141.66,142.57,141.06,141.36,101288
1616457600,141.36,147.11,141.06,144.69,331939
1616544000,146.5,150.13,146.5,149.23,529911
1616630400,150.13,150.74,145.9,147.41,267513
1616976000,148.62,148.62,145.6,146.2,122788
1617062400,147.11,148.02,145.9,147.11,163662
1617148800,148.02,149.23,147.11,148.92,244068
1617235200,149.23,157.39,149.23,154.67,707427
1617494400,156.18,157.39,151.95,152.55,225415
1617580800,155.58,155.58,149.83,151.04,203847
1617667200,152.25,154.67,149.53,152.86,247582
1617753600,153.46,155.28,151.04,151.65,130876
1617840000,150.74,152.55,150.74,151.34,116203
1618185600,152.86,153.16,150.74,151.34,194614
1618272000,151.04,157.39,151.04,155.88,507390
1618444800,157.7,159.81,154.67,157.7,370351
1618704000,159.21,160.12,156.49,157.7,244057
1618790400,156.18,158.6,155.58,156.18,199489
1618876800,159.21,159.21,155.28,158.3,242039
1618963200,153.16,166.17,153.16,162.23,428608
1619049600,167.68,167.68,159.81,161.63,254262
1619308800,162.23,162.23,156.18,156.79,302408
1619395200,154.67,157.39,151.65,152.55,319389
1619481600,152.55,161.93,151.95,161.02,335355
1619568000,161.93,162.23,157.39,158.91,174058
1619654400,159.21,160.12,157.09,159.21,171062
1619913600,160.42,161.63,158.6,161.02,209419
1620000000,155.58,166.77,155.58,163.44,1060250
1620086400,165.26,165.26,160.72,161.93,401848
1620172800,162.84,164.35,161.63,162.84,496544
1620259200,163.44,164.05,160.12,160.42,433473
1620518400,162.23,162.23,156.49,157.39,326754
1620604800,156.49,159.21,156.49,157.7,226662
1620691200,160.12,160.12,157.39,158.91,577295
1620777600,160.35,166.22,160.35,165.83,477795
1620864000,167.39,168.17,164.65,165.43,234461
1621123200,166.22,166.22,163.09,163.87,240542
1621209600,165.04,167.0,163.09,166.22,290584
1621296000,172.09,176.78,166.61,176.0,472440
1621382400,178.35,178.35,167.0,170.91,364917
1621468800,170.91,171.7,167.78,169.35,232982
1621728000,169.35,172.09,165.83,170.13,320245
1621814400,172.09,173.65,169.35,170.52,206417
1621900800,171.7,178.35,169.74,176.78,448920
1622073600,177.96,190.09,173.65,190.09,1178500
1622332800,195.57,204.57,192.44,195.96,1006860
1622419200,203.4,203.4,183.83,185.39,662815
1622505600,186.18,190.09,183.44,185.39,338878
1622592000,185.39,190.09,183.44,190.09,334985
1622678400,193.61,193.61,183.83,184.22,270354
1622937600,188.13,188.13,175.61,179.52,342420
1623024000,177.96,191.26,177.96,189.31,336507
1623110400,189.31,194.4,188.53,189.7,364804
1623196800,191.66,200.27,185.39,192.05,465193
1623283200,199.48,206.92,190.87,203.79,969119
1623542400,207.31,217.49,203.4,216.31,718726
1623628800,223.75,231.18,212.4,228.84,1191290
1623715200,230.79,230.79,216.31,218.66,662883
1623801600,210.05,222.18,201.44,208.49,736173
1623888000,211.22,217.49,201.44,211.22,505568
1624147200,213.18,216.7,201.44,206.53,456901
1624233600,206.53,209.66,194.79,195.57,521902
1624320000,199.48,210.83,192.44,210.05,364146
1624406400,210.44,213.18,199.88,203.01,264405
1624492800,203.4,206.92,197.14,200.27,234677
1624752000,203.4,204.96,197.53,197.53,261840
1624838400,204.96,204.96,192.83,194.4,253762
1624924800,193.61,196.35,187.35,188.53,246149
1625011200,188.53,192.05,182.65,189.31,215342
1625097600,191.66,199.09,189.7,195.18,300261
1625356800,199.48,199.88,189.31,190.87,144466
1625443200,189.7,192.44,186.18,187.35,129167
1625529600,194.4,194.4,185.39,186.96,86901
1625616000,187.74,189.31,183.05,183.83,122421
1625702400,186.57,190.09,182.65,185.79,124783
1625961600,187.74,197.53,187.74,197.53,196813
1626048000,197.92,203.01,190.09,193.22,224387
1626134400,193.22,197.92,190.87,194.79,85278
1626220800,195.57,196.74,193.61,196.74,119216
1626307200,197.53,205.35,196.35,200.66,326534
1626566400,203.01,205.75,201.83,203.4,229607
1626652800,206.14,208.88,203.4,206.96,341502
1626739200,208.09,212.79,204.18,210.83,356851
1626912000,213.96,214.75,208.88,209.27,272552
1627171200,212.01,212.44,207.62,212.01,323406
1627257600,213.18,219.37,211.22,216.7,517464
1627344000,217.1,232.75,213.57,230.4,1022918
1627430400,234.12,237.92,223.75,226.1,620392
1627516800,226.1,226.84,221.01,224.88,388051
1627776000,228.48,233.53,225.71,228.84,562022
1627862400,232.55,234.71,225.9,227.66,325742
1627948800,230.79,244.49,224.92,243.71,950319
1628035200,247.7,263.79,247.7,263.79,1447672
1628121600,268.17,272.67,258.23,258.97,1037392
1628380800,262.1,280.57,256.23,280.57,1388891
1628467200,285.31,300.85,282.06,289.89,855879
1628553600,293.41,293.8,277.76,282.45,842878
1628640000,285.58,296.93,280.89,291.06,842791
1628726400,293.41,293.41,284.8,287.93,660607
1628985600,283.04,285.58,265.39,277.8,1175489
1629072000,279.71,293.76,279.71,290.2,763623
1629158400,295.13,305.15,291.06,293.41,1341240
1629244800,297.33,303.55,287.54,289.5,985423
1629331200,289.5,291.45,279.71,283.2,596038
1629763200,282.84,282.84,264.45,264.84,609900
1629849600,260.42,269.54,255.8,262.1,494204
1629936000,266.49,282.45,262.1,276.97,410230
1630195200,281.28,281.28,266.02,268.36,571765
1630368000,269.93,269.93,259.36,261.48,531501
1630454400,261.48,269.15,255.84,258.78,424353
1630540800,262.89,262.89,246.45,249.97,613640
1630800000,250.52,250.52,229.28,230.19,400225
1630886400,230.19,248.92,226.73,248.92,352895
1630972800,252.25,257.0,241.0,249.65,395281
1631059200,249.7,252.25,244.03,244.9,190334
1631145600,248.92,260.46,244.9,257.05,346746
1631404800,261.33,278.45,261.33,278.45,590234
1631491200,283.13,288.57,269.98,271.28,528339
1631577600,275.82,275.82,266.09,268.85,214707
1631664000,268.68,269.98,262.06,262.63,231390
1631750400,262.63,262.63,250.52,254.41,525367
1632096000,250.52,254.41,235.38,237.11,360064
1632182400,233.26,250.52,228.03,243.6,395237
1632268800,247.49,259.56,247.49,257.0,275751
1632355200,260.46,260.9,250.52,255.71,287371
1632614400,254.84,255.71,241.91,243.17,256164
1632700800,247.14,254.84,234.52,236.25,252408
1632787200,233.65,243.6,220.68,223.71,326705
1632873600,224.57,241.78,221.98,241.78,514439
1632960000,245.72,249.65,232.57,234.52,235356
1633219200,238.32,242.21,228.89,230.62,338736
1633305600,228.89,233.61,222.84,228.25,167560
1633392000,228.25,235.38,227.6,231.06,122186
1633478400,233.65,238.84,229.54,237.11,177721
1633824000,240.57,244.46,230.19,231.06,124466
1633910400,229.33,230.19,224.66,228.46,116592
1634428800,231.92,233.22,225.87,228.03,41747
1634515200,228.03,228.03,217.65,221.5,182485
1634601600,218.52,218.52,207.27,212.89,252759
1634688000,215.92,222.84,215.06,221.54,165513
1634774400,224.87,224.87,214.62,223.27,137696
1635033600,226.73,231.49,220.25,229.76,181796
1635120000,233.22,243.6,229.41,241.87,297767
1635206400,245.76,251.82,241.0,244.9,291565
1635292800,245.85,250.52,234.08,244.9,356498
1635379200,244.46,254.8,239.71,252.25,276654
1635638400,256.14,268.68,250.52,263.92,450857
1635724800,265.65,267.82,254.84,255.71,344774
1635811200,259.17,261.68,250.95,260.9,284143
1635897600,265.22,276.03,262.19,272.14,551444
1636329600,276.47,279.49,272.14,273.87,245456
1636416000,272.14,272.14,257.87,263.49,437634
1636588800,259.17,262.63,251.82,254.41,298347
1636848000,258.6,260.9,249.65,257.0,263213
1636934400,261.29,267.38,260.03,262.19,260059
1637020800,262.19,269.98,257.87,268.25,455303
1637107200,272.75,272.92,263.06,263.49,388095
1637193600,259.6,266.09,259.17,260.64,217470
1637452800,260.64,265.65,259.6,261.76,120962
1637539200,265.61,265.61,260.03,261.29,170070
1637625600,261.33,261.76,255.71,256.57,207607
1637712000,256.57,260.46,250.09,258.3,346950
1637798400,259.17,261.33,254.84,254.89,141727
1638057600,252.68,255.28,244.9,246.58,334217
1638144000,246.63,253.5,245.11,246.19,174468
1638230400,250.09,250.09,242.3,246.19,131549
1638316800,249.65,250.78,246.19,248.53,147269
1638403200,252.03,252.03,240.57,241.87,184584
1638662400,241.87,245.33,231.92,232.35,248270
1638748800,231.06,240.53,226.3,239.23,301431
1638835200,241.87,243.6,233.7,235.38,229217
1638921600,233.65,236.25,228.03,228.46,119360
1639008000,228.89,231.06,224.14,227.42,202778
1639267200,225.87,228.89,216.01,217.13,171302
1639353600,213.76,218.52,207.7,209.22,254711
1639440000,211.6,225.44,211.16,225.44,113772
1639526400,228.89,233.22,220.76,225.48,324500
1639612800,226.73,226.73,217.22,217.65,167764
1639958400,217.65,221.11,212.89,216.35,133791
1640044800,219.81,223.71,216.44,222.06,100032
1640131200,225.61,237.46,222.84,236.25,270703
1640217600,240.1,241.44,231.06,235.34,287019
1640476800,235.38,239.71,232.83,234.52,208918
1640563200,237.5,237.54,227.17,228.03,261231
1640649600,224.57,233.22,224.57,230.19,175848
1640736000,231.92,236.68,228.16,235.38,209153
1641081600,237.54,247.49,235.38,244.9,377918
1641168000,248.92,250.09,242.13,245.76,390115
1641254400,247.06,249.78,242.34,248.36,234910
1641340800,250.52,252.68,244.9,249.22,350463
1641427200,249.22,255.49,245.33,255.28,337718
1641686400,259.17,267.82,257.44,266.13,570449
1641772800,270.58,270.58,260.03,261.76,375628
1641859200,261.76,266.95,260.46,263.88,329975
1641945600,268.25,270.41,261.33,263.49,479364
1642032000,263.92,272.14,261.33,270.41,445951
1642291200,274.95,277.33,268.25,274.3,568473
1642377600,278.93,285.5,271.28,283.38,749417
1642464000,288.14,288.14,276.98,282.52,505764
1642550400,282.95,286.41,276.47,278.2,370597
1642636800,278.2,281.66,274.35,280.79,338157
1642896000,282.95,285.55,276.51,277.76,346555
1642982400,276.47,277.76,266.52,269.11,726575
1643068800,267.82,273.4,264.44,267.82,436548
1643155200,272.31,272.31,261.76,264.36,326513
1643241600,268.77,268.77,263.92,266.52,216970
1643500800,270.97,279.49,270.97,279.06,485814
1643587200,280.79,282.52,273.44,273.87,205486
1643673600,274.74,286.84,270.89,281.22,639178
1643846400,285.98,291.6,282.09,283.82,928168
1644105600,284.25,285.11,278.63,280.36,471351
1644192000,280.79,282.09,276.47,278.2,321698
1644278400,282.87,287.28,272.14,272.57,608160
1644364800,272.57,276.03,268.12,270.41,163741
1644451200,270.45,273.87,266.95,269.98,280105
1644710400,265.57,266.09,259.17,261.33,423866
1644796800,259.17,266.52,259.17,263.06,226699
1644883200,267.43,273.87,263.49,273.87,225080
1644969600,273.87,278.2,267.82,269.11,400633
1645056000,265.65,273.4,265.65,267.86,121812
1645315200,263.36,269.98,259.95,264.57,321830
1645401600,264.79,269.76,264.79,269.55,182696
1645488000,273.87,273.87,268.25,269.98,194149
1645574400,266.09,272.14,266.09,268.03,173749
1645660800,268.25,268.68,261.81,263.92,232542
1645920000,268.34,268.9,262.19,264.4,188964
1646006400,268.81,272.57,257.48,258.69,318283
1646179200,258.73,259.17,249.22,250.91,270857
1646524800,250.52,257.0,248.4,251.82,231771
1646611200,250.52,254.41,248.36,250.09,127110
1646784000,250.09,253.98,245.76,252.68,206132
1646870400,253.2,265.61,250.6,264.79,332982
1647129600,269.2,269.98,263.06,263.49,586287
1647216000,264.36,265.18,260.46,261.76,107448
1647302400,261.76,263.06,256.7,256.79,244458
1647388800,259.12,259.17,252.25,253.98,221484
1647734400,258.17,260.9,253.98,255.28,175891
1647820800,257.87,261.98,253.98,259.17,181741
1647907200,263.49,263.49,255.71,256.14,149197
1647993600,258.73,259.17,255.28,255.71,123535
1648080000,256.14,257.65,250.95,251.99,212658
1648339200,256.14,256.14,243.6,244.85,586214
1648425600,249.21,254.93,244.69,247.7,250535
1648512000,251.86,251.86,241.67,241.85,107311
1648598400,241.85,246.8,237.64,245.89,111966
1648684800,248.91,248.91,238.12,239.26,73195
1648944000,241.61,241.61,231.43,232.63,52936
1649030400,236.25,236.25,229.14,230.04,49286
1649116800,230.22,230.22,219.07,223.89,137046
1649203200,221.79,227.81,217.57,218.89,100302
1649289600,221.18,224.8,217.57,220.58,92360
1649635200,224.44,227.81,215.76,215.82,95861
1649721600,219.37,219.37,209.73,210.94,66515
1649808000,213.29,214.61,206.72,213.05,92940
1650153600,216.36,216.36,209.13,209.13,76631
1650240000,209.13,210.33,202.02,202.08,96001
1650326400,204.25,207.92,195.87,204.91,114998
1650412800,205.51,207.92,199.0,199.49,71239
1650499200,199.49,202.5,194.66,195.87,102298
1650758400,198.88,212.87,195.87,212.44,175020
1650844800,216.12,221.97,207.32,212.08,181132
1650931200,213.95,214.55,206.72,208.53,133067
1651017600,208.53,210.94,206.78,210.21,69899
1651104000,212.14,212.75,206.06,206.72,90958
1651449600,208.53,208.53,199.49,199.49,95855
1651622400,199.49,201.6,192.5,197.08,96312
1651708800,194.06,198.82,191.65,193.28,87431
1651968000,193.28,202.86,190.45,200.69,55652
1652054400,203.7,206.12,198.88,201.17,84840
1652140800,200.69,211.54,200.09,209.73,80720
1652227200,209.73,219.37,207.92,219.37,127983
1652313600,222.99,222.99,213.05,213.89,97370
1652745600,216.36,216.36,203.7,203.7,100731
1652832000,203.7,212.14,200.69,211.0,103864
1652918400,210.94,213.23,205.51,205.51,66165
1653004800,205.51,210.94,203.7,206.12,89137
1653264000,206.12,207.32,200.69,201.9,75991
1653350400,202.5,209.13,201.29,205.51,74456
1653436800,209.07,209.07,204.91,207.32,85640
1653523200,207.32,209.13,203.77,207.32,45751
1653609600,208.53,208.53,201.35,202.62,91619
1653868800,204.31,204.31,194.66,197.62,108372
1653955200,194.66,199.49,193.16,196.47,97365
1654041600,196.47,199.43,193.52,196.47,67778
1654128000,197.08,198.28,193.46,194.42,49268
1654214400,191.65,195.87,186.23,188.64,136695
1654473600,190.45,193.46,187.61,188.64,94843
1654560000,186.23,189.84,182.61,183.52,66832
1654646400,185.02,197.26,183.21,192.86,168080
1654732800,194.66,199.18,190.75,190.75,130758
1654819200,190.14,191.65,186.23,189.3,55146
1655078400,188.64,191.59,186.83,187.98,46426
1655164800,189.84,189.84,183.27,184.42,55781
1655251200,182.01,185.08,179.06,180.08,77367
1655337600,179.6,185.62,177.79,182.61,56754
1655424000,184.42,185.02,179.6,180.26,18773
1655596800,179.6,180.8,173.27,174.78,58175
1655683200,176.58,176.58,168.33,169.35,91436
1655769600,168.45,177.79,168.45,175.86,84920
1655856000,176.52,177.19,169.96,169.96,67088
1655942400,167.12,169.35,163.39,164.17,107460
1656028800,161.52,168.75,157.06,164.53,94653
1656201600,167.3,177.19,164.71,176.58,136538
1656288000,179.6,181.41,171.16,171.16,98607
1656374400,174.05,174.05,167.12,168.15,67555
1656460800,170.86,174.72,167.0,174.11,70212
1656547200,175.98,182.61,172.43,180.8,142475
1656633600,182.55,185.02,177.13,179.0,52836
1656806400,176.58,188.16,176.58,186.23,126419
1656892800,189.36,198.28,181.89,187.43,240769
1656979200,187.43,192.25,181.29,181.41,117022
1657065600,184.42,184.42,176.28,183.76,84408
1657152000,185.62,189.24,181.35,181.41,69073
1657238400,184.42,184.42,176.1,176.58,49165
1657497600,173.57,173.57,168.15,169.35,120708
1657584000,170.56,175.98,166.52,170.56,91642
1657670400,172.37,177.73,170.56,177.19,100815
1657756800,180.2,181.41,174.78,176.58,75180
1657843200,176.58,176.58,170.98,173.27,96160
1658016000,176.16,176.16,168.93,171.46,96194
1658102400,171.76,180.14,171.04,179.0,235506
1658188800,180.8,182.01,177.19,178.39,214474
1658275200,179.6,179.6,176.22,176.58,155363
1658361600,176.58,177.19,173.57,175.38,112624
1658448000,177.79,177.79,171.46,171.82,104625
1658620800,171.76,178.39,171.76,177.49,151153
1658707200,177.91,186.23,177.85,185.02,346446
1658793600,185.02,189.84,179.6,180.8,288063
1658880000,180.8,187.91,178.27,186.23,285928
1658966400,188.64,193.46,183.64,188.64,494557
1659052800,188.64,191.65,186.23,188.04,114666
1659225600,190.45,191.23,185.75,188.04,299030
1659312000,190.99,197.68,187.73,191.05,465917
1659398400,193.46,193.94,188.64,192.68,176331
1659484800,195.87,204.31,191.65,199.97,527501
1659571200,199.49,203.7,194.66,197.08,443504
1659657600,196.04,199.49,192.92,194.06,202145
1659830400,197.38,197.38,192.37,194.18,167492
1659916800,197.08,197.68,190.57,191.05,242756
1660003200,189.84,192.86,186.23,186.29,203060
1660089600,183.21,187.43,182.61,186.23,166162
1660176000,183.27,188.04,181.47,181.47,116521
1660435200,179.0,183.03,177.19,178.69,110544
1660521600,180.14,186.83,177.19,186.83,175432
1660608000,189.84,191.05,181.47,182.01,194162
1660694400,185.08,185.62,180.8,183.21,94330
1660780800,185.02,191.05,183.88,190.45,288685
1661040000,193.7,193.82,190.45,191.65,363159
1661126400,191.65,193.82,189.24,191.65,200862
1661212800,194.0,194.0,190.57,192.8,197692
1661299200,191.95,195.87,190.87,193.16,291334
1661385600,190.45,194.6,187.55,188.64,152557
1661472000,187.01,188.7,184.0,184.48,120033
1661644800,186.23,186.23,177.73,178.39,242602
1661731200,175.98,181.41,175.98,179.6,113983
1661817600,176.52,183.88,176.52,177.79,78653
1661904000,180.2,180.2,173.63,174.17,96352
1661990400,174.17,182.61,171.76,177.79,112830
1662076800,180.8,180.8,174.78,176.52,67074
1662249600,178.39,179.6,175.38,176.28,60074
1662336000,176.28,178.39,174.17,174.78,53988
1662422400,176.58,176.58,168.75,168.81,163829
1662508800,171.64,172.91,166.34,166.94,103734
1662595200,169.71,171.76,165.74,169.59,84768
1662854400,172.31,172.31,165.74,166.22,94395
1662940800,168.99,168.99,162.72,163.93,99481
1663027200,161.58,167.54,161.58,165.25,93427
1663113600,164.53,173.51,164.53,171.7,180015
1663200000,172.97,173.57,162.12,163.93,317116
1663286400,162.12,162.72,158.5,160.49,123219
1663459200,162.9,162.9,157.3,157.42,148803
1663632000,154.83,156.7,151.87,153.38,143723
1663718400,153.38,157.3,152.48,154.04,87076
1663804800,155.37,155.49,152.6,152.66,76107
1664064000,153.68,153.68,148.5,148.86,68003
1664236800,148.86,152.72,148.86,150.85,51060
1664323200,151.27,153.62,150.01,150.07,47421
1664409600,151.87,152.96,150.67,151.27,53974
1665273600,151.27,157.42,149.46,157.42,88950
1665360000,158.5,160.31,152.9,153.86,69937
1665446400,155.49,155.49,151.75,152.48,27612
1665532800,154.29,155.49,150.67,154.89,73768
1665619200,156.7,157.42,153.08,154.04,48706
1665878400,156.58,156.58,151.87,152.48,48594
1665964800,152.48,153.68,150.55,150.97,35905
1666137600,151.87,151.87,147.66,148.56,70362
1666224000,146.51,149.46,146.45,148.38,41756
1666483200,148.26,150.07,147.66,149.46,27822
1667174400,151.87,151.87,148.26,148.8,30748
1667260800,149.46,156.7,149.46,155.49,124060
1667347200,157.3,160.31,153.68,155.79,136203
1667433600,155.49,158.5,153.68,154.89,76588
1667692800,152.48,159.11,152.36,158.2,103013
1667779200,158.5,162.72,158.5,159.11,153586
1667865600,157.36,161.52,157.36,158.87,72543
1667952000,159.11,161.22,154.1,154.89,110957
1668038400,156.09,156.39,151.81,152.48,90190
1668297600,150.67,154.53,150.67,152.24,47933
1668384000,150.79,155.49,150.79,155.49,43769
1668470400,156.7,157.66,152.48,153.08,51424
1668556800,153.08,155.49,153.08,154.29,32120
1668643200,156.82,158.5,155.55,158.2,135049
1669075200,160.25,162.72,155.67,157.9,69447
1669161600,157.84,157.84,153.68,155.49,43184
1669248000,155.25,157.3,154.29,156.7,68691
1669507200,159.29,159.29,154.1,157.6,58945
1669593600,157.9,159.71,155.49,156.09,77242
1669680000,157.9,157.9,154.29,156.7,44835
1669766400,155.49,157.0,154.89,155.49,53958
1669852800,153.26,160.61,153.26,155.49,41949
1670112000,156.64,157.9,155.43,155.49,54503
1670198400,155.49,156.7,152.96,153.68,59698
1670284800,153.68,154.77,151.87,152.96,37374
1670371200,153.14,154.89,151.87,152.18,46265
1670716800,150.67,151.81,149.46,149.52,67442
1670803200,150.13,152.6,148.56,152.48,52494
1670889600,152.48,153.08,150.67,153.08,35836
1670976000,153.08,153.08,150.67,152.48,73733
1671062400,153.62,153.62,150.07,150.13,34879
1671321600,148.38,150.97,148.26,149.46,102166
1671408000,149.46,150.67,147.66,150.07,23879
1671494400,151.27,151.27,148.86,150.07,36728
1671580800,149.46,150.97,148.26,148.56,32153
1671667200,148.56,150.07,147.48,148.2,42036
1672012800,150.61,158.14,149.95,154.89,180487
1672099200,157.42,164.47,156.46,161.76,381990
1672185600,164.47,164.47,157.3,159.83,167287
1672272000,159.71,166.34,158.5,165.8,187455
1672531200,168.15,171.1,163.57,167.54,325636
1672617600,167.54,171.28,164.53,168.75,143592
1672704000,167.54,173.39,166.52,169.35,187018
1672790400,169.35,174.6,168.93,174.29,238825
1672876800,176.52,182.61,172.97,179.54,324170
1673136000,182.55,189.24,177.25,187.43,520212
1673222400,187.43,196.17,185.62,194.06,420210
1673308800,197.38,203.52,185.02,192.25,723404
1673481600,195.57,199.25,186.95,190.45,510318
1673913600,193.7,205.27,193.7,205.21,805545
1674000000,208.53,215.76,208.53,210.94,640766
1674086400,212.14,213.35,206.12,208.47,310826
1674432000,209.13,210.33,200.87,202.2,374466
1674518400,201.96,204.31,195.51,202.5,322545
1674604800,206.0,206.72,200.87,202.5,180816
1674691200,204.85,206.72,201.96,203.1,216573
1674950400,200.09,204.91,198.28,201.29,189275
1675036800,204.79,206.72,197.68,198.88,268081
1675123200,196.47,201.29,196.47,198.82,183064
1675209600,202.26,202.26,197.08,198.28,137891
1675296000,198.88,200.09,192.86,193.46,172069
1675555200,195.87,198.04,194.06,194.66,143938
1675641600,194.06,195.87,192.31,193.16,72022
1675728000,194.66,206.12,194.66,204.31,322313
1675814400,207.86,210.94,203.7,204.97,340566
1675900800,206.12,208.23,202.5,207.92,196932
1676160000,206.72,206.72,198.34,200.69,267328
1676332800,200.75,201.9,197.68,198.82,157080
1676419200,198.88,201.29,197.68,198.28,216100
1676505600,201.49,201.68,196.31,196.95,192595
1676851200,197.6,197.6,191.84,192.42,103397
1677024000,192.42,200.19,192.42,198.9,120182
1677110400,196.31,198.9,192.42,195.01,104391
1677369600,193.07,197.6,187.88,195.01,149115
1677456000,191.77,198.9,191.12,193.2,139651
1677542400,196.5,196.95,193.78,195.01,61452
1677628800,193.07,196.31,192.42,193.0,43554
1677715200,193.0,194.88,189.18,189.63,60897
1677974400,189.83,191.77,184.32,184.65,100717
1678147200,186.59,188.53,184.65,188.47,79981
1678320000,189.18,196.31,189.18,195.66,130326
1678579200,197.02,199.55,194.1,194.36,126920
1678665600,194.36,196.83,190.48,192.36,102785
1678752000,194.36,195.59,191.12,192.48,70064
1678838400,192.74,194.36,190.48,191.71,51306
1678924800,192.1,194.88,189.83,193.46,72685
1679184000,192.42,194.82,192.16,192.48,63739
1679270400,195.14,197.6,194.36,196.95,108879
1679443200,198.9,200.19,195.01,195.66,85387
1679529600,195.66,195.66,192.42,193.72,57545
1679788800,191.12,194.43,191.06,192.74,59399
1679875200,193.07,195.59,189.5,195.01,88852
1679961600,197.54,198.25,194.56,195.98,133454
1680048000,199.35,199.35,191.77,194.43,43359
1680134400,195.01,196.63,191.77,192.42,35878
1680393600,192.42,197.28,190.48,191.06,68598
1680480000,189.31,191.12,187.24,188.47,82318
1680566400,187.88,189.76,185.94,187.88,93745
1680652800,190.48,191.77,185.94,189.12,57399
1680739200,190.48,190.48,187.24,188.27,59283
1680998400,185.94,187.88,183.54,184.65,85579
1681084800,182.7,186.91,182.7,185.23,58572
1681171200,185.29,189.05,185.16,188.86,63448
1681257600,189.83,197.6,189.83,196.95,157450
1681344000,199.09,199.68,191.77,192.42,103948
1681603200,193.07,195.01,189.25,192.1,50157
1681689600,189.18,192.42,189.18,190.28,40395
1681776000,190.48,191.77,187.88,188.53,44574
1681862400,189.18,191.77,189.18,190.48,38705
1681948800,190.48,192.42,187.24,187.24,35777
1682208000,187.24,187.3,183.67,184.65,72931
1682294400,186.59,188.47,183.41,185.29,49325
1682380800,187.24,188.86,185.55,186.59,51065
1682467200,187.88,188.53,185.29,185.94,41254
1682553600,187.88,187.88,184.65,185.88,35423
1682812800,184.65,184.97,181.41,181.41,79804
1682985600,182.7,183.35,178.94,179.46,46209
1683072000,180.11,181.41,175.57,176.22,41051
1683158400,176.22,179.85,174.93,176.22,54223
1683417600,174.99,177.52,174.93,174.93,24892
1683504000,174.93,175.57,171.23,172.92,58559
1683590400,174.86,177.52,172.4,175.57,60786
1683676800,177.39,177.52,173.63,175.45,31206
1683763200,173.05,175.38,173.05,174.02,28102
1684022400,175.57,176.22,169.74,169.87,57995
1684108800,170.39,174.21,165.92,169.74,88306
1684195200,171.62,173.63,168.45,173.63,37594
1684281600,171.04,176.22,171.04,174.93,63821
1684368000,174.93,180.11,174.28,180.11,90922
1684627200,181.41,183.16,177.19,178.49,131151
1684713600,180.69,180.69,176.22,178.81,42504
1684800000,178.81,184.0,178.81,183.74,96631
1684886400,185.94,185.94,180.17,181.41,81806
1685232000,181.41,184.0,179.01,179.46,61183
1685404800,181.41,181.41,174.02,174.28,91839
1685491200,171.36,177.52,170.39,172.34,126150
1685577600,174.28,176.55,170.72,173.31,58716
1685836800,176.22,182.05,175.96,178.23,53028
1685923200,177.52,180.76,175.57,175.57,56326
1686009600,174.41,178.43,174.41,178.1,69376
1686096000,178.81,181.54,178.17,178.75,73794
1686182400,176.87,180.76,176.87,177.78,41396
1686441600,178.81,182.05,177.78,180.76,132447
1686528000,181.99,188.4,181.41,185.94,205356
1686614400,185.94,191.06,183.35,190.15,180943
1686700800,191.77,197.73,189.18,193.0,322799
1686787200,193.07,196.31,188.21,191.12,156323
1687046400,187.88,195.66,187.88,193.0,224697
1687132800,191.12,194.49,189.83,193.07,115732
1687219200,195.34,195.34,186.59,186.72,182475
1687305600,189.83,191.12,185.29,186.52,165657
1687392000,189.7,194.36,186.14,187.76,198066
1687651200,187.95,193.07,182.7,193.07,271392
1687737600,196.37,196.37,187.88,190.86,145988
1687824000,188.53,191.12,187.88,190.15,146648
1687910400,193.39,196.31,188.47,188.66,316707
1688256000,191.77,191.9,184.71,184.97,178560
1688342400,184.65,186.59,179.46,180.11,214754
1688428800,181.41,184.58,179.72,180.11,139037
1688515200,183.09,183.09,174.28,175.25,185169
1688601600,178.23,178.23,172.01,174.28,329037
1688860800,177.69,185.94,175.96,178.68,226615
1688947200,181.32,181.41,175.24,175.51,119170
1689033600,175.96,178.68,174.15,175.06,91453
1689120000,176.87,186.76,175.06,185.03,199257
1689206400,188.66,190.48,178.68,180.5,126946
1689465600,183.22,183.22,177.96,178.68,51262
1689552000,181.41,184.04,179.14,181.77,93444
1689638400,185.03,185.03,180.68,182.31,73631
1689724800,181.41,182.31,178.68,179.59,75349
1689811200,181.41,182.77,176.87,179.68,88593
1690070400,183.22,185.94,180.5,183.22,128875
1690156800,185.94,193.65,181.5,189.57,253696
1690243200,190.48,193.2,186.85,191.38,140043
1690329600,193.92,193.92,185.94,185.94,89914
1690416000,188.21,188.21,181.41,182.31,101123
1690675200,185.85,185.85,176.33,179.5,140157
1690761600,181.41,182.22,177.87,179.59,47449
1690848000,178.68,180.95,175.06,176.87,54835
1690934400,177.78,177.78,174.15,175.51,56955
1691020800,176.42,177.41,173.42,174.15,63551
1691280000,174.33,175.78,170.52,171.43,72374
1691366400,173.24,173.97,168.25,172.24,76505
1691452800,172.34,174.15,167.8,168.71,65044
1691539200,168.71,170.52,166.08,169.61,50217
1691625600,171.16,173.79,168.8,171.43,54528
1691884800,170.52,173.15,168.71,169.61,39544
1691971200,172.97,172.97,168.71,169.61,41863
1692057600,169.16,170.52,165.99,166.08,54740
1692144000,165.99,166.89,161.45,165.08,54704
1692230400,165.08,165.08,161.18,161.45,75026
1692489600,161.45,163.27,156.92,157.82,67021
1692576000,159.18,159.18,155.1,155.1,48085
1692662400,155.56,161.45,154.29,159.82,66079
1692748800,158.91,166.44,157.82,164.17,88445
1692835200,165.08,165.99,158.73,160.09,63019
1693094400,161.45,161.45,155.28,156.01,118813
1693180800,154.29,160.54,154.2,155.1,98801
1693267200,156.92,158.19,153.74,154.2,76199
1693353600,156.01,156.01,152.38,155.1,85688
1693699200,156.92,156.92,151.66,152.38,53364
1693785600,154.2,155.1,151.29,152.38,37910
1693872000,152.38,153.29,150.57,151.38,27204
1694044800,149.84,151.47,149.84,149.93,57270
1694304000,151.47,155.92,149.66,151.38,46883
1694390400,153.29,153.56,149.66,153.29,64889
1694476800,155.01,155.92,151.93,152.02,33054
1694563200,153.29,164.63,151.93,164.63,105729
1694908800,164.63,164.63,158.19,158.91,81090
1694995200,158.73,162.09,156.92,160.54,49623
1695081600,160.54,171.16,157.82,169.61,115914
1695254400,171.43,181.41,171.43,176.87,264719
1695513600,176.87,181.5,168.71,171.25,181111
1695600000,167.89,176.15,167.89,170.7,65421
1695686400,173.24,181.41,173.24,176.42,238341
1695772800,179.86,179.86,171.43,175.96,145578
1696118400,172.52,174.15,168.8,169.61,91820
1696204800,171.43,174.15,166.89,174.06,76451
1696291200,170.7,172.34,167.98,168.71,30334
1696377600,168.71,175.06,167.89,170.52,42642
1696464000,168.71,172.06,167.17,168.71,37189
1696723200,165.35,168.8,160.54,160.73,71156
1696809600,159.64,161.9,157.82,158.37,72129
1696896000,156.01,158.73,156.01,156.83,35819
1696982400,158.73,158.73,155.1,156.73,48813
1697068800,154.29,159.64,153.29,155.1,54984
1697414400,152.83,156.01,150.57,151.93,73028
1697500800,152.38,158.37,152.38,156.19,42181
1697587200,157.82,158.73,155.37,156.92,44470
1697673600,155.01,158.64,150.93,155.92,54796
1698537600,154.2,155.1,151.93,153.2,23792
1698624000,150.84,154.2,150.84,154.01,28009
1698710400,152.47,154.1,151.66,153.29,24779
1698796800,152.38,155.1,152.38,154.01,14481
1698883200,152.38,154.1,151.47,153.29,36265
1699142400,151.47,152.38,149.75,150.11,32290
1699228800,151.38,153.11,149.66,152.38,19550
1699315200,154.2,155.37,152.2,152.38,21550
1699401600,155.37,155.37,152.56,153.29,12114
1699488000,154.2,154.2,151.2,152.38,21506
1700438400,149.39,150.93,142.22,145.4,145957
1700524800,147.85,147.85,141.68,142.4,62446
1700611200,144.22,144.22,140.32,143.31,44226
1700697600,144.22,145.12,142.4,144.22,82684
1700956800,144.22,150.66,144.22,150.11,155630
1701043200,150.11,152.29,147.57,148.03,155066
1701129600,150.11,150.57,147.85,148.75,109484
1701216000,148.75,148.75,145.12,145.12,83352
1701302400,142.22,147.85,141.5,142.31,136142
1701561600,145.12,146.03,141.5,142.68,52723
1701648000,140.77,146.03,140.77,142.4,71798
1701734400,140.95,144.22,140.95,142.77,65889
1701820800,141.5,144.22,140.59,144.22,132396
1701907200,144.58,147.76,142.59,146.03,139369
1702166400,148.93,157.28,148.93,156.01,71729
1702252800,156.83,158.91,151.66,155.56,393700
1702339200,158.64,161.36,152.93,159.64,226829
1702425600,162.81,164.99,158.73,161.09,187159
1702512000,159.27,161.9,156.1,159.18,128113
1702771200,157.82,172.97,154.2,172.34,518010
1702857600,174.15,182.31,173.33,174.15,587392
1702944000,177.6,177.6,170.7,174.24,207336
1703030400,176.87,181.41,172.34,174.42,400817
1703116800,176.87,177.32,170.07,170.07,292204
1703376000,172.34,173.88,166.89,167.8,306649
1703635200,171.16,174.15,163.27,163.27,200208
1703721600,165.08,165.08,159.64,160.54,271910
1704067200,161.45,163.72,159.27,160.54,139801
1704153600,160.54,161.45,157.37,158.28,249035
1704240000,158.28,165.17,158.28,165.08,228192
1704326400,168.25,171.61,165.08,165.99,189419
1704585600,167.8,174.24,167.17,167.35,329000
1704672000,170.52,173.24,166.17,169.16,195187
1704758400,170.98,174.15,165.8,168.71,343662
1704844800,171.88,171.88,165.08,165.9,143020
1704931200,166.89,169.61,164.17,167.8,253584
1705190400,170.52,176.42,170.52,175.96,402898
1705363200,173.24,185.94,173.24,182.22,821079
1705449600,185.03,185.85,175.42,175.51,589730
1705536000,172.34,183.22,172.24,179.59,480594
1705795200,181.41,192.74,179.59,185.94,1009989
1705881600,185.94,195.01,185.03,190.93,1148957
1705968000,194.74,201.27,191.38,197.73,826821
1706054400,201.63,201.63,190.29,191.38,507284
1706140800,192.29,193.11,185.94,189.57,435590
1706400000,193.29,193.29,186.67,189.3,251123
1706486400,190.48,194.1,186.85,187.76,469326
1706572800,190.48,191.38,186.85,187.76,430346
1706659200,188.21,191.38,184.58,184.94,324592
1706745600,185.94,185.94,179.68,180.23,372910
1707004800,180.5,183.49,176.96,179.14,185914
1707091200,179.14,183.95,179.14,180.5,136985
1707177600,181.41,185.49,181.41,183.22,176832
1707264000,186.85,186.85,182.31,184.49,134579
1707350400,184.49,184.49,180.95,182.31,386327
1707609600,185.94,185.94,179.68,180.05,191351
1707696000,180.14,184.13,180.14,183.22,164294
1707782400,183.4,184.94,178.68,178.68,249134
1707868800,178.68,181.32,176.42,178.05,135428
1707955200,177.78,179.59,176.05,177.05,167268
1708214400,177.05,178.68,171.43,172.34,182646
1708387200,172.34,174.15,170.52,170.79,140170
1708473600,172.79,173.24,168.71,168.98,107413
1708560000,172.34,172.34,165.26,165.71,136028
1708819200,165.71,166.89,158.73,161.9,168121
1708905600,164.17,165.99,160.54,164.08,107236
1708992000,163.27,166.89,163.27,164.17,145129
1709078400,165.08,166.89,162.09,162.45,73474
1709164800,162.81,164.63,158.73,160.18,183421
1709424000,160.54,160.54,157.82,159.46,103413
1709510400,162.36,175.33,162.36,175.33,23832
1709596800,178.68,178.68,165.99,168.62,246540
1709683200,165.99,173.24,165.08,170.07,126770
1709769600,173.24,175.06,168.98,169.61,103854
1710028800,172.97,175.06,168.71,170.52,76086
1710201600,172.34,174.6,171.25,173.7,109798
1710288000,174.6,176.87,171.43,173.33,141916
1710374400,176.78,176.78,170.52,170.79,84425
1710633600,170.98,174.33,168.71,169.52,112547
1710720000,172.88,172.88,166.44,169.16,44837
1710806400,169.16,170.7,166.62,166.89,68803
1710892800,170.16,170.16,164.17,165.08,134701
1710979200,163.36,167.8,163.36,164.17,64761
1711324800,165.99,165.99,162.0,162.0,63637
1711411200,162.36,163.72,161.45,162.36,70877
1711497600,165.53,165.53,162.36,162.81,76228
1711584000,165.99,165.99,161.36,161.9,82530
1711843200,161.54,163.27,159.18,159.18,74235
1711929600,159.18,160.54,158.28,158.37,96679
1712016000,161.45,161.45,157.73,159.55,77640
1712102400,158.73,159.64,157.64,159.46,80963
1712188800,160.54,160.54,156.28,156.92,126042
1712448000,156.46,158.73,156.46,157.91,79571
1712620800,159.18,160.73,157.82,160.45,100318
1712707200,159.82,162.72,159.64,159.64,80088
1713052800,159.64,161.45,157.37,157.73,53425
1713139200,157.82,159.64,156.1,156.19,42180
1713225600,156.19,156.92,154.2,155.37,65358
1713398400,154.29,155.56,152.29,152.29,57297
1713657600,151.47,158.46,151.47,158.46,71354
1713744000,160.54,160.54,154.29,154.92,43640
1713916800,155.1,156.01,153.11,155.65,40255
1714003200,156.83,156.83,153.29,153.74,44787
1714262400,154.2,155.1,153.02,155.1,72673
1714348800,158.19,158.19,153.02,153.92,43152
1714435200,156.92,157.82,151.29,156.01,90284
1714608000,159.09,159.09,153.2,153.29,77730
1714867200,153.29,155.1,149.66,152.11,83736
1714953600,155.1,155.1,148.39,148.39,110280
1715040000,148.75,150.48,147.21,147.39,50652
1715126400,146.94,149.57,146.94,147.39,57476
1715212800,146.94,149.39,146.94,148.12,45154
1715472000,151.02,153.38,148.75,152.38,127385
1715558400,155.37,156.83,152.38,155.1,92681
1715644800,158.19,160.54,154.2,160.18,99404
1715731200,163.36,163.36,155.56,156.55,92456
1715817600,158.73,158.73,154.38,154.38,57581
1716076800,157.46,160.36,156.01,157.82,101527
1716163200,160.91,162.36,157.82,159.37,120958
1716249600,162.54,162.54,157.37,160.18,58253
1716336000,163.27,163.27,157.82,160.54,84333
1716681600,163.72,163.72,157.46,157.82,92141
1716768000,160.91,160.91,155.56,156.92,85640
1716940800,160.0,161.45,153.83,156.01,89604
1717027200,153.47,157.37,152.47,153.47,83097
1717286400,156.46,156.46,152.38,152.38,73202
1717372800,155.37,156.46,151.84,152.38,73043
1717459200,155.37,155.37,151.47,153.2,90721
1717545600,156.19,156.19,150.66,151.47,74511
1717632000,154.47,154.47,150.57,151.47,82468
1717891200,148.57,154.2,148.57,151.66,84448
1717977600,149.66,159.18,149.66,157.64,169792
1718064000,160.73,161.45,156.92,159.64,109567
1718150400,160.54,162.09,156.73,159.64,90041
1718236800,159.64,159.64,156.46,156.92,78373
1718496000,159.91,159.91,154.29,157.64,91609
1718668800,159.64,159.64,155.19,156.73,92253
1718755200,159.82,159.82,154.29,155.56,63652
1718841600,157.82,157.82,153.29,153.29,70965
1719100800,152.93,155.1,152.38,154.01,83716
1719187200,157.01,157.01,151.47,154.47,93658
1719273600,154.47,156.73,153.47,156.01,93043
1719360000,158.73,158.73,151.47,152.83,86469
1719446400,155.83,155.83,149.84,150.66,121831
1719705600,148.75,153.29,148.75,150.48,114014
1719792000,150.11,151.47,148.93,150.48,108215
1719878400,153.47,165.08,153.47,156.46,116222
1719964800,157.82,157.82,153.92,155.1,71127
1720051200,152.02,157.82,152.02,155.1,106318
1720310400,158.19,158.19,153.83,155.1,75586
1720396800,154.29,156.92,154.29,154.56,73436
1720483200,157.64,157.64,153.29,155.1,106416
1720569600,156.92,157.37,154.83,156.28,95253
1720656000,156.92,159.73,156.92,159.73,172243
1720915200,162.9,172.97,160.54,170.52,351899
1721001600,172.34,181.32,170.7,173.24,605211
1721088000,173.24,190.48,173.24,189.93,883819
1721174400,193.65,194.1,183.22,189.39,744724
1721260800,193.11,196.83,188.48,190.48,842492
1721520000,188.66,195.19,187.76,190.66,522204
1721606400,194.47,203.54,188.48,199.55,830170
1721692800,203.54,214.97,199.55,213.97,1043530
1721779200,217.69,219.14,204.08,206.89,847574
1721865600,210.98,210.98,201.54,207.26,676251
1722124800,211.34,218.59,204.44,212.15,734555
1722211200,213.15,222.22,207.71,216.33,1020096
1722297600,220.59,224.04,209.52,218.59,819035
1722384000,221.86,239.64,221.32,234.1,1477229
1722470400,235.83,237.55,228.57,230.29,828114
1722816000,234.83,244.9,226.76,244.63,1362971
1722902400,249.43,249.43,226.76,226.85,1228937
1722988800,223.13,243.99,223.13,243.17,1010815
1723075200,245.8,258.5,243.08,250.25,1307915
1723334400,255.24,275.19,252.24,270.2,1406458
1723420800,270.2,294.78,270.2,290.25,1627746
1723507200,294.78,294.78,279.55,285.62,1353662
1723593600,291.25,314.1,291.25,314.1,2237172
1723680000,320.36,345.49,320.36,340.14,1734493
1723939200,346.94,353.74,326.53,332.88,2142354
1724198400,339.23,344.58,329.25,329.25,1243099
1724284800,335.78,338.59,328.44,333.06,899006
1724544000,339.68,351.93,331.07,332.88,2278787
1724716800,332.88,332.88,313.83,316.55,1459450
1724803200,316.55,328.34,312.93,313.83,962018
1724889600,320.09,320.09,299.32,304.31,1084119
1725148800,310.2,310.2,295.33,297.51,802824
1725235200,303.4,320.18,293.33,320.18,1225949
1725321600,326.53,328.34,315.74,319.27,744150
1725408000,325.62,325.62,305.67,307.39,719329
1725494400,308.39,311.11,299.5,303.95,676073
1725753600,304.76,310.2,298.41,299.32,389711
1725840000,299.32,301.13,290.34,291.16,661100
1725926400,294.78,299.23,286.62,288.44,502730
1726012800,294.15,294.15,281.18,282.99,469446
1726099200,281.18,302.04,281.18,297.51,589306
1726358400,303.4,309.3,287.35,292.97,765964
1726444800,298.78,298.78,285.35,289.07,453103
1726617600,289.34,291.97,281.81,287.53,335835
1726963200,293.24,302.04,285.71,286.53,299687
1727049600,292.24,292.24,278.46,278.91,378446
1727136000,279.37,282.99,272.2,273.02,446031
1727222400,273.02,281.72,268.57,278.46,405463
1727308800,272.93,272.93,251.25,257.69,1668374
1727568000,257.69,263.95,249.34,253.97,487941
1727654400,259.05,259.41,253.97,256.6,243263
1727740800,259.32,274.2,257.6,273.02,612401
1727827200,275.74,276.64,265.76,265.76,348725
1728172800,265.76,272.11,264.4,271.2,257587
1728259200,274.83,278.46,272.38,274.83,262692
1728345600,276.55,276.64,270.29,271.2,168359
1728432000,267.85,272.02,267.85,268.48,128800
1728950400,273.65,273.83,268.66,271.11,90654
1729036800,276.46,283.9,272.11,282.9,319074
1729123200,285.71,287.53,281.18,282.09,426103
1729382400,276.48,285.71,272.38,276.57,332686
1729468800,276.19,276.57,268.57,269.52,252091
1729555200,269.52,274.19,264.86,273.33,167680
1729641600,273.33,284.76,272.86,275.71,215165
1729728000,276.19,280.95,273.33,277.14,139795
1729987200,278.1,284.76,276.19,278.86,198315
1730073600,279.05,283.81,279.05,279.52,166292
1730160000,282.86,282.86,279.24,280.48,180151
1730246400,285.71,285.71,278.19,279.05,175332
1730764800,280.0,282.86,276.19,277.14,101216
1730851200,276.19,280.95,275.71,275.9,111418
1731196800,278.19,291.43,276.19,290.48,449721
1731283200,293.33,302.1,289.52,292.38,445338
1731369600,296.19,297.14,288.57,289.52,164943
1731456000,289.52,293.33,284.76,287.62,160461
1731542400,290.48,291.43,285.71,287.14,215064
1731801600,292.38,298.1,287.71,288.57,275272
1731974400,294.29,294.29,280.95,282.19,300482
1732060800,280.95,285.62,277.14,280.29,164883
1732147200,282.86,283.81,274.76,274.76,199748
1732406400,274.76,282.86,273.33,274.38,147796
1732492800,279.81,280.95,271.71,274.48,146097
1732579200,279.9,284.76,276.1,277.62,138235
1732665600,280.95,283.9,277.14,279.24,200549
1732752000,280.0,282.76,275.24,276.95,169222
1733011200,281.9,281.9,269.52,272.1,176112
1733097600,269.52,279.05,269.52,272.86,204411
1733184000,278.29,278.29,270.0,271.52,139222
1733270400,272.38,276.1,269.05,269.52,165408
1733356800,266.76,271.43,265.14,265.71,196864
1733616000,265.71,266.67,259.71,261.9,174390
1733702400,264.76,265.62,260.0,261.62,143288
1733788800,261.33,266.48,258.1,260.0,142747
1733875200,261.9,265.05,258.57,264.76,126093
1733961600,265.71,266.57,260.48,260.48,98358
1734307200,257.14,260.0,252.48,252.57,163827
1734393600,252.57,253.33,247.81,252.29,120356
1734480000,254.29,255.24,247.71,247.81,93147
1734566400,250.48,250.48,240.48,241.9,226106
1734825600,241.9,242.86,234.48,237.62,155606
1734912000,240.0,246.67,238.1,245.24,103043
1734998400,247.43,252.29,244.38,250.76,170510
1735171200,247.71,252.57,245.81,252.38,114080
1735430400,252.38,252.38,247.62,247.62,113072
1735603200,242.86,247.62,239.05,242.76,158332
1735689600,239.14,246.67,239.14,245.33,60545
1735776000,241.05,250.19,241.05,246.67,112435
1736035200,248.48,250.48,244.1,246.67,81935
1736121600,249.52,260.0,249.52,260.0,239895
1736208000,263.13,266.67,258.19,263.81,139075
1736294400,269.05,269.05,260.0,260.57,91988
1736380800,264.67,264.67,257.14,259.05,90467
1736640000,264.19,264.19,251.33,251.43,98566
1736726400,246.67,253.05,246.67,252.38,113713
1736899200,256.19,256.19,249.52,251.43,80852
1736985600,249.52,254.29,247.62,247.81,88684
1737244800,251.71,251.71,247.14,248.57,77618
1737331200,249.52,253.81,247.62,252.38,161479
1737417600,256.19,256.19,250.48,252.38,88968
1737504000,255.24,266.67,250.67,262.86,280865
1737590400,257.62,266.67,257.62,261.52,185920
1737849600,261.9,267.62,259.05,259.05,219485
1737936000,258.1,266.67,256.19,260.95,146653
1738022400,264.76,265.33,260.0,262.95,163976
1738454400,266.67,272.0,262.86,269.52,332202
1738540800,271.43,279.05,266.0,266.67,223297
1738627200,266.76,271.43,261.9,264.76,139885
1738713600,261.9,269.52,261.9,264.76,160895
1738800000,264.76,268.57,257.14,263.71,211039
1739059200,268.95,276.19,266.67,268.67,415106
1739145600,271.43,272.38,262.86,264.76,171659
1739232000,264.76,268.48,263.52,263.81,83839
1739318400,263.9,268.48,261.9,262.86,164135
1739404800,267.62,270.48,262.86,264.95,232428
1739664000,266.67,271.33,265.14,269.52,201401
1739750400,270.48,274.29,269.62,270.48,192106
1739836800,274.29,274.29,267.62,270.48,225723
1740009600,270.48,270.48,265.14,267.81,141785
1740268800,262.86,267.62,258.1,265.62,247460
1740355200,265.62,269.52,264.76,266.67,196770
1740441600,269.52,270.48,266.67,268.19,187657
1740614400,270.48,283.81,268.57,283.71,555924
1740873600,285.71,294.19,285.71,290.95,564504
1740960000,295.24,296.1,285.71,285.9,401433
1741046400,285.71,293.33,283.33,283.71,415989
1741132800,287.62,287.62,274.29,277.43,350758
1741219200,278.1,281.71,278.1,280.0,182084
1741478400,285.24,285.24,275.43,277.14,281911
1741564800,279.14,281.81,270.48,272.38,151815
1741651200,269.52,272.38,266.38,266.67,226840
1741737600,265.14,272.19,265.14,269.52,103851
1742083200,270.95,272.19,265.33,267.62,141925
1742169600,267.62,269.62,265.71,265.9,136275
1742256000,266.67,268.57,263.81,264.86,104803
1742342400,266.67,268.19,260.0,261.81,91368
1742428800,261.81,263.81,257.24,261.15,138399
1742688000,263.81,263.81,253.33,253.83,142380
1742774400,257.14,258.86,249.52,256.81,117606
1742860800,255.24,255.24,247.62,249.68,186156
1742947200,250.48,257.05,250.48,255.67,87282
1743033600,253.33,259.62,253.33,257.82,90509
1743292800,258.1,265.62,255.33,261.91,197362
1743465600,266.67,266.67,257.33,259.35,90402
1743552000,260.0,270.0,257.14,265.58,107555
1743638400,262.95,268.1,260.48,261.77,106754
1743984000,262.86,264.29,255.9,257.36,97290
1744070400,257.14,259.05,254.0,257.24,90659
1744156800,260.0,261.33,256.29,257.13,82416
1744243200,260.95,262.86,258.1,258.9,84629
1744502400,259.05,262.29,257.33,260.09,100848
1744675200,259.33,272.1,259.24,269.98,288959
1744761600,272.38,274.29,265.24,272.25,187755
1744848000,272.38,280.95,271.62,275.77,273916
1745107200,276.19,278.76,271.43,271.82,225328
1745193600,276.19,280.86,269.62,276.95,303777
1745280000,276.95,280.0,274.57,275.63,321623
1745366400,272.38,275.05,265.71,266.75,286787
1745452800,264.76,269.52,263.33,267.65,189811
1745712000,269.52,281.81,267.62,278.42,484262
1745798400,280.86,285.71,272.95,273.82,346763
1745884800,279.24,279.24,269.52,272.27,147902
1745971200,276.19,292.38,267.62,279.24,397664
1746316800,284.76,298.1,282.86,291.26,1287648
1746403200,296.19,296.19,282.86,284.48,440554
1746489600,290.1,292.38,284.76,290.09,568864
1746576000,295.81,300.0,291.24,296.42,811121
1746662400,300.0,311.43,290.48,303.3,1223562
1746921600,308.57,311.81,297.05,297.91,586482
1747094400,303.81,307.62,289.05,290.99,521728
1747180800,295.81,295.81,280.95,281.68,380162
1747267200,277.14,287.62,277.14,281.38,355365
1747526400,285.62,285.62,271.52,272.86,266832
1747612800,276.95,280.95,274.29,277.76,251937
1747699200,283.24,291.33,273.43,289.18,220781
1747785600,294.95,303.71,282.86,284.74,370098
1747872000,284.76,288.48,279.24,280.94,226757
1748131200,282.86,285.71,275.43,278.15,169873
1748217600,282.86,290.48,276.19,277.3,164674
1748304000,277.14,282.38,273.43,277.58,147141
1748390400,275.24,285.62,275.24,282.35,230582
1748822400,287.9,293.62,276.48,280.45,295057
1748908800,280.95,283.81,278.29,279.2,106280
1748995200,276.19,281.81,274.76,278.02,110358
1749081600,282.86,283.52,277.24,280.84,183979
1749340800,285.62,291.14,283.81,287.77,498690
1749427200,293.33,293.33,284.76,286.02,169711
1749513600,286.67,293.33,286.67,287.62,283773
1749600000,293.33,300.0,280.0,297.48,745220
1749686400,300.0,310.48,294.29,297.04,722893
1749945600,302.95,302.95,290.57,292.06,456426
1750032000,297.14,297.14,285.71,286.3,690474
1750118400,291.43,291.43,280.95,285.29,199436
1750204800,280.95,289.52,280.95,283.9,326931
1750291200,283.81,290.38,282.86,283.93,442333
1750550400,287.62,287.62,276.29,277.46,236593
1750636800,280.0,280.95,276.19,278.6,165694
1750723200,282.86,283.81,279.05,279.11,127909
1750809600,284.67,284.67,276.29,277.71,147758
1750896000,282.86,282.86,274.29,274.81,223162
1751155200,280.0,280.0,274.38,274.89,136736
1751241600,280.0,280.0,274.48,276.63,96984
1751328000,280.0,280.0,275.24,279.2,107688
1751414400,284.76,284.76,278.57,279.73,119991
1751500800,280.0,283.24,277.33,282.06,170647
1751760000,285.71,285.71,279.05,279.98,109254
1751846400,277.14,281.9,277.14,277.87,105322
1751932800,280.95,280.95,276.19,276.97,154968
1752019200,280.95,281.71,276.19,279.88,116858
1752105600,283.71,283.71,278.29,279.81,150016
1752364800,285.33,290.95,277.14,278.1,193696
1752451200,278.57,285.05,277.24,280.14,169139
1752537600,284.1,284.1,278.29,281.66,139508
1752624000,282.0,284.67,280.0,281.83,194996
1752710400,285.71,293.14,283.05,290.05,334212
1752969600,289.52,298.1,288.38,288.89,365383
1753056000,288.89,292.38,285.71,288.56,225064
1753142400,289.52,299.14,289.52,297.21,806211
1753228800,302.86,308.1,298.1,305.26,864614
1753315200,310.48,311.43,303.81,311.08,744394
1753574400,314.29,319.05,303.81,305.2,847098
1753660800,308.57,308.57,298.29,304.56,516878
1753747200,308.57,311.43,300.48,302.41,294080
1753833600,302.86,304.76,294.95,295.54,419018
1753920000,293.33,297.14,291.05,291.82,316348
1754179200,286.0,296.19,286.0,288.07,232409
1754265600,292.29,292.38,284.76,288.06,220706
1754352000,291.43,292.29,283.81,284.71,234095
1754438400,286.67,286.67,282.1,282.59,178000
1754524800,284.76,287.52,281.9,286.41,130922
1754870400,286.67,290.48,283.43,283.73,120347
1754956800,285.62,285.71,280.48,280.87,204350
1755043200,280.95,285.71,280.95,283.8,182396
1755129600,285.71,287.33,282.57,285.04,110325
1755388800,290.48,290.48,280.19,280.65,129103
1755475200,282.0,284.76,278.95,282.8,135668
1755561600,286.67,286.67,282.0,282.29,73996
1755648000,280.0,284.86,279.05,280.45,101467
1755734400,275.24,285.71,275.24,278.98,102652
1755993600,273.43,281.9,273.43,277.17,91001
1756080000,278.1,280.67,275.43,277.73,111248
1756166400,274.29,280.86,274.29,278.24,61205
1756252800,280.48,285.71,277.24,284.66,82744
1756339200,284.76,285.71,279.62,280.71,141601
1756598400,278.19,280.95,276.76,277.74,102618
1756684800,281.9,281.9,275.24,277.92,105523
1756771200,278.1,280.0,277.14,278.56,76495
1756857600,278.1,279.05,277.14,277.37,62539
1756944000,276.76,279.05,274.29,276.59,103704
1757203200,274.57,277.14,274.57,275.75,50916
1757289600,272.48,278.1,270.67,273.6,104913
1758153600,268.19,268.19,246.48,247.71,22003
1758412800,248.1,272.48,247.71,272.48,228050
1758585600,277.9,282.86,273.33,278.0,127915
1758672000,280.0,280.0,272.38,274.29,55215
1758758400,272.57,277.14,272.57,276.19,65656
1759017600,280.95,280.95,275.33,278.1,54704
1759795200,280.95,280.95,271.43,271.9,87576
1759881600,271.43,276.19,262.95,266.67,155349
1759968000,272.0,285.71,267.62,268.67,114738
1760227200,266.67,268.57,261.43,264.76,149572
1760313600,264.95,266.67,259.81,266.67,71584
1760400000,268.57,268.57,261.9,262.29,54458
1760486400,261.9,263.81,258.1,259.05,60586
1760572800,261.9,261.9,256.19,257.33,60777
1760832000,261.9,261.9,256.19,260.76,39985
1761436800,257.24,259.05,257.24,258.95,24429
1761609600,259.05,268.57,259.05,268.57,71226
1761696000,268.57,273.14,264.76,265.71,52858
1761782400,268.48,273.9,262.95,271.33,99728
1762041600,276.19,280.95,270.48,278.1,185519
1762128000,281.71,281.71,272.86,274.29,94495
1762214400,272.38,276.67,270.48,270.48,62787
1762300800,275.24,275.24,265.71,271.43,81456
1762387200,266.0,272.38,262.95,265.71,202266
1762646400,266.67,268.48,261.9,263.81,78651
1762732800,263.81,266.67,262.0,264.76,49196
1762819200,267.62,267.62,262.38,264.76,51845
1762905600,269.43,270.0,263.81,265.71,67951
1762992000,263.81,268.57,263.81,265.71,76950
1763251200,265.71,270.0,264.76,266.1,39873
1763337600,264.95,268.57,264.95,266.67,52109
1763424000,266.67,270.48,266.67,268.57,70131
1763510400,270.38,271.43,265.43,268.1,71908
1763596800,266.67,269.9,264.86,266.1,54780
1763856000,267.62,270.48,267.05,269.05,52037
1763942400,271.43,274.29,270.95,272.86,97848
1764028800,278.1,278.1,270.67,272.95,76856
1764115200,271.52,280.95,271.52,278.76,244015
1764201600,278.76,283.81,277.9,279.05,157671
1764460800,280.95,283.81,273.62,274.29,197101
1764547200,269.52,277.24,269.52,275.24,81123
1764633600,270.0,279.05,270.0,277.14,114052
1764720000,277.14,279.71,271.33,274.29,118277
1765065600,274.29,274.48,271.14,271.52,72320
1765152000,271.71,274.95,269.05,270.48,79735
1765238400,272.38,274.19,270.76,270.95,45685
1765324800,270.48,274.19,268.57,269.52,46990
1765411200,267.62,272.29,267.62,269.24,77387
1765670400,271.43,271.9,268.57,271.43,101266
1765756800,272.38,273.24,268.0,271.9,62377
1765843200,271.9,275.24,271.9,274.67,93849
1765929600,276.1,277.14,274.29,276.19,97365
1766016000,276.19,276.95,273.33,274.29,103102
1766275200,274.29,275.05,271.43,274.29,99202
1766361600,279.05,279.05,270.48,272.38,79278
1766448000,272.38,275.24,271.43,274.29,177114
1766534400,276.29,276.29,272.86,275.24,62486
1766880000,278.57,281.9,275.24,281.62,161296
1766966400,285.52,285.52,277.71,278.57,144967
1767139200,284.1,284.1,278.67,280.95,175971
1767225600,281.43,281.9,277.14,280.0,224858
1767484800,280.0,283.4,276.0,281.2,80581
1767571200,283.0,285.0,281.2,284.0,79148
1767657600,286.8,289.0,283.2,284.0,203231
1767744000,283.1,287.0,282.0,285.9,102029
1767830400,285.9,289.0,284.2,285.5,74785
1768176000,284.5,289.0,284.5,288.8,152308
1768262400,288.0,292.0,287.0,289.4,51673
1768348800,289.9,291.0,287.0,289.3,50519
1768694400,295.0,295.0,288.0,290.0,68116
1768867200,294.0,299.9,290.3,299.9,295108
1768953600,299.0,301.4,293.2,295.9,213242
1769040000,294.8,300.5,292.0,298.0,216291
1769299200,299.5,309.5,299.5,308.0,603653
1769385600,312.0,312.0,300.0,306.8,604511
1769472000,307.0,308.9,297.4,297.5,423362
1769558400,296.2,301.0,291.0,298.0,334494
1769644800,296.0,305.0,294.0,299.7,318879
1769904000,300.1,300.1,295.0,297.0,196511
1769990400,297.0,301.0,296.0,298.0,136059
1770076800,300.0,300.0,292.1,296.5,124815
1770163200,298.0,299.0,293.0,296.0,132476
1770249600,301.0,312.1,296.2,303.0,536969
1770508800,305.0,311.0,299.6,301.9,585301
1770595200,307.9,307.9,296.0,297.0,448876
1770681600,297.0,309.3,297.0,302.0,416755
1770768000,305.0,311.0,300.1,303.0,276403
1770854400,309.0,309.0,302.2,303.0,409062
