date,open,high,low,close,volume
1325376000,85.16,89.27,84.59,85.3,2940
1325462400,85.3,87.85,85.44,86.44,1110
1325548800,86.44,87.85,84.31,87.0,4810
1325635200,87.0,87.71,85.02,87.71,5290
1325721600,87.71,87.0,85.59,86.86,1180
1325980800,86.86,86.58,85.73,86.29,2090
1326067200,86.29,86.44,85.73,86.15,1320
1326153600,86.15,87.14,86.29,86.44,1700
1326240000,86.44,89.55,86.29,86.44,1950
1326326400,86.44,86.86,84.74,86.29,1930
1326672000,86.29,86.72,84.59,86.29,2020
1326758400,86.29,82.04,82.04,82.04,80
1326844800,82.04,87.14,83.6,86.44,2950
1327190400,86.15,86.58,85.73,86.01,2310
1327276800,86.01,88.14,85.87,86.44,3430
1327449600,86.44,86.72,85.02,86.72,150
1327536000,86.72,87.14,86.44,86.72,2660
1327795200,86.72,87.0,84.74,87.0,5440
1327968000,87.0,86.72,85.73,86.72,1280
1328054400,86.72,86.44,86.01,86.29,2860
1328140800,86.29,86.72,85.87,85.87,4880
1328400000,85.87,86.44,86.15,86.44,2530
1328486400,86.44,86.15,85.02,85.73,1900
1328572800,85.73,85.73,85.02,85.02,3180
1328659200,85.02,85.02,84.59,84.59,1530
1328745600,84.59,84.59,84.17,84.17,2620
1329004800,84.17,84.31,83.6,84.31,2210
1329091200,84.31,84.31,83.74,83.74,5040
1329177600,83.74,84.17,83.46,83.46,2410
1329264000,83.46,83.88,83.46,83.6,1980
1329350400,83.6,84.88,84.17,84.59,510
1329782400,84.59,85.02,83.88,84.31,500
1329955200,84.31,84.88,83.88,84.03,1460
1330214400,84.03,84.17,83.6,83.6,1700
1330300800,83.6,83.74,83.6,83.6,1130
1330387200,83.6,84.03,83.6,84.03,1900
1330473600,84.03,84.74,84.31,84.45,1140
1330560000,84.45,84.74,84.17,84.74,2720
1330819200,84.74,85.3,84.17,84.88,3350
1330905600,84.88,85.3,84.74,84.88,2390
1330992000,84.88,85.02,84.59,84.88,2360
1331424000,84.88,85.02,83.6,84.74,6530
1331510400,84.74,84.74,83.6,84.59,9890
1331596800,84.59,84.74,84.59,84.59,800
1331683200,84.59,84.88,84.45,84.59,1890
1331769600,84.59,84.74,84.31,84.31,1240
1332028800,84.31,84.59,84.17,84.59,2090
1332115200,84.59,84.74,84.31,84.45,2410
1332201600,84.45,84.45,84.17,84.45,2260
1332288000,84.45,85.02,84.17,84.45,1960
1332633600,84.45,84.31,84.03,84.17,1800
1332720000,84.17,84.31,83.46,83.6,2580
1332806400,83.6,83.6,82.18,83.6,1100
1332892800,83.6,84.88,82.89,83.18,2390
1332979200,83.18,83.46,83.18,83.18,2920
1333238400,83.18,83.32,83.18,83.32,820
1333324800,83.32,84.88,83.6,84.17,720
1333411200,84.17,85.02,82.89,84.45,4140
1333497600,84.45,84.74,84.17,84.31,560
1333584000,84.31,85.73,84.31,84.31,1460
1333843200,84.31,85.02,84.17,84.45,1980
1333929600,84.45,85.73,84.45,85.02,4360
1334016000,85.02,86.15,83.88,85.87,630
1334102400,85.87,90.12,86.15,86.44,5120
1334188800,86.44,90.26,86.58,90.26,4100
1334448000,90.26,97.49,91.96,97.35,3040
1334534400,97.35,99.19,99.19,99.19,10
1334620800,99.19,109.11,93.1,96.35,10410
1334707200,96.35,105.56,93.24,102.87,6290
1334793600,102.87,106.13,102.02,104.15,4230
1335052800,104.15,108.97,104.86,108.54,6270
1335225600,108.54,117.18,110.67,117.18,590
1335312000,117.18,128.8,119.45,128.8,1660
1335398400,128.8,134.33,121.86,126.96,16192
1335657600,126.96,128.09,122.0,125.83,11728
1335744000,125.83,124.69,119.73,120.58,5692
1335916800,120.58,118.18,108.54,109.25,4996
1336003200,109.25,111.37,111.37,111.37,12
1336348800,111.37,118.03,113.5,118.03,126
1336435200,118.03,127.67,120.3,127.53,10080
1336521600,127.53,127.53,121.29,123.84,9050
1336608000,123.84,122.85,117.18,121.43,7862
1336867200,121.43,120.16,113.22,115.06,4768
1336953600,115.06,112.79,107.83,108.54,7552
1337040000,108.54,119.31,110.67,119.31,4918
1337126400,119.31,123.99,121.58,123.99,40
1337212800,123.99,134.61,121.86,125.54,12500
1337472000,125.54,124.84,119.03,123.28,7492
1337558400,123.28,126.11,118.88,125.4,6120
1337644800,125.4,124.27,117.61,122.71,7062
1337731200,122.71,120.3,114.21,115.48,5506
1337817600,115.48,121.72,114.07,120.44,6274
1338076800,120.44,125.83,121.86,124.84,9076
1338249600,124.84,122.43,112.37,112.37,260
1338336000,112.37,110.24,101.17,101.17,14732
1338422400,101.17,107.69,95.5,104.86,9490
1338681600,104.86,116.9,106.84,115.91,14662
1338768000,115.91,116.9,108.4,112.37,7772
1338854400,112.37,111.94,107.69,110.1,4222
1338940800,110.1,110.1,107.83,109.11,3270
1339027200,109.11,112.08,107.83,110.52,4402
1339286400,110.52,110.1,108.4,109.11,4096
1339372800,109.11,113.5,109.39,110.52,686
1339459200,110.52,111.8,106.98,110.52,1580
1339545600,110.52,112.65,109.11,110.38,3332
1339632000,110.38,110.38,108.4,110.38,2602
1339891200,110.38,112.37,109.25,110.52,2292
1339977600,110.52,112.51,109.11,111.8,2932
1340064000,111.8,111.52,110.1,111.52,3212
1340150400,111.52,113.36,111.23,111.66,2554
1340236800,111.66,114.78,109.82,114.78,4500
1340582400,114.78,118.32,113.5,118.03,5504
1340668800,118.03,117.75,114.49,117.75,7064
1340755200,117.75,119.73,115.48,119.03,6216
1340841600,119.03,119.73,114.92,119.45,5440
1341100800,119.45,119.31,116.9,117.89,7440
1341187200,117.89,120.44,116.33,119.03,3918
1341273600,119.03,119.03,114.63,119.03,3798
1341360000,119.03,120.73,118.03,119.88,5560
1341446400,119.88,121.15,119.59,119.73,12308
1341705600,119.73,120.44,118.46,120.44,6982
1341792000,120.44,122.99,120.02,122.14,18312
1341878400,122.14,126.11,120.73,124.27,15294
1341964800,124.27,125.54,124.13,125.4,6534
1342051200,125.4,124.69,121.86,123.7,16062
1342310400,123.7,128.94,123.56,128.94,7380
1342396800,128.94,126.68,119.73,124.84,4481
1342483200,124.84,125.12,122.43,124.98,8952
1342569600,124.98,128.09,124.13,128.09,8086
1342656000,128.09,131.78,124.98,129.79,11222
1342915200,129.79,136.6,128.52,136.6,12652
1343001600,136.6,141.27,134.9,139.15,10834
1343088000,139.15,141.27,135.46,135.46,13712
1343174400,135.46,141.7,138.16,139.71,13874
1343260800,139.71,141.98,136.03,141.98,5808
1343520000,141.98,139.15,136.74,137.45,9978
1343606400,137.45,138.86,136.74,138.44,9630
1343692800,138.44,139.43,136.03,138.86,5272
1343779200,138.86,141.27,138.3,141.27,10496
1344124800,141.27,144.25,140.71,143.82,14232
1344211200,143.82,147.37,141.41,147.37,15310
1344297600,147.37,152.18,147.37,151.62,14072
1344384000,151.62,155.16,150.2,155.16,24956
1344729600,155.16,158.98,151.76,152.75,17090
1344816000,152.75,153.74,147.37,151.05,8774
1344902400,151.05,151.62,147.37,149.92,6978
1344988800,149.92,148.78,145.95,146.37,17522
1345075200,146.37,148.07,141.7,147.08,16196
1345334400,147.08,148.07,144.53,147.22,5446
1345507200,147.22,148.07,145.52,147.37,7802
1345593600,147.37,148.78,147.37,148.07,4794
1345680000,148.07,149.77,146.8,148.78,8822
1345939200,148.78,150.2,147.51,148.64,4822
1346025600,148.64,149.92,145.38,149.77,10390
1346112000,149.77,152.18,150.2,151.62,6108
1346198400,151.62,152.47,148.92,151.9,5652
1346284800,151.9,152.75,151.47,151.62,5784
1346544000,151.62,155.73,152.32,155.02,7944
1346630400,155.02,155.87,152.32,155.44,7448
1346716800,155.44,156.58,153.46,155.3,15002
1346803200,155.3,155.87,154.03,155.44,10702
1346889600,155.44,155.87,153.03,155.73,9316
1347148800,155.73,155.87,153.88,155.87,7580
1347235200,155.87,156.29,155.16,155.58,6932
1347321600,155.58,155.73,154.88,155.16,8912
1347408000,155.16,155.58,153.88,155.44,5382
1347494400,155.44,156.58,155.16,155.87,16632
1347753600,155.87,160.12,155.16,159.83,13492
1347840000,159.83,165.08,158.13,165.08,9210
1347926400,165.08,171.88,164.51,167.91,19316
1348012800,167.91,170.04,155.87,160.69,17176
1348099200,160.69,163.66,155.87,160.83,20656
1348358400,160.83,164.37,158.98,160.4,45792
1348444800,160.4,165.36,159.55,162.24,30478
1348531200,210.92,171.68,160.63,163.58,1412
1348617600,163.58,164.87,157.5,161.73,1798
1348704000,161.73,162.1,159.34,160.26,2348
1348963200,160.26,162.1,157.87,160.44,1388
1349049600,160.44,162.29,159.15,160.63,3356
1349136000,160.63,165.79,163.02,165.79,1482
1349222400,165.79,170.58,165.05,170.58,2274
1349308800,170.58,178.68,172.23,178.68,4452
1349568000,178.68,186.42,182.18,185.13,8450
1349654400,185.13,186.42,182.0,182.18,4272
1349740800,182.18,184.21,177.76,178.31,4530
1349827200,178.31,177.76,175.36,177.21,1044
1349913600,177.21,176.47,175.0,175.55,4344
1350172800,175.55,177.76,175.18,175.18,718
1350259200,175.18,177.76,176.1,177.76,1894
1350432000,177.76,182.36,178.68,179.6,558
1350518400,179.6,182.36,179.6,182.36,754
1351555200,182.36,186.05,184.21,186.05,1644
1351641600,186.05,193.42,186.23,190.29,3578
1351728000,190.29,190.65,186.97,190.1,3814
1351987200,190.1,191.21,187.89,190.65,1720
1352073600,190.65,198.57,191.94,198.57,2418
1352160000,198.57,203.55,198.94,203.55,4552
1352246400,203.55,207.05,203.73,207.05,4864
1352332800,207.05,215.15,205.21,206.31,5066
1352592000,206.31,210.36,202.26,208.15,6130
1352678400,208.15,210.0,202.63,210.0,5408
1353196800,210.0,211.84,205.57,211.84,7350
1353369600,211.84,219.76,211.84,215.89,9484
1353456000,215.89,219.21,209.07,214.05,9308
1353542400,214.05,212.76,204.47,209.26,4580
1353801600,209.26,214.6,208.34,210.0,4928
1353888000,210.0,210.0,206.31,207.97,16704
1353974400,207.97,208.89,205.39,208.52,3028
1354060800,208.52,208.89,206.31,207.42,5478
1354147200,207.42,207.42,204.47,205.94,806
1354406400,205.94,205.94,203.0,205.94,2446
1354492800,205.94,204.47,201.71,203.36,5620
1354579200,203.36,210.92,207.05,208.89,6578
1354665600,208.89,215.52,209.44,211.84,7042
1354752000,211.84,210.92,207.23,209.07,6590
1355011200,209.07,209.07,202.63,207.05,4766
1355097600,207.05,208.15,203.18,204.47,5510
1355184000,204.47,206.5,202.63,206.5,11292
1355356800,206.5,207.97,204.47,207.79,4728
1355616000,207.79,215.52,208.15,212.57,9116
1355702400,212.57,218.84,210.92,216.44,31760
1355788800,216.44,212.57,207.23,211.65,5589
1355875200,211.65,214.6,209.26,211.1,7462
1355961600,211.1,213.13,207.23,210.18,7510
1356220800,210.18,213.68,209.07,212.76,7129
1356307200,212.76,214.05,211.84,213.5,4872
1356480000,213.5,215.52,213.5,213.86,6692
1356566400,213.86,214.79,211.84,214.6,7566
1356912000,214.6,213.68,209.07,210.92,5060
1356998400,210.92,212.76,210.18,211.84,7990
1357084800,211.84,214.23,210.0,211.84,4354
1357171200,211.84,212.57,210.0,212.57,4944
1357430400,212.57,212.21,209.07,209.07,4630
1357516800,209.07,211.84,207.23,209.81,4254
1357603200,209.81,210.18,209.63,209.63,496
1357689600,209.63,209.81,205.94,207.97,2234
1357776000,207.97,210.0,206.5,210.0,4852
1358035200,210.0,210.36,206.31,208.15,2520
1358208000,208.15,207.79,205.57,206.5,4641
1358294400,206.5,207.42,205.39,205.57,4810
1358380800,205.57,205.76,203.0,204.1,5522
1358640000,204.1,206.31,195.26,199.13,4082
1358726400,199.13,205.76,200.79,203.73,3948
1358812800,203.73,205.94,203.0,204.84,2670
1358899200,204.84,205.57,201.71,201.71,1718
1358985600,201.71,202.44,198.94,199.5,4288
1359244800,199.5,203.36,198.76,198.76,7448
1359331200,198.76,199.86,197.29,199.86,3546
1359504000,199.86,200.6,196.92,197.84,2878
1359590400,197.84,198.39,193.42,196.18,13248
1359849600,196.18,202.26,195.26,199.86,2280
1359936000,199.86,200.79,199.68,200.42,1548
1360022400,200.42,201.71,198.94,200.42,1548
1360108800,200.42,200.79,196.0,199.86,9328
1360195200,199.86,198.94,195.26,197.1,3145
1360454400,197.1,199.86,196.18,199.86,1537
1360627200,199.86,209.81,199.86,208.89,10178
1360713600,208.89,207.23,202.63,205.94,9089
1360800000,205.94,210.36,206.68,207.6,6265
1361059200,207.6,223.81,211.65,223.81,15472
1361232000,223.81,239.47,216.26,219.21,19611
1361318400,219.21,216.07,207.42,215.52,7956
1361404800,215.52,220.86,207.97,216.44,3672
1361664000,216.44,216.44,210.0,212.02,5328
1361750400,212.02,220.5,213.68,216.44,7910
1361836800,216.44,220.5,212.21,217.18,7135
1361923200,217.18,217.18,210.92,214.05,1654
1362009600,214.05,217.92,213.13,217.92,3196
1362268800,217.92,217.92,213.68,217.36,3762
1362355200,217.36,217.36,214.79,216.26,3203
1362441600,216.26,216.44,214.23,215.15,4297
1362528000,215.15,218.29,213.31,218.29,5813
1362614400,218.29,216.63,214.05,216.26,4759
1362960000,216.26,217.36,213.86,214.6,9702
1363132800,214.6,219.21,216.07,217.36,6469
1363219200,217.36,226.02,216.44,218.47,6625
1363478400,218.47,218.47,214.6,215.52,5366
1363564800,215.52,215.71,212.02,215.71,6741
1363651200,215.71,216.44,213.68,214.79,8405
1363737600,214.79,216.07,212.76,213.68,4089
1363824000,213.68,214.42,211.84,213.68,5424
1364083200,213.68,211.84,206.31,210.0,5729
1364169600,210.0,212.94,208.15,211.84,2207
1364342400,211.84,214.05,208.52,208.71,1962
1364428800,208.71,212.21,204.65,211.65,3979
1364688000,211.65,210.0,205.57,206.68,5397
1364774400,206.68,208.34,202.63,208.34,4138
1364860800,208.34,213.31,208.34,213.13,4698
1364947200,213.13,214.05,210.18,213.31,5128
1365033600,213.31,212.76,208.15,211.84,4844
1365292800,211.84,212.76,206.31,212.76,1680
1365379200,212.76,212.76,211.29,211.84,3199
1365465600,211.84,212.94,211.1,212.39,2800
1365638400,212.39,214.23,211.1,212.39,3828
1365984000,212.39,214.42,212.02,213.5,2898
1366070400,213.5,214.23,211.84,212.76,1660
1366156800,212.76,212.76,211.29,211.29,1200
1366243200,211.29,212.02,210.92,212.02,1879
1366502400,212.02,210.0,206.31,207.6,28063
1366588800,207.6,207.97,205.94,207.79,8094
1366675200,207.79,212.02,208.15,211.84,3174
1366848000,211.84,212.02,208.71,209.63,825
1367107200,209.63,209.81,208.15,208.15,2107
1367193600,208.15,208.52,207.05,208.34,3259
1367280000,208.34,209.07,207.97,208.89,4710
1367452800,208.89,210.36,204.47,205.21,5468
1367712000,205.21,205.39,203.55,203.92,2016
1367798400,203.92,202.63,195.44,202.07,2125
1367884800,202.07,206.86,198.94,206.86,2233
1367971200,206.86,206.31,202.81,202.81,2832
1368057600,202.81,205.94,199.13,203.92,8322
1368316800,203.92,203.55,201.71,202.07,2338
1368403200,202.07,203.36,200.79,202.81,1566
1368489600,202.81,205.39,198.94,205.39,5675
1368576000,205.39,206.86,204.65,206.86,3114
1368662400,206.86,210.0,207.79,208.34,983
1368921600,208.34,210.73,208.15,209.44,3823
1369008000,209.44,210.36,208.71,209.44,3711
1369094400,209.44,209.63,208.52,209.44,2082
1369180800,209.44,210.92,209.26,210.92,14625
1369267200,210.92,211.84,210.0,210.73,6164
1369526400,210.73,212.02,207.05,211.65,6380
1369612800,211.65,212.02,208.34,212.02,2653
1369699200,212.02,213.86,209.63,212.02,5854
1369872000,212.02,214.6,209.07,212.02,6943
1370131200,212.02,212.39,211.47,211.84,2657
1370217600,211.84,212.39,210.92,211.29,2653
1370304000,211.29,211.84,209.81,211.65,876
1370390400,211.65,211.84,210.0,211.1,2929
1370476800,211.1,211.29,210.0,210.92,3147
1370736000,210.92,210.92,209.81,210.73,1403
1370822400,210.73,213.68,210.0,210.92,1916
1370908800,210.92,211.65,210.0,211.65,3223
1370995200,211.65,211.65,210.0,211.29,1729
1371081600,211.29,210.55,208.15,209.44,2361
1371340800,209.44,211.84,209.63,209.81,835
1371427200,209.81,212.02,207.42,209.07,1895
1371513600,209.07,208.71,205.39,208.15,1170
1371600000,208.15,209.81,208.15,209.81,2543
1371686400,209.81,210.73,207.42,208.15,9331
1371945600,208.15,209.07,204.47,207.23,4240
1372032000,207.23,211.29,207.23,208.15,4591
1372118400,208.15,210.0,205.57,209.07,14512
1372204800,209.07,210.18,208.15,208.89,9508
1372291200,208.89,209.07,206.5,208.15,5239
1372550400,208.15,208.34,206.86,207.42,4096
1372636800,207.42,208.34,205.94,208.15,25500
1372723200,208.15,208.52,206.86,207.79,3687
1372809600,207.79,209.07,207.23,209.07,3437
1372896000,209.07,209.26,207.23,209.26,7218
1373155200,209.26,209.26,207.79,207.97,8117
1373241600,207.97,209.81,207.42,207.79,23111
1373328000,207.79,212.76,207.79,209.81,13272
1373414400,209.81,216.44,211.1,213.68,8730
1373500800,213.68,215.52,212.76,213.86,3209
1373760000,213.86,221.79,217.18,219.76,8774
1373846400,219.76,221.05,217.36,219.39,3209
1373932800,219.39,220.13,216.44,219.21,2216
1374019200,219.21,225.47,219.21,224.73,4418
1374105600,224.73,234.86,226.02,233.94,18040
1374364800,233.94,247.94,233.94,244.07,17185
1374451200,244.07,245.0,227.5,238.92,4790
1374537600,238.92,243.52,239.28,240.76,6093
1374624000,240.76,242.42,239.65,241.31,9877
1374710400,241.31,241.5,239.1,240.76,6581
1374969600,240.76,245.92,240.76,245.92,11147
1375056000,245.92,253.65,241.31,253.28,8123
1375142400,253.28,263.6,253.28,261.57,9370
1375228800,261.57,268.02,261.39,262.13,13227
1375315200,262.13,263.05,257.15,259.55,15692
1375574400,259.55,260.65,258.07,260.65,5947
1375660800,260.65,259.73,255.13,255.13,6825
1375747200,255.13,259.18,249.05,258.81,7233
1375833600,258.81,260.47,256.42,256.97,5985
1375920000,256.97,258.26,256.05,257.89,3503
1376179200,257.89,257.52,255.13,257.52,5190
1376265600,257.52,258.63,255.49,256.78,5936
1376352000,256.78,257.89,253.28,257.71,4670
1376438400,257.71,259.36,256.97,257.52,6808
1376524800,257.52,257.89,255.31,256.97,7801
1376784000,256.97,258.99,257.15,257.89,7054
1376870400,257.89,259.55,257.52,259.36,8188
1376956800,259.36,264.34,260.65,262.49,3218
1377388800,262.49,262.49,260.65,261.76,7800
1377475200,261.76,265.44,261.94,265.44,8374
1377561600,265.44,271.71,265.26,270.23,13960
1377734400,270.23,290.13,272.63,286.26,25322
1377993600,286.26,294.73,285.34,289.2,27314
1378080000,289.2,291.6,283.86,283.86,8132
1378166400,283.86,285.52,279.07,280.73,7146
1378252800,280.73,280.73,275.39,277.97,6016
1378339200,277.97,278.52,273.73,278.52,7102
1378598400,278.52,294.73,280.18,289.2,38505
1378684800,289.2,294.73,289.2,292.15,19800
1378771200,292.15,292.52,285.52,288.28,26380
1378857600,288.28,292.15,287.55,291.05,27055
1378944000,291.05,299.89,290.13,293.81,51479
1379289600,308.91,313.7,291.43,308.91,5384
1379376000,308.91,308.68,295.74,298.38,3419
1379548800,298.38,298.14,289.76,289.76,2715
1379808000,289.76,288.56,281.38,281.62,9719
1379894400,281.62,280.18,276.35,277.78,4505
1379980800,277.78,282.57,276.35,281.38,3971
1380067200,281.38,291.67,281.38,291.67,2356
1380153600,291.67,292.87,287.36,292.87,2917
1380412800,292.87,294.55,289.76,292.39,5688
1380499200,292.39,294.79,292.87,294.07,3288
1380585600,294.07,296.7,293.35,294.55,5489
1380672000,294.55,295.27,293.35,294.79,4502
1380758400,294.79,294.55,293.35,294.07,6529
1381017600,294.07,295.5,288.56,293.35,2698
1381104000,293.35,294.55,293.11,293.59,4212
1381190400,293.59,295.74,294.07,295.74,3970
1381276800,295.74,300.05,296.94,300.05,1846
1381363200,300.05,301.73,298.38,299.34,3933
1381968000,299.34,304.13,300.53,301.73,3514
1382227200,301.73,317.54,296.94,316.1,5580
1382313600,316.1,328.31,322.33,325.2,7784
1382400000,325.2,325.44,320.65,320.89,4726
1382486400,320.89,320.89,317.3,318.01,2515
1382572800,318.01,316.82,313.7,313.94,4253
1382832000,313.94,313.94,305.08,307.72,6224
1382918400,307.72,307.96,305.08,307.24,4971
1383004800,307.24,307.24,304.13,304.84,3962
1383091200,304.84,307.72,304.13,305.08,6686
1383177600,305.08,306.52,303.65,304.13,2920
1383696000,304.13,308.44,304.6,304.6,1212
1383782400,304.6,306.52,304.6,305.32,6500
1384041600,305.32,306.52,304.13,304.13,3710
1384128000,304.13,308.91,304.13,308.91,8525
1384214400,308.91,321.13,313.7,320.89,7491
1384300800,320.89,322.09,314.66,317.3,9800
1384387200,317.3,317.54,314.9,316.1,7961
1384992000,316.1,335.02,322.33,335.02,34
1385251200,335.02,368.3,341.48,361.6,11753
1385337600,361.6,368.78,349.62,353.22,8896
1385424000,353.22,364.23,353.22,353.22,8955
1385510400,353.22,356.81,347.23,353.22,2548
1385596800,353.22,352.02,347.23,350.82,6521
1385856000,350.82,349.62,344.84,347.71,12245
1385942400,347.71,353.22,347.23,348.91,11694
1386028800,348.91,354.41,350.82,354.41,14017
1386115200,354.41,367.58,349.86,362.8,24430
1386201600,362.8,385.54,360.4,360.88,11681
1386460800,360.88,369.02,355.61,360.4,10320
1386547200,360.4,363.99,356.81,359.2,2843
1386633600,359.2,359.2,353.22,356.09,2460
1386720000,356.09,362.8,353.22,353.22,5936
1386806400,353.22,359.68,356.81,359.2,3087
1387065600,359.2,366.15,356.81,361.6,13063
1387152000,361.6,381.0,365.19,378.12,2136
1387324800,378.12,398.72,375.97,391.05,4793
1387411200,391.05,393.93,371.18,390.33,17518
1387670400,390.33,390.33,383.15,384.35,14672
1387756800,384.35,383.15,373.57,378.36,5526
1387843200,378.36,385.78,367.58,379.08,8149
1388016000,379.08,392.01,380.76,381.95,8969
1388275200,381.95,383.15,373.57,379.8,8642
1388448000,379.8,380.76,363.99,367.35,6341
1388534400,367.35,362.8,348.43,351.78,11201
1388620800,351.78,360.4,343.64,356.57,13559
1388880000,356.57,359.2,350.82,352.02,13051
1388966400,352.02,353.22,348.67,353.22,5202
1389052800,353.22,354.65,346.99,354.65,4780
1389139200,354.65,358.72,353.22,356.57,9242
1389225600,356.57,358.48,352.02,356.09,15786
1389484800,356.09,363.03,354.41,360.64,8672
1389571200,360.64,366.39,359.2,359.2,12696
1389657600,359.2,366.39,359.2,361.84,6395
1389830400,361.84,371.18,362.8,367.58,9152
1390089600,367.58,367.58,360.88,366.39,8696
1390176000,366.39,367.35,361.6,367.35,4935
1390262400,367.35,363.99,359.2,359.44,6582
1390348800,359.44,361.84,356.81,359.2,14000
1390435200,359.2,359.68,359.2,359.44,5113
1390694400,359.44,363.99,359.2,362.8,7787
1390780800,362.8,364.95,355.85,361.6,4637
1390867200,361.6,366.39,359.2,366.39,8799
1390953600,366.39,362.56,357.05,360.64,9139
1391299200,360.64,361.6,358.96,359.92,5263
1391385600,359.92,359.68,355.85,358.96,6516
1391472000,358.96,359.92,354.41,357.29,6889
1391558400,357.29,359.68,356.81,358.01,9219
1391644800,358.01,361.36,359.2,361.36,4660
1391904000,361.36,361.12,359.2,360.4,8417
1391990400,360.4,386.98,367.58,373.57,13732
1392076800,373.57,373.33,364.23,371.18,8059
1392163200,371.18,373.57,367.58,371.42,7657
1392249600,371.42,376.92,368.78,373.57,9500
1392508800,373.57,375.97,367.58,370.94,6474
1392595200,370.94,373.33,365.19,371.18,9975
1392681600,371.18,373.57,367.82,373.33,11868
1392854400,373.33,383.87,366.39,383.15,11275
1393113600,383.15,410.21,383.63,407.1,26476
1393200000,407.1,431.04,409.73,421.47,29225
1393286400,421.47,427.45,400.39,421.47,23472
1393372800,421.47,431.04,415.48,421.47,19764
1393804800,421.47,421.47,401.11,401.11,15363
1393891200,401.11,405.42,391.05,405.42,13748
1393977600,405.42,413.08,402.31,411.89,16767
1394064000,411.89,412.6,404.22,406.86,11001
1394323200,406.86,405.9,397.76,402.31,10352
1394409600,402.31,404.7,393.93,402.31,20668
1394496000,402.31,402.31,392.73,401.11,9871
1394582400,401.11,401.11,393.21,399.91,8700
1394668800,399.91,403.51,395.12,399.43,9782
1395014400,399.43,395.12,387.94,391.53,10862
1395100800,391.53,387.94,383.15,385.31,14253
1395187200,385.31,393.93,383.15,386.02,26440
1395273600,386.02,404.7,386.74,399.91,10288
1395532800,399.91,402.31,390.33,399.91,33041
1395619200,399.91,407.1,392.73,406.62,9487
1395705600,406.62,410.69,402.31,409.73,18022
1395792000,409.73,414.28,401.59,414.28,20032
1395878400,414.28,425.78,407.1,422.66,33137
1396224000,422.66,437.03,414.28,431.04,37259
1396310400,431.04,446.61,431.04,445.41,36649
1396396800,445.41,456.43,441.82,454.99,48087
1396483200,454.99,468.16,449.0,450.2,39116
1396742400,450.2,454.99,440.62,443.02,16809
1396828800,443.02,446.61,431.28,446.61,24569
1397001600,446.61,454.99,437.75,452.6,12153
1397088000,452.6,456.91,452.84,454.75,25822
1397347200,454.75,464.57,445.41,462.18,17411
1397520000,462.18,469.36,457.39,465.29,16059
1397606400,465.29,467.92,462.65,464.57,17166
1397692800,464.57,464.57,454.99,463.13,11871
1397952000,463.13,466.96,454.99,458.58,16372
1398038400,458.58,456.43,450.68,452.36,13653
1398124800,452.36,454.75,443.02,453.79,15189
1398211200,453.79,455.23,451.4,452.6,11103
1398556800,452.6,454.99,449.48,452.6,15943
1398643200,452.6,454.99,450.68,451.4,14963
1398729600,451.4,452.6,449.96,452.12,9921
1398816000,452.12,455.23,447.81,447.81,9034
1399161600,447.81,454.75,445.41,451.88,17225
1399248000,451.88,455.47,446.61,452.6,18084
1399334400,452.6,459.78,452.6,456.43,20240
1399420800,456.43,459.78,454.99,457.86,23531
1399507200,457.86,464.57,449.0,464.57,14890
1399766400,464.57,462.18,454.99,457.63,15774
1399852800,457.63,459.06,456.19,457.39,11081
1399939200,457.39,460.74,455.47,458.1,13546
1400112000,458.1,462.65,458.58,460.98,13330
1400371200,460.98,467.92,459.78,465.77,34393
1400457600,465.77,470.56,463.61,469.36,15397
1400544000,469.36,478.94,462.18,478.94,15829
1400630400,478.94,483.73,475.35,483.73,30883
1400716800,483.73,503.12,474.15,502.41,32465
1400976000,502.41,540.96,502.88,535.21,34142
1401062400,535.21,530.42,520.84,523.24,30386
1401148800,523.24,528.03,508.87,528.03,22580
1401235200,528.03,554.37,523.24,548.38,28691
1401580800,548.38,584.3,548.38,574.49,35855
1401667200,574.49,588.61,572.33,573.53,30441
1401753600,573.53,574.73,552.22,567.54,26131
1401840000,567.54,567.54,557.96,561.55,13875
1401926400,561.55,562.75,547.19,555.57,15013
1402185600,555.57,559.64,548.38,557.72,17972
1402272000,557.72,562.99,555.57,561.08,14751
1402358400,561.08,577.12,559.16,574.73,17387
1402444800,574.73,581.91,567.54,567.54,17338
1402531200,567.54,575.92,566.34,569.94,9312
1402790400,569.94,575.92,568.74,570.41,11027
1402876800,570.41,574.73,550.78,569.22,12910
1402963200,569.22,574.73,556.29,568.74,13538
1403049600,568.74,573.53,565.39,568.74,16096
1403136000,568.74,568.5,562.75,565.15,10424
1403481600,565.15,563.95,550.78,559.16,9341
1403568000,559.16,566.34,559.88,564.19,22329
1403654400,564.19,571.85,563.95,569.94,16339
1403740800,569.94,576.4,567.06,574.25,16829
1404000000,574.25,588.61,563.23,586.7,23105
1404086400,586.7,598.43,583.59,596.52,13698
1404172800,596.52,615.2,598.67,613.04,31054
1404259200,613.04,645.37,613.04,636.99,21985
1404345600,636.99,647.76,623.82,632.68,25767
1404604800,632.68,636.99,627.41,632.2,16560
1404691200,632.2,644.17,634.59,637.23,12516
1404777600,637.23,646.57,638.18,641.78,23598
1404864000,641.78,642.02,633.4,639.38,12595
1404950400,639.38,639.62,634.59,635.79,14997
1405209600,635.79,652.55,634.59,641.78,16776
1405296000,641.78,645.37,632.2,635.79,23217
1405382400,635.79,650.64,627.41,646.57,43854
1405468800,646.57,660.93,634.59,655.19,17046
1405555200,655.19,660.93,646.57,655.67,36051
1405814400,655.67,660.46,625.01,656.62,31542
1405900800,656.62,669.08,651.36,655.91,10386
1405987200,655.91,656.14,646.57,653.75,14532
1406073600,653.75,654.95,644.41,646.57,14997
1406160000,646.57,644.17,631.0,634.59,24293
1406419200,634.59,632.2,613.04,620.22,20731
1406505600,620.22,622.14,611.84,621.9,12034
1406678400,621.9,629.8,618.07,626.69,18898
1406764800,626.69,645.13,626.69,642.97,15395
1407024000,642.97,646.33,622.86,631.0,10276
1407110400,631.0,631.0,615.91,623.34,5823
1407196800,623.34,628.85,622.62,626.21,12932
1407283200,626.21,625.49,617.83,619.27,13744
1407369600,619.27,622.14,609.45,618.31,15943
1407801600,618.31,613.04,601.07,608.25,12332
1407888000,608.25,620.22,595.8,613.04,18722
1407974400,613.04,610.41,601.07,605.86,12542
1408320000,605.86,601.07,583.11,585.5,21741
1408406400,585.5,597.0,574.73,587.66,19233
1408492800,587.66,586.46,561.08,573.29,23940
1408579200,573.29,562.03,516.06,538.81,60888
1408838400,538.81,548.38,526.83,526.83,21942
1408924800,526.83,517.25,481.33,493.55,39519
1409011200,493.55,542.88,491.39,511.75,27592
1409097600,511.75,562.75,511.75,562.51,30371
1409184000,562.51,596.76,560.36,582.63,24506
1409443200,582.63,586.22,540.72,555.33,16368
1409529600,555.33,551.98,522.04,551.98,21413
1409702400,551.98,552.22,534.02,539.76,6513
1409788800,539.76,537.61,509.59,534.02,12656
1410048000,534.02,536.41,489.71,495.94,17860
1410220800,495.94,544.55,499.29,544.55,25835
1410307200,544.55,551.98,510.07,519.65,14635
1410393600,519.65,526.35,495.7,518.45,12028
1410652800,518.45,522.04,496.9,510.07,20062
1410739200,510.07,513.66,502.88,511.27,10618
1410825600,511.27,511.27,500.49,501.69,9547
1410912000,501.69,505.04,495.7,498.1,9187
1410998400,498.1,498.1,488.04,489.71,3124
1411257600,491.87,490.67,471.99,478.94,23464
1411344000,478.94,513.18,476.54,513.18,49134
1411430400,513.23,523.29,494.26,500.01,4459
1411516800,500.01,504.32,500.01,502.88,3639
1411862400,502.88,521.28,502.88,521.28,2307
1411948800,521.28,562.37,510.07,562.37,5196
1412035200,562.37,554.61,537.94,543.12,4908
1412726400,543.12,534.49,516.97,516.97,2278
1412812800,516.97,535.93,511.51,525.87,2790
1413072000,525.87,531.62,512.08,523.0,8325
1413158400,523.0,518.69,507.48,517.25,1319
1413244800,517.25,516.97,507.2,514.67,2301
1413331200,514.67,517.25,510.36,511.51,2094
1413417600,511.51,521.56,512.94,516.97,4600
1413676800,516.97,523.57,516.97,521.56,5587
1413763200,521.56,524.44,517.25,520.41,2568
1413849600,520.41,530.76,512.94,516.68,6154
1413936000,516.68,517.54,510.07,516.39,2475
1414281600,516.39,514.38,512.94,514.38,696
1414368000,514.38,517.25,510.07,511.51,3552
1414454400,511.51,514.09,502.88,503.75,2826
1414627200,503.75,504.03,488.52,488.52,10432
1414886400,488.52,488.23,466.1,474.15,16641
1414972800,474.15,483.63,466.96,470.7,11686
1415059200,470.7,466.96,459.78,465.53,11943
1415145600,465.53,472.71,459.78,472.71,7928
1415232000,472.71,479.9,465.81,474.44,7747
1415491200,474.44,474.44,464.09,466.96,9213
1415577600,466.96,466.68,456.91,459.49,10518
1415664000,459.49,464.09,445.41,459.78,13103
1415750400,459.78,463.8,451.45,453.46,7880
1415836800,453.46,454.03,445.41,446.56,10094
1416096000,446.56,449.15,442.54,442.54,6697
1416182400,442.54,442.54,423.86,425.87,15256
1416268800,425.87,431.04,399.43,410.93,19072
1416355200,410.93,426.73,411.5,425.3,13333
1416441600,425.3,441.1,429.61,435.35,16736
1416700800,435.35,459.78,433.92,456.91,15235
1416787200,456.91,456.04,449.72,451.16,7812
1416873600,451.16,448.29,433.06,445.41,6216
1417305600,445.41,445.7,431.62,437.94,5799
1417392000,437.94,442.83,435.64,438.23,5443
1417478400,438.23,438.23,431.33,435.35,6150
1417564800,435.35,443.98,436.79,436.79,6184
1417651200,436.79,445.7,439.66,439.95,6876
1417910400,439.95,445.41,436.79,441.1,4277
1417996800,441.1,444.84,438.52,441.1,3869
1418083200,441.1,445.12,438.52,440.24,6504
1418169600,440.24,446.85,440.24,444.84,6166
1418256000,444.84,459.78,446.85,456.91,8593
1418515200,456.91,492.25,465.81,489.95,15541
1418601600,489.95,508.63,477.31,497.14,12852
1418688000,497.14,498.57,483.06,494.26,12371
1418774400,494.26,494.26,479.9,481.91,6206
1418860800,481.91,485.64,477.6,480.18,3638
1419120000,480.18,484.21,469.84,477.31,7519
1419206400,477.31,475.3,471.27,474.15,1923
1419292800,474.15,477.02,462.65,465.53,7729
1419379200,465.53,482.77,466.96,475.59,5609
1419724800,475.59,487.08,482.77,485.64,9915
1419811200,485.64,488.23,476.16,487.08,9577
1419984000,487.08,488.52,479.03,479.9,5078
1420070400,479.9,484.49,477.31,480.47,2885
1420329600,480.47,489.95,474.44,483.92,10141
1420416000,483.92,495.7,486.51,488.8,5997
1420502400,488.8,490.24,485.93,485.93,4233
1420588800,485.93,489.67,484.49,488.52,3194
1420675200,488.52,497.71,488.23,491.39,6057
1420934400,491.39,491.39,485.64,488.8,5658
1421020800,488.8,485.64,481.33,482.77,6543
1421107200,482.77,483.63,479.9,483.63,3764
1421193600,483.63,488.52,481.05,481.62,3228
1421539200,481.62,488.52,481.91,482.77,4258
1421625600,482.77,521.56,492.25,502.88,18358
1421712000,502.88,500.59,484.21,491.68,6557
1421884800,491.68,488.8,482.19,487.37,4675
1422144000,487.37,490.82,484.49,486.79,7508
1422230400,486.79,495.7,486.79,487.65,5119
1422316800,487.65,491.39,485.64,489.67,5164
1422403200,489.67,495.7,491.39,495.7,3413
1422489600,495.7,504.32,495.7,497.42,5420
1422748800,497.42,497.14,491.39,493.69,2689
1422835200,493.69,503.46,491.39,492.83,7165
1422921600,492.83,492.83,487.08,488.8,6849
1423008000,488.8,489.95,485.93,488.23,7354
1423094400,488.23,489.95,485.64,486.79,3995
1423353600,486.79,496.28,485.64,485.93,4903
1423440000,485.93,487.65,485.64,487.08,4741
1423526400,487.08,485.07,479.61,484.21,3569
1423612800,484.21,483.92,478.46,482.77,3173
1423699200,482.77,485.64,480.76,485.07,8866
1423958400,485.07,488.52,481.62,483.63,2163
1424044800,483.63,482.19,477.02,477.02,8220
1424304000,477.02,474.15,466.96,469.84,8435
1424563200,469.84,466.1,459.78,460.07,9384
1424649600,460.07,466.96,459.78,462.65,4938
1424736000,462.65,462.65,459.21,460.93,6168
1424822400,460.93,461.22,457.19,459.78,7842
1424908800,459.78,459.78,458.34,458.34,1676
1425168000,466.1,463.23,459.78,459.78,6081
1425254400,459.78,471.85,458.34,466.96,2414
1425340800,466.96,475.59,462.65,469.84,5973
1425427200,469.84,470.7,465.53,470.13,5468
1425859200,470.13,481.91,470.13,479.9,5187
1425945600,479.9,479.9,474.15,474.15,5643
1426032000,474.15,478.46,468.98,472.71,5980
1426118400,472.71,471.56,465.53,465.81,6413
1426377600,465.81,465.81,459.78,462.65,2971
1426464000,462.65,461.79,455.76,459.78,7768
1426550400,459.78,462.65,454.03,460.93,5584
1426636800,460.93,462.94,456.91,462.37,2837
1426723200,462.37,468.4,460.07,468.4,4245
1426982400,468.4,473.86,459.78,460.64,6769
1427068800,460.64,464.09,456.91,464.09,6849
1427155200,464.09,460.07,454.32,456.91,7694
1427241600,456.91,458.34,454.03,458.06,2788
1427328000,458.06,459.78,454.03,454.03,5207
1427587200,454.03,454.32,450.87,451.73,3338
1427673600,451.73,455.47,450.01,450.01,2827
1427760000,450.01,456.04,445.41,455.76,5649
1427846400,455.76,455.76,452.6,454.61,5434
1427932800,454.61,452.88,449.72,451.45,3669
1428192000,451.45,452.31,448.0,452.31,7498
1428278400,452.31,454.32,444.26,449.44,10692
1428364800,449.44,452.31,447.71,448.57,2964
1428451200,448.57,454.61,448.29,453.75,3947
1428537600,453.75,460.07,454.03,459.21,6641
1428796800,459.21,474.15,459.78,463.23,5586
1428883200,463.23,482.77,461.5,464.67,5963
1429056000,464.67,465.53,457.48,459.78,3600
1429142400,459.78,459.78,450.01,456.62,3781
1429401600,456.62,459.78,454.9,459.78,8188
1429488000,459.78,461.22,456.62,461.22,5303
1429574400,461.22,463.8,461.22,461.22,5048
1429660800,461.22,462.94,459.78,459.78,1537
1429747200,460.93,462.65,456.62,457.77,5154
1432425600,457.77,448.86,412.08,412.08,78
1432512000,412.08,404.03,370.99,370.99,687
1432598400,370.99,387.65,336.21,357.48,14190
1432684800,357.48,364.95,353.46,356.33,15629
1432771200,356.33,366.96,354.89,364.95,15144
1433030400,364.95,399.43,368.4,399.43,14083
1433116800,399.43,426.73,406.62,422.42,19184
1433203200,422.42,425.58,416.68,424.15,12889
1433289600,424.15,447.14,431.04,442.54,10448
1433376000,442.54,451.16,436.5,438.23,8422
1433635200,438.23,445.99,438.52,443.11,6559
1433721600,443.11,452.6,441.39,450.58,14817
1433808000,450.58,494.84,459.49,466.96,10364
1433894400,466.96,468.11,454.03,454.03,10793
1433980800,454.03,459.21,442.83,448.29,8408
1434240000,448.29,441.39,436.22,438.23,9087
1434326400,438.23,444.84,436.79,442.54,4702
1434412800,442.54,451.16,439.66,441.68,3093
1434499200,441.68,441.1,436.79,439.66,2833
1434585600,439.66,440.53,437.08,440.53,1706
1434844800,440.53,438.23,428.17,430.47,9155
1434931200,429.61,433.63,425.3,431.04,8027
1435017600,430.76,431.33,428.17,431.04,5533
1435104000,431.04,433.34,429.61,431.04,5663
1435190400,439.38,439.38,432.48,435.35,5599
1435449600,436.79,439.66,431.04,437.65,23550
1435536000,439.66,446.85,439.66,445.12,11855
1435622400,449.72,450.01,443.98,445.41,5101
1435708800,449.72,449.72,444.26,445.41,4359
1435795200,444.26,446.56,438.23,438.23,7448
1436054400,436.79,441.68,436.79,440.53,3241
1436140800,436.79,440.24,436.79,436.79,7651
1436227200,436.79,441.96,436.5,439.66,12648
1436313600,442.54,447.42,441.1,442.54,4622
1436400000,443.98,445.99,442.25,442.25,4955
1436659200,445.12,447.14,442.54,446.85,7716
1436745600,445.41,446.85,443.69,445.12,5902
1436832000,452.6,459.49,445.7,452.31,5198
1436918400,460.64,460.64,453.46,455.47,5359
1437004800,455.47,483.63,456.91,483.63,6146
1437523200,474.44,475.59,462.65,469.84,6486
1437609600,469.84,474.15,467.83,470.7,5826
1437868800,470.7,496.85,479.9,488.52,1097
1437955200,488.52,498.29,459.78,460.64,5283
1438041600,460.64,465.53,451.16,454.03,10792
1438128000,454.03,454.03,449.44,450.58,6964
1438214400,450.58,459.49,442.54,451.16,12761
1438473600,451.73,449.72,445.41,446.56,4888
1438560000,446.56,451.16,443.11,451.16,10520
1438646400,451.16,451.16,445.41,448.29,6581
1438732800,448.29,449.72,445.41,445.7,5377
1438819200,445.7,454.32,445.41,454.32,7715
1439078400,454.32,463.23,441.39,446.85,11716
1439164800,446.85,455.76,435.35,438.52,20089
1439251200,438.52,439.66,429.61,431.62,22143
1439337600,432.48,436.79,431.04,433.92,17240
1439424000,431.33,436.79,431.04,436.79,14629
1439683200,433.92,436.5,425.3,429.61,14744
1439769600,431.04,446.85,431.04,434.78,16751
1439856000,435.07,435.07,426.73,431.04,22529
1439942400,431.04,433.63,428.75,433.63,21026
1440028800,433.92,435.35,429.61,429.61,21635
1440288000,431.04,432.48,425.87,429.61,15266
1440374400,431.04,433.92,427.02,429.03,19792
1440460800,429.03,429.61,423.86,428.17,9907
1440547200,428.17,430.18,426.16,427.88,9292
1440633600,430.76,431.04,426.73,428.75,11486
1440979200,429.61,429.61,423.86,425.3,17950
1441065600,425.3,429.61,422.42,425.01,15240
1441152000,423.86,423.86,418.4,419.55,22485
1441238400,419.55,420.99,416.39,418.11,9773
1441497600,418.11,418.11,402.31,408.34,11638
1441584000,410.93,411.5,405.47,408.06,8389
1441670400,408.06,410.64,405.18,408.63,16462
1441756800,408.63,410.07,406.62,406.91,10797
1441843200,406.91,408.06,403.74,404.89,12209
1442102400,403.74,413.8,403.74,413.8,15715
1442188800,421.85,429.32,419.55,425.3,9413
1442275200,425.3,444.55,425.3,432.19,14655
1442361600,432.19,438.23,431.04,431.04,15336
1442448000,436.79,439.66,426.73,426.73,10423
1442880000,419.55,419.55,410.07,411.5,7460
1442966400,410.93,420.99,410.93,420.12,6212
1443052800,419.55,420.99,411.22,413.51,8454
1443398400,405.47,409.49,402.31,407.19,6539
1443484800,406.62,408.63,405.76,408.34,7109
1443571200,405.18,410.93,405.18,410.93,4392
1443657600,410.93,411.5,408.06,409.49,3972
1443916800,408.63,409.49,405.47,408.06,6890
1444003200,406.62,407.48,402.88,405.47,4438
1444089600,402.31,405.18,402.31,403.74,4504
1444176000,399.72,401.16,398.0,399.43,6100
1444262400,398.0,403.74,393.69,403.74,16924
1444521600,396.56,399.15,395.12,397.71,4734
1444780800,393.69,398.28,392.25,398.28,1706
1444867200,399.43,402.31,394.26,402.31,1097
1445126400,397.14,400.87,396.56,399.43,3259
1445212800,399.43,400.87,396.85,399.43,8342
1445731200,395.12,395.12,395.12,395.12,594
1445904000,390.81,390.81,376.16,377.88,4523
1445990400,370.7,379.32,370.7,375.87,8715
1446076800,373.57,386.5,373.57,386.5,3504
1446336000,380.76,387.65,378.46,386.5,3954
1446422400,387.94,402.31,387.94,391.1,3760
1446508800,387.94,393.97,387.94,393.97,3507
1446595200,392.25,400.58,392.25,400.3,3333
1446681600,399.43,408.06,399.43,402.31,13636
1446940800,404.89,405.18,400.87,405.18,9539
1447027200,402.31,405.18,402.31,405.18,7141
1447113600,402.31,410.35,402.31,405.18,3560
1447545600,408.06,416.39,398.0,399.72,3736
1447632000,398.0,398.28,394.26,397.71,2608
1447804800,400.87,402.31,393.69,396.56,3793
1447891200,396.56,396.56,386.5,392.82,3899
1448150400,396.56,396.56,385.64,386.79,4757
1448236800,382.19,386.5,373.57,386.5,4937
1448323200,380.76,383.63,380.76,383.34,2926
1448409600,390.53,393.69,382.48,382.77,11043
1448496000,383.63,383.63,373.0,375.58,11093
1448755200,380.76,380.76,367.82,372.13,9834
1448841600,372.13,386.79,372.13,376.45,10459
1448928000,376.45,383.05,372.42,382.19,6250
1449014400,377.88,381.33,377.88,381.33,5639
1449100800,377.88,385.07,376.45,380.76,6245
1449187200,380.47,385.35,380.18,384.78,6435
1449446400,386.5,390.53,385.35,387.65,12758
1449532800,387.94,390.81,385.93,387.94,8368
1449619200,393.69,395.12,389.66,393.4,9028
1449705600,393.4,396.56,389.95,393.69,4823
1449964800,393.69,396.27,388.8,390.81,6608
1450051200,390.81,392.25,386.5,387.94,5770
1450137600,387.94,387.94,382.19,384.49,6640
1450224000,383.63,387.65,379.32,387.65,10890
1450310400,389.38,389.38,380.76,385.07,32247
1450569600,384.99,396.56,386.65,396.56,277
1450656000,396.56,398.21,388.3,388.3,3103
1450742400,389.62,389.62,383.34,385.99,1467
1450828800,385.99,389.95,380.04,389.95,1163
1450915200,389.95,391.6,386.32,388.3,3112
1451001600,388.3,388.3,384.99,388.3,2954
1451260800,388.3,388.3,386.65,388.3,1913
1451347200,388.3,386.65,383.34,386.65,1327
1451520000,386.65,389.95,386.65,387.97,2594
1451779200,387.97,388.3,385.32,385.32,6394
1451865600,385.32,388.3,380.04,380.04,4385
1451952000,383.34,383.34,380.04,383.34,5242
1452038400,380.37,386.65,380.37,386.65,2925
1452124800,386.65,399.87,380.7,395.9,5932
1452384000,395.9,412.42,396.89,409.78,4527
1452470400,413.08,424.98,411.76,413.08,5873
1452556800,421.35,424.65,410.11,413.08,6777
1452643200,413.08,454.39,421.35,454.39,3070
1452729600,463.31,489.09,449.44,452.74,2970
1452988800,458.36,462.65,442.83,446.13,2770
1453075200,449.44,449.44,441.17,442.83,1717
1453161600,442.83,451.42,439.52,442.83,984
1453248000,441.83,441.83,437.87,438.53,2271
1453334400,438.53,446.13,427.62,427.62,3304
1453593600,427.62,429.61,423.66,424.65,1696
1453680000,427.95,427.95,421.35,421.35,2150
1453766400,421.35,429.61,421.35,421.35,951
1453852800,421.35,426.96,421.35,421.35,919
1453939200,421.35,424.32,420.35,424.32,1346
1454198400,424.32,428.95,423.0,428.62,2684
1454284800,428.62,426.63,421.35,423.33,2687
1454371200,426.3,427.95,423.0,424.65,1274
1454457600,424.65,424.32,416.39,423.33,7781
1454544000,426.3,426.96,423.33,426.3,1164
1454803200,426.3,443.16,428.62,434.89,9723
1454889600,434.89,452.08,437.87,448.77,6467
1455148800,448.77,470.59,449.44,464.97,12677
1455408000,464.64,464.64,454.39,455.71,8093
1455494400,456.04,457.7,449.44,457.37,2057
1455580800,457.37,456.04,451.09,451.09,1647
1455667200,451.09,452.74,446.79,452.74,10399
1455753600,452.74,457.7,449.44,457.04,9468
1456012800,462.65,470.92,452.74,456.04,3985
1456099200,456.04,461.33,456.04,457.7,7730
1456185600,457.7,457.7,452.08,457.7,1212
1456272000,457.37,457.37,453.07,453.07,2349
1456358400,444.15,453.07,444.15,452.74,3577
1456617600,452.74,454.39,449.77,450.43,4144
1456704000,450.43,449.44,446.13,449.44,2955
1456790400,443.49,447.78,443.16,446.13,6760
1456876800,454.39,454.39,441.17,441.5,7193
1456963200,441.17,442.83,436.22,440.18,3343
1457222400,442.5,442.5,436.88,437.21,1469
1457568000,445.8,449.44,436.88,436.88,3051
1457827200,428.29,437.87,428.29,433.9,5617
1457913600,434.56,439.52,429.61,436.22,7586
1458000000,429.61,437.21,429.61,437.21,5799
1458086400,434.56,437.87,429.28,436.22,3347
1458172800,435.89,435.89,432.91,434.56,4623
1458432000,433.24,451.42,433.24,446.13,15320
1458518400,437.54,442.16,436.22,441.17,6546
1458691200,434.56,439.19,434.56,435.23,6726
1458777600,435.23,438.86,433.24,437.87,3383
1459036800,437.87,442.83,437.87,442.83,12256
1459123200,442.83,442.5,430.93,441.17,19299
1459209600,441.17,446.13,434.56,439.52,17364
1459296000,439.52,446.46,437.87,444.48,10208
1459382400,444.48,450.76,438.53,445.8,13219
1459641600,445.8,446.13,441.17,441.5,4764
1459728000,441.5,442.83,436.22,439.85,7023
1459814400,439.52,441.17,437.87,440.51,10942
1459900800,440.51,440.51,436.22,436.88,5438
1460246400,436.88,440.18,434.56,435.56,6736
1460332800,435.56,439.52,433.24,434.56,5353
1460419200,434.56,436.22,431.92,434.89,7456
1460592000,434.89,437.87,433.24,435.89,3113
1460851200,436.22,439.52,435.56,435.56,15559
1460937600,435.56,442.83,436.22,441.17,5492
1461024000,441.17,441.17,436.55,437.21,8954
1461110400,437.21,439.52,434.56,437.87,11231
1461196800,437.87,437.87,434.23,436.22,6431
1461456000,436.22,437.87,429.61,436.88,27535
1461542400,436.88,436.88,433.24,434.89,10566
1461628800,434.89,436.88,433.24,434.56,8164
1461715200,434.56,436.55,432.91,433.57,5356
1461801600,433.57,435.56,432.91,433.24,4314
1462147200,433.24,434.56,430.27,430.27,11370
1462233600,430.27,432.91,427.95,428.95,14387
1462320000,428.95,429.61,426.96,427.95,9644
1462406400,427.95,429.61,423.33,426.63,6342
1462665600,426.63,429.28,423.33,424.65,4890
1462752000,426.3,426.3,422.67,423.33,11658
1462838400,424.98,424.98,423.0,423.0,5344
1462924800,423.0,423.99,416.72,420.35,5017
1463011200,419.69,423.66,419.03,420.68,5728
1463270400,416.72,420.02,416.39,417.71,16595
1463356800,417.71,419.36,415.4,416.06,4536
1463443200,416.39,428.95,416.39,419.69,18874
1463529600,419.69,427.62,418.04,421.35,14156
1463616000,421.35,427.62,423.0,424.65,12986
1463875200,424.65,430.6,424.65,425.97,9192
1463961600,425.97,426.63,424.65,424.65,20537
1464048000,424.65,426.96,423.0,423.99,10290
1464134400,423.99,432.91,423.66,424.32,14530
1464220800,424.32,429.94,423.0,429.61,14393
1464480000,429.61,463.98,437.54,449.44,23985
1464566400,449.44,465.96,458.36,461.0,48838
1464652800,461.0,506.94,462.65,505.61,97255
1464739200,505.61,528.75,472.9,486.12,45817
1464825600,486.12,480.17,466.62,468.93,18850
1465084800,468.93,469.26,449.44,452.74,13542
1465171200,452.74,468.93,457.7,462.65,13522
1465257600,462.65,469.26,462.65,463.31,7497
1465344000,463.31,464.31,459.35,462.65,10193
1465430400,456.38,464.31,456.38,460.67,10848
1465689600,460.67,457.7,447.78,455.71,13432
1465776000,455.71,462.65,454.39,457.37,6798
1465862400,461.0,475.87,457.7,462.65,13551
1465948800,468.93,469.26,460.01,460.01,13377
1466035200,460.01,463.98,457.37,461.0,14575
1466294400,461.0,459.68,452.08,452.74,16926
1466380800,452.74,459.35,451.09,452.74,10664
1466467200,452.74,459.35,451.09,452.74,10614
1466553600,461.66,462.65,457.7,462.65,24505
1466640000,462.65,479.18,463.65,467.61,25156
1466899200,467.61,470.92,462.65,469.26,14717
1466985600,469.26,475.87,467.61,475.54,8307
1467072000,475.54,484.46,469.59,484.46,18336
1467158400,484.46,489.09,479.18,487.11,13171
1467244800,487.11,490.08,479.18,481.49,12874
1467504000,481.49,480.83,470.92,479.18,18925
1467590400,479.18,479.18,473.23,475.87,12735
1467676800,473.23,480.83,470.92,476.2,7051
1467763200,475.21,476.53,469.26,474.22,15686
1468108800,474.22,474.22,464.97,471.91,13140
1468195200,471.91,470.92,464.31,464.64,13098
1468281600,464.64,469.26,456.04,461.0,11200
1468368000,461.0,469.26,456.04,461.66,14484
1468454400,462.65,475.87,459.35,473.23,11973
1468713600,475.87,475.54,465.96,469.26,3562
1468800000,469.26,475.87,462.32,465.96,8608
1468886400,462.65,465.96,459.35,465.3,7528
1468972800,464.31,464.97,461.33,462.32,9133
1469059200,462.32,462.65,456.04,460.67,5974
1469404800,460.67,462.32,456.04,458.69,12816
1469491200,458.69,462.32,456.04,459.35,15897
1469577600,459.35,464.31,459.35,462.65,23604
1469664000,462.65,462.65,456.04,460.67,6657
1469923200,460.67,462.98,456.71,459.02,10000
1470009600,459.02,458.03,451.09,454.39,7615
1470096000,454.39,456.04,448.11,452.74,7978
1470182400,452.74,456.04,447.78,451.75,6283
1470268800,451.75,449.44,444.81,446.13,9382
1470528000,446.13,457.7,440.18,440.51,6949
1470614400,440.51,434.56,424.98,424.98,6257
1470700800,433.24,450.43,433.24,450.43,170
1470787200,446.13,450.43,437.87,441.17,4808
1470873600,433.24,442.83,433.24,437.87,3058
1471132800,439.52,442.83,429.61,431.26,7570
1471219200,423.0,429.61,413.41,426.3,7776
1471305600,423.0,438.2,419.69,429.61,8063
1471392000,431.59,432.91,423.66,427.62,7449
1471737600,429.61,429.61,423.0,423.0,5047
1471824000,426.3,426.3,409.78,413.08,6770
1471910400,413.08,421.35,410.44,411.76,6572
1471996800,415.73,419.69,409.78,419.69,7442
1472342400,416.39,419.69,411.43,415.73,5282
1472428800,415.73,416.39,407.47,409.45,11341
1472515200,403.83,439.85,403.83,436.22,71011
1472601600,427.62,435.23,421.35,424.65,9698
1472688000,421.35,423.66,414.74,419.69,4037
1472947200,419.69,420.68,414.74,416.39,9147
1473033600,416.39,421.35,416.39,418.04,6650
1473120000,417.05,429.94,417.05,424.32,5232
1473206400,426.3,429.61,420.02,420.02,6388
1473292800,426.3,449.44,423.0,438.86,34560
1473552000,447.45,474.55,446.13,451.09,38150
1473638400,449.44,454.39,433.57,438.86,12258
1473811200,439.52,439.52,431.26,436.22,10744
1474156800,444.81,454.39,436.55,436.55,18274
1474329600,436.22,436.22,422.01,426.63,7947
1474416000,423.33,423.33,413.08,421.35,11773
1474502400,419.69,426.3,413.41,424.65,5403
1474761600,419.69,426.3,413.41,424.65,5403
1474848000,413.74,421.35,413.74,416.39,4093
1474934400,419.69,419.69,415.4,416.39,3900
1475020800,409.78,418.04,409.78,416.39,13888
1475107200,418.04,421.02,413.74,414.08,10589
1475366400,414.74,418.04,413.08,413.08,7390
1475452800,413.41,416.06,411.76,413.08,9567
1475539200,413.08,417.05,411.43,413.41,10341
1475625600,416.72,416.72,408.13,412.75,13441
1475712000,420.68,436.22,413.08,416.39,13557
1476576000,423.0,423.0,407.47,413.08,4690
1476662400,411.43,416.72,409.78,416.72,3157
1476748800,413.08,416.06,411.43,413.08,3069
1476835200,413.08,415.07,411.43,415.07,4542
1476921600,413.08,414.74,412.75,414.41,6590
1477180800,419.69,419.69,410.44,411.1,4402
1477267200,411.43,412.42,408.13,409.78,5956
1477353600,408.13,410.44,408.13,409.78,3442
1477440000,413.08,413.08,404.82,408.13,4471
1477526400,408.13,413.08,406.47,413.08,8215
1478131200,412.75,413.74,410.44,410.77,3473
1478476800,412.42,413.08,408.13,408.13,10235
1478563200,408.46,411.43,404.16,404.16,5750
1478649600,403.17,408.13,396.56,399.87,9159
1478736000,404.82,414.74,396.56,400.86,6838
1478995200,392.93,401.19,392.93,398.87,8462
1479081600,398.21,400.2,395.9,395.9,7342
1479168000,396.56,399.53,390.61,392.93,8187
1479254400,389.95,393.26,384.99,388.3,10094
1479340800,388.3,388.3,375.41,375.41,10894
1479600000,371.78,371.78,355.25,360.21,8841
1479686400,360.21,367.15,353.6,361.53,5262
1479772800,354.59,366.82,347.65,357.23,7247
1479859200,358.56,358.56,352.28,353.6,8833
1479945600,356.9,357.23,341.04,351.95,6437
1480204800,348.64,348.64,327.16,330.47,19987
1480291200,324.52,343.36,312.29,340.05,13725
1480377600,333.44,356.9,323.86,356.9,8460
1480464000,357.23,363.84,351.95,356.9,11229
1480550400,363.84,370.78,347.32,350.96,9635
1480809600,348.64,348.64,338.73,338.73,6879
1480896000,344.68,344.68,330.47,330.47,9238
1480982400,330.47,337.08,327.16,332.45,12334
1481068800,332.12,343.69,330.47,343.69,10081
1481155200,343.36,343.36,335.09,337.74,4056
1481414400,332.12,340.05,329.15,329.15,9328
1481500800,330.47,333.44,323.86,330.47,8582
1481673600,327.49,330.47,320.55,327.82,5257
1481760000,323.86,327.16,317.25,323.86,17273
1482019200,322.21,322.21,316.59,317.58,15932
1482105600,322.21,322.21,315.6,316.59,10490
1482192000,312.29,312.29,303.04,307.0,23131
1482278400,307.0,307.0,299.07,304.03,10975
1482364800,304.03,304.03,297.42,297.42,43186
1482710400,297.35,294.45,283.9,287.18,7683
1482796800,287.18,287.18,276.27,282.81,10419
1482883200,283.54,290.81,280.27,290.45,9429
1482969600,294.45,294.81,290.81,290.81,24203
1483228800,296.26,299.54,293.72,296.26,12046
1483315200,297.35,300.99,294.81,297.35,11263
1483401600,295.17,298.08,294.45,294.45,6109
1483488000,291.17,294.45,288.99,292.63,3779
1483574400,292.63,294.81,290.81,293.36,6201
1483833600,290.08,292.63,290.08,290.81,5787
1483920000,289.72,294.45,289.72,291.54,3187
1484006400,291.54,299.9,291.54,298.08,1654
1484092800,298.44,298.44,295.54,296.99,2318
1484179200,297.72,298.08,294.45,296.99,5112
1484438400,295.17,295.17,293.36,293.72,680
1484524800,296.26,296.26,293.72,293.72,1775
1484611200,292.63,296.26,291.17,294.08,3867
1484697600,288.27,295.9,288.27,292.99,2558
1484784000,291.54,296.99,290.81,296.99,5854
1485043200,294.45,298.08,292.63,295.17,2233
1485129600,298.08,298.08,292.99,293.72,1208
1485216000,294.45,294.45,288.63,288.63,4553
1485302400,283.18,287.54,278.09,280.63,3943
1485388800,275.54,283.54,275.54,279.91,4229
1485734400,283.9,283.9,271.18,271.18,8571
1485820800,275.54,275.91,270.45,273.36,5457
1485907200,278.09,287.18,276.27,283.54,4272
1485993600,285.72,285.72,274.45,279.91,5371
1486252800,276.63,280.63,274.09,279.18,3355
1486339200,275.54,279.91,275.18,276.63,5096
1486425600,274.82,276.63,268.27,273.73,18763
1486512000,272.64,274.45,269.36,272.64,3564
1486598400,272.64,273.73,269.73,271.18,3664
1486857600,269.0,276.27,258.09,258.09,6059
1486944000,254.46,264.27,241.74,264.27,17591
1487030400,259.91,259.91,252.28,254.46,15059
1487116800,259.55,262.09,254.82,262.09,9467
1487203200,263.55,267.18,258.46,267.18,9723
1487462400,262.09,265.37,261.73,263.55,9475
1487548800,265.37,271.91,261.73,265.37,15394
1487635200,269.0,269.0,262.09,265.37,6961
1487721600,261.73,269.73,261.73,264.64,6105
1487808000,262.09,269.0,260.64,264.64,2885
1488067200,263.91,263.91,254.46,258.82,11221
1488240000,254.46,259.55,253.73,259.55,3227
1488326400,261.73,263.18,259.91,261.0,1553
1488412800,261.37,265.0,261.0,265.0,2241
1488672000,270.09,270.09,265.0,268.64,6340
1488758400,273.73,274.45,270.82,273.0,6639
1488844800,269.0,269.0,263.55,266.82,7849
1489017600,265.37,269.0,265.37,266.46,4564
1489363200,265.37,270.82,265.0,265.0,3666
1489449600,263.55,268.64,263.55,266.09,4108
1489536000,264.27,276.27,263.55,272.64,9041
1489622400,276.27,276.27,271.91,272.64,5422
1489881600,271.91,287.18,273.73,286.81,6272
1489968000,292.27,294.45,287.18,290.81,6779
1490054400,290.81,292.63,278.09,290.81,12722
1490140800,296.26,302.44,289.36,297.35,27981
1490227200,297.35,303.9,292.63,300.99,10052
1490486400,300.26,330.8,300.26,330.8,16026
1490659200,330.8,356.24,337.34,347.16,12069
1490745600,347.16,359.15,332.98,332.62,21835
1490832000,332.62,338.07,318.8,327.89,9656
1491091200,334.43,341.7,332.62,340.98,7234
1491177600,347.52,366.79,329.71,339.16,12341
1491264000,334.43,343.16,327.89,330.8,4727
1491436800,330.8,335.52,327.16,329.34,11037
1491696000,330.8,330.8,323.53,327.16,6325
1491782400,327.16,339.52,323.53,332.25,8583
1491868800,330.8,337.34,328.98,332.25,6002
1491955200,338.43,338.43,330.8,331.89,11808
1492041600,330.8,330.8,321.71,326.44,5894
1492300800,327.16,330.8,318.07,319.17,7334
1492473600,312.62,312.99,303.9,306.08,10402
1492560000,306.08,314.44,300.26,312.99,4296
1492646400,309.71,315.89,309.71,313.71,5025
1492905600,319.89,338.07,312.62,312.99,8666
1492992000,319.89,319.89,311.89,316.26,1777
1493078400,316.26,316.26,308.99,311.17,6067
1493164800,305.72,314.44,305.72,311.89,7129
1493251200,311.17,314.44,310.8,311.17,5638
1493510400,308.99,311.89,303.53,311.89,9279
1493683200,311.89,312.62,307.53,311.53,2708
1493769600,312.62,312.62,305.35,308.26,4891
1493856000,308.26,310.8,305.35,307.53,5108
1494115200,303.53,308.99,302.08,302.08,6717
1494201600,298.44,307.17,298.44,305.35,2483
1494288000,305.35,324.25,301.72,318.07,9106
1494460800,324.25,328.98,317.35,325.71,19373
1494806400,330.8,331.52,321.71,325.71,12837
1494892800,325.71,325.71,313.71,321.71,6011
1494979200,321.71,321.71,314.44,314.44,949
1495065600,314.44,319.17,311.17,319.17,3449
1495324800,312.99,317.71,310.8,317.35,6643
1495411200,316.26,316.26,309.71,311.17,4471
1495497600,312.62,316.62,312.62,312.99,3091
1495584000,312.99,318.07,307.17,312.62,4158
1495929600,308.26,308.99,301.72,308.99,9934
1496102400,307.17,307.17,299.9,306.44,13442
1496188800,306.44,310.8,299.9,305.35,5724
1496275200,299.9,311.53,299.54,311.53,10505
1496534400,307.17,309.35,303.53,303.53,4819
1496620800,303.53,310.8,303.53,305.35,3043
1496707200,299.54,313.71,299.54,313.71,11949
1496793600,316.98,316.98,311.17,311.17,6550
1496880000,305.72,310.8,305.72,309.71,4450
1497139200,306.08,306.08,298.44,301.72,6168
1497225600,299.17,302.81,298.44,299.9,4484
1497312000,299.9,305.35,299.17,305.35,3618
1497398400,302.44,305.35,302.08,305.35,1123
1497484800,303.53,308.99,302.44,305.35,2441
1497744000,303.53,303.53,300.26,302.44,2359
1497830400,299.9,300.63,298.08,299.17,3248
1497916800,299.9,299.9,292.99,297.72,4048
1498003200,295.17,296.63,292.63,296.26,3279
1498089600,296.63,301.35,296.26,301.35,1854
1498348800,302.81,302.81,294.45,297.72,5530
1498521600,303.53,303.53,294.45,296.26,2249
1498608000,297.72,297.72,290.81,292.63,7707
1498953600,288.99,294.45,288.99,290.81,3374
1499040000,291.17,292.63,289.36,292.27,3244
1499126400,292.27,292.27,289.36,290.45,3289
1499212800,290.81,294.45,287.9,294.08,2646
1499299200,300.26,300.26,292.99,294.45,4280
1499558400,294.45,296.26,288.99,290.81,11360
1499644800,290.81,292.63,285.36,287.9,6601
1499731200,282.45,293.36,282.45,289.72,2083
1499817600,291.17,291.17,288.27,288.99,15624
1499904000,293.72,293.72,287.18,290.08,8375
1500163200,291.17,291.54,288.99,288.99,2469
1500249600,289.72,290.81,285.72,288.27,6034
1500336000,293.72,299.54,287.54,299.54,11041
1500422400,294.45,300.26,294.45,295.54,4393
1500508800,295.54,298.08,294.45,297.72,6610
1500768000,296.26,298.44,294.45,298.44,5784
1500854400,297.35,297.35,293.72,295.54,6086
1500940800,299.54,299.54,293.72,294.81,7889
1501027200,294.45,302.08,292.63,295.17,6815
1501113600,290.81,298.44,289.72,290.81,6720
1501372800,290.81,292.27,289.36,290.81,3947
1501459200,290.81,300.26,290.45,298.08,9056
1501545600,294.81,296.26,294.45,296.26,11748
1501632000,294.81,300.63,294.45,294.81,3480
1501718400,294.81,299.9,292.63,292.63,12550
1501977600,292.63,298.08,289.72,290.81,9823
1502064000,290.81,292.63,290.81,291.17,9166
1502236800,294.45,294.45,289.72,289.72,9656
1502323200,289.72,290.81,289.36,290.81,9472
1502582400,294.45,294.45,287.18,287.18,6837
1502755200,281.72,284.27,281.72,283.54,4131
1502841600,287.18,290.81,283.54,285.36,5837
1502928000,285.36,288.99,281.72,285.36,8692
1503187200,287.18,287.18,285.36,285.72,6586
1503273600,283.54,287.18,283.54,285.36,4459
1503360000,287.18,287.18,283.54,286.45,1831
1503446400,285.36,286.45,283.9,283.9,2525
1503532800,283.9,289.36,283.9,284.63,4503
1503792000,284.63,287.18,285.36,285.36,4039
1503878400,283.9,285.36,282.09,285.36,3022
1504051200,286.81,286.81,279.18,279.91,5921
1504137600,279.91,284.27,279.18,281.0,4956
1504483200,279.91,290.08,277.0,278.45,6857
1504656000,277.36,283.54,277.0,279.91,6766
1504742400,280.63,280.63,276.27,277.72,4657
1505001600,278.09,279.18,276.27,276.27,5372
1505088000,276.27,278.09,274.45,275.18,4634
1505174400,274.45,274.45,270.82,274.09,2758
1505260800,269.36,279.91,269.0,278.82,4620
1505347200,279.91,283.54,275.54,275.54,2593
1505606400,272.64,278.09,270.45,276.27,6799
1505692800,279.91,284.99,274.82,283.18,6239
1505865600,279.91,283.54,275.91,283.54,2888
1506211200,283.54,284.63,279.91,283.54,5749
1506297600,283.54,290.45,282.81,290.08,2422
1506384000,291.17,292.63,287.18,290.81,6536
1506988800,294.45,315.17,290.81,314.44,8734
1507075200,320.62,326.8,302.08,303.9,21104
1507420800,305.35,305.35,292.27,299.9,10718
1507507200,301.72,301.72,292.27,294.81,17823
1507593600,290.81,301.72,290.81,298.08,11184
1507680000,303.9,308.99,301.72,308.26,36901
1507766400,308.26,314.8,303.53,304.62,80611
1508025600,307.17,309.35,301.35,307.53,10182
1508112000,310.8,314.44,308.99,314.44,22782
1508198400,318.44,323.53,310.08,321.71,30025
1508284800,318.44,330.8,318.44,327.53,44422
1508630400,327.89,337.34,327.89,329.34,53361
1508716800,329.42,336.94,328.16,328.58,7825
1508803200,328.58,328.16,319.8,320.22,4833
1508889600,321.47,321.47,314.37,315.62,5893
1509235200,315.62,316.04,310.19,312.69,16281
1509321600,313.11,317.71,313.11,316.46,4175
1509408000,317.71,319.8,316.46,317.71,10707
1509494400,319.8,326.07,318.97,320.22,6022
1509580800,317.71,323.98,317.71,323.98,8464
1509840000,322.73,322.73,315.2,318.55,14180
1509926400,318.55,321.47,313.53,321.47,7701
1510012800,324.82,326.07,319.8,323.15,8011
1510099200,323.98,323.98,316.04,316.46,15506
1510185600,321.89,323.98,316.87,320.22,6570
1510444800,319.8,334.01,323.98,330.25,13861
1510531200,332.34,357.42,332.34,357.01,39163
1510617600,364.11,375.82,358.68,369.97,68710
1510704000,372.06,372.06,357.01,357.84,45234
1510790400,352.83,357.01,349.9,350.74,22531
1511049600,350.74,371.64,348.23,349.06,9786
1511136000,349.06,351.99,343.21,344.88,8351
1511222400,344.05,350.74,344.05,346.97,11240
1511308800,346.97,356.59,346.97,355.75,10202
1511395200,355.75,363.7,355.75,362.02,12262
1511654400,362.02,383.76,357.42,383.76,46218
1511740800,383.34,403.41,373.31,392.54,69469
1511827200,392.96,402.99,387.11,401.32,44590
1511913600,403.41,407.59,389.61,392.96,62416
1512000000,392.96,401.32,384.6,397.56,46434
1512345600,401.32,401.32,394.63,396.3,17790
1512432000,390.87,392.12,389.61,390.87,10071
1512518400,397.14,405.08,395.05,397.14,13237
1512864000,397.56,404.66,392.12,395.88,26553
1512950400,403.41,403.41,394.63,395.88,17274
1513036800,394.63,397.14,394.63,395.47,13681
1513123200,395.05,405.08,389.61,398.81,14011
1513209600,397.14,402.57,395.05,402.57,4162
1513468800,397.14,398.39,393.38,395.05,13175
1513555200,395.05,399.65,394.63,399.23,16493
1513641600,395.47,400.9,394.21,398.39,9790
1513728000,396.3,396.3,388.78,391.7,14162
1513814400,390.87,390.87,385.02,385.43,10697
1514073600,387.11,394.63,384.6,385.85,5535
1514246400,378.75,380.84,376.24,376.65,22480
1514332800,371.64,384.18,371.64,373.31,19599
1514419200,371.22,378.33,366.62,370.8,6444
1514678400,364.11,369.97,359.52,369.55,8701
1514764800,371.22,382.51,367.04,380.42,17693
1514851200,382.51,387.94,374.15,374.15,5932
1514937600,374.15,376.24,367.88,369.97,4558
1515024000,369.97,371.64,368.71,368.71,4324
1515283200,363.7,374.15,363.7,369.97,7112
1515369600,372.06,374.98,369.97,373.73,6777
1515456000,373.73,378.33,371.22,375.4,10397
1515542400,373.31,377.49,369.55,372.89,9988
1515888000,369.97,398.81,367.88,398.81,12479
1516060800,390.87,390.87,366.2,369.97,6159
1516147200,368.71,372.06,365.79,367.04,5438
1516492800,364.53,370.38,364.53,368.71,4410
1516579200,373.73,375.82,369.13,373.73,3622
1516665600,372.06,372.06,367.88,368.71,4559
1516752000,367.88,369.13,367.88,368.29,5504
1516838400,368.29,370.8,368.29,370.8,3302
1517097600,372.06,372.06,367.46,367.46,4555
1517184000,367.88,367.88,362.44,366.62,3046
1517356800,365.79,367.88,364.95,367.04,2571
1517443200,367.88,372.06,363.7,365.79,6821
1517702400,365.79,368.29,365.79,367.04,4102
1517788800,366.62,366.62,362.02,363.28,4820
1517875200,361.61,363.28,358.68,359.1,5510
1517961600,360.35,360.35,353.24,356.59,6152
1518048000,355.75,364.53,355.33,364.53,4113
1518307200,362.02,362.02,355.33,355.75,9958
1518393600,355.33,357.42,355.33,355.75,3733
1518566400,362.86,362.86,355.75,359.52,1570
1518652800,361.61,372.47,359.93,372.47,5833
1518912000,372.47,372.06,366.62,366.62,5715
1519084800,361.61,366.62,359.93,361.61,1341
1519171200,359.52,359.52,355.33,357.01,1936
1519257600,355.33,359.52,353.66,355.33,8451
1519516800,355.33,355.33,351.15,353.24,6158
1519603200,353.24,353.24,346.97,346.97,7010
1519689600,349.06,355.33,346.97,346.97,4084
1519776000,353.24,349.06,344.05,345.3,7979
1520121600,339.03,339.03,328.16,332.34,8077
1520294400,323.15,336.52,320.22,330.25,6587
1520380800,334.43,336.52,330.25,335.27,6195
1520726400,335.27,333.6,319.8,320.22,7351
1520812800,320.22,319.8,311.86,317.29,11023
1520899200,317.29,317.71,311.86,317.71,5728
1520985600,317.71,320.22,316.87,320.22,3345
1521072000,317.71,325.65,317.71,323.98,2825
1521331200,324.82,324.82,317.71,317.71,4112
1521417600,317.71,319.38,312.28,313.53,8879
1521504000,311.02,313.53,307.26,309.35,4763
1521590400,309.35,309.35,302.24,303.08,6652
1521676800,300.99,310.6,292.63,298.06,17788
1522022400,297.65,297.65,283.85,284.27,13245
1522108800,280.92,311.44,276.33,296.81,6066
1522195200,296.81,301.41,289.28,292.63,27220
1522281600,298.48,300.15,292.63,299.74,11280
1522540800,300.99,300.99,288.03,292.63,12520
1522627200,294.3,295.97,290.96,292.63,8890
1522713600,292.63,296.81,290.96,295.97,7486
1522800000,296.81,306.01,296.81,304.33,6147
1522886400,309.35,312.69,303.08,312.28,10117
1523145600,309.35,337.78,309.35,331.92,13684
1523232000,338.2,338.2,325.65,329.83,24064
1523318400,323.56,330.25,316.46,317.71,12480
1523404800,317.71,321.89,314.37,321.47,4511
1523491200,321.89,326.91,321.89,322.73,17199
1523750400,322.73,321.89,311.86,318.55,10876
1523836800,316.04,326.07,316.04,311.86,10684
1523923200,318.13,334.43,320.22,329.0,9818
1524009600,334.01,361.61,325.24,357.42,39260
1524096000,355.33,367.88,351.99,361.61,49054
1524355200,361.61,379.58,359.52,378.75,30381
1524441600,380.42,380.42,359.52,366.62,41975
1524528000,363.7,367.88,359.1,359.1,19937
1524614400,363.7,363.7,356.59,358.68,21733
1524700800,365.79,365.79,346.56,346.97,13870
1524960000,342.79,353.66,341.12,346.14,7595
1525219200,346.14,352.83,340.7,351.15,5671
1525305600,351.57,365.79,351.57,358.26,28081
1525564800,365.37,365.37,351.15,356.17,9425
1525651200,356.17,356.17,351.57,352.83,6952
1525737600,357.42,359.52,351.15,357.01,6343
1525824000,357.01,357.42,355.33,357.01,3326
1525910400,357.01,354.08,349.9,351.15,8641
1526256000,346.97,350.32,346.14,348.65,5580
1526342400,346.97,347.81,342.79,344.88,3709
1526428800,340.29,351.15,340.29,350.32,5805
1526515200,351.57,353.24,350.74,351.57,7015
1526774400,353.24,361.19,349.48,354.5,7342
1526860800,355.33,357.01,350.32,351.57,5194
1526947200,358.26,358.26,349.48,349.9,8133
1527033600,347.39,351.57,346.14,351.15,5372
1527120000,351.57,351.99,349.48,349.48,5603
1527379200,344.05,346.14,342.79,342.79,6464
1527465600,342.79,355.75,340.7,351.57,10230
1527552000,349.06,354.08,347.39,350.74,7744
1527638400,345.3,355.33,345.3,348.23,9714
1527724800,348.65,352.83,343.63,345.3,3459
1527984000,342.79,344.88,336.52,336.94,8608
1528070400,331.92,342.79,330.67,332.76,10075
1528243200,338.61,343.21,336.52,336.52,3433
1528329600,336.52,336.52,327.74,327.74,6415
1528588800,322.31,325.65,318.97,321.89,4536
1528675200,319.8,333.18,317.71,323.15,6710
1528761600,319.8,327.74,317.71,321.89,2184
1528848000,321.89,326.07,321.89,323.98,1365
1528934400,326.07,331.92,318.55,324.82,5644
1529193600,321.89,322.73,317.71,317.71,2697
1529280000,312.28,321.06,312.28,320.64,2481
1529366400,316.87,321.89,316.87,321.89,7186
1529452800,317.71,319.38,317.71,318.55,3290
1529539200,317.71,321.89,315.62,319.38,5621
1529798400,319.8,321.89,317.71,317.71,6121
1529884800,315.62,316.04,311.86,313.53,4903
1529971200,313.53,315.62,311.44,313.53,3428
1530057600,307.26,313.53,307.26,311.44,2406
1530144000,313.53,313.53,311.86,313.53,1436
1530403200,310.19,313.53,310.19,311.86,2576
1530489600,313.53,314.37,310.6,311.02,3020
1530576000,306.84,306.84,303.92,303.92,1025
1530662400,303.92,311.44,302.66,309.35,4424
1530748800,311.44,321.89,311.02,321.89,8565
1531008000,323.98,323.98,316.04,317.71,10746
1531094400,311.44,315.62,308.51,313.53,3762
1531180800,313.53,313.53,310.6,311.02,2205
1531267200,318.55,318.55,314.37,314.37,4333
1531353600,312.69,312.69,307.26,309.35,4785
1531612800,305.17,315.2,305.17,315.2,4153
1531699200,311.02,330.25,308.51,330.25,13417
1531785600,323.98,323.98,313.53,314.78,2819
1531872000,308.51,314.78,308.51,311.44,1524
1531958400,310.19,310.6,308.93,310.6,6197
1532217600,307.68,309.35,306.42,308.51,3027
1532304000,305.59,313.53,305.59,313.53,3451
1532390400,313.53,321.06,313.53,314.37,4583
1532476800,313.53,317.29,311.44,317.29,5535
1532563200,313.53,313.53,310.19,312.28,3276
1532822400,313.53,313.53,309.35,309.35,2689
1532908800,309.35,321.06,308.51,309.35,3942
1532995200,309.35,311.02,309.35,310.6,2735
1533081600,310.19,313.53,310.19,311.86,2576
1533168000,313.53,314.37,310.6,311.02,3020
1533427200,309.35,310.6,306.42,310.19,5260
1533513600,310.19,310.19,308.93,309.35,2336
1533600000,305.17,309.35,305.17,309.35,798
1533686400,313.11,313.11,308.51,311.44,2889
1533772800,307.26,308.93,305.59,308.51,4978
1534032000,305.17,305.59,300.57,300.99,6933
1534118400,298.9,303.08,296.39,303.08,3961
1534204800,299.74,304.33,299.32,304.33,2347
1534291200,304.33,309.35,300.99,307.68,4065
1534377600,313.53,313.53,304.33,305.59,9035
1534636800,300.57,306.42,300.57,304.33,2773
1534723200,303.92,303.92,296.81,298.06,11450
1534809600,298.9,299.74,295.97,298.9,7405
1534896000,298.9,304.33,297.23,304.33,1491
1534982400,298.9,300.99,297.23,299.32,5021
1535241600,296.81,298.9,295.97,298.06,2520
1535414400,295.55,299.32,295.55,298.9,2889
1535500800,295.97,297.65,295.55,296.81,8783
1535587200,295.97,298.9,295.97,297.23,2448
1535846400,297.23,300.99,297.23,298.06,2143
1535932800,300.99,303.5,300.15,301.83,6276
1536019200,302.24,302.66,300.15,300.57,4551
1536105600,300.99,309.35,300.99,308.93,11436
1536192000,309.35,309.35,301.83,302.66,4432
1536451200,311.86,311.86,300.57,304.75,4156
1536537600,303.08,303.08,300.15,300.99,3398
1536624000,300.99,305.17,300.99,301.41,3379
1536710400,300.99,302.66,300.99,301.83,3578
1536796800,303.08,305.17,301.83,303.08,10232
1537056000,303.08,303.92,298.9,302.24,8871
1537142400,303.08,303.08,298.48,301.83,2868
1537228800,300.99,307.26,299.74,306.84,12662
1537401600,300.99,306.84,300.99,305.17,10621
1537660800,301.41,313.11,300.99,306.42,16540
1537833600,305.17,310.19,303.92,309.35,13809
1537920000,313.53,313.53,304.33,309.35,9694
1538006400,303.5,306.42,303.5,303.92,2095
1538265600,300.99,306.84,299.32,305.17,7852
1538352000,305.17,305.17,301.41,303.08,3717
1538438400,303.08,304.75,303.08,303.08,13001
1538524800,298.48,303.08,298.48,300.57,6634
1538611200,298.48,302.24,298.48,300.99,9553
1538870400,298.9,303.5,297.65,301.41,9884
1538956800,298.9,302.24,298.9,302.24,4048
1539043200,300.99,301.41,298.9,298.9,24208
1539129600,298.9,300.99,296.81,299.32,15286
1539216000,300.99,302.24,299.74,302.24,8859
1539475200,302.24,303.5,300.99,301.41,7370
1539561600,300.99,302.66,300.99,300.99,6569
1540080000,300.99,300.99,296.81,299.74,685
1540166400,297.65,300.99,296.81,300.57,4008
1540252800,298.9,300.99,298.9,300.57,7432
1540339200,298.48,303.92,298.48,303.92,4504
1540425600,302.24,302.24,300.57,300.57,7054
1540684800,300.15,300.15,297.23,298.9,7849
1540771200,296.81,298.48,295.55,296.39,4469
1540857600,296.81,297.65,294.3,295.55,3398
1540944000,295.14,295.97,292.63,295.14,5400
1541030400,291.37,294.72,291.37,293.46,3806
1541289600,292.21,293.05,289.28,291.37,1274
1541376000,292.63,293.88,290.54,293.88,1478
1542153600,288.87,292.63,287.61,287.61,2693
1542240000,287.61,292.63,285.1,285.52,2073
1542499200,285.52,287.61,282.6,283.01,6165
1542585600,283.01,283.01,276.74,277.16,4618
1542672000,277.16,282.18,277.16,280.09,4291
1542758400,278.0,278.0,269.64,273.4,7439
1542844800,273.4,278.0,272.14,272.56,2238
1543104000,272.56,278.0,267.55,267.55,3299
1543190400,268.34,272.98,263.37,267.55,5038
1543276800,267.55,269.64,267.55,268.38,5562
1543363200,268.38,268.38,265.87,265.87,2745
1543449600,265.87,267.13,263.37,267.13,3169
1543708800,267.13,267.13,258.77,259.6,8225
1543795200,259.6,262.95,259.19,260.02,13705
1543881600,260.02,261.28,258.35,261.28,9402
1544054400,256.26,256.26,246.64,250.82,10563
1544313600,250.82,255.0,249.15,255.0,12745
1544400000,255.0,256.68,250.82,254.17,8775
1544486400,254.17,256.68,254.17,254.17,3389
1544572800,254.17,272.56,254.17,271.31,17051
1544659200,271.31,273.82,271.31,272.14,8373
1544918400,272.14,278.0,272.14,275.49,6036
1545004800,275.49,277.58,271.73,275.91,6831
1545091200,275.91,276.74,273.4,275.49,7178
1545177600,275.49,275.91,272.14,273.4,5906
1545264000,273.4,278.0,273.4,277.16,6266
1545523200,277.16,282.6,277.16,280.51,6000
1545609600,280.51,285.94,278.83,281.34,4960
1545696000,281.34,281.34,279.67,280.51,4397
1545782400,280.51,284.69,280.51,284.27,5359
1545868800,284.27,294.3,282.18,284.27,10444
1546128000,284.27,289.28,283.01,284.27,6113
1546214400,284.27,287.61,281.34,287.61,6994
1546300800,287.61,290.54,283.43,286.36,9459
1546387200,286.36,290.12,282.18,282.18,33406
1546473600,282.18,282.18,271.39,278.42,7208
1546732800,278.42,278.92,273.4,273.4,6554
1546819200,273.4,275.91,271.39,275.91,3644
1546905600,275.91,275.91,273.9,275.41,6674
1546992000,275.41,275.91,273.4,273.4,4984
1547078400,273.4,274.4,269.89,273.4,1691
1547337600,273.4,273.9,270.89,270.89,5280
1547424000,270.89,275.91,270.89,272.9,3183
1547510400,272.9,274.9,271.39,273.4,3616
1547596800,273.4,273.4,269.89,271.39,7373
1547683200,271.39,271.39,268.88,270.89,3441
1547942400,270.89,270.89,268.38,268.38,831
1548028800,268.38,268.38,265.87,266.88,3307
1548115200,266.88,267.88,266.38,266.88,5357
1548201600,266.88,269.39,266.88,269.39,4624
1548288000,269.39,269.39,265.87,267.38,3551
1548547200,267.38,268.38,263.37,266.88,3694
1548633600,266.88,266.88,264.37,266.38,1518
1548720000,266.38,268.38,265.87,265.87,5081
1548806400,265.87,267.38,264.37,265.37,2671
1548892800,265.37,265.37,262.36,262.86,6805
1549152000,262.36,262.86,258.85,258.85,7815
1549238400,256.84,258.85,253.83,255.84,4082
1549324800,256.34,257.85,255.84,257.85,1501
1549411200,258.35,258.35,255.84,256.34,3457
1549497600,260.86,260.86,255.84,258.35,1852
1549756800,258.85,258.85,253.33,253.33,2933
1549843200,253.33,255.84,253.33,253.83,2842
1549929600,252.33,255.84,251.83,255.84,6429
1550016000,251.83,255.84,251.83,253.33,6788
1550102400,253.33,253.83,251.83,253.83,8611
1550361600,251.33,253.83,250.82,253.33,7273
1550448000,252.83,253.33,251.33,253.33,6082
1550534400,255.84,255.84,251.33,255.34,4138
1550620800,253.33,255.34,251.33,253.83,2324
1550707200,248.82,253.83,250.82,253.33,12601
1550966400,255.84,255.84,250.82,251.33,7542
1551052800,250.82,252.33,250.82,251.83,6317
1551139200,248.32,253.33,248.32,251.33,8349
1551225600,247.31,252.33,247.31,250.82,3660
1551571200,253.33,253.33,250.82,250.82,8476
1551744000,250.82,253.33,250.82,251.33,7491
1551830400,251.33,252.33,250.82,252.33,6326
1551916800,252.33,254.84,252.33,254.34,2709
1552089600,250.82,254.34,250.82,252.83,1149
1552176000,250.82,254.34,250.82,252.83,1149
1552262400,252.83,259.85,251.83,259.85,6258
1552348800,258.85,265.37,258.35,263.87,5607
1552435200,258.85,261.36,256.34,257.35,5264
1552521600,256.34,259.85,256.34,259.35,2089
1552780800,259.85,259.85,256.84,258.35,5489
1552867200,259.35,259.35,254.84,254.84,4595
1552953600,253.33,254.34,252.83,253.33,2379
1553126400,252.83,254.34,251.83,252.33,6634
1553385600,252.83,255.84,250.82,255.84,12867
1553472000,253.33,254.34,250.82,252.83,2985
1553558400,250.82,254.34,250.82,252.83,5642
1553644800,252.83,254.34,251.83,252.83,3398
1553731200,251.33,253.33,251.33,252.33,6011
1553990400,252.33,252.33,250.82,251.83,3591
1554076800,252.33,253.33,251.33,251.83,6935
1554163200,252.83,255.84,252.83,252.83,7430
1554249600,250.82,254.84,250.82,252.83,6704
1554336000,253.83,253.83,251.83,251.83,4064
1554595200,252.33,253.33,251.83,251.83,3685
1554681600,251.83,255.84,252.33,253.33,5096
1554768000,253.33,255.84,253.33,253.33,8256
1554854400,252.83,253.33,251.83,252.33,4115
1554940800,252.83,253.33,251.33,253.33,3298
1555286400,251.33,253.33,250.82,253.33,2132
1555372800,255.84,258.35,253.33,255.84,5727
1555459200,255.84,259.85,253.83,253.83,6341
1555545600,255.84,255.84,252.83,254.34,6205
1555804800,255.84,258.85,253.33,258.85,12482
1555891200,258.35,268.38,258.35,259.85,11663
1555977600,260.86,262.86,255.84,258.35,5199
1556064000,258.35,258.35,253.83,254.84,5814
1556150400,253.83,258.85,253.83,256.34,17447
1556409600,256.34,281.43,256.34,275.41,24162
1556496000,275.91,284.44,269.39,275.41,31392
1556582400,273.9,289.95,273.9,287.44,39381
1556755200,286.94,289.95,279.92,289.45,19105
1557014400,283.93,283.93,265.37,267.38,42141
1557100800,265.87,272.4,264.87,268.88,13725
1557187200,268.88,269.89,265.87,267.88,12573
1557273600,263.87,265.87,263.37,265.37,5832
1557360000,265.87,265.87,263.87,265.87,6304
1557619200,261.36,265.37,261.36,263.37,2941
1557705600,264.87,273.4,264.37,269.39,9565
1557792000,272.4,272.4,265.87,265.87,5115
1557878400,265.87,268.38,265.37,265.37,9144
1557964800,264.87,265.87,262.36,262.36,6133
1558224000,263.87,266.88,263.37,263.37,4995
1558310400,263.37,265.87,262.36,263.37,5013
1558396800,266.88,274.4,265.37,269.89,17886
1558483200,267.88,282.93,267.88,277.91,30537
1558569600,273.4,273.4,268.38,270.39,10432
1558828800,269.89,269.89,264.87,266.88,6889
1558915200,267.38,268.38,264.37,268.38,4720
1559001600,264.87,270.89,264.87,265.87,2525
1559088000,260.86,268.38,265.87,266.38,4546
1559174400,271.39,281.43,265.87,266.88,16125
1559433600,266.88,267.88,261.86,262.36,8210
1559520000,267.38,267.38,261.36,261.86,2201
1559606400,261.86,268.38,261.36,261.36,8595
1559779200,261.86,263.87,261.36,261.86,2102
1560124800,261.86,261.86,258.85,260.86,7102
1560211200,259.35,260.86,259.35,259.85,6982
1560297600,260.86,260.86,258.35,258.35,4770
1560384000,253.83,259.35,253.83,259.35,4000
1560643200,259.35,259.85,256.84,257.35,4081
1560729600,259.85,259.85,255.84,256.34,2947
1560816000,268.88,268.88,258.35,258.35,1211
1560902400,258.35,258.35,256.34,257.85,2497
1560988800,256.34,258.35,255.84,256.34,4814
1561248000,257.35,258.35,255.84,256.34,44658
1561334400,259.35,259.85,257.35,257.85,50487
1561420800,256.34,259.85,255.84,259.85,8769
1561507200,258.35,258.35,256.34,256.84,12987
1561593600,256.84,257.35,254.34,254.84,16409
1561852800,254.84,255.84,252.83,252.83,5181
1561939200,253.33,255.34,250.82,252.33,11124
1562025600,253.33,255.34,251.33,254.34,7827
1562112000,254.34,257.85,253.83,257.85,5688
1562198400,257.85,258.35,255.34,256.34,10767
1562457600,256.34,256.84,255.34,255.84,7194
1562544000,257.85,258.35,256.34,257.85,3703
1562630400,255.84,257.85,255.84,257.85,1489
1562716800,257.35,258.35,255.34,255.34,5717
1562803200,255.34,258.85,255.34,258.85,7814
1563062400,260.86,260.86,257.35,257.85,24067
1563148800,260.86,263.37,258.35,260.36,19019
1563235200,272.9,272.9,258.85,261.36,7059
1563321600,258.35,264.37,258.35,261.36,2900
1563408000,260.86,261.86,259.35,259.35,7562
1563667200,259.35,259.85,256.84,259.85,4600
1563753600,258.85,259.35,258.35,258.85,5867
1563840000,258.35,260.86,257.85,257.85,8095
1563926400,257.85,259.85,256.84,259.85,10696
1564012800,255.84,258.35,255.84,256.34,7730
1564272000,256.34,257.85,255.84,256.84,10811
1564358400,256.84,257.85,255.34,255.84,8605
1564444800,255.84,256.34,254.84,256.34,4803
1564531200,256.84,256.84,254.34,255.84,4090
1564617600,255.84,257.85,254.34,257.85,2672
1564876800,255.84,257.35,255.84,255.84,4193
1564963200,255.84,257.35,255.84,255.84,3301
1565049600,255.84,255.84,254.34,255.34,3580
1565136000,251.33,255.34,251.33,254.84,3212
1565222400,250.82,250.82,243.8,245.81,17066
1565481600,247.81,247.81,241.29,241.79,2953
1565568000,239.29,243.8,239.29,240.79,4543
1565654400,240.79,245.31,240.79,241.79,4354
1565740800,241.79,241.79,239.29,239.29,3334
1565827200,240.79,242.8,236.78,236.78,2986
1566086400,238.28,238.28,229.76,229.76,5521
1566172800,229.25,229.25,225.24,225.24,11724
1566259200,225.24,234.27,221.23,225.74,6743
1566345600,229.76,229.76,223.74,225.74,5239
1566432000,226.24,226.75,223.74,224.24,6564
1566691200,222.23,224.24,222.23,222.23,7160
1566777600,222.23,223.74,221.73,223.74,8163
1566864000,225.74,225.74,223.74,223.74,2814
1566950400,224.74,223.74,221.23,221.23,5479
1567036800,221.23,222.73,221.23,221.23,5555
1567296000,219.22,220.73,217.72,218.72,2444
1567382400,215.21,216.71,214.71,215.71,2435
1567468800,215.71,221.73,215.71,221.73,7921
1567555200,219.72,225.24,218.72,223.23,2592
1567641600,225.74,225.74,223.23,223.74,4016
1567900800,221.73,223.23,220.73,220.73,5657
1567987200,224.74,224.74,217.21,219.22,4208
1568073600,218.22,220.73,217.72,218.72,2789
1568160000,218.22,222.23,218.22,219.22,2192
1568246400,219.22,221.73,219.22,219.72,3103
1568505600,218.72,219.72,215.71,215.71,6085
1568592000,213.2,214.71,210.19,210.69,5942
1568678400,212.7,215.71,212.2,212.2,4217
1568764800,216.21,220.22,215.21,216.21,5431
1568851200,217.21,217.21,213.7,217.21,2521
1569110400,214.2,215.21,210.19,210.19,3061
1569196800,210.69,212.7,208.69,209.19,5238
1569283200,213.2,213.2,207.68,207.68,997
1569456000,207.68,208.18,206.18,206.18,3536
1569715200,205.68,208.18,205.68,206.68,6003
1569801600,203.17,209.19,203.17,209.19,2394
1569888000,212.7,216.71,210.69,211.19,2210
1569974400,212.2,212.7,209.19,210.19,3298
1570060800,211.19,213.2,210.69,211.7,1670
1570665600,209.19,215.71,209.19,213.2,1114
1571011200,213.2,213.2,210.69,211.19,923
1571097600,208.18,214.71,208.18,210.19,15243
1571184000,206.18,210.69,210.19,210.19,3400
1571270400,214.2,214.2,210.19,212.2,707
1571616000,210.19,211.19,209.69,209.69,2560
1571702400,208.18,208.18,206.18,208.18,2371
1571788800,205.68,212.2,205.68,212.2,1698
1571875200,210.19,210.69,209.19,209.19,1991
1572480000,208.69,211.7,208.69,211.7,3626
1572739200,211.7,217.21,210.19,217.21,4754
1572825600,218.22,233.27,217.21,230.76,26737
1572912000,231.26,232.77,228.25,229.76,15750
1572998400,229.76,229.76,226.24,226.24,8452
1573084800,230.76,230.76,221.73,224.74,8287
1573344000,224.74,224.74,220.73,223.23,15961
1573430400,227.25,227.25,221.23,227.25,23584
1573516800,230.76,231.76,221.23,226.24,55110
1573603200,222.13,224.54,217.31,224.54,7846
1573689600,224.54,223.94,222.73,223.94,3929
1573948800,223.94,223.94,212.5,213.7,7012
1574035200,213.7,213.7,210.69,211.29,4015
1574121600,212.5,213.7,209.49,213.7,4275
1574208000,210.69,213.1,210.69,210.69,10647
1574294400,210.69,214.91,210.69,212.5,7165
1574553600,210.69,210.69,207.08,210.69,1083
1574640000,210.09,213.7,210.09,211.9,2958
1574726400,213.7,216.11,212.5,214.91,5931
1574812800,214.3,214.91,211.29,214.91,9564
1574899200,212.5,214.3,212.5,213.7,3148
1575158400,213.7,214.3,213.1,214.3,2653
1575244800,214.3,214.91,213.7,213.7,3459
1575331200,213.7,215.51,213.1,214.91,2416
1575417600,218.52,218.52,213.7,213.7,3756
1575504000,212.5,216.11,212.5,216.11,3475
1575763200,213.7,216.11,213.1,213.1,2460
1575849600,213.1,225.14,213.1,216.71,6733
1575936000,217.92,219.12,215.51,215.51,3194
1576022400,215.51,215.51,213.1,215.51,3757
1576108800,213.7,231.76,213.7,218.52,8095
1576368000,219.72,225.74,216.71,225.14,3682
1576454400,218.52,218.52,214.91,215.51,4638
1576540800,219.12,219.12,214.91,216.71,1716
1576627200,213.1,215.51,213.1,214.91,3301
1576713600,214.91,215.51,213.7,215.51,4671
1576972800,214.3,218.52,214.3,216.71,4772
1577059200,218.52,218.52,214.91,215.51,7433
1577145600,214.91,231.76,214.3,216.71,9139
1577232000,219.72,219.72,214.91,216.11,3646
1577318400,217.31,217.92,216.11,217.31,7075
1577577600,215.51,215.51,213.7,214.3,3104
1577664000,215.51,216.11,212.5,212.5,4739
1577750400,214.3,216.71,213.7,216.71,1917
1577836800,216.11,216.71,214.3,214.91,3691
1577923200,214.91,217.92,214.91,216.11,4191
1578182400,219.72,223.94,217.92,220.32,9565
1578268800,224.54,224.54,217.31,219.12,9991
1578355200,216.71,228.75,216.71,223.33,15378
1578441600,223.33,228.15,222.73,224.54,4940
1578528000,228.75,228.75,221.53,223.94,3624
1578787200,228.15,237.78,227.55,235.98,16785
1578873600,240.19,259.45,240.19,256.44,41254
1578960000,251.63,260.66,246.81,255.84,12731
1579046400,255.84,257.65,251.03,252.83,8309
1579132800,252.83,256.44,251.03,252.83,14876
1579392000,255.84,278.11,255.84,270.89,27229
1579478400,273.3,273.9,256.44,257.04,20107
1579564800,258.85,263.67,254.04,257.04,8535
1579651200,257.04,261.86,254.04,258.25,5397
1579737600,257.04,257.04,252.23,252.83,9427
1579996800,251.03,252.83,246.81,246.81,7372
1580083200,243.8,252.83,243.2,252.83,23707
1580169600,257.04,257.65,249.82,252.83,5090
1580256000,252.83,255.84,249.22,251.63,4206
1580342400,251.63,258.85,250.42,254.64,11713
1580601600,254.64,261.86,254.64,255.24,11965
1580688000,257.65,278.72,255.84,275.1,69102
1580774400,279.32,279.92,265.47,265.47,20052
1580860800,266.07,269.08,261.86,264.87,9496
1580947200,266.07,266.07,261.86,263.06,9033
1581206400,260.05,261.26,257.04,258.25,6057
1581292800,260.05,261.86,250.42,253.43,19875
1581379200,258.25,258.25,254.64,255.24,8411
1581465600,255.24,260.05,253.43,254.04,8272
1581552000,255.24,255.84,253.43,254.04,8611
1581811200,255.84,255.84,251.03,254.04,9766
1581897600,258.85,264.27,255.84,262.46,21474
1581984000,262.46,265.47,254.04,255.24,19955
1582070400,252.83,264.87,252.83,257.65,11546
1582156800,257.65,258.85,255.84,258.85,23287
1582416000,260.66,284.74,260.66,272.7,58187
1582502400,272.7,273.9,266.07,268.48,50982
1582588800,281.73,281.73,261.86,280.52,44931
1582675200,282.93,290.76,277.51,284.13,42396
1582761600,282.93,282.93,272.7,279.92,42707
1583020800,279.92,279.32,267.88,268.48,53787
1583107200,270.89,270.89,254.64,254.64,21540
1583193600,254.64,272.09,240.79,258.85,35703
1583280000,258.85,258.85,246.81,252.83,26271
1583366400,248.02,254.64,238.99,246.21,23092
1583798400,241.39,241.39,228.15,234.17,17452
1583884800,238.38,251.63,235.37,251.03,21087
1583971200,248.02,248.02,237.78,240.19,17580
1584230400,237.78,237.78,223.33,227.55,34556
1584316800,224.54,232.97,223.33,228.75,23556
1584403200,225.74,229.35,224.54,225.74,23915
1584489600,221.53,226.95,221.53,225.14,16739
1584576000,220.93,228.15,217.31,226.95,19527
1584835200,228.15,232.36,215.51,221.53,2509
1589241600,217.31,217.31,217.31,217.31,50
1589328000,215.51,215.51,211.29,211.29,51
1593388800,207.08,207.68,198.65,209.49,6010
1593475200,211.9,221.53,211.9,221.53,6525
1593561600,225.74,229.96,222.73,224.54,3171
1593648000,228.75,232.97,215.51,215.51,5004
1593907200,216.71,221.53,210.69,214.3,6698
1593993600,211.29,225.74,211.29,225.74,9230
1594080000,225.74,234.17,223.94,228.15,16422
1594166400,228.75,235.98,224.54,228.75,9304
1594252800,232.97,241.39,228.75,235.98,6423
1594512000,235.98,240.19,233.57,235.37,6032
1594598400,234.77,234.77,228.75,229.96,6601
1594684800,229.96,236.58,229.96,236.58,5449
1594771200,236.58,240.19,234.77,239.59,10059
1594857600,240.19,246.81,236.58,243.2,8694
1595116800,248.02,262.46,248.02,262.46,146
1595203200,275.1,285.94,245.01,250.42,19025
1595289600,246.81,251.63,245.61,245.61,20332
1595376000,246.81,249.22,240.79,240.79,19904
1595462400,237.78,245.01,235.98,243.2,5281
1595721600,246.81,248.02,242.6,245.01,9735
1595808000,243.8,246.81,242.6,244.4,12780
1595894400,243.2,245.61,240.79,243.2,6644
1595980800,240.19,243.8,237.78,240.79,11451
1596067200,238.38,241.39,237.78,237.78,11775
1596326400,235.37,238.38,231.16,232.97,21844
1596412800,231.76,234.17,227.55,229.96,21083
1596585600,229.96,232.36,226.34,231.16,10681
1596672000,229.96,232.97,228.75,231.76,7663
1596931200,228.15,234.17,227.55,234.17,5027
1597017600,234.77,249.22,232.36,246.21,12954
1597104000,246.21,246.21,237.78,240.79,13830
1597190400,240.79,240.79,238.38,240.19,6578
1597276800,237.78,238.99,233.57,234.17,11959
1597536000,230.56,234.17,226.34,232.36,16799
1597622400,229.96,244.4,229.96,233.57,9907
1597708800,232.36,237.78,231.76,234.77,5449
1597795200,230.56,234.77,229.96,231.16,15122
1597881600,234.77,236.58,232.36,236.58,1820
1598140800,240.79,240.79,232.97,235.37,13940
1598227200,239.59,239.59,234.77,237.78,20152
1598313600,240.79,240.79,235.37,237.78,14424
1598400000,237.78,243.8,235.98,240.79,19760
1598486400,245.61,245.61,240.79,241.39,22496
1598745600,241.39,242.6,237.78,242.6,7395
1598832000,246.21,254.04,243.2,247.41,30288
1599004800,259.45,272.09,251.03,272.09,95110
1599091200,276.91,288.95,260.66,263.67,64542
1599350400,268.48,273.3,254.04,257.65,41945
1599436800,257.65,265.47,252.83,261.86,34169
1599523200,264.87,284.13,260.66,279.92,180612
1599609600,282.93,285.94,275.1,280.52,43820
1599696000,279.92,285.34,275.71,280.52,36402
1599955200,281.12,294.97,279.92,293.77,52357
1600041600,295.57,297.98,284.74,289.55,50010
1600128000,288.95,291.96,286.54,288.35,27775
1600214400,282.93,298.58,282.93,295.57,55982
1600300800,310.02,322.06,292.56,313.63,182870
1600560000,319.65,321.46,301.59,311.83,57368
1600646400,307.61,312.43,302.8,310.02,74701
1600732800,305.81,311.83,299.18,300.99,43584
1600819200,308.21,308.21,294.37,307.01,46465
1600905600,303.4,314.23,302.8,310.02,100040
1601164800,310.02,317.84,307.01,307.01,105312
1601251200,307.61,314.83,304.6,311.22,73495
1601337600,307.01,312.43,305.81,307.61,25350
1601424000,307.01,310.02,304.6,307.01,23735
1601510400,300.99,309.42,300.99,307.01,39032
1601769600,309.42,309.42,301.59,305.81,26387
1601856000,307.01,311.83,300.99,307.01,47360
1601942400,303.4,316.64,303.4,311.83,65921
1602028800,316.64,320.85,313.03,314.83,118399
1602115200,320.85,326.87,308.82,312.43,38529
1602374400,312.43,316.04,305.2,307.61,32235
1602460800,305.2,309.42,304.0,305.2,24683
1602547200,310.02,310.02,300.99,300.99,16482
1602633600,304.6,306.41,301.59,302.19,22776
1602720000,308.21,312.43,300.99,301.59,24866
1602979200,298.58,306.41,298.58,306.41,20888
1603065600,307.01,316.04,303.4,316.04,28529
1603152000,317.24,320.25,311.83,315.44,31617
1603238400,313.03,315.44,311.22,313.03,10351
1603324800,328.68,328.68,310.02,312.43,11575
1603843200,313.03,313.63,306.41,312.43,41648
1603929600,316.04,316.04,306.41,308.82,25791
1604188800,323.86,323.86,305.81,309.42,23675
1604275200,312.43,314.23,307.01,308.82,29884
1604361600,311.22,311.83,307.61,309.42,7283
1604448000,307.61,312.43,307.61,310.62,12398
1604534400,310.62,310.62,307.01,309.42,29933
1604793600,307.01,312.43,307.01,311.22,58057
1604880000,311.22,313.03,309.42,310.62,49735
1604966400,310.02,312.43,309.42,311.22,21314
1605052800,310.02,315.44,310.02,312.43,37433
1605139200,313.03,319.05,311.83,312.43,34711
1605657600,310.02,312.43,310.02,311.22,16681
1605744000,310.62,316.04,310.62,316.04,40170
1606003200,319.05,319.05,310.62,314.83,41453
1606089600,310.62,313.63,310.02,310.02,32859
1606176000,311.22,314.23,309.42,310.02,63692
1606262400,313.03,334.1,311.22,329.88,96344
1606348800,325.07,344.93,325.07,340.12,185054
1606608000,340.12,361.79,340.12,361.79,194171
1606694400,369.01,382.26,366.0,373.23,134768
1606780800,380.45,385.27,364.8,366.61,190152
1606867200,373.83,402.72,367.21,402.72,259781
1606953600,422.59,433.42,388.28,394.3,155485
1607212800,397.91,397.91,367.21,367.21,83959
1607299200,373.23,387.07,353.36,385.87,87073
1607385600,405.13,405.13,378.64,391.29,228967
1607472000,396.7,398.51,373.23,377.44,110491
1607558400,382.26,384.66,372.02,374.43,169808
1607817600,379.25,385.27,373.23,377.44,243368
1607904000,395.98,395.98,367.51,369.49,54691
1607990400,370.16,370.82,357.58,358.24,65191
1608076800,354.26,356.91,347.64,347.64,54345
1608163200,354.26,360.89,347.64,349.63,50137
1608422400,347.64,350.29,327.78,327.78,68149
1608508800,321.82,333.74,304.6,331.09,65308
1608595200,337.71,347.64,330.43,342.35,34294
1608681600,358.9,358.9,334.4,337.05,28357
1608768000,337.71,337.71,332.41,334.4,20004
1609027200,350.95,350.95,328.44,329.1,25594
1609113600,327.78,335.06,324.47,331.09,24036
1609200000,331.09,332.41,325.13,327.78,16742
1609286400,325.13,327.78,321.82,325.79,23310
1609372800,329.1,337.71,327.78,329.76,60113
1609632000,327.12,350.95,327.12,348.3,96591
1609718400,350.95,360.89,344.33,354.26,106558
1609804800,357.58,367.51,348.3,358.9,58066
1609891200,376.78,376.78,350.95,354.26,59430
1609977600,354.26,377.44,350.95,370.82,456566
1610236800,377.44,394.66,372.81,390.02,165988
1610323200,394.0,400.62,390.68,392.01,115331
1610409600,397.31,397.31,387.37,391.35,60404
1610496000,392.67,400.62,391.35,392.01,104274
1610841600,395.32,395.32,386.05,390.02,120910
1610928000,389.36,390.68,384.06,384.72,29496
1611014400,386.71,387.37,377.44,379.43,40451
1611100800,374.13,399.95,374.13,389.36,52483
1611187200,394.0,394.0,384.06,392.67,52994
1611446400,397.31,405.91,392.01,392.01,77520
1611532800,392.01,396.64,388.04,392.67,55764
1611619200,394.0,397.97,388.04,392.01,72249
1611705600,395.98,395.98,388.04,388.7,32789
1611792000,394.0,395.32,384.72,384.72,34987
1612051200,384.06,384.06,373.47,376.78,51815
1612137600,376.78,389.36,376.78,381.41,32434
1612224000,388.04,388.7,379.43,384.06,59693
1612310400,390.68,394.0,382.08,382.74,76852
1612396800,386.71,394.0,386.71,390.68,43860
1612656000,390.02,411.87,390.02,411.21,274193
1612742400,418.5,425.12,405.91,410.55,93185
1612828800,413.86,413.86,399.95,402.6,34381
1612915200,396.64,397.31,389.36,392.01,67852
1613001600,390.68,395.32,385.39,385.39,47910
1613260800,387.37,387.37,381.41,381.41,45736
1613347200,388.7,399.95,382.08,396.64,52137
1613433600,397.31,397.97,385.39,388.04,37783
1613520000,380.75,390.68,380.75,385.39,31524
1613606400,387.37,390.02,382.08,385.39,65262
1613865600,385.39,392.01,382.08,388.04,61317
1613952000,389.36,399.95,386.71,386.71,87328
1614038400,386.71,388.7,374.79,386.71,51255
1614124800,390.68,395.98,380.75,383.4,40132
1614211200,378.1,385.39,376.78,379.43,48054
1614470400,380.75,380.75,368.83,369.49,88154
1614556800,369.49,376.78,363.54,370.82,46742
1614643200,376.12,376.12,358.9,364.2,39056
1614729600,367.51,367.51,355.59,358.9,33658
1614816000,358.9,388.04,354.26,372.14,47701
1615161600,366.85,378.77,364.86,370.16,19987
1615248000,367.51,372.81,364.2,367.51,34344
1615334400,364.2,370.16,364.2,365.52,23648
1615680000,364.2,367.51,360.89,362.21,40660
1615766400,358.24,360.22,355.59,356.91,31884
1615852800,356.91,362.21,353.6,355.59,23389
1615939200,352.28,360.89,352.28,359.56,16690
1616025600,359.56,364.86,358.9,359.56,19627
1616284800,364.2,364.2,354.93,358.24,38736
1616371200,364.86,392.01,357.58,376.78,66610
1616457600,376.78,394.0,373.47,392.67,126091
1616544000,397.31,397.31,386.71,388.7,67343
1616630400,407.9,407.9,377.44,377.44,37929
1616976000,382.74,382.74,374.13,377.44,21466
1617062400,377.44,402.6,373.47,394.0,69872
1617148800,413.2,413.2,384.06,390.02,36363
1617235200,409.23,409.23,387.37,390.68,76336
1617494400,409.89,423.79,388.04,407.24,180129
1617580800,407.24,414.52,403.93,410.55,131301
1617667200,417.17,451.6,410.55,451.6,466588
1617753600,463.52,470.15,447.63,450.94,319709
1617840000,463.52,463.52,439.69,443.66,113281
1618185600,444.98,444.98,427.77,429.75,166421
1618272000,437.7,446.31,426.44,433.73,87270
1618444800,442.33,442.33,430.41,433.73,79400
1618704000,430.41,432.4,426.44,426.44,63124
1618790400,425.12,432.4,420.48,426.44,71966
1618876800,426.44,433.73,420.48,426.44,69941
1618963200,422.47,430.41,420.48,422.47,61182
1619049600,420.48,425.12,419.82,425.12,42936
1619308800,420.48,425.12,407.24,409.89,86718
1619395200,404.59,416.51,398.63,403.93,79184
1619481600,384.06,417.17,384.06,416.51,53487
1619568000,412.54,420.48,405.91,411.21,29188
1619654400,431.74,431.74,407.9,417.83,62057
1619913600,417.83,433.73,415.85,431.08,94371
1620000000,452.27,452.27,422.47,423.13,82837
1620086400,423.79,428.43,421.81,425.12,65049
1620172800,423.79,431.08,421.14,429.09,50042
1620259200,430.41,435.71,418.5,421.14,45712
1620518400,418.5,425.12,417.17,417.83,43412
1620604800,423.79,423.79,415.85,419.82,26397
1620691200,419.82,426.44,419.82,423.13,36880
1620777600,420.48,424.46,418.5,421.14,41168
1620864000,422.47,430.41,422.47,423.79,54320
1621123200,430.41,460.21,429.09,454.92,333179
1621209600,460.21,462.86,452.93,454.92,156923
1621296000,477.43,477.43,454.25,470.81,243310
1621382400,476.77,476.77,454.25,463.52,225586
1621468800,463.52,463.52,450.28,452.93,140428
1621728000,446.97,462.86,442.33,456.9,165404
1621814400,434.39,476.77,434.39,460.88,120297
1621900800,439.69,474.78,439.69,466.83,195797
1622073600,463.52,508.55,450.94,497.29,500899
1622332800,515.17,517.16,486.04,493.32,457903
1622419200,517.82,517.82,471.47,473.46,288333
1622505600,471.47,477.43,460.88,468.16,203686
1622592000,468.16,482.73,462.86,480.08,214365
1622678400,480.08,492.66,470.15,473.46,158135
1622937600,496.63,496.63,462.2,467.5,141096
1623024000,490.67,490.67,464.19,468.82,129893
1623110400,492.0,492.0,467.5,472.13,142704
1623196800,495.31,495.31,464.19,468.82,132306
1623283200,492.0,492.0,465.51,476.11,170845
1623542400,476.77,502.59,476.77,497.96,314191
1623628800,503.25,519.81,483.39,492.0,228516
1623715200,491.34,491.34,477.43,480.08,132450
1623801600,463.52,486.7,463.52,473.46,209027
1623888000,496.63,496.63,466.83,476.11,119166
1624147200,473.46,476.11,460.21,460.21,147208
1624233600,466.83,468.82,443.66,446.31,128247
1624320000,454.92,463.52,440.35,457.56,84697
1624406400,460.21,464.19,443.66,448.29,82924
1624492800,444.98,456.9,441.01,447.63,67105
1624752000,469.48,469.48,443.0,444.98,63625
1624838400,446.97,451.6,441.01,444.32,94279
1624924800,451.6,451.6,433.06,437.04,104596
1625011200,443.66,443.66,423.13,434.39,78842
1625097600,435.71,443.66,433.06,437.04,94543
1625356800,440.35,440.35,433.06,434.39,31398
1625443200,455.58,455.58,430.41,432.4,35928
1625529600,433.73,434.39,427.1,429.09,26525
1625616000,430.41,432.4,428.43,429.09,27046
1625702400,429.09,442.33,428.43,442.33,31215
1625961600,442.33,450.94,439.69,443.66,60075
1626048000,450.28,453.59,433.73,437.04,57246
1626134400,430.41,443.66,430.41,441.67,16193
1626220800,440.35,450.28,437.04,450.28,32066
1626307200,463.52,463.52,448.96,454.92,63413
1626566400,462.2,464.19,453.59,459.55,106679
1626652800,464.19,464.19,456.24,456.24,42023
1626739200,454.92,458.23,451.6,454.25,27871
1626912000,456.9,460.21,450.28,453.13,58828
1627171200,456.24,459.55,450.94,454.25,59959
1627257600,457.56,476.77,454.92,471.47,128975
1627344000,473.46,480.87,466.17,476.11,122919
1627430400,485.57,485.57,464.85,468.16,132654
1627516800,468.16,468.16,457.56,459.48,77767
1627776000,460.88,466.83,457.56,460.88,48629
1627862400,470.08,470.08,454.25,457.23,64128
1627948800,456.9,466.17,454.25,462.53,57545
1628035200,471.73,490.01,471.73,485.24,314649
1628121600,486.7,490.01,473.46,476.77,117148
1628380800,476.77,496.63,471.47,490.01,221616
1628467200,490.01,490.67,473.46,484.71,252704
1628553600,490.01,490.01,470.15,473.46,143459
1628640000,482.73,501.93,478.75,493.32,193835
1628726400,503.19,503.25,486.7,487.1,195988
1628985600,477.43,483.39,462.2,466.83,195367
1629072000,466.83,476.11,460.88,467.5,53666
1629158400,469.55,476.11,463.52,467.03,125166
1629244800,470.15,484.05,468.16,468.82,148739
1629331200,468.82,474.12,463.52,463.72,87739
1629763200,460.21,460.21,447.96,450.55,111794
1629849600,441.67,458.23,441.67,447.7,82491
1629936000,456.24,460.21,443.0,452.93,75100
1630195200,452.93,460.88,441.74,444.98,45112
1630368000,453.86,453.86,430.41,433.73,83851
1630454400,442.33,442.33,429.09,430.41,55683
1630540800,430.41,433.73,413.86,414.52,110824
1630800000,407.24,413.2,391.35,397.31,96927
1630886400,397.31,427.1,395.32,423.79,86968
1630972800,431.74,431.74,407.24,412.54,93188
1631059200,417.17,417.17,397.84,403.27,46000
1631145600,404.59,410.55,401.28,403.93,37572
1631404800,411.87,428.16,405.91,421.14,67036
1631491200,429.02,429.09,413.86,417.24,57962
1631577600,420.48,420.48,410.55,414.52,21742
1631664000,409.29,412.54,404.66,407.24,25780
1631750400,403.93,403.99,395.32,399.29,70869
1632096000,397.31,398.63,380.75,380.75,69077
1632182400,388.37,403.93,358.97,391.35,49291
1632268800,391.35,406.58,391.35,399.29,33535
1632355200,403.93,406.58,390.02,390.68,43050
1632614400,397.97,397.97,382.74,382.74,28667
1632700800,390.35,405.91,370.82,374.13,36760
1632787200,377.44,377.44,364.86,364.86,42330
1632873600,364.86,377.51,362.21,374.79,28548
1632960000,382.27,382.27,366.85,369.49,21864
1633219200,363.54,373.47,360.22,360.89,37388
1633305600,360.89,366.85,354.26,357.71,19831
1633392000,362.87,363.54,356.32,362.21,28604
1633478400,368.83,379.56,364.2,378.83,23452
1633824000,385.39,416.51,377.44,399.95,57047
1633910400,407.9,429.75,390.68,398.63,41907
1634428800,398.63,403.93,390.68,399.29,14255
1634515200,391.35,399.95,387.37,394.66,18290
1634601600,388.7,388.7,365.52,365.52,67622
1634688000,372.81,380.75,372.81,377.44,25177
1634774400,383.4,384.06,366.85,376.12,15741
1635033600,376.12,384.72,370.16,381.48,19108
1635120000,389.1,397.31,382.08,394.0,23150
1635206400,401.28,401.28,390.68,397.31,52823
1635292800,403.93,403.93,392.01,395.98,33260
1635379200,403.86,403.86,389.36,394.66,49141
1635638400,397.31,408.56,394.0,406.58,84130
1635724800,414.52,414.52,400.15,400.62,44933
1635811200,397.97,405.25,392.67,403.27,30386
1635897600,403.33,411.87,401.94,410.55,66704
1636329600,416.97,417.17,407.9,407.9,34840
1636416000,407.24,407.24,395.32,401.28,51551
1636588800,393.47,400.62,392.67,392.67,38988
1636848000,392.67,397.31,389.69,389.69,27590
1636934400,381.94,400.62,381.94,390.82,25389
1637020800,388.7,409.23,387.37,406.58,36607
1637107200,413.86,415.18,402.34,407.24,36144
1637193600,399.95,405.25,392.01,394.66,30507
1637452800,397.31,401.94,392.01,392.67,13536
1637539200,395.98,397.31,391.48,392.01,21224
1637625600,387.37,394.0,384.72,385.52,21023
1637712000,385.39,389.82,380.75,384.13,22113
1637798400,390.68,397.31,384.06,386.05,20384
1638057600,385.39,385.39,373.47,374.86,32895
1638144000,374.13,380.75,372.14,377.44,24233
1638230400,378.77,380.75,372.34,377.44,21417
1638316800,378.1,383.4,374.13,377.37,19605
1638403200,377.44,377.44,370.82,371.48,22315
1638662400,364.86,369.49,359.56,359.56,23873
1638748800,359.56,374.0,349.63,364.2,28795
1638835200,367.51,371.48,357.58,357.58,24301
1638921600,354.93,357.58,346.98,346.98,25893
1639008000,341.68,354.26,341.02,348.3,17213
1639267200,337.71,344.33,324.47,324.6,69161
1639353600,321.16,326.45,312.02,316.52,46744
1639440000,322.81,335.06,322.81,333.07,10347
1639526400,339.7,350.95,324.47,331.09,32588
1639612800,337.71,337.71,323.14,323.21,11612
1639958400,327.78,327.78,316.98,319.17,19893
1640044800,324.47,330.96,319.04,324.53,26096
1640131200,324.53,335.72,324.53,331.75,24073
1640217600,331.75,337.11,329.76,334.4,24692
1640476800,335.06,341.68,332.48,341.62,19048
1640563200,343.01,343.01,332.48,333.07,25259
1640649600,331.09,332.41,328.51,331.09,16851
1640736000,337.05,337.71,329.76,333.01,44157
1641081600,334.56,339.55,328.87,339.55,20494
1641168000,335.28,344.17,335.28,342.4,15874
1641254400,338.2,368.73,331.36,359.48,38710
1641340800,359.48,369.44,348.8,348.8,40763
1641427200,348.8,362.26,348.8,354.5,40138
1641686400,361.54,368.02,355.21,364.46,58107
1641772800,365.17,372.29,355.92,370.16,78189
1641859200,370.51,387.95,370.16,381.62,70880
1641945600,384.39,387.95,369.73,370.16,56325
1642032000,365.89,381.55,365.89,380.83,43627
1642291200,380.83,398.63,384.39,394.36,72889
1642377600,401.48,401.48,387.95,397.21,59871
1642464000,403.54,403.54,385.11,387.95,38436
1642550400,395.71,395.71,379.41,381.55,43481
1642636800,381.55,389.38,375.14,385.82,33977
1642896000,388.66,388.66,381.55,383.68,25562
1642982400,376.56,378.7,366.6,368.73,54331
1643068800,368.73,377.28,362.33,367.31,31913
1643155200,367.31,368.88,360.19,363.11,22166
1643241600,365.89,366.6,360.9,362.33,24787
1643500800,369.44,382.97,369.44,378.7,35432
1643587200,384.39,384.39,369.44,370.16,30420
1643673600,366.6,382.61,364.46,380.12,43049
1643846400,384.04,389.31,375.14,375.14,37925
1644105600,372.29,377.28,370.16,372.29,14154
1644192000,373.72,377.28,370.16,373.64,15774
1644278400,381.05,394.36,370.16,370.16,38073
1644364800,370.16,373.0,363.75,368.73,14494
1644451200,370.16,370.23,365.25,366.6,15201
1644710400,362.75,363.04,355.21,355.92,27270
1644796800,348.87,370.09,348.87,355.56,17726
1644883200,357.34,362.33,354.5,361.61,24633
1644969600,361.69,365.17,358.06,360.9,16461
1645056000,360.9,364.46,360.26,361.83,14120
1645315200,354.85,362.33,348.09,355.85,33658
1645401600,362.33,370.16,355.92,366.6,22051
1645488000,367.31,372.29,361.61,363.04,31378
1645574400,356.13,368.73,356.06,363.04,30070
1645660800,359.48,362.33,352.36,354.5,35946
1645920000,348.8,368.73,348.8,362.97,36488
1646006400,370.16,376.56,350.23,359.48,50730
1646179200,352.36,355.92,346.67,348.8,23831
1646524800,341.83,355.21,341.83,346.67,15994
1646611200,343.82,349.02,342.4,344.46,13399
1646784000,345.24,349.37,336.7,338.84,28676
1646870400,338.84,351.65,335.42,347.73,19319
1647129600,354.64,357.34,348.8,354.35,29450
1647216000,355.21,360.19,348.09,354.5,5263
1647302400,352.36,355.92,348.8,348.94,27517
1647388800,355.14,355.14,345.31,348.73,20459
1647734400,348.73,352.36,347.52,350.23,10252
1647820800,350.23,354.5,346.03,354.43,21754
1647907200,355.92,358.7,353.07,355.07,22571
1647993600,352.36,355.92,345.24,346.67,25458
1648080000,352.36,352.36,340.97,341.68,35090
1648339200,348.52,348.52,339.05,339.55,27634
1648425600,340.26,348.8,335.77,336.77,33452
1648512000,335.63,341.68,333.14,335.99,38827
1648598400,337.41,340.97,334.56,340.26,21823
1648684800,347.02,347.02,335.35,335.92,10560
1648944000,335.99,341.68,331.72,334.56,22634
1649030400,334.56,338.12,331.01,334.56,22384
1649116800,341.26,341.26,328.87,330.36,27135
1649203200,328.16,333.85,323.89,324.46,27003
1649289600,327.45,331.01,321.04,326.02,27480
1649635200,326.02,339.12,320.33,322.46,17673
1649721600,323.18,323.18,316.06,318.19,13902
1649808000,316.77,321.75,316.77,320.33,15026
1650153600,321.75,325.95,316.41,318.19,13022
1650240000,320.33,320.33,312.5,314.63,9708
1650326400,316.77,317.48,310.43,315.99,15509
1650412800,311.15,320.33,308.23,311.79,20155
1650499200,317.98,317.98,307.51,311.15,17216
1650758400,313.21,327.45,310.43,327.45,20691
1650844800,327.45,334.0,321.75,321.75,15247
1650931200,320.33,325.31,317.48,320.33,17774
1651017600,326.73,326.73,313.92,325.24,10413
1651104000,327.45,327.45,316.77,318.9,14188
1651449600,318.9,318.9,312.71,313.92,19313
1651622400,313.21,314.63,308.94,309.37,13656
1651708800,306.95,313.21,306.09,307.51,8272
1651968000,313.64,313.64,303.6,306.8,17487
1652054400,309.65,318.19,306.8,306.8,18983
1652140800,309.65,315.84,307.66,315.35,24327
1652227200,315.35,326.02,314.35,323.89,20026
1652313600,324.6,327.45,318.19,322.46,24592
1652745600,322.39,322.39,312.71,312.78,16397
1652832000,312.64,316.06,311.15,313.21,13115
1652918400,313.21,316.41,309.65,313.14,15865
1653004800,309.86,314.49,309.86,313.92,7085
1653264000,310.36,310.36,306.09,306.23,14451
1653350400,302.53,312.36,300.54,309.51,6783
1653436800,315.63,317.05,309.65,311.43,9983
1653523200,311.86,313.21,310.36,313.21,6623
1653609600,318.19,318.19,309.72,311.79,7353
1653868800,311.79,311.79,303.24,304.67,15543
1653955200,302.53,302.53,295.41,301.82,18337
1654041600,298.97,307.51,293.28,303.24,15491
1654128000,297.34,306.09,297.34,300.4,6623
1654214400,298.97,300.75,294.7,296.05,14031
1654473600,293.28,301.11,293.28,295.41,13009
1654560000,293.99,295.06,279.04,286.16,37453
1654646400,291.85,293.99,283.38,288.3,23153
1654732800,284.74,292.92,283.31,286.16,16755
1654819200,281.39,288.3,280.46,284.66,8960
1655078400,281.25,284.02,281.25,281.89,7280
1655164800,284.74,284.74,274.77,275.48,21090
1655251200,280.46,280.46,268.36,269.79,17572
1655337600,265.66,273.35,264.8,270.5,12656
1655424000,270.5,274.06,266.94,269.86,3763
1655596800,270.5,271.92,262.67,262.67,28621
1655683200,262.67,263.38,255.55,256.97,24050
1655769600,259.82,264.8,256.26,261.32,21032
1655856000,262.67,262.67,256.26,259.82,11488
1655942400,259.11,260.96,251.28,255.55,25968
1656028800,252.7,257.69,247.65,256.26,28614
1656201600,261.39,271.92,259.82,271.21,32130
1656288000,274.06,279.75,265.09,269.79,28746
1656374400,269.86,275.48,266.94,273.35,31234
1656460800,271.28,281.18,269.93,281.18,29289
1656547200,286.16,296.55,282.6,295.41,40645
1656633600,297.55,298.97,284.88,293.99,9098
1656806400,293.99,308.94,289.15,306.09,26466
1656892800,309.65,311.93,295.84,298.19,48885
1656979200,292.57,298.12,286.3,289.65,29168
1657065600,291.85,297.69,282.6,295.41,29966
1657152000,301.11,301.11,288.3,291.85,18200
1657238400,291.85,291.85,282.03,287.58,14290
1657497600,284.74,284.74,272.78,275.48,22174
1657584000,272.63,288.79,272.63,279.82,10654
1657670400,284.02,291.5,281.18,289.01,19536
1657756800,292.57,292.57,284.02,289.65,10610
1657843200,284.74,291.85,284.74,290.43,6651
1658016000,290.43,293.28,284.74,286.87,8381
1658102400,284.74,287.58,283.38,287.58,6154
1658188800,284.81,291.85,284.81,285.52,15021
1658275200,289.72,290.43,284.66,288.3,11609
1658361600,285.45,288.3,284.02,286.52,6245
1658448000,286.16,286.16,281.89,284.1,12630
1658620800,287.58,294.06,281.18,291.85,25760
1658707200,289.01,297.55,288.37,294.63,18878
1658793600,294.7,295.41,284.17,286.16,20342
1658880000,286.16,288.3,284.02,286.16,25388
1658966400,291.85,297.69,287.58,291.85,34107
1659052800,291.85,294.63,287.58,289.01,13211
1659225600,294.7,294.7,289.72,293.28,30514
1659312000,298.9,311.79,294.7,302.46,71972
1659398400,307.51,318.9,300.47,318.9,66500
1659484800,324.6,324.6,312.5,316.06,39004
1659571200,316.06,318.9,306.09,306.16,44245
1659657600,309.65,309.65,297.55,303.24,33524
1659830400,308.94,310.01,299.97,304.67,19034
1659916800,310.72,310.72,293.99,298.9,19060
1660003200,304.81,304.81,289.15,289.65,25566
1660089600,295.41,295.41,284.74,286.8,15759
1660176000,286.16,291.14,284.02,284.02,11577
1660435200,279.04,284.74,279.04,279.75,10600
1660521600,284.74,292.57,282.6,292.57,17888
1660608000,296.05,296.13,279.75,282.03,17142
1660694400,282.67,293.21,282.67,284.74,14169
1660780800,285.59,291.14,285.59,289.72,11725
1661040000,293.99,295.41,287.58,287.58,11712
1661126400,288.3,291.71,283.45,287.58,6234
1661212800,291.85,291.85,285.45,287.58,8414
1661299200,289.72,290.43,287.37,287.37,10822
1661385600,292.57,292.57,281.89,282.6,20402
1661472000,285.45,285.45,279.75,281.89,11577
1661644800,284.02,284.02,274.06,274.06,30877
1661731200,279.54,281.18,273.35,274.13,14627
1661817600,276.91,276.91,271.42,274.7,13900
1661904000,279.75,279.75,271.92,272.63,9223
1661990400,277.62,277.62,268.65,271.92,42280
1662076800,276.91,296.13,274.06,279.04,8303
1662249600,284.02,284.02,276.27,280.46,6961
1662336000,280.46,285.45,276.27,277.62,7950
1662422400,273.35,282.6,272.71,274.06,10235
1662508800,274.06,279.47,271.92,274.06,9460
1662595200,279.04,279.04,269.79,271.92,11783
1662854400,268.86,272.63,266.94,267.08,11753
1662940800,267.65,268.36,262.81,264.8,10458
1663027200,269.08,271.14,263.38,265.52,11776
1663113600,265.52,272.63,265.52,270.64,15596
1663200000,269.08,271.21,260.53,263.38,16231
1663286400,260.53,263.38,258.11,263.38,3944
1663459200,259.82,265.45,259.11,259.11,15370
1663632000,256.26,259.11,250.71,252.06,18008
1663718400,251.99,256.26,251.99,252.92,5270
1663804800,252.7,257.76,252.7,254.84,5635
1664064000,251.99,255.55,251.28,254.13,10857
1664236800,259.18,259.18,252.7,257.61,6167
1664323200,262.74,262.74,253.34,254.91,11004
1664409600,250.57,260.6,250.57,259.82,2899
1665273600,259.82,265.02,254.63,264.09,2778
1665360000,264.09,264.09,257.69,259.11,8533
1665446400,256.26,259.82,254.55,255.55,8827
1665532800,252.13,259.82,251.99,257.69,23542
1665619200,257.69,263.38,257.69,263.38,9116
1665878400,259.82,263.02,258.11,259.82,8019
1665964800,261.96,264.8,257.97,258.4,7932
1666137600,257.69,259.82,254.91,255.91,4476
1666224000,251.42,259.82,251.35,258.4,4378
1666483200,263.38,263.38,259.11,261.25,2430
1667174400,266.44,266.44,257.76,265.52,4839
1667260800,268.36,274.06,263.38,273.7,8946
1667347200,279.04,279.04,270.5,274.06,11689
1667433600,268.72,273.35,268.72,269.08,4777
1667692800,274.13,275.91,265.87,275.84,13407
1667779200,281.18,281.82,270.5,275.48,16006
1667865600,274.06,280.46,270.0,275.48,3105
1667952000,280.46,281.89,268.36,268.36,10876
1668038400,268.36,273.63,261.6,261.96,12801
1668297600,257.19,266.94,257.19,259.82,4665
1668384000,265.02,265.52,259.82,262.1,7071
1668470400,267.3,270.5,263.38,266.51,1883
1668556800,269.08,269.08,266.23,266.23,6736
1668643200,271.5,276.91,268.58,273.35,7191
1669075200,278.33,280.39,273.35,276.83,8990
1669161600,281.89,281.89,271.5,271.92,5386
1669248000,269.79,274.06,267.65,271.21,5862
1669507200,275.48,277.62,265.8,277.62,16253
1669593600,277.62,281.75,272.71,276.19,7144
1669680000,276.19,276.19,270.93,271.28,5996
1669766400,271.28,274.77,271.28,272.71,6641
1669852800,276.91,277.69,272.14,277.62,12126
1670112000,277.62,284.74,277.62,282.6,21239
1670198400,281.18,281.18,275.27,278.33,9863
1670284800,278.33,278.33,272.92,275.48,6364
1670371200,277.62,284.02,270.57,271.21,39436
1670716800,272.63,276.62,270.5,271.92,27241
1670803200,270.5,274.06,267.15,273.35,19118
1670889600,277.62,277.62,270.57,274.06,7138
1670976000,270.71,276.83,270.64,276.19,8865
1671062400,271.92,279.75,271.92,277.62,31661
1671321600,272.42,274.72,268.67,272.04,13308
1671408000,268.6,273.19,267.91,268.82,10791
1671494400,273.95,278.54,268.67,270.89,7740
1671580800,270.89,271.58,269.59,269.59,2013
1671667200,270.2,271.58,268.67,269.36,4888
1672012800,274.72,280.15,270.13,280.15,14913
1672099200,284.66,295.38,281.6,289.33,25384
1672185600,295.07,295.07,286.2,289.41,15935
1672272000,289.26,298.44,285.81,298.29,27905
1672531200,295.38,311.98,295.38,300.05,34437
1672617600,302.27,309.15,299.28,303.8,18212
1672704000,303.8,308.39,295.38,302.27,36604
1672790400,302.27,318.33,299.97,316.88,79975
1672876800,317.57,317.57,311.45,313.82,22760
1673136000,313.74,322.16,313.74,317.95,35485
1673222400,319.87,325.22,313.59,321.55,38507
1673308800,322.93,339.76,322.47,325.53,82952
1673481600,321.4,334.33,315.27,317.57,43543
1673913600,319.87,332.72,313.74,325.22,31701
1674000000,325.99,332.11,320.63,320.63,25882
1674086400,325.6,326.75,317.57,321.4,18480
1674432000,325.15,325.22,318.49,319.87,23388
1674518400,318.33,326.22,314.59,323.61,27610
1674604800,325.22,325.22,319.1,321.4,28237
1674691200,321.4,336.7,319.48,335.17,43160
1674950400,335.17,357.36,326.75,352.0,99840
1675036800,352.0,367.77,342.82,342.82,133708
1675123200,339.76,356.6,339.76,351.93,62401
1675209600,355.83,355.83,347.72,355.83,33528
1675296000,352.16,378.79,350.47,356.6,97262
1675555200,359.66,374.2,355.07,371.14,105338
1675641600,378.56,378.56,366.54,368.07,72702
1675728000,368.38,378.18,368.38,376.49,55497
1675814400,381.08,383.38,371.9,372.67,43788
1675900800,374.96,378.79,371.14,374.96,32508
1676160000,368.07,373.43,365.09,365.4,35339
1676332800,363.48,366.54,357.51,357.74,27749
1676419200,356.6,362.72,351.24,353.15,29080
1676505600,348.33,353.54,348.18,350.86,18948
1676851200,348.18,352.0,345.58,347.41,23901
1677024000,345.12,358.59,345.12,356.6,17201
1677110400,352.77,355.75,349.79,352.23,25771
1677369600,348.18,352.0,341.29,351.24,30673
1677456000,352.0,359.04,345.88,356.52,49232
1677542400,352.77,385.75,350.47,363.02,28356
1677628800,361.26,372.67,361.19,363.71,37874
1677715200,361.19,366.93,359.27,361.57,30451
1677974400,355.91,356.06,348.26,354.3,47123
1678147200,348.48,361.19,348.48,358.66,25903
1678320000,365.55,371.14,359.66,370.37,46032
1678579200,371.14,372.44,363.71,363.71,31062
1678665600,358.66,363.48,358.13,359.58,17449
1678752000,355.91,361.95,355.91,358.13,12493
1678838400,359.2,361.19,353.69,358.13,21201
1678924800,355.83,360.42,353.54,359.58,17602
1679184000,359.66,360.42,354.45,358.89,21725
1679270400,356.6,366.54,356.6,366.54,27743
1679443200,366.54,371.14,363.48,366.62,30167
1679529600,366.54,368.07,357.36,360.35,37595
1679788800,353.54,365.01,352.77,358.82,48876
1679875200,356.6,364.94,354.3,362.72,21870
1679961600,363.48,369.61,358.89,365.32,32295
1680048000,366.54,368.69,361.26,367.23,20928
1680134400,370.75,370.75,366.54,367.31,22098
1680393600,367.31,369.61,356.67,361.95,22885
1680480000,355.83,361.19,355.83,357.36,9982
1680566400,356.75,363.48,354.3,360.35,15753
1680652800,359.66,363.41,357.44,361.19,15668
1680739200,361.95,362.64,358.2,358.43,10531
1680998400,355.91,357.97,352.92,354.3,19846
1681084800,353.54,355.75,351.39,353.99,33550
1681171200,352.08,358.89,352.08,358.89,18514
1681257600,358.89,374.96,353.61,374.96,44824
1681344000,375.73,378.86,367.31,374.96,74304
1681603200,371.14,378.02,368.61,373.43,22297
1681689600,374.96,377.26,367.31,368.61,14769
1681776000,362.79,370.83,362.79,368.07,12955
1681862400,368.84,374.81,367.85,370.37,17530
1681948800,371.14,374.81,366.54,368.84,18217
1682208000,367.31,367.31,364.4,365.09,11966
1682294400,361.95,367.31,361.34,365.78,12801
1682380800,361.26,367.23,361.26,366.54,9530
1682467200,365.17,368.07,363.94,365.78,12907
1682553600,363.79,365.01,360.73,364.17,14989
1682812800,359.66,361.95,357.51,359.27,9421
1682985600,355.83,358.89,355.83,358.13,13899
1683072000,355.83,359.66,352.16,359.66,11516
1683158400,359.66,360.42,350.55,358.89,23898
1683417600,352.08,356.6,352.0,355.07,7879
1683504000,355.83,357.06,351.24,352.77,5671
1683590400,358.82,358.82,349.71,355.07,14581
1683676800,355.07,359.66,352.0,359.66,10300
1683763200,356.6,361.19,355.83,361.19,8714
1684022400,365.4,365.4,354.3,355.07,8708
1684108800,354.3,354.38,351.24,353.92,10737
1684195200,352.77,354.3,347.87,352.0,13540
1684281600,351.24,354.99,350.47,352.69,9956
1684368000,359.73,359.73,353.54,358.82,13329
1684627200,361.95,361.95,354.3,356.6,22216
1684713600,353.54,364.25,353.54,361.19,19491
1684800000,361.19,368.07,359.66,367.31,24681
1684886400,367.31,371.14,360.96,363.87,32625
1685232000,368.84,390.27,368.84,385.67,167293
1685404800,387.97,391.8,378.02,391.03,139919
1685491200,389.5,390.27,378.71,380.78,73864
1685577600,382.61,387.05,377.95,386.44,62693
1685836800,387.97,410.39,387.97,410.16,124750
1685923200,410.16,422.41,403.81,420.11,169377
1686009600,424.7,427.0,413.22,425.47,109236
1686096000,428.53,430.06,418.73,419.42,95799
1686182400,419.42,422.41,413.22,413.22,71555
1686441600,417.05,423.94,414.75,421.33,64056
1686528000,424.7,428.53,417.81,418.58,87676
1686614400,420.88,435.41,415.67,432.35,110911
1686700800,433.88,447.58,428.53,437.71,133016
1686787200,430.13,438.48,428.53,430.9,92537
1687046400,436.18,452.25,431.59,449.95,109159
1687132800,448.42,454.55,441.0,444.6,62490
1687219200,443.83,447.28,433.12,433.12,74305
1687305600,433.96,439.24,431.59,434.27,60110
1687392000,433.12,436.87,425.62,432.35,59663
1687651200,430.9,440.31,428.53,437.33,70405
1687737600,443.83,454.55,431.59,438.48,88445
1687824000,439.24,443.83,430.06,439.32,63056
1687910400,440.77,447.35,428.53,430.82,61798
1688256000,425.47,430.06,413.22,417.05,74375
1688342400,410.16,421.64,410.16,411.77,49316
1688428800,406.34,414.75,406.34,409.4,30538
1688515200,413.22,425.93,400.98,400.98,51427
1688601600,402.59,418.58,402.51,413.99,38970
1688860800,420.03,423.17,415.14,417.81,25452
1688947200,414.83,419.34,409.4,409.55,38133
1689033600,407.94,409.4,402.59,405.57,35626
1689120000,398.68,416.28,397.46,413.22,42745
1689206400,420.11,422.41,410.16,411.69,137437
1689465600,419.34,419.34,404.12,410.7,22932
1689552000,410.7,417.81,405.65,415.52,19305
1689638400,423.17,423.17,412.46,413.22,29745
1689724800,413.22,418.96,409.47,411.77,19108
1689811200,411.77,424.63,409.4,414.75,43407
1690070400,423.02,430.82,410.16,424.7,43051
1690156800,424.7,426.84,417.13,419.19,38575
1690243200,417.05,419.73,409.4,413.22,40474
1690329600,409.4,416.28,406.34,407.1,28885
1690416000,408.63,411.69,405.42,406.34,38875
1690675200,405.57,405.57,396.16,397.92,43470
1690761600,404.04,404.04,393.33,393.4,34789
1690848000,400.98,400.98,386.59,388.74,34134
1690934400,394.09,394.86,383.38,387.97,27099
1691020800,382.61,397.08,382.61,387.21,28979
1691280000,394.93,402.51,374.27,377.79,59731
1691366400,370.29,393.33,370.29,378.94,31260
1691452800,374.96,381.08,373.51,373.58,33028
1691539200,379.63,402.05,371.14,390.27,32245
1691625600,383.38,398.53,382.61,394.09,38480
1691884800,394.09,400.83,390.27,400.21,65004
1691971200,396.39,397.15,387.21,387.97,39336
1692057600,390.27,390.27,376.49,379.48,31781
1692144000,375.88,383.38,375.8,377.26,24919
1692230400,377.26,384.76,377.26,382.23,21422
1692489600,382.61,382.61,371.9,373.28,30310
1692576000,371.14,373.51,366.7,366.7,34715
1692662400,367.31,372.97,365.09,371.9,22682
1692748800,369.76,384.14,369.68,380.62,18183
1692835200,385.67,385.67,375.8,376.49,20947
1693094400,375.73,375.73,367.46,368.07,21779
1693180800,368.07,371.14,367.31,368.38,15738
1693267200,368.07,371.9,365.09,367.31,11106
1693353600,368.84,370.37,366.01,368.76,8689
1693699200,364.33,369.53,362.18,362.72,18174
1693785600,360.42,372.67,359.66,366.54,15989
1693872000,365.78,366.93,360.42,364.25,7621
1694044800,359.12,366.24,358.97,359.2,29344
1694304000,359.66,362.72,357.59,361.19,21714
1694390400,363.48,374.89,361.19,369.61,109789
1694476800,367.54,374.89,365.01,367.31,16445
1694563200,367.31,374.96,363.56,374.89,22541
1694908800,369.68,377.26,364.4,367.39,24819
1694995200,371.14,371.14,363.48,367.31,7749
1695081600,371.9,372.59,365.01,371.52,8063
1695254400,378.79,387.21,377.41,382.54,63366
1695513600,390.11,390.11,375.27,378.79,19230
1695600000,381.85,381.85,372.74,376.49,15301
1695686400,378.79,387.97,378.79,387.97,23074
1695772800,384.14,386.44,378.79,384.91,23103
1696118400,379.55,384.07,378.79,378.86,26038
1696204800,378.79,386.44,374.2,379.94,17971
1696291200,380.01,381.77,373.43,374.96,20875
1696377600,377.26,378.79,369.22,372.67,34402
1696464000,374.2,375.57,368.07,373.35,12034
1696723200,373.43,373.43,361.65,362.18,26961
1696809600,359.66,365.01,358.13,361.19,11579
1696896000,368.07,368.07,355.83,356.6,12395
1696982400,356.6,365.78,356.6,357.74,9071
1697068800,357.36,364.1,353.92,358.13,22325
1697414400,352.85,358.89,352.0,358.89,9668
1697500800,363.48,363.48,355.83,361.19,5650
1697587200,361.42,371.14,360.42,370.91,8814
1697673600,364.25,374.12,364.25,368.07,6690
1698537600,368.07,368.07,360.42,361.19,6037
1698624000,354.15,361.19,354.15,358.13,10362
1698710400,352.77,364.25,351.16,358.89,5374
1698796800,359.66,361.11,355.98,355.98,8862
1698883200,355.83,358.89,354.3,355.07,6678
1699142400,354.68,354.99,348.18,349.71,11398
1699228800,348.18,357.36,348.18,355.07,12958
1699315200,355.07,359.66,352.92,355.83,11418
1699401600,355.83,358.13,353.15,355.83,5402
1699488000,352.39,358.89,352.23,356.6,11637
1700438400,359.66,363.48,356.67,359.66,16499
1700524800,366.85,366.85,353.61,359.5,9891
1700611200,353.54,361.95,352.85,359.81,9481
1700697600,359.81,369.61,356.6,364.55,15112
1700956800,371.14,374.96,366.54,374.89,17654
1701043200,381.85,381.85,367.31,367.54,10444
1701129600,362.34,371.06,362.34,368.07,6772
1701216000,368.07,373.43,364.17,364.63,8678
1701302400,357.36,368.84,357.36,365.86,6689
1701561600,363.48,365.78,363.48,365.01,11884
1701648000,362.72,365.01,359.66,362.11,13263
1701734400,365.01,367.31,355.83,367.31,15972
1701820800,367.31,374.66,360.42,361.42,6098
1701907200,361.42,368.84,357.36,366.54,30587
1702166400,373.81,402.51,373.81,402.51,8159
1702252800,410.16,410.16,386.52,394.09,102458
1702339200,394.86,413.22,394.86,410.16,125905
1702425600,410.16,416.28,404.04,407.02,54870
1702512000,406.34,416.28,399.53,409.4,47404
1702771200,401.21,433.12,401.21,430.29,97214
1702857600,436.18,443.83,423.4,428.53,138093
1702944000,430.06,437.1,423.17,427.0,86246
1703030400,435.41,443.83,425.31,433.88,136576
1703116800,434.65,441.54,430.06,437.56,199493
1703376000,446.3,446.3,429.29,431.82,57113
1703635200,423.4,448.65,420.62,423.4,56394
1703721600,421.04,421.72,416.67,420.54,46986
1704067200,414.98,422.98,409.09,409.09,57023
1704153600,406.57,411.62,402.53,406.82,34724
1704240000,407.41,414.14,400.0,407.41,36358
1704326400,414.98,427.61,409.93,420.03,67904
1704585600,428.37,429.29,418.43,420.88,52463
1704672000,425.08,426.09,417.59,422.56,53954
1704758400,427.61,433.5,422.73,425.93,80798
1704844800,417.59,434.34,417.59,424.24,35552
1704931200,415.82,425.51,415.82,420.03,25301
1705190400,428.37,437.71,421.72,436.87,57116
1705363200,441.92,446.04,434.43,441.92,54668
1705449600,442.85,446.04,429.21,432.49,74796
1705536000,429.29,434.34,423.99,428.03,54657
1705795200,427.61,435.19,424.16,430.98,70284
1705881600,424.33,428.45,422.47,423.4,24339
1705968000,424.24,424.24,418.77,419.19,31777
1706054400,427.53,427.53,417.51,418.27,19991
1706140800,417.51,418.35,412.46,413.3,47480
1706400000,412.46,416.67,410.77,415.82,19305
1706486400,416.67,420.88,412.46,415.74,27902
1706572800,420.96,422.39,414.14,419.19,26107
1706659200,419.19,427.61,413.3,415.49,24402
1706745600,415.82,415.82,410.86,413.3,15458
1707004800,408.33,413.3,406.57,410.02,19956
1707091200,409.93,414.14,409.93,411.2,11434
1707177600,418.35,418.35,410.77,412.46,10154
1707264000,416.67,418.35,412.63,414.98,18461
1707350400,410.77,417.42,410.77,415.82,11171
1707609600,423.32,423.32,412.46,416.58,17192
1707696000,415.82,416.67,412.29,416.25,31662
1707782400,415.82,415.82,407.41,410.69,28554
1707868800,404.88,414.65,404.04,408.67,15012
1707955200,404.63,412.46,404.04,404.71,15815
1708214400,404.71,404.71,398.99,398.99,23673
1708387200,393.94,400.67,393.77,396.46,20281
1708473600,398.99,399.83,392.59,394.78,17569
1708560000,393.94,397.31,392.26,395.62,31876
1708819200,402.61,402.61,388.22,388.89,38625
1708905600,388.89,394.11,383.0,388.05,16063
1708992000,392.68,393.1,383.0,389.73,38654
1709078400,390.57,395.54,387.21,388.89,11853
1709164800,387.21,389.73,383.0,385.52,17115
1709424000,382.58,387.21,380.56,383.5,22676
1709510400,391.16,413.8,391.16,413.8,419
1709596800,408.25,412.46,388.97,391.41,33109
1709683200,391.41,400.67,385.52,394.78,46340
1709769600,397.64,402.61,388.05,396.46,16560
1710028800,397.31,405.72,397.31,399.83,22647
1710201600,404.8,405.72,395.62,404.88,46130
1710288000,401.6,409.51,398.15,399.83,30843
1710374400,396.46,403.54,394.78,399.83,17615
1710633600,393.1,400.67,393.1,395.54,19270
1710720000,391.41,395.62,390.74,394.78,18822
1710806400,390.66,398.99,390.66,393.1,14278
1710892800,388.89,399.66,388.3,393.1,28661
1710979200,397.31,397.31,388.89,392.26,9087
1711324800,393.1,393.94,384.68,387.37,16306
1711411200,385.52,390.57,385.52,387.21,15071
1711497600,387.21,388.89,385.52,386.03,18235
1711584000,384.93,389.73,384.26,388.89,24217
1711843200,390.57,394.78,383.84,385.52,33420
1711929600,385.52,388.89,382.32,385.1,29077
1712016000,385.52,385.52,380.98,381.06,26171
1712102400,381.73,385.44,378.2,378.96,28424
1712188800,378.79,380.47,377.95,378.03,23378
1712448000,375.42,381.31,375.42,381.31,30103
1712620800,388.8,388.8,378.79,383.84,32513
1712707200,387.21,387.21,380.47,382.15,15768
1713052800,383.0,387.21,378.79,382.58,44702
1713139200,387.21,387.21,376.09,379.04,33599
1713225600,375.42,379.04,372.05,372.05,23780
1713398400,368.86,378.7,368.86,374.58,14654
1713657600,376.26,376.26,368.86,370.37,23034
1713744000,370.79,373.74,368.69,368.69,24120
1713916800,368.77,373.74,368.77,369.36,11955
1714003200,369.61,373.65,361.95,370.37,47743
1714262400,368.27,374.41,365.32,366.41,57951
1714348800,362.37,376.18,362.37,367.85,18859
1714435200,374.49,375.0,367.85,372.05,14587
1714608000,379.46,379.46,366.16,366.16,25307
1714867200,362.79,370.37,361.11,362.04,32100
1714953600,366.16,366.16,359.85,361.11,22400
1715040000,367.85,367.85,359.01,360.69,6978
1715126400,361.95,362.79,360.27,361.95,10297
1715212800,368.69,376.26,361.95,366.16,22757
1715472000,366.16,366.16,358.84,363.64,14998
1715558400,369.53,369.53,361.2,362.96,27240
1715644800,369.53,377.1,362.79,370.37,41028
1715731200,371.21,375.42,365.57,365.57,30430
1715817600,372.81,372.81,365.4,367.85,9342
1716076800,367.85,381.31,367.85,377.86,66751
1716163200,378.79,383.84,376.94,377.19,49360
1716249600,384.68,384.68,377.95,379.63,31308
1716336000,379.63,385.52,374.58,382.07,20627
1716681600,378.87,385.52,377.1,377.95,19335
1716768000,378.79,383.0,378.03,381.31,24376
1716940800,388.89,388.89,376.43,377.19,26580
1717027200,373.74,378.79,372.9,373.74,23225
1717286400,373.74,378.7,373.74,375.42,11980
1717372800,382.07,382.07,373.06,373.74,8271
1717459200,372.05,373.74,368.01,368.01,50349
1717545600,370.37,370.37,361.87,365.32,60548
1717632000,365.32,369.53,363.64,364.06,8881
1717891200,371.3,371.3,364.14,366.08,17846
1717977600,373.32,373.32,361.62,365.74,41446
1718064000,372.98,372.98,361.95,371.21,23520
1718150400,371.21,375.17,368.69,370.37,12853
1718236800,375.42,375.42,365.49,371.21,32329
1718496000,372.05,372.81,367.93,370.37,32651
1718668800,370.37,372.05,367.0,367.0,34690
1718755200,372.05,372.05,365.4,366.25,13264
1718841600,373.57,373.57,362.79,364.9,9149
1719100800,363.64,370.88,362.88,367.0,40911
1719187200,367.85,370.29,363.72,366.16,19900
1719273600,362.04,371.63,362.04,371.21,30001
1719360000,367.0,369.53,365.74,366.16,16588
1719446400,363.64,366.16,362.88,364.48,12682
1719705600,363.64,364.48,361.45,362.88,25109
1719792000,360.27,366.16,359.43,362.79,16699
1719878400,370.03,384.85,367.0,369.53,26519
1719964800,364.48,369.53,364.48,368.6,16704
1720051200,366.16,372.73,366.16,370.37,18812
1720310400,370.37,374.49,368.69,371.46,30476
1720396800,374.58,375.42,368.69,368.69,22735
1720483200,368.77,372.9,367.26,372.05,26043
1720569600,373.4,380.47,371.38,373.74,28000
1720656000,378.79,378.79,372.05,373.74,33155
1720915200,378.79,386.36,377.95,385.44,50873
1721001600,387.21,391.41,383.08,391.41,65737
1721088000,384.09,423.4,384.01,419.19,173642
1721174400,420.88,450.34,420.88,450.34,305266
1721260800,457.07,459.34,442.0,457.07,216296
1721520000,457.07,467.17,443.94,457.91,251633
1721606400,458.75,465.32,443.77,458.67,288414
1721692800,463.97,472.22,450.34,468.01,287235
1721779200,477.36,477.36,457.07,460.44,228960
1721865600,454.55,470.54,454.55,470.54,179481
1722124800,479.8,488.22,459.76,488.22,294405
1722211200,478.54,519.61,478.54,501.18,502486
1722297600,505.05,525.25,498.4,525.25,458052
1722384000,525.25,539.56,521.89,536.2,393176
1722470400,537.04,543.43,524.49,526.09,259707
1722816000,526.09,540.4,520.79,527.78,338418
1722902400,530.3,534.51,496.63,500.0,347751
1722988800,490.07,549.66,490.07,548.82,556516
1723075200,559.76,586.7,555.56,566.5,441334
1723334400,566.5,576.6,561.45,571.21,418051
1723420800,571.21,580.81,562.63,569.87,501315
1723507200,576.6,577.44,555.64,557.24,311116
1723593600,558.33,578.28,550.59,566.5,216691
1723680000,566.5,579.12,557.66,557.83,260274
1723939200,562.29,563.97,537.88,537.88,226349
1724198400,548.57,548.82,533.08,537.88,234385
1724284800,542.0,544.19,532.91,534.6,171438
1724544000,544.61,544.61,517.85,522.64,199604
1724716800,522.73,522.73,499.16,505.05,241831
1724803200,506.9,521.89,492.42,495.03,146018
1724889600,504.12,504.12,481.48,486.53,156721
1725148800,477.27,496.21,477.27,481.48,105872
1725235200,472.22,504.21,472.22,502.53,169456
1725321600,505.05,511.78,489.06,500.84,92028
1725408000,510.86,510.86,480.13,481.9,222584
1725494400,481.48,488.13,476.43,478.2,79248
1725753600,487.37,487.37,471.38,471.8,60051
1725840000,472.22,474.83,457.91,458.84,78302
1725926400,467.17,476.43,454.21,459.6,56725
1726012800,458.84,473.06,458.75,464.9,52106
1726099200,464.14,475.59,463.8,475.59,48654
1726358400,475.59,484.85,461.28,466.33,64919
1726444800,462.12,466.33,454.55,454.55,70829
1726617600,451.18,460.44,448.74,453.79,31194
1726963200,453.7,472.22,453.7,465.32,54534
1727049600,474.58,474.58,456.23,457.07,55521
1727136000,454.63,462.96,451.26,452.86,61115
1727222400,452.86,464.31,451.18,464.31,54261
1727308800,465.49,470.54,457.91,457.91,31843
1727568000,454.55,458.84,450.0,457.91,37502
1727654400,456.23,466.33,454.55,462.96,29320
1727740800,463.8,484.01,463.05,483.16,92471
1727827200,484.09,488.22,467.26,474.92,36050
1728172800,484.34,487.37,469.44,485.69,42421
1728259200,486.53,506.57,486.53,491.33,85880
1728345600,500.84,500.84,484.85,487.37,132639
1728432000,487.37,494.95,486.53,494.11,15559
1728950400,496.63,496.63,491.58,491.58,12312
1729036800,501.35,504.21,492.68,503.96,156885
1729123200,500.84,506.57,495.79,500.84,53912
1729382400,490.82,496.63,481.06,487.37,45353
1729468800,478.62,485.69,476.85,481.48,45218
1729555200,481.48,485.69,471.38,485.69,30932
1729641600,479.8,490.24,474.33,478.87,33394
1729728000,478.87,481.48,472.31,473.91,30731
1729987200,471.63,479.8,471.55,474.16,14772
1730073600,473.91,481.9,473.91,481.48,22543
1730160000,487.29,492.42,481.65,490.74,52181
1730246400,498.32,498.32,488.47,492.42,29479
1730764800,498.32,506.73,495.03,498.06,89818
1730851200,498.32,504.55,492.09,496.46,37928
1731196800,492.51,511.78,492.51,506.73,99027
1731283200,513.47,513.47,502.53,505.05,69721
1731369600,509.26,509.26,498.48,498.48,61989
1731456000,508.42,508.42,492.42,492.42,31884
1731542400,502.27,502.27,489.23,499.16,57609
1731801600,502.69,509.26,500.84,500.84,72076
1731974400,500.84,502.53,486.53,488.22,61712
1732060800,484.85,492.85,483.42,488.22,25515
1732147200,488.22,488.97,483.16,487.37,37350
1732406400,495.79,513.47,490.74,498.32,177740
1732492800,504.12,504.12,492.42,498.32,55269
1732579200,508.25,508.25,488.22,494.95,54793
1732665600,494.19,503.37,494.11,500.0,54881
1732752000,505.05,505.05,493.69,499.07,29979
1733011200,490.74,496.38,484.85,488.64,53163
1733097600,488.3,495.03,487.37,490.32,43916
1733184000,494.28,494.28,487.37,489.06,34878
1733270400,480.72,493.69,480.72,491.5,35473
1733356800,486.53,489.9,481.48,481.99,36194
1733616000,481.48,485.1,472.56,475.76,51782
1733702400,471.38,482.32,471.38,475.59,21212
1733788800,468.01,479.8,468.01,471.8,17151
1733875200,472.39,483.5,472.39,479.8,29983
1733961600,479.8,485.69,467.17,471.38,40706
1734307200,463.13,471.38,463.13,468.86,32071
1734393600,478.11,481.48,473.99,474.33,65659
1734480000,478.96,478.96,473.99,476.43,27727
1734566400,477.36,478.03,469.28,474.66,36473
1734825600,469.7,477.95,469.7,474.66,24520
1734912000,473.99,478.11,471.38,474.75,22800
1734998400,474.75,484.01,474.75,478.96,27483
1735171200,469.44,488.22,469.44,479.8,33709
1735430400,479.8,484.01,476.43,479.8,91066
1735603200,478.7,481.48,461.11,467.41,64875
1735689600,462.96,471.2,462.96,470.83,18272
1735776000,471.3,476.57,471.3,472.5,18067
1736035200,481.3,481.3,465.46,471.3,27092
1736121600,463.89,477.13,463.89,477.13,37855
1736208000,486.67,486.67,469.44,474.07,29705
1736294400,483.52,483.52,471.3,473.15,22756
1736380800,473.15,478.7,471.48,472.69,119900
1736640000,482.13,482.13,463.15,466.67,17006
1736726400,462.96,475.09,462.96,464.26,124943
1736899200,473.52,474.07,462.96,463.33,14058
1736985600,463.33,471.94,460.28,461.67,17960
1737244800,463.89,469.44,459.26,463.06,28946
1737331200,472.13,472.13,462.04,463.89,60133
1737417600,461.11,463.89,461.11,462.96,31036
1737504000,462.96,476.76,462.04,476.76,71874
1737590400,481.48,481.48,467.69,480.56,38557
1737849600,472.22,478.52,465.0,473.06,19977
1737936000,473.15,473.15,466.02,470.74,26490
1738022400,467.59,472.41,461.11,467.59,58366
1738454400,469.44,481.94,469.44,479.63,88364
1738540800,473.15,501.48,473.15,487.5,160753
1738627200,487.96,493.52,484.26,485.19,78784
1738713600,488.52,488.52,481.48,481.85,59283
1738800000,487.5,502.78,479.63,495.37,156443
1739059200,495.46,496.3,484.26,485.28,62587
1739145600,491.67,491.67,479.17,486.02,48931
1739232000,478.24,489.81,476.94,486.11,44446
1739318400,477.41,492.5,477.41,489.81,59327
1739404800,481.57,500.56,481.48,494.44,103270
1739664000,489.17,494.44,487.96,493.52,33847
1739750400,495.37,495.37,486.11,487.04,30226
1739836800,490.93,490.93,481.48,483.33,37625
1740009600,483.33,485.19,473.7,479.63,37492
1740268800,477.78,481.48,470.37,478.61,43214
1740355200,475.09,486.39,473.15,485.19,51064
1740441600,478.7,490.74,472.78,485.93,100372
1740614400,489.26,500.0,476.85,500.0,73973
1740873600,500.0,510.19,496.3,509.91,125379
1740960000,515.0,516.94,497.22,499.07,91865
1741046400,500.0,500.93,490.74,493.52,57440
1741132800,493.52,493.52,482.41,484.07,47580
1741219200,486.57,490.46,479.63,490.37,43314
1741478400,490.74,493.89,481.48,486.11,68805
1741564800,492.59,494.44,476.94,478.06,23864
1741651200,478.7,486.67,474.07,475.0,43104
1741737600,469.54,477.31,469.54,472.22,29039
1742083200,473.15,474.07,466.67,467.69,29650
1742169600,468.52,472.22,462.96,466.57,25453
1742256000,466.85,469.44,458.33,465.09,53148
1742342400,463.89,466.39,458.33,461.85,28874
1742428800,462.04,462.04,453.8,454.84,31034
1742688000,459.26,459.26,446.3,447.55,43867
1742774400,449.35,459.54,443.15,453.47,46495
1742860800,449.07,449.07,440.74,441.58,53572
1742947200,446.3,447.22,441.2,443.08,33332
1743033600,442.59,461.11,441.94,452.4,45311
1743292800,449.07,461.39,444.44,453.99,68326
1743465600,453.7,454.63,445.37,447.26,39625
1743552000,444.72,450.93,444.44,445.69,31846
1743638400,445.83,450.56,444.63,445.81,27770
1743984000,445.37,447.22,441.57,441.88,108920
1744070400,442.59,442.69,437.5,438.27,35484
1744156800,446.3,446.3,437.96,440.05,44671
1744243200,438.89,444.26,435.19,438.82,50652
1744502400,444.44,444.44,437.96,439.89,24766
1744675200,439.81,451.57,436.11,448.25,42529
1744761600,449.17,449.54,439.35,447.64,72379
1744848000,447.22,461.11,447.22,453.01,74572
1745107200,451.85,474.07,450.93,458.35,127350
1745193600,467.5,467.5,457.41,459.93,71234
1745280000,462.78,462.78,450.09,451.64,49812
1745366400,450.0,455.56,438.98,439.92,145368
1745452800,440.74,444.44,434.91,441.73,54611
1745712000,444.54,461.67,441.02,453.44,101346
1745798400,454.63,460.19,445.37,446.66,86774
1745884800,437.78,460.19,437.78,443.07,65150
1745971200,449.07,457.41,444.72,450.06,73955
1746316800,456.48,464.81,450.19,456.4,99801
1746403200,462.96,462.96,449.07,450.65,54997
1746489600,457.41,462.96,451.76,457.05,78515
1746576000,462.96,488.89,458.33,483.37,340772
1746662400,480.56,484.17,470.37,476.66,122810
1746921600,476.85,481.48,461.02,461.45,122186
1747094400,452.78,467.59,452.78,453.99,78239
1747180800,453.7,458.8,445.0,446.31,57583
1747267200,437.96,451.85,437.96,446.9,51395
1747526400,449.07,452.59,441.94,443.73,50384
1747612800,451.85,455.46,444.44,446.41,28533
1747699200,452.78,459.26,444.44,458.16,44746
1747785600,465.74,475.74,451.02,453.7,90756
1747872000,453.7,457.5,446.3,450.1,29675
1748131200,453.61,456.48,447.22,452.44,33539
1748217600,461.48,462.96,450.09,451.17,39153
1748304000,453.61,456.39,449.07,451.04,24937
1748390400,447.22,467.59,447.22,458.46,68368
1748822400,464.35,464.35,451.85,452.32,43138
1748908800,453.7,460.09,448.89,452.19,57331
1748995200,449.07,453.7,445.74,447.45,38271
1749081600,453.61,457.04,443.52,450.71,41081
1749340800,459.72,490.65,450.93,486.81,506439
1749427200,490.74,513.24,483.43,510.8,573296
1749513600,520.37,527.78,509.35,514.68,494798
1749600000,524.07,542.5,504.81,538.07,839501
1749686400,538.89,545.37,522.41,525.34,531596
1749945600,535.19,541.57,525.93,538.67,726667
1750032000,532.41,555.19,529.63,532.36,714487
1750118400,527.78,535.19,521.57,531.6,344830
1750204800,534.26,538.98,528.7,532.31,306230
1750291200,521.85,541.67,518.52,522.56,384294
1750550400,527.78,527.78,499.17,500.92,226790
1750636800,500.93,507.31,492.59,502.69,144302
1750723200,512.69,513.89,495.37,495.6,197323
1750809600,496.3,509.26,493.52,505.26,202235
1750896000,506.48,517.5,500.93,501.65,284064
1751155200,504.63,510.19,498.61,506.18,185970
1751241600,501.85,521.3,501.85,503.91,167366
1751328000,509.26,513.8,505.56,508.28,142578
1751414400,518.43,518.43,502.87,503.62,165118
1751500800,513.61,513.61,496.3,496.96,222807
1751760000,498.24,501.85,492.59,494.96,147550
1751846400,495.37,495.37,488.06,488.96,101078
1751932800,498.7,498.7,477.04,489.23,120957
1752019200,486.11,495.28,486.11,487.82,72841
1752105600,487.04,492.59,481.94,485.39,113946
1752364800,495.09,503.7,481.48,482.97,113645
1752451200,484.26,488.89,480.56,481.48,98968
1752537600,481.48,489.81,479.81,488.97,122790
1752624000,490.74,500.0,489.81,493.94,196002
1752710400,498.15,509.26,498.15,507.06,181607
1752969600,512.78,516.57,502.96,503.73,228991
1753056000,503.7,509.26,500.0,505.8,113277
1753142400,512.96,522.22,505.56,516.74,223193
1753228800,518.52,523.15,508.33,513.24,137844
1753315200,518.52,540.74,513.89,530.29,335023
1753574400,537.04,539.81,515.74,517.69,260859
1753660800,523.15,523.15,504.81,514.53,141313
1753747200,523.98,523.98,512.22,513.47,135350
1753833600,522.13,522.13,503.8,504.56,124042
1753920000,504.63,508.24,495.37,497.41,121812
1754179200,497.22,509.26,495.37,498.48,108426
1754265600,500.0,507.69,493.52,499.84,120171
1754352000,509.07,509.07,489.17,492.02,75256
1754438400,492.59,498.15,489.44,490.51,80655
1754524800,490.74,500.0,489.35,490.36,64889
1754870400,499.81,499.81,486.3,487.82,49883
1754956800,490.74,490.74,479.91,481.59,81995
1755043200,481.48,488.8,479.63,481.27,62525
1755129600,481.48,486.11,478.24,484.55,53005
1755388800,485.28,489.81,476.94,477.62,50050
1755475200,477.78,485.19,477.78,478.92,30589
1755561600,478.8,487.87,477.41,478.52,45365
1755648000,481.48,481.48,474.07,475.26,28963
1755734400,473.24,478.43,472.22,473.69,42766
1755993600,472.41,475.93,466.67,468.43,48808
1756080000,475.93,475.93,467.59,468.76,32131
1756166400,469.26,473.15,468.52,470.62,12023
1756252800,480.0,480.09,471.3,479.43,25894
1756339200,480.56,486.11,472.13,472.37,45569
1756598400,472.22,478.61,466.67,468.58,36802
1756684800,477.87,477.87,462.96,470.57,40378
1756771200,479.91,479.91,464.81,467.32,29145
1756857600,463.89,470.28,463.89,466.93,33681
1756944000,464.81,473.15,462.04,465.93,49479
1757203200,456.67,465.74,456.67,464.34,35260
1757289600,455.09,467.59,455.09,460.52,27390
1758153600,451.85,453.7,422.22,429.63,10795
1758412800,425.93,462.96,424.17,455.26,85259
1758585600,462.96,466.67,453.7,465.0,41659
1758672000,467.59,467.59,458.43,459.26,18374
1758758400,450.93,463.89,450.93,460.19,11872
1759017600,462.96,467.59,459.26,465.74,18448
1759795200,467.59,467.59,453.89,460.46,22538
1759881600,459.26,459.26,448.61,453.7,51264
1759968000,462.78,480.46,458.33,459.17,35740
1760227200,461.11,461.11,442.59,446.3,61281
1760313600,454.63,454.63,444.44,450.0,22822
1760400000,453.7,458.06,445.37,447.22,22528
1760486400,447.22,451.85,444.44,446.94,24904
1760572800,452.78,452.78,440.09,448.15,29239
1760832000,442.59,447.22,442.59,445.37,22812
1761436800,440.28,446.3,436.67,444.54,15304
1761609600,444.44,458.33,440.37,453.7,29571
1761696000,454.63,461.3,451.85,452.78,25173
1761782400,446.57,478.61,446.3,466.67,55378
1762041600,475.93,475.93,462.96,465.74,37649
1762128000,462.96,471.3,458.33,459.26,31400
1762214400,461.11,462.96,453.8,458.24,20821
1762300800,450.09,458.33,449.44,453.7,25860
1762387200,451.02,458.33,449.07,453.7,25034
1762646400,446.3,455.56,446.11,450.56,16590
1762732800,450.56,453.7,444.91,448.98,32092
1762819200,444.63,457.41,444.63,451.85,10301
1762905600,451.85,460.83,444.63,453.7,15183
1762992000,448.15,454.07,444.91,448.7,41395
1763251200,450.09,451.02,443.8,445.09,56601
1763337600,441.76,450.93,440.74,448.15,24186
1763424000,441.67,452.59,441.67,446.76,55715
1763510400,449.07,449.07,444.44,447.04,28461
1763596800,444.44,448.06,441.94,448.06,44048
1763856000,445.46,455.46,445.37,454.35,33020
1763942400,460.37,462.96,452.31,460.19,50059
1764028800,459.44,471.3,459.26,463.98,74744
1764115200,473.15,473.15,463.06,468.52,54116
1764201600,472.22,475.93,462.13,468.06,38981
1764460800,468.52,472.22,458.33,459.26,52529
1764547200,468.43,468.43,457.59,459.17,14967
1764633600,463.89,465.74,456.48,458.43,18527
1764720000,462.96,462.96,453.7,453.7,40363
1765065600,458.24,458.43,451.94,453.7,34580
1765152000,462.78,462.78,451.85,454.63,29097
1765238400,455.56,458.33,453.24,458.33,25076
1765324800,455.56,458.33,453.89,455.74,20239
1765411200,456.48,461.11,454.63,454.81,17034
1765670400,454.81,457.41,451.94,455.09,50370
1765756800,452.78,456.48,452.04,453.7,24996
1765843200,456.48,458.33,453.7,458.33,13540
1765929600,458.33,462.96,456.2,459.26,13510
1766016000,459.26,462.04,454.17,455.09,15634
1766275200,453.7,455.56,452.41,454.54,24182
1766361600,458.33,458.33,452.31,454.63,22456
1766448000,462.04,462.04,451.85,457.5,28421
1766534400,457.87,465.74,457.41,461.11,66630
1766880000,463.89,467.78,462.04,467.5,72382
1766966400,468.52,470.09,462.04,464.35,66397
1767139200,467.59,472.22,465.0,469.35,134557
1767225600,464.0,478.1,464.0,471.0,40421
1767484800,472.0,473.0,469.0,470.5,69102
1767571200,473.9,473.9,468.0,470.2,23284
1767657600,473.0,473.0,469.0,470.9,24897
1767744000,473.0,473.0,470.0,471.0,27147
1767830400,471.0,473.0,467.0,470.9,51571
1768176000,480.3,480.3,465.1,470.0,41479
1768262400,479.0,479.0,465.0,474.0,40095
1768348800,479.0,479.0,470.0,470.0,41135
1768694400,470.0,474.9,470.0,473.0,28576
1768867200,478.0,480.0,474.2,475.4,50804
1768953600,484.9,484.9,473.0,476.8,37350
1769040000,476.8,476.8,473.1,473.1,28659
1769299200,475.0,486.0,475.0,486.0,61423
1769385600,486.0,490.0,480.0,483.9,59858
1769472000,480.0,487.0,470.0,470.4,75032
1769558400,479.0,479.0,470.0,474.5,55505
1769644800,479.0,482.0,471.1,474.0,58347
1769904000,480.0,480.0,469.5,470.1,42161
1769990400,475.9,475.9,470.0,472.0,28526
1770076800,474.0,474.9,468.1,469.0,29136
1770163200,460.0,475.0,460.0,467.0,16641
1770249600,466.1,474.0,466.1,470.0,23969
1770508800,470.0,476.0,468.1,470.0,25141
1770595200,472.0,474.8,466.0,468.0,27960
1770681600,465.5,471.0,464.0,468.7,36142
