date,open,high,low,close,volume
1325376000,76.56,76.47,75.15,75.53,6914
1325462400,75.53,78.26,75.06,78.26,9126
1325548800,78.26,78.26,76.94,76.94,4018
1325635200,76.94,76.94,75.06,75.15,18324
1325721600,75.15,77.13,75.06,77.13,5733
1325980800,77.13,76.94,74.59,76.94,9151
1326067200,76.94,75.62,74.12,74.12,12252
1326153600,74.12,77.79,73.27,76.0,389
1326240000,76.0,80.7,74.12,78.26,1369
1326326400,78.26,79.57,77.98,79.57,110
1326672000,79.57,78.26,75.62,76.28,429
1326758400,76.28,77.98,75.53,76.66,283
1326844800,76.66,77.22,76.0,76.28,821
1327190400,75.72,76.19,75.53,75.53,183
1327276800,75.53,75.53,74.12,74.12,3838
1327449600,74.12,75.34,74.12,75.25,1151
1327536000,75.25,76.09,74.12,76.0,330
1327795200,76.0,75.06,74.12,75.06,3345
1327968000,75.06,75.06,74.12,74.59,453
1328054400,74.59,75.72,74.12,75.72,1427
1328140800,75.72,75.25,74.12,75.06,2007
1328400000,75.06,75.44,74.21,74.31,67
1328486400,74.31,74.4,74.12,74.31,1677
1328572800,74.31,75.34,73.65,75.34,1337
1328659200,75.34,76.56,76.56,76.56,210
1328745600,76.56,77.79,73.65,76.56,1552
1329004800,76.56,75.34,74.12,75.34,968
1329091200,75.34,75.44,74.12,74.21,800
1329177600,74.21,74.31,73.84,73.84,6670
1329264000,73.84,74.97,73.93,74.97,1229
1329350400,74.97,75.81,73.65,74.12,2457
1329782400,74.12,75.06,73.65,75.06,1290
1329955200,75.06,76.38,73.65,76.38,3286
1330214400,76.38,75.15,73.65,75.06,4064
1330300800,75.06,75.81,74.21,75.81,573
1330387200,75.81,76.75,74.12,76.75,3642
1330473600,76.75,75.53,74.12,74.68,2794
1330560000,74.68,76.0,72.71,76.0,33581
1330819200,76.0,75.34,73.93,75.34,1949
1330905600,75.34,75.62,73.65,75.62,6761
1330992000,75.62,76.0,73.65,76.0,3519
1331424000,76.0,75.34,74.12,75.34,770
1331510400,75.34,75.34,73.65,75.34,1930
1331596800,75.34,74.12,72.24,74.12,152797
1331683200,74.12,76.19,74.03,76.19,828
1331769600,76.19,75.34,74.12,75.34,564
1332028800,75.34,75.44,73.65,74.87,4530
1332115200,74.87,74.87,73.65,73.65,4922
1332201600,73.65,76.47,73.84,76.47,416
1332288000,76.47,76.94,74.21,76.94,582
1332633600,76.94,75.62,74.12,75.34,880
1332720000,75.34,74.87,73.65,74.87,8350
1332806400,74.87,74.87,73.37,74.87,5611
1332892800,74.87,74.87,73.65,74.87,4252
1332979200,74.87,74.12,73.65,74.12,4310
1333238400,74.12,77.41,73.74,77.41,328
1333324800,77.41,76.09,74.4,75.06,289
1333411200,75.06,75.81,73.74,75.81,3949
1333497600,75.81,75.91,74.59,75.91,2384
1333584000,75.91,75.06,74.59,74.87,10316
1333843200,74.87,76.0,75.06,75.53,529
1333929600,75.53,76.38,76.0,76.38,3029
1334016000,76.38,77.13,76.09,76.94,3405
1334102400,76.94,79.29,77.41,78.35,3502
1334188800,78.35,81.74,78.63,81.74,4129
1334448000,81.74,86.72,81.74,86.72,6854
1334534400,86.72,94.15,88.23,94.15,415
1334620800,94.15,102.43,85.88,85.97,15765
1334707200,85.97,93.21,82.58,89.17,11617
1334793600,89.17,93.97,89.17,93.97,3226
1335052800,93.97,97.16,93.4,95.66,10422
1335225600,95.66,104.03,96.79,104.03,1848
1335312000,104.03,113.25,105.82,113.25,1310
1335398400,113.25,119.36,103.09,115.51,15702
1335657600,115.51,116.92,109.96,112.5,9521
1335744000,112.5,114.47,105.16,105.44,14923
1335916800,105.44,103.56,96.13,96.6,2436
1336003200,96.6,105.07,98.29,105.07,11750
1336348800,105.07,110.62,106.85,110.62,3386
1336435200,110.62,116.64,111.37,116.26,13100
1336521600,116.26,115.51,106.67,110.8,8023
1336608000,110.8,111.65,106.1,108.26,7737
1336867200,108.26,107.04,101.87,103.28,3325
1336953600,103.28,101.49,94.81,96.22,9168
1337040000,96.22,104.69,97.92,104.69,860
1337212800,104.69,114.0,106.48,111.74,15047
1337472000,111.74,112.12,106.1,110.8,4824
1337558400,110.8,113.16,108.45,113.06,7022
1337644800,113.06,111.09,105.35,108.45,6705
1337731200,108.45,106.57,99.05,101.4,6502
1337817600,101.4,106.57,99.61,106.57,6091
1338076800,106.57,112.69,107.51,111.65,8697
1338249600,111.65,109.68,109.68,109.68,20
1338336000,109.68,107.79,99.89,99.89,91
1338422400,99.89,98.95,91.05,97.35,6011
1338681600,97.35,105.91,97.35,105.16,3440
1338768000,105.16,107.04,102.43,104.31,5836
1338854400,104.31,102.53,99.33,101.21,5137
1338940800,101.21,100.74,96.79,100.74,1197
1339027200,100.74,102.71,99.05,101.12,4577
1339286400,101.12,99.33,95.75,96.51,5342
1339372800,96.51,100.93,97.82,98.48,1468
1339459200,98.48,100.93,96.88,100.93,267
1339545600,100.93,100.65,98.58,100.27,410
1339632000,100.27,100.27,98.58,100.17,257
1339891200,100.17,98.48,96.69,98.29,3064
1339977600,98.29,98.29,96.69,97.82,1954
1340064000,97.82,97.16,95.75,96.22,9924
1340150400,96.22,97.92,95.75,97.26,18507
1340236800,97.26,97.45,95.75,97.45,96949
1340582400,97.45,99.61,96.79,99.42,1492
1340668800,99.42,99.05,95.75,98.2,4204
1340755200,98.2,100.36,97.16,99.52,3790
1340841600,99.52,100.93,99.14,100.08,3200
1341100800,100.08,100.46,98.58,99.33,16001
1341187200,99.33,100.36,98.58,99.89,15297
1341273600,99.89,99.89,99.42,99.52,4512
1341360000,99.52,101.68,98.86,100.83,10200
1341446400,100.83,100.74,99.52,100.65,6107
1341705600,100.65,100.65,99.61,100.46,2373
1341792000,100.46,101.87,100.46,101.87,2901
1341878400,101.87,103.75,101.87,103.75,7467
1341964800,103.75,104.22,102.71,103.28,5222
1342051200,103.28,104.6,102.81,103.37,59280
1342310400,103.37,108.83,103.28,108.26,18211
1342396800,108.26,106.38,102.34,104.69,24941
1342483200,104.69,104.88,103.09,104.22,2281
1342569600,104.22,108.73,104.69,108.73,4388
1342656000,108.73,110.8,107.98,110.33,7695
1342915200,110.33,112.69,109.86,111.18,9924
1343001600,111.18,113.72,109.96,112.69,5864
1343088000,112.69,112.87,109.02,111.65,5993
1343174400,111.65,112.78,110.9,111.93,59028
1343260800,111.93,111.93,109.11,111.27,5046
1343520000,111.27,110.62,108.17,109.96,7154
1343606400,109.96,112.31,109.11,110.71,3066
1343692800,110.71,113.06,108.92,110.8,7345
1343779200,110.8,111.27,109.86,110.99,14489
1344124800,110.99,113.06,111.27,113.06,6095
1344211200,113.06,114.1,109.39,112.4,6039
1344297600,112.4,114.38,112.4,112.78,7376
1344384000,112.78,112.78,112.21,112.69,1472
1344729600,112.69,113.63,111.84,112.59,9649
1344816000,112.59,113.16,109.39,111.74,6998
1344902400,111.74,111.74,110.05,110.52,14932
1344988800,110.52,112.69,109.86,110.15,11458
1345075200,110.15,111.27,108.45,110.99,6326
1345334400,110.99,112.03,109.86,111.27,3473
1345507200,111.27,112.12,110.8,111.18,7444
1345593600,111.18,111.18,110.33,110.8,4555
1345680000,110.8,111.09,109.86,109.86,3679
1345939200,109.86,111.27,109.86,110.33,2846
1346025600,110.33,111.27,109.86,110.9,3887
1346112000,110.9,111.65,110.52,111.09,3340
1346198400,111.09,114.38,111.27,114.28,8128
1346284800,114.28,115.51,112.69,113.34,9198
1346544000,113.34,115.32,113.63,115.04,10791
1346630400,115.04,116.35,115.32,115.51,8841
1346716800,115.51,116.45,113.63,114.19,8673
1346803200,114.19,114.38,112.69,114.1,3536
1346889600,114.1,114.19,113.63,113.72,3448
1347148800,113.72,114.0,112.69,114.0,3063
1347235200,114.0,113.63,112.87,113.16,2158
1347321600,113.16,114.38,112.87,113.72,4400
1347408000,113.72,114.66,114.1,114.28,9867
1347494400,114.28,116.35,114.57,115.51,7798
1347753600,115.51,120.4,115.98,119.55,8048
1347840000,119.55,120.68,119.27,119.74,5436
1347926400,119.74,120.77,119.27,119.74,3503
1348012800,119.74,119.27,115.6,117.67,7809
1348099200,117.67,118.23,116.45,117.86,4356
1348358400,117.86,118.33,114.57,115.32,14010
1348444800,115.32,115.6,114.66,115.6,4269
1348531200,115.6,115.7,114.94,115.51,5222
1348617600,115.51,116.35,113.63,114.57,6526
1348704000,114.57,114.94,114.28,114.57,2671
1348963200,114.57,115.04,114.57,114.94,2475
1349049600,114.94,115.51,114.57,115.04,1968
1349136000,115.04,115.7,115.04,115.6,1556
1349222400,115.6,115.98,114.75,115.7,3537
1349308800,115.7,116.07,115.32,116.07,3288
1349568000,116.07,117.39,114.66,117.39,5722
1349654400,117.39,118.42,117.01,117.58,4169
1349740800,117.58,117.48,116.64,117.39,6909
1349827200,117.39,118.33,116.82,116.92,9516
1349913600,116.92,117.76,115.13,117.29,3706
1350172800,117.29,118.52,115.6,117.76,7164
1350259200,117.76,118.99,117.01,118.71,7876
1350432000,118.71,120.77,117.01,120.21,6699
1350518400,120.21,122.0,120.21,121.24,11153
1351555200,131.54,131.54,122.37,131.3,2400
1351641600,131.3,135.82,132.77,135.82,4204
1351728000,135.82,138.27,134.6,135.09,1546
1351987200,135.09,137.66,134.85,134.85,1752
1352073600,134.85,138.15,135.21,135.21,3601
1352160000,135.21,142.06,137.05,139.49,1901
1352246400,139.49,148.3,142.06,148.3,2338
1352332800,148.3,159.43,150.99,158.45,6088
1352592000,158.45,161.26,147.56,148.18,4239
1352678400,148.18,152.94,146.95,152.82,2862
1353196800,152.82,158.45,151.72,157.84,3635
1353369600,157.84,165.17,155.39,164.19,3478
1353456000,164.19,164.68,158.2,163.34,4575
1353542400,163.34,162.12,157.84,162.12,3674
1353801600,162.12,163.22,159.18,160.65,4981
1353888000,160.65,160.89,156.61,160.89,32877
1353974400,160.89,161.5,159.06,159.18,2035
1354060800,159.18,160.28,157.84,160.16,2723
1354147200,160.16,159.67,156.61,158.57,5155
1354406400,158.57,157.22,152.94,155.76,3634
1354492800,155.76,156.0,153.56,154.04,2400
1354579200,154.04,159.43,155.51,157.71,4003
1354665600,157.71,165.17,160.53,163.34,6400
1354752000,163.34,162.73,160.28,161.63,2785
1355011200,161.63,161.99,157.96,157.96,2886
1355097600,157.96,158.45,150.5,157.47,3889
1355184000,157.47,157.71,151.97,157.71,2463
1355356800,157.71,160.53,156.61,160.28,2939
1355616000,160.28,166.27,160.04,164.56,15378
1355702400,164.56,172.51,167.62,168.84,27610
1355788800,168.84,168.84,165.17,168.84,4300
1355875200,168.84,170.55,168.84,170.31,7954
1355961600,170.31,172.51,167.74,171.29,9128
1356220800,171.29,172.75,170.06,172.02,5578
1356307200,172.02,174.96,170.06,174.47,4096
1356480000,174.47,181.07,171.53,177.4,6009
1356566400,177.4,182.17,174.1,181.68,6982
1356912000,181.68,182.05,178.01,179.85,4964
1356998400,179.85,179.72,176.91,177.28,5369
1357084800,177.28,178.01,175.93,178.01,6181
1357171200,178.01,179.72,176.42,179.23,4971
1357430400,179.23,181.31,178.62,179.23,19711
1357516800,179.23,179.85,177.77,178.62,12992
1357603200,178.62,178.5,177.77,178.13,1306
1357689600,178.13,178.62,177.4,177.52,2910
1357776000,177.52,179.23,177.4,179.23,4705
1358035200,179.23,180.09,178.62,179.85,9114
1358208000,179.85,183.76,179.85,182.29,5580
1358294400,182.29,184.98,180.58,181.07,4790
1358380800,181.07,182.05,178.01,178.62,3520
1358640000,178.62,178.38,171.29,173.73,6191
1358726400,173.73,178.62,173.73,177.16,3243
1358812800,177.16,181.68,177.16,180.82,2553
1358899200,180.82,183.76,178.75,178.99,2950
1358985600,178.99,179.6,178.13,179.11,3751
1359244800,179.11,182.05,178.01,179.85,3612
1359331200,179.85,180.95,178.01,178.01,3166
1359504000,178.01,178.26,176.18,177.65,10804
1359590400,177.65,178.13,176.67,176.79,2679
1359849600,176.79,181.56,176.79,179.23,3916
1359936000,179.23,180.46,178.62,178.62,2782
1360022400,178.62,179.85,178.62,179.48,3752
1360108800,179.48,178.87,178.26,178.87,2461
1360195200,178.87,179.72,178.62,179.72,1580
1360454400,179.72,180.46,179.11,179.97,5040
1360627200,179.97,186.57,182.29,186.57,7433
1360713600,186.57,185.23,181.07,184.86,4644
1360800000,184.86,190.0,185.96,188.53,8931
1361059200,188.53,202.96,192.07,202.96,647
1361232000,202.96,220.57,200.63,200.63,13828
1361318400,200.63,201.86,192.69,200.39,7152
1361404800,200.39,205.53,198.19,202.96,5779
1361664000,202.96,201.98,200.63,201.25,3053
1361750400,201.25,213.47,203.08,205.65,9845
1361836800,205.65,213.35,205.53,207.36,10309
1361923200,207.36,205.65,202.47,205.65,3750
1362009600,205.65,206.63,204.3,206.63,2037
1362268800,206.63,206.75,204.3,205.53,6263
1362355200,205.53,207.36,205.53,205.65,7242
1362441600,205.65,206.87,201.86,205.53,2952
1362528000,205.53,207.85,203.2,206.75,4885
1362614400,206.75,206.14,202.84,205.4,4394
1362960000,205.4,208.95,205.28,206.5,4034
1363132800,206.5,214.33,207.97,214.33,4679
1363219200,214.33,222.52,211.64,214.09,6609
1363478400,214.09,212.86,207.97,209.56,7080
1363564800,209.56,208.58,206.75,207.12,4041
1363651200,207.12,211.64,204.91,207.97,6732
1363737600,207.97,209.68,206.75,206.75,3106
1363824000,206.75,206.75,204.55,205.77,3253
1364083200,205.77,204.55,200.63,201.86,4682
1364169600,201.86,203.69,199.41,203.57,5823
1364342400,203.57,203.69,200.63,203.57,1647
1364428800,203.57,204.79,201.0,203.69,2902
1364688000,203.69,203.57,197.58,199.9,6568
1364774400,199.9,201.86,196.23,200.02,7186
1364860800,200.02,204.18,200.15,203.69,2653
1364947200,203.69,206.01,203.08,203.32,4273
1365033600,203.32,202.22,201.12,201.12,3778
1365292800,201.12,202.71,199.41,202.22,1576
1365379200,202.22,204.3,200.88,201.25,3147
1365465600,201.25,204.91,201.25,204.3,3367
1365638400,204.3,207.12,205.04,205.89,3221
1365984000,205.89,207.48,205.53,206.26,6352
1366070400,206.26,206.14,204.3,205.28,2833
1366156800,205.28,205.4,201.25,203.81,3703
1366243200,203.81,204.3,201.25,202.71,3721
1366502400,202.71,202.84,199.41,199.41,10680
1366588800,199.41,199.78,194.52,199.04,11762
1366675200,199.04,205.53,199.66,203.2,5506
1366848000,203.2,204.79,201.25,201.86,1427
1367107200,201.86,201.86,198.19,201.86,4716
1367193600,201.86,201.98,200.27,200.63,2458
1367280000,200.63,201.25,198.8,199.9,12260
1367452800,199.9,199.41,195.74,197.7,3186
1367712000,197.7,197.7,194.52,195.01,4133
1367798400,195.01,194.52,190.36,193.79,3756
1367884800,193.79,200.02,195.13,197.21,1455
1367971200,197.21,196.48,194.89,196.35,2379
1368057600,196.35,197.46,195.13,196.84,1848
1368316800,196.84,198.8,195.74,195.74,3022
1368403200,195.74,197.58,195.74,197.46,3539
1368489600,197.46,199.41,195.99,198.56,1407
1368576000,198.56,202.47,198.19,199.53,4043
1368662400,199.53,201.37,196.97,201.37,3576
1368921600,201.37,201.61,199.41,200.02,2912
1369008000,200.02,201.86,198.19,200.76,1638
1369094400,200.76,201.73,199.66,200.76,2425
1369180800,200.76,201.37,200.39,200.51,4355
1369267200,200.51,200.63,197.58,200.15,1393
1369526400,200.15,201.25,198.8,200.63,9185
1369612800,200.63,201.98,200.27,201.49,3996
1369699200,201.49,201.86,200.63,200.63,1669
1369872000,200.63,201.73,200.63,201.25,2297
1370131200,201.25,201.86,199.41,200.02,4471
1370217600,200.02,201.86,199.41,200.63,2820
1370304000,200.63,200.63,199.41,200.15,2539
1370390400,200.15,200.63,199.17,199.17,4005
1370476800,199.17,200.27,198.8,199.41,1756
1370736000,199.41,200.63,199.29,200.15,963
1370822400,200.15,200.02,199.41,199.41,3268
1370908800,199.41,201.86,197.58,199.41,8920
1370995200,199.41,199.41,198.8,199.41,865
1371081600,199.41,199.78,196.97,198.31,1802
1371340800,198.31,201.25,196.35,197.58,33560
1371427200,197.58,199.29,197.58,199.29,5843
1371513600,199.29,199.9,197.33,197.46,8514
1371600000,197.46,197.7,197.21,197.58,2522
1371686400,197.58,198.19,196.35,196.35,17264
1371945600,196.35,198.07,195.74,198.07,1001
1372032000,198.07,198.07,196.97,197.46,805
1372118400,197.46,198.43,196.35,198.19,16658
1372204800,198.19,201.73,198.19,200.63,4643
1372291200,200.63,200.02,198.19,198.19,7915
1372550400,198.19,199.41,198.19,198.19,3168
1372636800,198.19,199.41,198.43,198.8,1134
1372723200,198.8,199.41,196.35,199.04,16316
1372809600,199.04,199.66,198.31,199.41,3542
1372896000,199.41,200.15,198.56,199.29,5626
1373155200,199.29,200.51,199.29,199.9,4118
1373241600,199.9,200.63,198.8,200.63,10212
1373328000,200.63,203.69,201.86,203.08,3924
1373414400,203.08,208.7,203.69,206.26,4739
1373500800,206.26,205.53,203.69,203.69,3581
1373760000,203.69,208.95,203.69,203.69,5717
1373846400,203.69,207.12,203.81,205.65,5281
1373932800,205.65,207.85,205.4,206.63,1728
1374019200,206.63,207.97,203.69,207.85,2876
1374105600,207.85,215.19,204.91,215.06,8023
1374364800,215.06,226.19,218.98,223.75,10674
1374451200,223.75,228.15,219.95,222.03,16392
1374537600,222.03,224.36,222.28,222.77,7761
1374624000,222.77,223.62,222.16,223.5,6039
1374710400,223.5,225.09,222.03,222.65,12648
1374969600,222.65,225.09,222.65,223.75,10025
1375056000,223.75,227.9,223.38,225.09,8279
1375142400,225.09,233.04,223.87,231.2,6331
1375228800,231.2,235.61,231.08,232.43,10007
1375315200,232.43,243.07,234.14,235.61,14164
1375574400,235.61,238.54,234.87,236.71,7197
1375660800,236.71,236.71,231.2,231.94,3940
1375747200,231.94,236.22,226.93,233.65,5789
1375833600,233.65,234.14,232.43,232.43,4151
1375920000,232.43,233.65,231.2,232.92,2741
1376179200,232.92,230.59,226.31,229.0,10990
1376265600,229.0,229.98,227.54,227.54,3627
1376352000,227.54,228.39,226.8,227.54,5096
1376438400,227.54,229.0,227.54,228.51,2227
1376524800,228.51,229.98,227.66,228.76,4236
1376784000,228.76,231.2,229.37,230.35,2567
1376870400,230.35,232.43,230.59,231.94,4333
1376956800,231.94,233.77,232.06,232.43,4226
1377388800,232.43,234.14,231.82,232.92,12922
1377475200,232.92,234.87,232.43,233.41,5708
1377561600,233.41,240.38,232.43,236.22,6064
1377734400,236.22,236.83,235.36,236.1,13762
1377993600,236.1,236.46,232.43,234.87,9150
1378080000,234.87,236.22,235.36,235.48,4868
1378166400,235.48,235.61,232.43,234.26,5906
1378252800,234.26,234.87,229.98,231.2,12561
1378339200,231.2,233.65,231.2,233.65,6472
1378598400,233.65,229.25,211.4,218.0,27879
1378684800,218.0,218.0,214.7,216.41,3965
1378771200,216.41,215.92,206.87,207.97,10975
1378857600,207.97,213.96,208.09,210.42,7754
1378944000,210.42,210.78,207.97,210.78,6244
1379203200,210.78,215.92,209.32,215.31,9683
1379289600,215.31,218.98,216.65,218.98,14995
1379376000,218.98,220.81,218.0,218.98,18247
1379548800,220.93,220.93,217.57,217.97,1200
1379808000,217.97,216.9,211.52,211.65,1843
1379894400,211.65,213.0,208.96,213.0,1112
1379980800,213.0,213.54,211.52,211.52,874
1380067200,211.52,211.52,210.17,210.84,2541
1380153600,210.84,210.17,208.15,209.1,2758
1380412800,209.1,209.9,208.69,208.69,1867
1380499200,208.69,208.83,207.48,208.15,2236
1380585600,208.15,208.29,206.14,206.14,3367
1380672000,206.14,206.14,204.66,204.66,6282
1380758400,204.66,207.48,204.79,207.48,717
1381017600,207.48,208.83,206.14,208.83,3225
1381104000,208.83,212.73,210.31,212.73,197
1381190400,212.73,217.57,215.55,217.57,864
1381276800,217.57,220.26,217.97,220.26,1353
1381363200,220.26,221.74,220.93,220.93,1017
1381968000,220.93,224.97,224.97,224.97,27
1382227200,224.97,237.07,222.95,237.07,5329
1382313600,237.07,239.09,235.73,235.73,3212
1382400000,235.73,231.69,229.68,230.35,917
1382486400,230.35,231.69,227.12,230.35,2049
1382572800,230.35,230.75,227.66,227.66,2403
1382832000,227.66,227.66,225.64,226.31,1805
1382918400,226.31,225.64,224.83,225.37,1545
1383004800,225.37,226.31,222.95,226.31,1214
1383091200,226.31,229.68,226.31,226.31,3613
1383177600,226.31,230.62,227.66,227.66,371
1383696000,227.66,228.33,225.64,226.31,1700
1383782400,226.31,228.33,224.97,225.64,3245
1384041600,225.64,225.64,224.3,224.3,1630
1384128000,224.3,227.66,220.26,227.66,3134
1384214400,227.66,233.04,229.68,231.02,5129
1384300800,231.02,239.76,232.37,234.92,2530
1384387200,234.92,237.48,230.62,237.48,9254
1384992000,237.48,241.92,241.92,241.92,10
1385251200,241.92,264.92,246.49,259.94,7064
1385337600,259.94,259.94,253.22,254.02,8881
1385424000,254.02,260.61,253.89,254.56,5399
1385510400,254.56,254.7,253.08,253.89,4408
1385596800,253.89,253.75,251.33,251.87,2707
1385856000,251.87,255.91,253.89,253.89,4298
1385942400,253.89,256.71,254.56,255.1,4184
1386028800,255.1,255.91,253.89,254.56,4415
1386115200,254.56,268.01,258.6,263.3,6037
1386201600,263.3,277.16,265.32,270.03,4501
1386460800,270.03,268.68,263.98,265.99,6777
1386547200,265.99,273.39,266.67,270.97,5541
1386633600,270.97,270.7,266.67,266.67,2598
1386720000,266.67,277.43,271.37,273.39,5113
1386806400,273.39,274.74,268.82,274.74,7341
1387065600,274.74,282.81,273.39,282.14,6790
1387152000,282.14,302.98,287.52,293.57,3650
1387324800,293.57,317.92,299.22,312.4,3166
1387411200,312.4,324.51,292.22,324.51,14538
1387670400,324.51,328.54,315.09,320.47,12885
1387756800,320.47,317.78,311.06,312.8,8184
1387843200,312.8,321.14,305.67,313.75,8792
1388016000,313.75,328.54,313.88,317.11,7054
1388275200,317.11,320.47,317.11,318.45,4793
1388448000,318.45,319.13,300.7,314.42,5212
1388534400,314.42,316.44,303.79,307.29,6621
1388620800,307.29,312.94,298.95,311.06,4082
1388880000,311.06,310.38,300.29,305.0,3755
1388966400,305.0,310.38,305.67,307.69,2375
1389052800,307.69,307.15,302.98,305.94,4439
1389139200,305.94,311.59,302.45,309.04,5450
1389225600,309.04,314.42,309.04,309.98,4172
1389484800,309.98,316.3,310.38,314.42,4040
1389571200,314.42,319.66,312.4,312.4,1628
1389657600,312.4,316.44,308.37,308.37,1881
1389830400,308.37,319.8,309.98,311.73,5042
1390089600,311.73,313.75,309.44,310.38,2532
1390176000,310.38,311.73,304.33,307.02,4921
1390262400,307.02,307.69,305.0,306.35,3022
1390348800,306.35,307.02,303.93,303.93,3792
1390435200,303.93,309.71,303.79,303.93,2638
1390694400,303.93,307.02,300.56,304.2,4237
1390780800,304.2,305.54,299.76,302.31,1374
1390867200,302.31,302.98,300.29,300.29,3578
1390953600,300.29,303.66,300.29,302.98,2442
1391299200,302.98,302.98,296.93,297.2,2429
1391385600,297.2,297.2,290.21,290.21,2752
1391472000,290.21,293.57,288.19,290.88,3485
1391558400,290.88,296.93,290.88,292.22,3131
1391644800,292.22,297.6,291.69,294.24,3109
1391904000,294.24,293.7,287.52,292.22,2963
1391990400,292.22,318.86,297.74,300.29,4923
1392076800,300.29,300.29,292.49,297.47,7047
1392163200,297.47,296.93,292.22,292.22,3861
1392249600,292.22,296.93,291.55,296.26,3227
1392508800,296.26,301.91,291.55,292.22,2340
1392595200,292.22,296.26,293.57,293.57,1767
1392681600,293.57,298.55,292.9,294.38,4242
1392854400,294.38,304.33,293.57,297.6,2619
1393113600,297.6,312.4,297.6,310.38,6646
1393200000,310.38,321.82,307.02,310.92,4785
1393286400,310.92,317.11,305.67,317.11,2094
1393372800,317.11,320.47,304.6,307.02,2756
1393804800,307.02,303.52,296.8,300.29,3690
1393891200,300.29,298.28,290.88,298.28,5671
1393977600,298.28,303.66,293.84,299.62,2177
1394064000,299.62,304.73,292.22,296.26,4347
1394323200,296.26,293.57,289.67,292.9,3132
1394409600,292.9,291.15,286.17,290.88,3111
1394496000,290.88,291.15,287.65,289.53,6802
1394582400,289.53,287.52,285.5,285.63,5982
1394668800,285.63,288.86,284.29,284.29,2363
1395014400,284.29,286.84,280.12,284.15,9223
1395100800,284.15,284.15,278.77,278.77,10471
1395187200,278.77,287.52,275.41,281.6,14949
1395273600,281.6,286.71,280.12,285.36,4853
1395532800,285.36,286.31,282.81,284.29,4197
1395619200,284.29,293.57,284.15,292.9,4092
1395705600,292.9,293.57,289.0,292.9,3569
1395792000,292.9,293.84,291.55,293.17,2551
1395878400,293.17,294.91,290.88,293.57,5997
1396224000,293.57,296.26,289.53,292.22,10058
1396310400,292.22,299.22,293.57,296.12,5183
1396396800,296.12,304.33,293.57,300.43,5540
1396483200,300.43,307.15,300.43,302.58,4635
1396742400,302.58,304.46,301.5,301.64,3936
1396828800,301.64,302.31,297.6,301.37,3613
1397001600,301.37,304.33,297.6,304.33,2927
1397088000,304.33,308.9,303.66,305.67,7615
1397347200,305.67,311.19,305.67,307.69,8948
1397520000,307.69,315.36,307.69,313.07,5236
1397606400,313.07,313.07,310.38,310.38,6337
1397692800,310.38,313.75,306.35,309.71,4664
1397952000,309.71,311.73,306.35,307.02,5480
1398038400,307.02,308.37,303.93,305.67,4350
1398124800,305.67,307.02,305.0,305.27,3575
1398211200,305.27,309.04,305.67,307.69,3134
1398556800,307.69,310.38,306.35,306.35,1683
1398643200,306.35,307.29,305.67,306.35,2295
1398729600,306.35,306.35,305.0,305.27,1865
1398816000,305.27,307.83,306.35,307.02,4020
1399161600,307.02,309.71,305.94,308.9,4744
1399248000,308.9,317.78,305.67,317.11,2614
1399334400,317.11,323.3,317.78,320.47,4509
1399420800,320.47,325.85,318.05,318.05,4192
1399507200,318.05,317.78,313.75,316.7,3089
1399766400,316.7,318.45,313.88,315.09,4450
1399852800,315.09,316.44,313.07,313.07,1349
1399939200,313.07,313.75,308.37,309.04,2722
1400112000,309.04,309.71,307.02,309.04,2870
1400371200,309.04,311.73,308.37,309.17,2286
1400457600,309.17,312.27,309.17,311.32,2105
1400544000,311.32,311.73,305.67,310.38,1574
1400630400,310.38,310.92,300.43,310.92,4361
1400716800,310.92,315.09,308.37,313.75,2780
1400976000,313.75,323.16,313.75,323.16,3276
1401062400,323.16,319.93,313.75,318.86,7037
1401148800,318.86,318.59,313.07,315.36,1428
1401235200,315.36,320.47,315.49,320.47,5145
1401580800,320.47,327.2,320.47,325.85,10958
1401667200,325.85,333.92,327.2,330.02,6795
1401753600,330.02,334.19,327.33,333.52,5709
1401840000,333.52,335.27,331.9,335.27,5330
1401926400,335.27,335.94,319.13,330.56,5267
1402185600,330.56,335.94,330.56,334.19,4209
1402272000,334.19,335.27,332.58,333.25,10756
1402358400,333.25,337.15,330.02,336.34,8366
1402444800,336.34,344.14,337.96,339.97,5720
1402531200,339.97,343.61,335.0,341.99,7252
1402790400,341.99,359.48,341.99,347.51,8810
1402876800,347.51,363.51,354.1,358.13,5551
1402963200,358.13,361.5,345.36,358.13,9873
1403049600,358.13,363.51,339.44,353.56,7970
1403136000,353.56,354.23,347.37,353.83,6465
1403481600,353.83,349.39,340.78,341.72,1319
1403568000,341.72,347.24,340.65,346.03,1969
1403654400,346.03,356.79,345.89,354.1,5233
1403740800,354.1,356.79,354.1,355.44,2209
1404000000,355.44,360.96,353.43,356.79,4778
1404086400,356.79,356.79,352.22,356.79,2256
1404172800,356.79,361.5,358.13,360.56,4302
1404259200,360.56,368.89,360.82,363.78,3819
1404345600,363.78,364.59,360.82,360.82,2825
1404604800,360.82,363.51,360.82,360.82,4615
1404691200,360.82,364.86,360.82,361.9,5268
1404777600,361.9,379.39,363.51,370.91,7912
1404864000,370.91,378.31,372.93,378.31,3416
1404950400,378.31,377.1,371.72,374.54,4740
1405209600,374.54,381.81,369.57,378.71,9942
1405296000,378.71,374.54,368.89,371.58,1964
1405382400,371.58,374.28,367.55,370.91,623
1405468800,370.91,379.66,360.82,364.99,6693
1405555200,364.99,376.7,368.89,372.39,4553
1405814400,372.39,394.45,372.93,392.43,8099
1405900800,392.43,399.16,390.42,397.81,8917
1405987200,397.81,394.45,384.36,393.11,4532
1406073600,393.11,394.86,389.07,389.74,3408
1406160000,389.74,395.8,386.38,391.76,4885
1406419200,391.76,395.8,389.07,391.09,2504
1406505600,391.09,394.45,387.73,389.74,2306
1406678400,389.74,393.11,386.65,387.05,2461
1406764800,387.05,393.11,385.04,390.95,4873
1407024000,390.95,389.07,387.59,387.86,2332
1407110400,387.86,387.73,381.0,382.35,4732
1407196800,382.35,387.73,379.66,384.36,3533
1407283200,384.36,385.04,374.95,385.04,5586
1407369600,385.04,379.66,370.91,375.49,7973
1407801600,375.49,374.28,360.29,366.2,4861
1407888000,366.2,373.2,353.83,364.86,6902
1407974400,364.86,378.98,360.82,378.31,5671
1408320000,378.31,384.36,368.89,374.28,5826
1408406400,374.28,379.66,370.37,376.97,7076
1408492800,376.97,374.28,366.07,367.55,6880
1408579200,367.55,374.28,348.72,366.2,6805
1408838400,366.2,374.14,367.42,368.22,5042
1408924800,368.22,363.51,344.01,347.37,14604
1409011200,347.37,340.65,313.75,313.75,26548
1409097600,313.75,319.26,309.58,316.44,24617
1409184000,316.44,325.85,312.4,315.09,10760
1409443200,315.09,315.09,305.67,305.67,18306
1409529600,305.67,314.69,297.2,314.69,35196
1409702400,314.66,320.69,303.66,303.66,800
1409788800,303.66,309.39,292.82,298.54,4213
1410048000,298.54,293.57,279.71,279.71,4778
1410220800,279.71,294.32,278.5,294.02,3512
1410307200,294.02,305.32,289.95,292.82,4092
1410393600,292.82,292.82,279.26,289.8,1131
1410652800,289.8,286.79,284.23,285.28,2416
1410739200,285.28,287.99,282.27,286.79,959
1410825600,286.79,289.8,286.04,289.05,1034
1410912000,289.05,291.31,289.05,289.8,785
1410998400,289.8,286.04,286.04,286.04,100
1411257600,282.27,283.02,280.01,281.52,867
1411344000,281.52,282.27,280.76,282.27,2236
1411430400,282.27,289.8,283.78,285.28,1976
1411516800,285.28,289.8,288.15,288.3,830
1411862400,288.3,295.83,288.45,295.83,1010
1411948800,295.83,304.57,295.83,304.57,1390
1412035200,304.57,312.25,309.39,310.14,1378
1412726400,310.14,306.37,306.37,306.37,214
1412812800,306.37,302.01,301.85,301.85,71
1413072000,301.85,296.28,292.06,292.21,995
1413158400,292.21,295.83,291.46,295.83,587
1413244800,295.83,301.85,295.83,295.83,634
1413331200,295.83,299.44,297.34,298.54,798
1413417600,298.54,301.1,297.49,298.99,654
1413676800,298.99,298.84,297.49,298.84,451
1413763200,298.84,301.85,299.44,300.35,384
1413849600,300.35,301.1,297.64,300.35,2013
1413936000,300.35,301.1,300.35,301.1,897
1414281600,301.1,302.01,292.66,299.59,2236
1414368000,299.59,301.1,296.73,298.84,1772
1414454400,298.84,301.85,298.84,299.75,981
1414627200,299.75,300.35,297.34,298.84,3797
1414886400,298.84,298.84,294.32,295.83,4492
1414972800,295.83,295.68,289.05,291.31,3102
1415059200,291.31,286.94,282.27,284.53,841
1415145600,284.53,290.25,284.53,290.25,1346
1415232000,290.25,289.8,282.27,285.28,5133
1415491200,285.28,287.54,282.12,282.27,1346
1415577600,282.27,279.26,274.74,274.74,6474
1415664000,274.74,282.27,274.59,276.24,3067
1415750400,276.24,277.75,271.27,277.75,1084
1415836800,277.75,282.27,274.89,275.04,3454
1416096000,275.04,276.24,271.12,276.24,766
1416182400,276.24,273.23,260.43,265.4,1787
1416268800,265.4,267.96,260.43,262.69,4276
1416355200,262.69,268.71,258.92,267.2,6923
1416441600,267.2,276.24,266.3,266.3,8957
1416700800,266.3,278.8,266.45,267.2,14849
1416787200,267.2,269.01,265.7,265.7,4759
1416873600,265.7,268.71,263.59,268.56,2536
1417305600,268.56,270.97,267.36,270.97,1148
1417392000,270.97,271.72,267.2,268.56,8647
1417478400,268.56,268.71,267.05,268.56,3822
1417564800,268.56,272.33,268.56,270.82,3168
1417651200,270.82,276.39,268.71,273.08,2944
1417910400,273.08,273.38,267.2,269.62,6700
1417996800,269.62,271.88,267.2,271.88,2050
1418083200,271.88,273.23,270.52,273.23,1159
1418169600,273.23,277.45,267.2,273.98,2518
1418256000,273.98,283.78,274.29,282.42,1881
1418515200,282.42,302.76,287.84,302.76,7282
1418601600,302.76,312.4,290.56,307.88,12962
1418688000,307.88,307.88,301.1,304.72,8144
1418774400,304.72,302.61,297.34,298.99,8676
1418860800,298.99,303.81,294.47,297.34,2400
1419120000,297.34,297.34,290.71,292.82,4417
1419206400,292.82,292.82,289.2,289.8,4793
1419292800,289.8,288.3,285.28,286.04,3258
1419379200,286.04,297.64,280.76,295.38,1731
1419724800,295.38,312.1,300.95,304.11,4597
1419811200,304.11,306.37,297.34,303.36,11310
1419984000,303.36,302.61,298.84,299.59,7492
1420070400,299.59,304.87,297.34,298.54,7377
1420329600,298.54,304.87,302.61,304.87,12527
1420416000,304.87,310.14,301.85,306.37,4362
1420502400,306.37,306.83,304.72,304.87,4781
1420588800,304.87,310.74,304.11,308.33,6564
1420675200,308.33,312.4,297.34,309.54,5464
1420934400,309.54,310.89,308.63,309.54,3992
1421020800,309.54,310.44,303.36,306.37,4852
1421107200,306.37,307.88,304.11,306.52,1823
1421193600,306.52,312.4,300.95,309.69,5091
1421539200,309.69,312.4,309.69,310.14,4572
1421625600,310.14,338.31,307.88,325.96,18529
1421712000,325.96,325.96,307.88,317.67,6487
1421884800,317.67,318.43,308.18,315.71,6422
1422144000,315.71,325.21,317.67,325.21,2567
1422230400,325.21,329.57,323.1,325.66,6083
1422316800,325.66,327.31,322.95,324.9,5887
1422403200,324.9,334.09,321.44,331.99,6869
1422489600,331.99,342.53,328.97,333.49,6175
1422748800,333.49,334.85,328.22,334.24,10309
1422835200,334.24,337.26,334.4,335.45,8378
1422921600,335.45,335.75,333.64,335.0,6252
1423008000,335.0,339.52,333.49,334.24,5108
1423094400,334.24,335.0,330.48,332.14,3541
1423353600,332.14,334.4,331.23,333.34,6343
1423440000,333.34,333.34,331.23,331.99,2801
1423526400,331.99,330.48,325.66,330.48,4145
1423612800,330.48,337.86,330.48,334.24,1758
1423699200,334.24,337.41,331.23,335.15,1020
1423958400,335.15,336.5,332.74,335.0,2590
1424044800,335.0,335.6,334.4,334.85,3816
1424304000,334.85,333.49,331.23,333.49,1568
1424563200,333.49,333.34,328.82,331.23,4653
1424649600,331.23,328.97,325.21,328.22,6051
1424736000,328.22,328.97,324.45,327.47,5517
1424822400,327.47,330.78,327.47,329.12,2461
1424908800,329.12,329.73,328.22,329.73,638
1425168000,331.99,333.49,328.97,331.08,1226
1425254400,331.08,334.24,331.99,331.99,4053
1425340800,331.99,331.99,330.48,330.78,1183
1425427200,330.78,335.75,328.97,332.14,3482
1425859200,332.14,338.16,334.24,334.4,3668
1425945600,334.4,335.45,334.24,335.0,2142
1426032000,335.0,335.9,333.49,335.3,1471
1426118400,335.3,335.0,332.74,333.49,3064
1426377600,333.49,329.73,326.71,327.77,4487
1426464000,327.77,327.47,321.44,323.7,2589
1426550400,323.7,327.47,322.19,327.47,2181
1426636800,327.47,328.97,324.15,327.47,3120
1426723200,327.47,333.49,326.71,328.97,1838
1426982400,328.97,335.3,330.63,331.99,2143
1427068800,331.99,331.99,325.96,327.62,3825
1427155200,327.62,327.47,324.45,326.41,3194
1427241600,326.41,325.21,322.95,324.9,2108
1427328000,324.9,325.66,322.49,322.95,1928
1427587200,322.95,323.7,321.44,322.95,2350
1427673600,322.95,323.55,319.93,320.69,2024
1427760000,320.69,325.21,321.44,325.21,416
1427846400,325.21,324.45,322.64,322.64,500
1427932800,322.64,322.49,321.44,321.44,1551
1428192000,321.44,322.19,319.18,322.19,1010
1428278400,322.19,323.25,320.69,323.25,849
1428364800,323.25,324.45,322.95,322.95,1770
1428451200,322.95,325.36,321.44,325.36,2916
1428537600,325.36,334.24,323.1,334.24,848
1428796800,334.24,340.27,331.23,331.23,2118
1428883200,331.23,332.74,329.73,332.44,1938
1429056000,332.44,333.49,331.23,332.59,1110
1429142400,332.59,333.64,332.29,332.29,1681
1429401600,332.29,333.64,331.99,333.49,684
1429488000,333.49,335.0,328.37,333.04,1255
1429574400,333.04,335.0,330.63,330.63,2603
1429660800,330.63,332.74,331.99,332.74,128
1429747200,332.14,333.49,330.48,332.44,4219
1432425600,332.44,326.11,300.35,300.35,110
1432512000,300.35,294.62,271.42,271.42,1013
1432598400,271.42,281.22,252.14,272.48,9394
1432684800,272.48,275.64,269.46,272.63,5069
1432771200,272.63,284.38,271.88,277.75,4585
1433030400,277.75,300.2,272.78,297.34,5936
1433116800,297.34,310.89,298.99,304.87,9303
1433203200,304.87,306.37,300.5,304.87,9741
1433289600,304.87,319.93,307.43,316.92,5659
1433376000,316.92,319.93,311.04,314.66,4601
1433635200,314.66,319.18,313.0,316.77,7715
1433721600,316.77,325.96,314.66,322.95,10615
1433808000,322.95,344.04,326.71,329.73,16787
1433894400,329.73,331.23,324.9,327.47,10851
1433980800,327.47,323.7,314.96,317.67,4577
1434240000,317.67,323.7,316.62,318.28,3182
1434326400,318.28,322.8,315.56,319.93,2581
1434412800,319.93,319.18,316.92,318.73,3738
1434499200,318.73,319.18,316.17,316.17,4329
1434585600,316.17,316.92,313.15,316.92,10686
1434844800,316.92,318.43,312.4,315.41,4874
1434931200,316.17,317.67,312.4,316.92,2355
1435017600,316.17,316.17,314.06,315.41,1454
1435104000,312.4,322.19,312.4,322.19,2844
1435190400,319.93,322.19,319.33,322.19,2589
1435449600,322.95,325.66,322.95,324.45,5725
1435536000,328.97,330.63,325.06,327.47,5042
1435622400,327.47,331.23,325.96,331.23,4585
1435708800,331.38,332.74,325.96,327.31,7689
1435795200,321.44,327.47,321.44,325.21,5553
1436054400,323.85,326.71,323.85,325.06,2702
1436140800,324.45,325.06,323.25,324.45,6325
1436227200,318.43,326.56,318.43,326.56,8713
1436313600,327.47,327.62,325.36,326.11,4540
1436400000,326.71,327.47,325.81,326.11,4237
1436659200,327.47,327.62,326.86,327.01,7637
1436745600,324.45,327.62,324.45,327.62,1979
1436832000,326.71,327.47,326.11,327.47,1689
1436918400,328.07,328.82,327.01,327.92,4036
1437004800,327.92,330.48,327.47,330.48,4625
1437523200,335.0,335.0,330.63,332.74,2947
1437609600,332.74,364.83,335.0,361.81,18553
1437868800,361.81,396.77,368.74,396.77,3128
1437955200,396.77,435.33,396.77,403.54,46461
1438041600,403.54,403.54,382.6,395.71,16053
1438128000,395.71,393.75,387.73,390.74,12392
1438214400,390.74,404.75,390.74,396.77,8606
1438473600,396.77,410.32,396.77,410.32,9246
1438560000,410.32,409.42,400.23,401.89,8874
1438646400,401.89,404.0,400.68,401.59,12474
1438732800,401.59,402.64,399.48,401.28,7238
1438819200,402.04,407.31,399.93,402.79,8756
1439078400,402.79,420.87,408.82,420.12,22672
1439164800,420.12,432.92,420.12,428.4,15767
1439251200,428.4,429.16,422.38,424.64,12177
1439337600,417.86,425.39,411.08,422.38,9755
1439424000,423.88,435.93,417.86,435.93,15195
1439683200,435.93,448.14,432.92,444.97,32246
1439769600,453.56,488.36,453.56,488.36,12751
1439856000,493.18,502.82,482.18,493.48,12797
1439942400,493.48,512.77,493.48,509.75,6179
1440028800,519.7,530.69,515.78,515.78,7371
1440288000,506.74,517.29,505.23,509.0,5885
1440374400,508.25,512.77,506.14,506.74,4786
1440460800,496.95,506.14,493.18,505.23,3741
1440547200,500.71,509.75,500.71,501.02,4973
1440633600,478.12,516.38,478.12,515.63,118323
1440979200,520.3,530.85,508.25,517.29,16005
1441065600,517.29,516.53,508.1,508.1,19026
1441152000,500.71,508.25,489.42,497.4,48857
1441238400,507.04,507.04,490.62,490.92,44483
1441497600,487.16,494.69,478.12,484.44,16630
1441584000,490.17,493.18,487.16,490.77,4140
1441670400,493.18,494.54,490.92,491.83,3142
1441756800,493.18,496.95,493.18,493.78,7309
1441843200,493.18,493.18,490.17,490.92,2146
1442102400,493.03,494.69,492.43,493.94,2639
1442188800,503.58,508.25,500.71,502.97,5347
1442275200,502.97,509.0,502.97,506.74,6186
1442361600,513.52,513.52,503.73,505.23,4901
1442448000,505.39,508.25,493.33,497.7,3175
1442880000,488.06,489.87,475.1,475.1,7256
1442966400,484.29,497.7,484.29,487.16,7823
1443052800,493.94,493.94,483.39,487.61,7788
1443398400,478.12,478.12,451.15,471.34,23475
1443484800,469.08,476.61,465.31,475.1,10585
1443571200,484.29,514.73,484.29,506.74,25069
1443657600,508.25,508.25,502.82,508.25,27402
1443916800,518.19,548.92,518.19,527.83,32290
1444003200,523.46,523.46,512.01,515.03,14916
1444089600,515.03,515.03,493.18,498.61,14510
1444176000,493.18,500.71,485.65,497.1,10111
1444262400,488.96,504.48,487.16,497.7,11440
1444521600,496.2,496.2,487.16,491.98,5965
1444780800,493.18,495.29,478.27,484.14,14155
1444867200,474.8,475.1,455.52,474.95,23840
1445126400,465.76,465.76,428.7,428.7,24148
1445212800,428.7,435.78,428.7,435.78,11279
1445731200,432.92,433.07,427.05,433.07,2245
1445904000,431.26,431.26,417.86,418.16,7667
1445990400,418.61,418.61,401.59,410.63,5654
1446076800,414.84,422.38,414.84,417.1,7063
1446336000,417.86,422.38,417.1,421.17,4607
1446422400,421.17,426.9,421.17,422.38,5838
1446508800,417.86,420.42,415.6,420.12,7007
1446595200,418.61,420.87,416.35,420.12,3550
1446681600,419.36,420.87,417.86,418.61,4429
1446940800,415.6,417.86,414.09,414.09,5109
1447027200,422.07,430.21,422.07,425.39,4368
1447113600,425.39,429.16,425.39,428.4,2072
1447545600,428.4,428.4,417.86,418.61,6692
1447632000,420.12,420.12,413.64,417.86,1987
1447804800,410.32,420.42,410.32,419.81,3767
1447891200,420.87,420.87,414.99,415.14,5391
1448150400,416.95,417.1,403.09,405.8,8504
1448236800,398.27,402.79,389.23,400.38,6843
1448323200,392.7,410.32,392.7,399.93,5097
1448409600,399.03,402.64,393.15,393.15,5438
1448496000,389.23,393.0,382.45,387.73,7772
1448755200,389.23,389.23,378.08,378.39,17775
1448841600,380.95,392.85,380.95,387.88,25127
1448928000,387.91,405.53,383.21,400.83,3297
1449014400,400.83,400.83,392.02,392.02,2634
1449100800,388.1,401.81,388.1,394.96,2604
1449187200,402.6,420.22,402.6,417.28,7213
1449446400,425.31,440.0,422.38,428.25,7518
1449532800,426.29,426.49,421.59,425.31,2796
1449619200,430.21,432.17,426.29,428.25,4018
1449705600,428.25,428.25,421.59,424.33,2901
1449964800,422.38,422.38,415.52,417.48,2461
1450051200,416.5,416.5,411.02,414.15,2515
1450137600,413.56,413.56,410.04,412.39,4057
1450224000,412.58,412.58,404.75,409.25,3482
1450310400,406.71,406.71,400.83,402.79,2657
1450569600,402.79,408.67,402.79,406.71,2481
1450656000,406.71,409.65,402.79,409.65,1872
1450742400,411.6,418.46,411.6,416.11,3160
1450828800,416.5,419.44,412.58,414.54,4630
1450915200,414.54,415.52,412.58,414.54,2683
1451001600,414.54,414.54,410.82,413.56,4875
1451260800,413.56,412.58,409.84,409.84,3026
1451347200,409.84,415.91,411.8,413.56,4082
1451520000,412.58,420.42,412.58,412.78,3447
1451779200,412.78,414.54,410.63,410.82,3435
1451865600,410.82,413.56,409.84,412.58,4501
1451952000,410.63,412.19,408.67,409.65,3039
1452038400,409.65,412.58,409.65,409.65,3804
1452124800,410.63,417.48,410.63,413.56,2482
1452384000,413.56,416.5,413.56,414.74,5051
1452470400,415.52,428.25,415.52,428.06,2303
1452556800,432.17,437.06,430.21,434.52,5642
1452643200,434.52,441.76,435.5,441.76,8529
1452729600,441.96,461.55,441.96,459.78,10242
1452988800,468.6,481.13,468.6,477.21,9525
1453075200,488.38,492.88,473.69,481.72,14800
1453161600,473.3,476.23,466.44,472.12,10408
1453248000,472.12,474.86,467.42,469.38,6593
1453334400,469.38,469.38,463.5,464.09,5973
1453593600,464.09,473.1,466.64,471.34,12279
1453680000,471.34,480.54,471.34,472.32,3878
1453766400,472.32,472.32,468.2,468.2,2642
1453852800,468.2,468.4,464.48,466.83,2998
1453939200,461.55,464.48,460.96,464.48,4470
1454198400,461.55,467.42,461.55,466.44,2796
1454284800,466.44,480.74,469.38,477.6,5816
1454371200,477.6,477.6,469.38,472.71,4254
1454457600,472.71,472.51,469.58,470.16,1429
1454544000,466.44,470.36,466.44,469.38,2836
1454803200,469.38,480.15,472.51,477.21,11910
1454889600,477.21,481.13,477.21,479.17,3882
1455148800,479.17,481.91,479.17,481.13,6156
1455408000,471.73,477.21,471.73,476.23,5710
1455494400,472.32,475.25,469.97,475.25,4241
1455580800,475.25,477.6,466.25,474.28,4986
1455667200,474.28,477.21,467.42,475.65,1816
1455753600,475.65,481.13,476.23,476.23,3467
1456012800,480.93,485.05,477.21,477.21,4496
1456099200,477.02,502.67,477.02,500.71,11004
1456185600,500.71,506.79,486.03,490.92,9422
1456272000,485.05,485.05,481.13,484.07,2729
1456358400,481.13,492.88,481.13,490.92,5411
1456617600,490.92,490.92,486.03,486.03,4637
1456704000,486.03,485.63,483.28,485.63,2033
1456790400,485.05,491.12,482.11,491.12,4335
1456876800,490.92,498.76,490.92,490.92,6119
1456963200,492.88,492.88,487.98,489.16,2327
1457222400,490.92,491.9,485.05,488.96,2597
1457568000,489.94,492.88,487.79,492.88,5039
1457827200,493.08,495.82,485.05,487.98,4642
1457913600,487.01,487.2,485.05,486.03,3560
1458000000,483.09,485.83,481.52,485.05,5840
1458086400,487.01,488.96,484.07,488.96,2678
1458172800,487.01,495.82,487.01,495.82,4899
1458432000,500.71,500.71,496.8,499.74,4602
1458518400,500.52,503.65,497.78,497.78,10409
1458691200,500.71,516.38,500.52,515.4,12535
1458777600,515.4,534.01,520.3,534.01,21833
1459036800,534.01,569.26,539.88,559.47,21907
1459123200,559.47,569.26,548.11,556.53,12534
1459209600,549.68,559.27,547.72,553.59,11147
1459296000,553.59,553.59,541.06,541.06,11844
1459382400,541.06,541.84,537.93,540.86,9578
1459641600,540.86,543.8,532.05,537.93,8328
1459728000,537.93,547.72,537.93,547.33,2409
1459814400,544.0,559.47,543.8,558.49,3422
1459900800,558.49,561.43,551.83,556.53,3663
1460246400,556.53,558.49,553.4,556.73,7995
1460332800,556.73,559.47,547.72,559.27,3671
1460419200,559.27,561.04,557.51,559.86,3744
1460592000,559.86,564.37,557.51,562.41,2980
1460851200,563.39,577.1,563.39,569.46,7837
1460937600,569.46,580.82,565.34,576.12,9754
1461024000,576.12,592.76,577.1,580.03,10722
1461110400,580.03,598.64,579.05,582.97,70164
1461196800,582.97,586.89,575.14,583.95,17245
1461456000,583.95,584.73,579.05,583.95,10330
1461542400,583.95,581.99,579.25,581.99,9331
1461628800,581.99,580.23,577.29,577.29,11870
1461715200,577.29,580.42,574.16,579.05,11118
1461801600,579.05,588.85,579.05,579.05,12647
1462147200,579.05,596.29,579.05,593.74,20203
1462233600,593.74,598.44,582.19,596.88,26582
1462320000,596.88,598.05,585.52,594.53,12182
1462406400,594.53,587.87,575.14,581.99,24611
1462665600,581.99,585.91,570.83,582.58,11315
1462752000,579.05,584.93,579.05,584.54,12442
1462838400,582.77,586.69,582.77,584.15,7239
1462924800,583.95,584.93,579.25,583.95,7659
1463011200,581.99,581.99,579.05,579.25,2888
1463270400,577.1,577.1,574.16,576.12,5017
1463356800,576.12,575.14,569.26,571.22,5063
1463443200,571.22,574.16,569.65,573.18,9606
1463529600,573.18,582.97,574.16,581.01,5967
1463616000,581.01,581.99,577.49,577.49,14385
1463875200,577.49,581.99,579.05,580.23,13066
1463961600,580.23,581.21,577.1,581.21,12055
1464048000,581.21,600.6,581.01,597.66,12202
1464134400,597.66,599.62,579.05,584.93,16766
1464220800,584.93,588.85,574.16,586.89,16157
1464480000,586.89,586.89,575.72,577.29,7467
1464566400,577.29,579.05,569.65,576.12,5254
1464652800,576.12,577.1,572.2,574.75,6330
1464739200,574.75,579.45,569.26,576.12,13908
1464825600,576.12,579.05,571.22,574.94,4827
1465084800,574.94,568.28,552.61,556.34,18225
1465171200,556.34,571.22,557.51,560.45,11744
1465257600,565.34,574.35,559.47,568.28,5674
1465344000,568.28,579.05,557.51,571.22,7116
1465430400,568.28,578.07,565.34,578.07,6427
1465689600,578.07,633.89,578.47,610.39,36394
1465776000,610.39,657.39,616.26,629.39,48112
1465862400,635.85,635.85,621.16,622.14,18210
1465948800,628.02,629.97,614.7,616.26,10545
1466035200,616.26,623.12,610.39,623.12,10769
1466294400,623.12,624.1,615.29,618.22,9731
1466380800,618.22,618.22,613.33,613.33,9532
1466467200,613.33,618.22,612.35,618.22,8824
1466553600,610.39,634.48,610.39,626.84,26271
1466640000,626.84,667.19,626.06,649.56,20966
1466899200,649.56,690.69,647.6,678.94,29998
1466985600,678.94,705.77,678.94,695.97,28593
1467072000,695.97,696.56,676.98,683.24,18345
1467158400,683.24,684.81,675.02,678.94,16150
1467244800,678.94,677.76,657.39,657.39,16300
1467504000,657.39,667.19,657.39,661.31,18147
1467590400,661.31,676.98,657.39,672.86,20483
1467676800,671.1,673.65,666.4,668.16,14713
1467763200,664.44,690.3,657.39,676.98,21614
1468108800,676.98,706.35,678.94,692.65,32118
1468195200,692.65,694.6,673.06,678.94,6485
1468281600,678.94,684.81,657.59,676.0,20913
1468368000,676.0,678.54,654.06,666.99,10468
1468454400,671.1,682.85,671.1,674.04,10674
1468713600,674.04,686.77,672.08,676.98,10378
1468800000,676.98,686.77,676.98,678.15,13749
1468886400,683.83,690.3,683.83,689.71,9713
1468972800,688.73,692.65,676.98,677.96,6757
1469059200,677.96,684.81,676.98,678.94,6976
1469404800,678.94,688.73,677.17,686.77,15487
1469491200,686.77,713.21,682.85,686.77,15435
1469577600,686.77,698.52,690.88,694.6,17732
1469664000,694.6,698.52,686.77,693.04,14915
1469923200,693.04,693.23,685.79,686.77,10784
1470009600,686.77,683.64,675.02,678.94,8326
1470096000,678.94,678.74,673.45,673.65,9838
1470182400,673.65,673.65,659.35,671.1,4866
1470268800,671.1,670.32,653.48,657.39,16399
1470528000,657.39,666.21,647.8,647.8,26557
1470614400,647.8,665.03,623.12,623.12,9279
1470700800,635.26,667.19,635.26,647.6,12894
1470787200,653.48,660.33,633.11,643.68,14808
1470873600,647.6,647.6,638.98,647.21,7389
1471132800,644.66,645.25,623.32,635.85,13860
1471219200,633.89,633.89,608.43,617.83,18180
1471305600,610.39,629.78,608.82,621.16,13220
1471392000,633.3,646.23,633.3,640.75,4167
1471737600,641.72,647.6,636.83,637.81,9996
1471824000,626.06,632.91,621.55,625.08,6953
1471910400,614.5,628.02,614.5,620.18,12313
1471996800,632.32,657.39,628.02,645.64,9665
1472342400,658.18,673.06,644.86,657.0,14333
1472428800,661.31,662.29,651.52,656.61,9159
1472515200,657.39,663.86,657.39,661.11,9259
1472601600,661.31,676.0,661.11,673.06,6118
1472688000,673.06,679.72,672.08,678.15,12798
1472947200,682.85,698.52,682.85,696.56,23527
1473033600,700.48,723.78,696.56,713.6,24630
1473120000,701.46,726.92,696.56,708.9,29535
1473206400,701.46,704.4,692.65,696.56,20993
1473292800,696.56,703.42,692.65,696.56,23972
1473552000,696.95,715.95,696.56,704.79,12588
1473638400,704.79,704.79,696.56,702.63,11721
1473811200,701.46,704.4,699.5,699.7,10423
1474156800,696.56,696.95,689.12,692.65,6427
1474329600,696.56,698.52,676.0,676.98,8919
1474416000,668.56,677.96,666.79,673.06,8355
1474502400,676.98,676.98,667.19,669.14,10922
1474761600,676.98,676.98,667.19,669.14,10922
1474848000,688.73,715.95,688.73,715.95,63817
1474934400,725.94,735.73,704.79,714.78,32067
1475020800,716.15,716.34,703.61,706.55,8891
1475107200,702.63,711.05,697.54,704.4,10709
1475366400,706.35,716.15,702.44,703.42,11942
1475452800,707.33,718.11,706.75,713.21,18674
1475539200,704.4,723.98,704.4,723.98,26741
1475625600,729.86,745.52,724.37,745.52,28172
1475712000,760.02,760.02,735.73,739.84,17078
1476576000,745.52,745.52,725.94,730.05,6479
1476662400,735.73,735.73,720.26,725.74,6978
1476748800,727.9,727.9,716.15,723.98,6897
1476835200,725.94,725.94,718.3,721.83,4630
1476921600,735.73,739.26,722.02,733.58,17133
1477180800,729.86,739.26,729.07,731.62,14551
1477267200,731.81,731.81,715.36,716.34,21299
1477353600,716.34,725.55,705.57,706.35,14256
1477440000,716.15,716.15,697.54,707.92,10118
1477526400,706.35,716.15,706.35,710.86,5858
1478131200,706.35,728.88,702.44,728.88,9483
1478476800,722.02,735.34,721.24,725.94,12995
1478563200,725.94,725.94,708.7,709.29,5245
1478649600,696.56,715.17,687.94,706.35,10521
1478736000,720.06,725.94,696.56,705.18,10249
1478995200,706.35,728.88,700.87,725.94,56342
1479081600,740.24,754.73,730.64,733.77,33381
1479168000,740.63,740.63,734.75,736.91,46810
1479254400,751.4,774.9,736.91,754.34,102479
1479340800,769.03,778.82,720.46,721.83,139771
1479600000,722.02,722.02,673.26,698.52,53221
1479686400,700.48,710.27,690.69,701.07,36457
1479772800,688.73,699.5,676.98,688.73,26354
1479859200,688.73,690.69,665.23,665.62,52025
1479945600,678.15,686.77,643.68,654.46,39182
1480204800,667.19,667.19,616.26,628.99,35330
1480291200,618.22,647.4,595.7,640.55,52678
1480377600,641.72,652.5,608.43,643.68,47939
1480464000,653.48,661.31,640.75,657.2,61472
1480550400,669.93,669.93,651.52,651.52,28521
1480809600,651.52,664.25,645.64,652.5,17354
1480896000,657.39,657.39,644.66,644.66,13458
1480982400,647.6,650.54,641.72,647.4,14036
1481068800,647.8,649.56,645.25,647.21,11330
1481155200,645.05,649.56,643.68,647.4,11310
1481414400,649.56,649.56,639.77,640.16,9818
1481500800,641.72,641.72,627.62,629.97,31127
1481673600,630.17,647.6,630.17,643.68,30050
1481760000,643.68,657.2,641.72,654.06,25459
1482019200,657.39,657.2,653.48,657.2,46640
1482105600,657.39,659.35,650.73,651.71,50053
1482192000,647.6,651.13,634.28,635.85,90630
1482278400,635.69,623.71,600.4,610.39,21562
1482364800,612.05,613.72,603.73,613.72,10387
1482710400,612.39,612.39,574.43,577.1,20191
1482796800,570.44,576.76,557.12,562.11,14804
1482883200,558.78,573.77,558.78,567.77,13808
1482969600,572.1,593.74,572.1,580.42,14961
1483228800,590.41,617.05,590.41,612.05,15605
1483315200,617.05,626.7,612.72,626.7,16816
1483401600,622.04,627.04,610.39,618.71,15101
1483488000,617.05,617.05,610.39,610.39,10676
1483574400,618.38,623.71,613.72,618.71,8780
1483833600,618.71,622.04,617.05,622.04,8118
1483920000,620.38,630.37,620.38,627.04,4900
1484006400,627.7,656.0,627.7,650.01,5559
1484092800,659.33,662.66,652.01,652.01,12013
1484179200,657.0,660.33,652.01,652.01,5513
1484438400,650.34,656.67,650.34,656.67,3244
1484524800,658.33,658.33,648.68,648.68,3338
1484611200,643.68,645.35,639.36,643.68,3601
1484697600,637.02,643.68,637.02,642.35,1478
1484784000,643.68,647.01,640.69,641.69,4481
1485043200,643.68,643.68,637.02,643.68,2075
1485129600,643.68,643.68,633.7,638.69,4996
1485216000,633.7,633.7,623.71,623.71,3692
1485302400,617.05,617.05,583.75,603.73,5827
1485388800,603.73,603.73,575.43,590.41,9888
1485734400,587.08,587.08,560.78,572.1,9403
1485820800,573.77,603.73,564.11,582.09,6676
1485907200,593.41,610.39,593.41,600.4,7105
1485993600,612.05,617.05,597.07,598.07,7053
1486252800,592.08,598.07,577.1,593.74,1854
1486339200,593.74,598.74,592.08,592.41,3036
1486425600,593.74,593.74,585.42,585.42,7305
1486512000,587.08,587.08,572.43,576.43,11861
1486598400,570.77,576.76,565.44,565.44,9545
1486857600,554.46,563.78,543.8,548.8,8855
1486944000,550.46,560.45,532.48,557.45,8331
1487030400,567.11,567.11,547.13,561.78,6617
1487116800,572.77,580.09,560.45,579.43,7379
1487203200,590.75,597.07,577.1,590.41,8991
1487462400,580.42,593.74,579.09,592.08,6419
1487548800,603.4,612.05,590.41,598.07,8380
1487635200,609.72,617.05,588.75,590.41,5584
1487721600,598.4,598.74,579.09,583.09,2555
1487808000,587.08,587.08,572.1,580.42,6856
1488067200,587.08,587.08,575.76,581.09,6117
1488240000,572.1,577.1,570.44,570.77,6173
1488326400,581.09,592.41,577.1,577.1,3305
1488412800,578.76,583.75,577.1,581.76,3316
1488672000,585.42,594.08,585.42,590.41,3347
1488758400,593.74,596.41,590.08,591.08,3999
1488844800,580.09,587.08,580.09,586.08,2926
1489017600,587.08,588.75,587.08,587.08,2681
1489363200,588.75,590.41,587.08,590.41,2385
1489449600,590.41,590.41,582.09,583.75,3337
1489536000,578.76,587.08,577.1,584.75,3733
1489622400,587.08,588.75,582.09,582.09,2636
1489881600,582.09,587.08,580.42,584.75,5127
1489968000,596.07,597.07,592.08,596.41,5197
1490054400,602.07,613.39,593.74,610.39,7666
1490140800,622.38,640.35,615.38,622.04,12493
1490227200,622.04,627.04,613.72,626.04,8004
1490486400,622.04,641.02,622.04,635.69,17283
1490659200,635.69,673.32,643.68,673.32,9601
1490745600,673.32,686.97,660.33,663.66,22767
1490832000,663.66,676.64,643.68,658.67,9238
1491091200,660.33,681.64,660.33,681.64,9308
1491177600,693.62,723.59,673.65,676.98,15591
1491264000,676.98,680.31,657.0,674.98,13813
1491436800,674.98,680.31,668.65,676.98,18388
1491696000,676.98,696.95,673.65,691.96,20148
1491782400,693.62,710.27,686.97,701.95,16618
1491868800,715.6,724.25,705.28,710.27,17207
1491955200,706.94,723.59,703.61,704.28,19474
1492041600,690.63,710.27,676.98,703.61,7507
1492300800,710.27,710.27,686.97,693.29,6466
1492473600,680.31,679.97,625.37,625.37,38872
1492560000,625.37,660.33,604.06,652.01,15738
1492646400,652.34,663.66,628.04,637.02,15995
1492905600,646.35,660.33,641.02,643.68,12763
1492992000,650.34,659.66,637.36,640.35,5702
1493078400,642.02,643.68,624.71,637.02,3552
1493164800,637.02,637.02,633.36,635.36,3451
1493251200,627.37,638.69,627.37,638.69,8111
1493510400,643.35,643.35,626.37,627.37,2862
1493683200,617.05,632.03,616.72,630.37,5178
1493769600,627.04,639.02,607.06,611.06,16393
1493856000,617.05,640.35,617.05,624.71,11922
1494115200,624.04,624.04,614.05,617.05,7045
1494201600,619.05,619.05,612.39,614.38,4127
1494288000,614.38,620.04,613.72,617.05,2569
1494460800,618.05,618.05,609.39,611.39,8093
1494806400,613.72,613.72,605.73,607.06,10873
1494892800,610.39,610.39,599.07,600.4,7073
1494979200,610.39,610.39,596.41,597.07,6310
1495065600,597.07,598.74,592.41,593.74,8446
1495324800,602.07,602.07,580.42,581.76,7858
1495411200,577.1,577.1,565.78,568.77,7425
1495497600,568.77,577.1,568.77,573.77,13086
1495584000,573.77,577.1,565.44,576.43,7987
1495929600,577.1,577.1,567.11,570.1,8035
1496102400,568.77,570.44,560.78,563.78,9628
1496188800,565.44,577.1,560.45,573.77,8459
1496275200,577.1,580.42,569.77,571.1,7565
1496534400,570.44,571.1,568.77,571.1,4930
1496620800,573.77,575.76,572.1,573.43,5874
1496707200,574.76,597.07,574.76,597.07,8619
1496793600,608.72,610.39,590.41,590.41,10385
1496880000,593.08,593.08,577.1,590.08,9122
1497139200,581.09,581.09,570.44,573.77,11907
1497225600,570.44,573.43,563.78,571.77,9164
1497312000,573.77,592.74,570.44,583.75,27508
1497398400,593.74,595.41,588.75,590.41,30055
1497484800,593.74,593.74,583.75,585.09,35929
1497744000,585.09,585.75,573.77,575.43,40182
1497830400,580.42,580.42,563.78,565.44,35462
1497916800,576.43,576.1,554.46,565.44,54285
1498003200,565.54,590.4,563.76,585.07,31422
1498089600,590.4,617.03,590.4,612.59,30402
1498348800,621.47,633.01,617.48,628.13,34408
1498521600,628.13,633.01,621.47,621.47,17064
1498608000,612.59,617.92,605.94,605.94,7852
1498953600,608.16,608.16,586.85,587.29,12601
1499040000,590.4,601.5,590.4,598.39,6786
1499126400,603.72,605.94,599.28,601.5,6812
1499212800,604.16,604.16,592.62,599.28,7801
1499299200,603.72,606.38,599.28,601.5,8990
1499558400,601.5,621.47,601.94,604.6,10674
1499644800,604.6,607.71,599.28,601.94,6237
1499731200,605.94,605.94,601.94,601.94,8918
1499817600,603.72,603.72,599.28,602.83,5915
1499904000,601.5,602.83,599.28,600.61,8748
1500163200,603.72,610.38,601.94,607.27,4432
1500249600,603.72,606.82,603.72,605.05,6497
1500336000,608.16,614.81,606.82,610.38,8420
1500422400,617.03,621.47,611.26,616.59,15048
1500508800,619.25,623.25,618.37,619.25,8936
1500768000,619.25,621.47,613.93,615.7,7292
1500854400,603.27,619.7,603.27,613.48,6786
1500940800,601.5,619.25,601.5,611.26,5433
1501027200,610.38,610.82,603.72,607.27,5914
1501113600,608.16,610.82,604.16,608.6,5911
1501372800,603.72,612.59,603.72,610.38,5863
1501459200,610.38,621.47,610.38,614.81,8396
1501545600,619.25,620.59,617.92,619.7,10213
1501632000,621.92,625.02,619.7,622.36,17364
1501718400,621.92,626.36,622.36,623.69,9458
1501977600,623.69,634.35,623.69,630.35,14094
1502064000,634.79,634.79,625.02,628.13,13195
1502236800,628.13,629.02,622.8,623.69,11217
1502323200,625.91,628.13,617.03,621.92,16438
1502582400,621.92,625.91,620.59,620.59,9548
1502755200,617.03,619.25,610.38,610.82,5099
1502841600,608.6,621.47,605.94,606.82,4881
1502928000,610.38,610.38,606.82,609.93,3024
1503187200,606.38,608.16,592.17,594.84,9838
1503273600,592.62,594.84,586.4,594.39,4343
1503360000,594.39,594.39,577.08,583.74,12027
1503446400,584.18,599.28,583.74,583.74,5849
1503532800,583.74,588.18,581.97,588.18,3861
1503792000,588.18,588.18,583.74,585.07,10484
1503878400,586.85,586.85,577.53,580.19,9266
1504051200,581.97,585.96,574.86,578.86,11313
1504137600,578.86,577.53,571.76,576.64,7943
1504483200,577.08,577.08,559.33,562.88,10524
1504656000,561.99,576.19,559.33,565.98,6634
1504742400,568.2,568.2,561.55,564.65,5509
1505001600,554.89,559.33,543.79,548.23,7963
1505088000,543.79,550.45,541.13,543.79,4931
1505174400,544.68,544.68,534.91,537.13,5711
1505260800,537.13,537.13,519.37,528.25,10841
1505347200,530.47,550.89,528.25,550.89,7278
1505606400,561.1,576.64,559.33,565.1,11685
1505692800,566.43,573.09,545.12,546.9,22228
1505865600,541.57,541.57,528.7,535.35,22886
1506211200,532.69,541.13,532.69,535.35,7959
1506297600,537.13,541.57,535.8,539.35,6754
1506384000,541.57,548.23,541.57,543.79,5330
1506988800,543.79,550.45,543.79,550.45,185
1507075200,559.33,559.33,539.35,545.12,4780
1507420800,541.57,541.57,523.81,534.47,5691
1507507200,535.35,535.35,523.81,530.92,7219
1507593600,530.47,534.91,528.25,532.25,10473
1507680000,532.25,539.79,531.8,531.8,7058
1507766400,532.69,539.35,532.69,536.24,4099
1508025600,530.47,537.13,530.47,537.13,2976
1508112000,539.35,552.67,539.35,550.45,4227
1508198400,552.67,553.55,546.45,551.78,6138
1508284800,552.67,552.67,549.56,550.89,5251
1508630400,559.33,561.55,552.67,552.67,2343
1508716800,552.67,554.0,550.45,550.89,4095
1508803200,550.89,553.11,544.23,549.56,3647
1508889600,548.23,548.23,539.35,542.01,6244
1509235200,552.67,552.67,528.25,536.24,5153
1509321600,532.69,538.02,530.47,536.24,6961
1509408000,546.45,546.45,528.7,532.69,6353
1509494400,532.69,532.69,522.48,530.47,5515
1509580800,530.47,532.69,526.03,528.25,5787
1509840000,526.03,526.03,510.5,513.6,13157
1509926400,513.6,523.81,503.84,517.15,9961
1510012800,521.59,521.59,510.5,510.94,9667
1510099200,506.06,509.61,501.62,503.84,7943
1510185600,494.07,497.18,490.52,490.52,28790
1510444800,490.52,497.18,486.97,496.29,7883
1510531200,501.62,506.06,490.52,498.51,17504
1510617600,499.4,510.5,498.07,506.06,16191
1510704000,506.06,508.28,499.4,500.73,11738
1510790400,500.73,500.73,490.52,495.4,20024
1511049600,495.4,523.81,505.17,509.61,66387
1511136000,512.72,512.72,507.39,508.28,23361
1511222400,510.05,514.93,508.72,513.16,22380
1511308800,512.72,519.37,512.72,517.15,17057
1511395200,517.15,523.37,518.49,523.37,16501
1511654400,523.37,532.69,522.48,530.47,20075
1511740800,530.47,532.69,528.25,530.92,17294
1511827200,531.36,532.69,529.58,532.69,7806
1511913600,534.91,537.57,532.69,537.13,13793
1512000000,547.78,547.78,532.69,535.8,11548
1512345600,536.69,536.69,530.47,532.69,13307
1512432000,530.47,531.8,528.25,529.14,10825
1512518400,532.69,535.8,530.03,530.47,15965
1512864000,539.35,540.68,526.92,526.92,10272
1512950400,526.92,532.69,523.37,526.48,14166
1513036800,528.25,530.03,519.37,521.59,13706
1513123200,523.81,528.25,518.93,527.36,10982
1513209600,529.14,530.03,526.48,527.36,5160
1513468800,525.59,527.36,517.15,517.6,13697
1513555200,517.6,519.37,511.83,512.72,18216
1513641600,514.49,514.49,504.28,504.28,17497
1513728000,510.5,510.5,497.62,503.84,17818
1513814400,503.84,503.84,496.73,500.73,16966
1514073600,502.06,506.06,500.73,501.17,18077
1514246400,501.17,501.62,490.52,491.41,18844
1514332800,490.52,495.4,478.98,481.2,66472
1514419200,481.77,478.22,465.23,471.14,30229
1514678400,466.42,471.73,466.42,471.14,11109
1514764800,472.32,492.98,472.32,492.98,17773
1514851200,502.43,528.41,498.89,508.33,31454
1514937600,516.6,518.37,503.02,505.97,19211
1515024000,502.43,514.83,502.43,514.83,10995
1515283200,516.6,521.32,513.65,516.6,22352
1515369600,525.46,528.41,522.5,526.64,19212
1515456000,526.64,551.43,530.77,551.43,24260
1515542400,560.88,560.88,541.4,544.35,23008
1515888000,543.17,543.17,534.9,535.49,10305
1516060800,535.49,535.49,522.5,526.64,10127
1516147200,525.46,525.46,514.83,521.32,7133
1516492800,519.55,527.82,519.55,521.32,10307
1516579200,521.32,525.46,517.19,517.78,7441
1516665600,517.19,519.55,514.24,514.83,5043
1516752000,513.65,514.83,510.7,511.88,3635
1516838400,510.7,514.83,508.92,511.88,8352
1517097600,518.96,518.96,511.29,513.65,7520
1517184000,518.37,518.37,507.74,510.7,9402
1517356800,509.51,512.47,507.74,509.51,7448
1517443200,504.79,510.7,504.79,509.51,13391
1517702400,512.47,516.6,505.97,508.33,11593
1517788800,509.51,510.7,504.2,504.2,6823
1517875200,501.84,503.61,498.3,498.89,10160
1517961600,504.79,504.2,495.94,495.94,7983
1518048000,494.75,498.89,494.75,495.94,9080
1518307200,498.89,498.89,495.94,497.12,7963
1518393600,497.12,498.3,494.16,495.94,10560
1518566400,494.16,498.3,494.16,496.53,6540
1518652800,495.94,510.7,495.94,507.74,19376
1518912000,507.74,527.82,506.56,507.74,23017
1519084800,508.33,508.33,498.89,502.43,6336
1519171200,502.43,502.43,494.16,496.53,6835
1519257600,501.25,501.25,491.8,492.98,15944
1519516800,492.98,492.98,487.08,488.26,6378
1519603200,492.98,492.98,478.81,482.36,10719
1519689600,482.36,487.08,479.99,484.13,9851
1519776000,484.13,484.13,472.32,474.09,15549
1520121600,465.83,466.42,448.7,454.61,21092
1520294400,455.2,466.42,442.8,451.66,16541
1520380800,456.38,463.46,456.38,460.51,11376
1520726400,460.51,460.51,448.11,448.7,15425
1520812800,448.7,454.61,437.49,437.49,20267
1520899200,439.85,444.57,433.94,434.53,15304
1520985600,439.85,445.75,433.94,439.85,11898
1521072000,440.44,445.16,431.58,431.58,11145
1521331200,433.94,441.62,424.5,435.12,12631
1521417600,438.67,438.67,426.27,428.63,8964
1521504000,428.63,428.63,419.18,419.18,13049
1521590400,419.18,421.55,407.38,409.15,20878
1521676800,407.38,416.23,398.52,404.42,17464
1522022400,397.34,404.42,383.76,392.62,18295
1522108800,389.66,429.81,384.94,422.14,16465
1522195200,422.73,438.67,413.87,429.22,28643
1522281600,430.99,439.26,430.99,436.9,17611
1522540800,438.08,438.08,419.18,430.4,10320
1522627200,430.99,430.99,425.68,428.04,8258
1522713600,425.09,429.22,425.09,428.04,10006
1522800000,429.81,439.85,429.22,436.9,9887
1522886400,439.85,450.47,439.85,450.47,17683
1523145600,459.33,477.04,455.79,476.45,30563
1523232000,484.13,494.75,478.22,480.59,23809
1523318400,475.27,484.13,466.42,472.32,9072
1523404800,474.68,474.68,464.05,472.32,6119
1523491200,481.77,481.77,469.37,470.55,13365
1523750400,470.55,475.27,463.46,471.14,5928
1523836800,462.28,477.63,462.28,472.32,5610
1523923200,472.32,477.63,469.96,474.68,11512
1524009600,475.27,513.65,472.32,483.54,13786
1524096000,492.98,494.75,484.13,491.21,20366
1524355200,491.21,510.7,495.94,505.97,26389
1524441600,516.01,531.36,498.89,507.74,21755
1524528000,507.74,507.74,495.94,495.94,8635
1524614400,492.98,492.98,481.18,487.08,12187
1524700800,481.18,490.03,471.14,471.73,17296
1524960000,469.37,475.27,462.28,470.55,8912
1525219200,469.37,469.96,457.56,465.83,15908
1525305600,469.37,477.63,466.42,467.6,10890
1525564800,469.37,469.37,463.46,463.46,7682
1525651200,461.1,461.1,454.61,458.15,10821
1525737600,457.56,466.42,454.61,465.83,7674
1525824000,465.83,465.83,452.25,461.69,7611
1525910400,461.69,461.69,455.79,456.38,7205
1526256000,457.56,457.56,451.07,451.07,9480
1526342400,448.7,448.7,443.98,446.34,5082
1526428800,444.57,445.75,441.62,442.8,9741
1526515200,443.39,444.57,439.85,441.62,8868
1526774400,445.75,445.75,436.9,438.08,9903
1526860800,440.44,442.8,430.4,432.76,10451
1526947200,436.9,436.9,429.81,430.99,9683
1527033600,430.99,433.94,425.09,429.81,7550
1527120000,429.81,433.35,426.27,428.04,10633
1527379200,428.04,428.04,413.28,418.0,19118
1527465600,418.0,433.94,414.46,431.58,8205
1527552000,434.53,437.49,426.86,434.53,20797
1527638400,430.99,442.8,430.4,432.17,6601
1527724800,430.99,433.94,425.09,428.63,8567
1527984000,428.63,428.63,417.41,418.0,7789
1528070400,422.14,422.14,413.28,413.87,14232
1528243200,419.77,429.22,417.41,419.18,4996
1528329600,419.18,419.77,410.92,411.51,10833
1528588800,407.97,413.28,401.47,404.42,26750
1528675200,404.42,413.28,396.16,405.01,16457
1528761600,401.47,406.79,401.47,402.65,8557
1528848000,402.65,405.6,402.06,405.6,7507
1528934400,412.69,413.28,404.42,405.01,3794
1529193600,402.06,406.79,399.11,400.88,9962
1529280000,400.88,401.47,393.8,399.11,5245
1529366400,405.6,405.6,395.57,396.75,8253
1529452800,398.52,398.52,392.62,395.57,6266
1529539200,395.57,400.88,389.66,398.52,7087
1529798400,404.42,404.42,395.57,398.52,9584
1529884800,398.52,398.52,393.21,394.98,4035
1529971200,393.21,396.16,389.66,389.66,6194
1530057600,389.66,395.57,386.71,394.98,9631
1530144000,395.57,397.34,389.66,392.62,9563
1530403200,392.62,394.98,392.62,394.98,5745
1530489600,383.76,395.57,377.86,386.71,12793
1530576000,381.99,383.76,377.86,383.76,12155
1530662400,379.04,384.94,376.67,383.17,7194
1530748800,383.17,396.75,383.17,396.75,8945
1531008000,403.83,411.51,400.29,400.29,9306
1531094400,399.7,403.83,392.03,394.39,5857
1531180800,394.39,401.47,391.43,392.62,7931
1531267200,393.21,400.29,393.21,393.8,7899
1531353600,394.39,395.57,387.89,389.66,6363
1531612800,389.66,390.25,384.94,390.25,8158
1531699200,389.66,395.57,389.66,391.43,4933
1531785600,389.66,397.34,389.66,393.8,4614
1531872000,395.57,395.57,390.84,392.62,4975
1531958400,393.8,396.75,392.03,396.75,3040
1532217600,395.57,396.16,390.84,393.8,4077
1532304000,395.57,396.16,390.84,393.21,4310
1532390400,393.21,400.29,393.21,395.57,8708
1532476800,395.57,396.16,393.21,395.57,5317
1532563200,394.39,398.52,390.25,390.84,3959
1532822400,392.62,396.75,392.62,396.75,7319
1532908800,398.52,398.52,392.03,392.62,9157
1532995200,393.21,394.39,390.25,393.8,3081
1533081600,392.62,394.98,392.62,394.98,5745
1533168000,393.8,395.57,392.62,392.62,5867
1533427200,395.57,395.57,391.43,392.03,11273
1533513600,392.03,394.39,392.03,392.62,6285
1533600000,393.21,393.8,392.62,393.21,6420
1533686400,392.62,394.39,392.03,392.03,8962
1533772800,392.62,392.62,390.25,390.84,2933
1534032000,386.71,388.48,382.58,383.76,7270
1534118400,383.76,384.35,378.45,383.76,10140
1534204800,386.71,386.71,381.4,383.76,7244
1534291200,386.71,391.43,383.17,390.84,10742
1534377600,392.62,393.21,389.07,391.43,14501
1534636800,398.52,398.52,392.62,393.8,14480
1534723200,393.8,393.8,389.66,392.03,4619
1534809600,390.84,390.84,383.76,386.71,6286
1534896000,386.12,392.62,386.12,389.07,2365
1534982400,392.03,392.03,384.94,388.48,5927
1535241600,385.53,389.66,385.53,386.71,5199
1535414400,389.66,392.62,386.71,389.66,6193
1535500800,388.48,388.48,382.58,386.12,6519
1535587200,386.71,390.25,379.04,388.48,4376
1535846400,388.48,390.84,386.12,388.48,8901
1535932800,388.48,392.03,382.58,391.43,11270
1536019200,390.84,391.43,384.94,387.89,7982
1536105600,389.66,397.34,387.3,392.62,12375
1536192000,399.11,399.11,387.89,389.66,12757
1536451200,389.66,397.34,384.94,397.34,6597
1536537600,397.34,397.34,387.89,389.66,7365
1536624000,390.25,391.43,389.66,390.84,4300
1536710400,390.25,391.43,388.48,390.25,3616
1536796800,389.07,390.84,384.94,385.53,15051
1537056000,389.66,394.39,386.71,389.66,10262
1537142400,389.66,392.62,388.48,389.66,8921
1537228800,389.66,392.62,389.07,389.66,4712
1537401600,389.66,389.66,384.35,384.35,9109
1537660800,386.12,388.48,379.04,384.35,20910
1537833600,391.43,395.57,384.94,385.53,29489
1537920000,387.89,387.89,379.63,383.76,21532
1538006400,383.76,386.71,380.22,380.22,23668
1538265600,379.63,386.71,377.86,377.86,9309
1538352000,380.81,382.58,371.95,374.9,13571
1538438400,374.9,380.22,371.95,376.67,11862
1538524800,373.72,377.86,371.95,374.9,10980
1538611200,374.9,378.45,371.95,372.54,12866
1538870400,371.95,373.13,367.82,367.82,9788
1538956800,368.41,370.77,366.05,369.0,11391
1539043200,370.18,370.18,366.64,366.64,10421
1539129600,373.13,373.13,365.46,368.41,8167
1539216000,368.41,374.31,368.41,372.54,1648
1539475200,379.04,379.04,371.95,374.31,2889
1539561600,374.9,380.81,374.9,377.27,6481
1540080000,377.86,380.22,377.86,378.45,918
1540166400,383.76,383.76,376.08,376.67,4236
1540252800,380.22,380.22,374.9,375.49,1639
1540339200,374.9,376.08,371.95,376.08,4501
1540425600,376.67,377.86,376.08,376.08,4091
1540684800,371.95,377.86,370.18,373.72,4138
1540771200,370.18,374.9,368.41,369.59,5101
1540857600,370.18,370.77,367.82,370.18,7954
1540944000,374.9,374.9,366.05,366.05,6885
1541030400,364.28,369.0,364.28,368.41,7275
1541289600,361.91,361.91,346.56,348.93,42925
1541376000,348.93,351.88,348.34,351.29,9948
1542153600,350.11,351.29,347.15,350.11,7189
1542240000,350.11,351.88,342.43,342.43,9417
1542499200,342.43,343.02,338.3,339.48,5274
1542585600,339.48,339.48,332.99,337.12,6522
1542672000,337.12,337.12,327.67,327.67,8242
1542758400,328.26,328.26,324.13,325.31,15079
1542844800,325.31,327.08,321.77,321.77,5879
1543104000,321.77,321.77,313.5,315.86,14020
1543190400,315.15,317.63,313.5,317.63,19514
1543276800,317.63,319.41,317.04,318.23,4234
1543363200,317.85,320.0,314.09,315.27,8425
1543449600,315.27,316.45,311.73,312.91,9598
1543708800,312.61,312.61,307.01,310.55,10495
1543795200,310.55,312.91,307.01,307.01,9469
1543881600,307.01,312.91,307.01,312.91,6316
1544054400,308.78,309.96,304.06,309.37,8027
1544313600,309.37,316.45,309.37,315.27,6918
1544400000,315.27,321.77,314.68,315.27,9535
1544486400,314.68,320.59,314.68,319.41,17169
1544572800,319.41,319.41,305.24,311.73,6139
1544659200,311.73,314.09,305.83,310.55,7471
1544918400,310.55,321.18,310.55,316.45,7748
1545004800,316.45,326.49,316.45,318.82,6440
1545091200,318.82,321.18,312.91,316.45,5752
1545177600,316.45,318.23,311.73,316.45,5701
1545264000,316.45,322.36,313.5,313.5,5302
1545523200,313.5,325.31,313.5,321.18,13958
1545609600,321.18,321.77,316.45,318.82,8169
1545696000,318.82,324.13,315.86,318.82,3165
1545782400,318.82,324.13,318.82,323.54,20668
1545868800,323.54,331.8,323.54,324.72,24019
1546128000,324.72,330.03,322.36,323.54,7456
1546214400,323.54,325.9,317.63,318.23,4713
1546300800,318.23,323.54,316.45,317.63,5264
1546387200,317.63,323.54,317.63,320.0,4507
1546473600,320.0,321.77,315.86,315.86,2919
1546732800,315.86,318.82,312.91,314.09,6675
1546819200,314.09,318.82,311.73,314.09,9134
1546905600,314.09,315.27,312.91,313.5,11066
1546992000,313.5,315.86,313.5,314.09,8224
1547078400,314.09,317.04,314.09,316.45,5665
1547337600,316.45,316.45,313.5,313.5,6412
1547424000,313.5,315.86,313.5,315.27,5086
1547510400,315.27,319.41,314.68,315.27,7057
1547596800,315.27,317.63,314.09,314.68,6112
1547683200,314.68,315.86,311.73,312.91,7974
1547942400,312.91,315.86,311.14,312.91,4082
1548028800,312.91,312.91,307.01,312.91,7886
1548115200,312.91,315.86,312.32,312.91,2888
1548201600,312.91,314.09,308.19,311.73,13607
1548288000,311.73,315.86,309.96,311.14,8744
1548547200,311.14,311.14,308.19,308.19,8632
1548633600,308.19,315.27,308.19,311.14,1234
1548720000,311.14,312.91,307.6,308.19,3928
1548806400,308.19,311.73,308.19,309.96,3558
1548892800,309.96,311.73,309.37,309.37,4278
1549152000,309.37,309.37,307.01,308.78,16686
1549238400,310.55,310.55,305.24,305.24,10619
1549324800,307.01,307.01,304.65,305.83,4625
1549411200,307.01,307.01,305.24,305.24,5273
1549497600,304.65,307.01,302.28,305.83,2279
1549756800,304.06,307.01,302.28,304.65,2695
1549843200,300.51,305.24,300.51,304.65,4275
1549929600,302.28,305.24,299.92,302.87,4310
1550016000,304.06,304.06,299.92,301.1,9605
1550102400,302.87,302.87,297.56,298.15,7955
1550361600,295.79,302.28,295.79,297.56,8295
1550448000,299.92,299.92,296.97,297.56,6013
1550534400,296.97,304.06,296.97,304.06,8474
1550620800,309.96,309.96,298.15,299.92,3493
1550707200,299.33,301.69,296.97,299.92,3521
1550966400,301.1,301.69,298.15,298.74,3721
1551052800,298.15,301.1,298.15,301.1,3948
1551139200,301.1,301.1,298.15,299.33,3546
1551225600,301.1,302.28,299.33,299.33,3756
1551571200,301.1,302.87,298.74,301.1,8267
1551744000,301.1,301.1,298.74,300.51,4488
1551830400,300.51,303.47,300.51,303.47,8453
1551916800,302.28,307.01,302.28,305.83,6312
1552089600,307.01,308.78,304.65,308.78,11936
1552176000,307.01,308.78,304.65,308.78,11936
1552262400,311.73,312.91,305.83,309.96,15129
1552348800,311.14,322.36,309.96,320.0,16348
1552435200,324.72,324.72,317.04,317.04,14396
1552521600,312.91,321.77,311.14,318.82,8693
1552780800,320.0,327.08,320.0,327.08,16079
1552867200,330.03,333.58,324.72,328.26,22238
1552953600,328.26,328.85,322.95,323.54,5077
1553126400,325.31,327.67,322.36,325.9,13678
1553385600,325.31,328.85,322.36,327.67,10437
1553472000,327.67,329.44,323.54,326.49,10124
1553558400,323.54,327.67,323.54,327.67,8320
1553644800,327.67,329.44,326.49,328.26,4604
1553731200,332.39,332.39,327.67,329.44,9837
1553990400,330.62,333.58,329.44,331.21,10611
1554076800,330.62,342.43,328.26,338.3,19974
1554163200,341.84,353.65,341.84,349.52,27532
1554249600,351.29,354.24,345.38,349.52,20165
1554336000,348.93,355.42,348.93,351.88,19345
1554595200,354.24,363.1,351.29,362.51,26188
1554681600,362.51,367.23,355.42,358.96,27111
1554768000,366.05,366.05,354.83,358.37,15777
1554854400,360.14,360.14,353.65,356.01,6200
1554940800,356.01,357.78,353.65,354.24,12840
1555286400,359.55,360.73,354.24,356.01,3588
1555372800,356.01,362.51,354.83,362.51,10002
1555459200,362.51,369.0,359.55,366.05,15966
1555545600,363.69,374.31,361.32,372.54,25005
1555804800,374.9,401.47,372.54,401.47,26774
1555891200,401.47,408.56,384.35,395.57,46587
1555977600,395.57,402.06,389.66,396.16,25785
1556064000,415.64,415.64,395.57,400.88,13729
1556150400,403.83,404.42,394.39,396.16,27955
1556409600,399.11,403.24,395.57,395.57,21499
1556496000,395.57,397.34,383.76,393.21,12513
1556582400,393.21,393.21,387.3,392.62,12311
1556755200,387.89,392.03,387.3,387.3,10824
1557014400,384.35,389.07,381.4,381.99,16125
1557100800,383.76,398.52,380.81,398.52,24621
1557187200,396.16,406.19,393.21,398.52,25417
1557273600,398.52,398.52,392.03,393.21,8697
1557360000,395.57,395.57,386.71,392.62,6560
1557619200,392.62,395.57,386.71,393.8,10480
1557705600,398.52,398.52,393.8,394.39,8500
1557792000,395.57,401.47,394.98,397.93,11593
1557878400,396.75,407.38,395.57,401.47,17835
1557964800,404.42,405.01,397.34,399.7,9971
1558224000,404.42,404.42,396.75,397.34,5550
1558310400,397.93,398.52,390.84,390.84,8935
1558396800,388.48,398.52,388.48,396.16,8562
1558483200,396.75,398.52,394.98,396.16,9708
1558569600,400.88,400.88,389.07,392.62,13375
1558828800,390.25,393.21,387.89,389.07,13481
1558915200,386.12,393.21,386.12,389.07,5876
1559001600,389.66,402.06,387.89,393.21,8888
1559088000,400.88,402.06,393.8,397.93,15565
1559174400,413.28,417.41,399.7,399.7,41142
1559433600,399.11,406.19,396.16,396.16,10476
1559520000,398.52,398.52,393.21,396.16,17048
1559606400,392.62,397.34,392.62,393.21,15798
1559779200,395.57,395.57,392.03,393.8,13692
1560124800,390.84,393.21,389.66,390.25,11649
1560211200,389.66,394.98,389.66,392.62,8072
1560297600,392.62,392.62,388.48,392.03,5592
1560384000,392.62,393.21,387.3,391.43,10377
1560643200,388.48,392.62,388.48,389.66,9672
1560729600,389.66,392.62,386.71,387.89,10285
1560816000,387.89,391.43,387.89,389.66,7881
1560902400,383.76,390.84,383.76,390.25,5172
1560988800,390.25,393.21,389.66,393.21,5374
1561248000,390.84,392.62,389.07,390.84,7224
1561334400,390.84,393.8,389.66,392.62,6968
1561420800,392.03,393.8,391.43,392.62,6655
1561507200,393.21,393.8,389.66,393.8,9076
1561593600,393.8,394.98,391.43,391.43,14844
1561852800,392.62,392.62,385.53,385.53,11001
1561939200,381.4,388.48,380.81,386.71,7997
1562025600,385.53,387.3,383.17,387.3,7934
1562112000,388.48,393.21,386.12,392.62,7506
1562198400,389.66,393.21,388.48,389.66,5746
1562457600,386.12,386.71,382.58,383.76,8377
1562544000,381.99,383.76,379.63,380.81,5075
1562630400,383.76,386.12,381.99,386.12,7805
1562716800,382.58,392.03,382.58,389.07,6522
1562803200,389.66,393.21,386.71,393.21,9384
1563062400,390.25,393.21,389.66,390.84,5653
1563148800,390.84,395.57,389.66,391.43,10458
1563235200,410.92,410.92,392.03,393.21,7165
1563321600,394.39,401.47,394.39,399.7,17868
1563408000,398.52,403.24,397.93,398.52,8558
1563667200,406.19,406.19,393.21,393.21,5850
1563753600,395.57,396.75,393.21,394.98,12403
1563840000,396.75,401.47,396.75,400.29,8396
1563926400,399.7,406.79,399.7,402.06,10312
1564012800,400.88,401.47,396.75,397.34,7252
1564272000,390.25,393.8,389.66,389.66,15409
1564358400,392.62,393.21,388.48,390.25,5747
1564444800,390.25,393.21,390.25,390.84,3676
1564531200,390.84,394.98,390.84,393.21,2056
1564617600,394.39,395.57,389.66,392.03,10154
1564876800,393.21,394.98,387.3,389.66,16372
1564963200,389.66,391.43,387.89,388.48,5004
1565049600,386.71,387.3,383.76,384.94,12988
1565136000,383.76,387.3,382.58,384.94,9628
1565222400,392.03,392.03,384.35,385.53,4380
1565481600,383.76,393.8,383.76,393.8,9429
1565568000,392.62,392.62,386.12,387.89,5983
1565654400,387.89,387.89,385.53,386.71,8123
1565740800,383.76,386.71,381.99,381.99,3884
1565827200,382.58,382.58,378.45,378.45,2293
1566086400,380.81,390.25,378.45,379.04,8553
1566172800,379.04,388.48,379.04,384.35,7588
1566259200,384.35,385.53,381.99,383.76,3043
1566345600,383.76,386.71,381.4,384.35,2284
1566432000,389.66,389.66,382.58,383.17,6797
1566691200,383.17,386.71,380.81,386.71,6018
1566777600,380.81,383.76,380.81,382.58,10637
1566864000,386.71,389.66,382.58,383.76,7271
1566950400,389.66,389.66,380.22,380.22,2847
1567036800,380.81,381.99,378.45,380.22,7637
1567296000,380.81,380.81,371.95,371.95,9999
1567382400,371.95,371.95,358.96,361.91,8783
1567468800,360.73,369.59,354.83,369.59,10507
1567555200,376.67,376.67,368.41,369.59,12249
1567641600,367.82,369.59,367.23,367.23,6963
1567900800,366.05,366.05,358.96,360.14,5239
1567987200,360.14,360.14,348.34,355.42,19909
1568073600,354.83,360.14,350.7,353.06,5414
1568160000,350.11,354.24,347.15,348.34,8523
1568246400,354.83,354.83,342.43,342.43,10357
1568505600,342.43,345.38,330.62,330.62,11531
1568592000,327.67,329.44,322.36,324.72,13354
1568678400,324.72,339.48,324.72,336.53,10125
1568764800,343.02,348.34,336.53,346.56,14171
1568851200,346.56,347.15,339.48,339.48,15447
1569110400,338.3,338.89,332.99,335.35,6599
1569196800,334.76,337.12,333.58,335.94,2297
1569283200,330.62,334.76,330.62,333.58,4415
1569456000,331.8,331.8,327.67,328.85,4972
1569715200,331.21,331.21,325.31,327.08,5665
1569801600,325.9,334.76,324.72,333.58,6264
1569888000,337.71,341.84,334.17,340.66,6075
1569974400,340.07,340.07,336.53,337.71,6655
1570060800,336.53,339.48,336.53,339.48,8050
1570665600,341.84,344.79,338.89,338.89,1735
1571011200,342.43,342.43,324.72,330.62,8061
1571097600,329.44,330.03,324.72,327.08,7903
1571184000,326.49,326.49,321.77,322.36,13000
1571270400,324.72,326.49,322.36,322.95,5884
1571529600,320.0,324.72,318.23,324.13,13579
1571616000,327.67,327.67,321.77,321.77,7786
1571702400,318.82,322.95,318.82,322.36,15964
1571788800,322.36,324.72,321.77,324.72,3421
1571875200,330.62,330.62,324.72,328.85,13345
1572480000,328.85,330.62,326.49,329.44,6763
1572739200,329.44,330.03,326.49,330.03,5728
1572825600,325.31,330.62,324.72,328.85,4864
1572912000,328.85,330.62,315.86,328.85,26636
1572998400,334.76,334.76,328.26,331.21,7710
1573084800,334.76,334.76,328.85,328.85,5269
1573344000,334.76,334.76,325.9,328.85,5407
1573430400,328.26,333.58,324.72,327.67,9574
1573516800,327.67,333.58,324.72,325.9,3189
1573603200,327.67,327.67,324.72,325.31,3198
1573689600,325.31,330.62,325.31,327.67,2473
1573948800,327.67,327.67,325.31,327.67,5668
1574035200,325.31,327.08,325.31,326.49,7385
1574121600,332.39,332.39,325.31,325.31,2490
1574208000,327.67,331.8,325.31,327.67,9828
1574294400,325.31,325.31,323.54,323.54,4642
1574553600,321.77,321.77,317.04,318.23,9573
1574640000,318.23,318.23,312.32,317.63,9179
1574726400,318.82,319.41,315.86,318.82,6640
1574812800,318.23,324.13,317.63,321.77,4137
1574899200,321.77,326.49,320.59,321.77,7980
1575158400,321.18,322.95,317.04,317.04,6835
1575244800,317.04,319.41,317.04,318.23,4883
1575331200,318.82,320.59,317.04,319.41,5510
1575417600,324.72,325.31,320.0,322.36,3713
1575504000,321.18,325.9,320.59,322.36,4586
1575763200,322.36,324.72,320.59,322.36,7268
1575849600,319.41,328.26,319.41,325.31,6160
1575936000,330.62,335.94,324.72,328.26,5522
1576022400,332.39,332.99,330.62,332.39,4648
1576108800,337.71,337.71,330.62,332.39,11230
1576368000,332.39,344.2,332.39,339.48,7803
1576454400,341.84,341.84,335.35,339.48,15557
1576540800,334.76,340.07,334.76,338.3,7248
1576627200,336.53,339.48,336.53,336.53,6042
1576713600,339.48,343.02,334.76,335.94,15255
1576972800,329.8,329.8,325.46,326.08,5771
1577059200,332.28,332.28,326.08,327.94,6140
1577145600,327.94,330.42,326.08,326.08,7312
1577232000,327.32,327.32,325.46,326.08,3940
1577318400,325.46,326.7,325.46,326.7,3503
1577577600,326.08,327.32,325.46,325.46,4555
1577664000,323.6,323.6,320.5,323.6,7122
1577750400,323.6,328.56,322.36,325.46,5124
1577836800,325.46,325.46,324.22,325.46,3613
1577923200,327.32,328.56,324.84,326.7,6472
1578182400,326.7,338.48,326.7,336.0,12317
1578268800,340.96,349.01,340.96,345.91,25500
1578355200,349.01,364.51,349.01,362.65,25260
1578441600,368.85,373.81,357.69,362.65,21330
1578528000,362.03,366.37,359.55,363.27,10461
1578787200,368.85,371.33,365.13,368.23,10981
1578873600,373.81,383.73,373.81,374.43,17247
1578960000,374.43,375.05,362.65,369.47,14918
1579046400,375.05,382.49,368.85,380.63,36287
1579132800,381.25,394.89,381.25,389.93,27215
1579392000,393.65,399.85,392.41,397.99,25366
1579478400,405.43,405.43,384.35,392.41,20518
1579564800,391.79,393.03,385.59,389.31,16221
1579651200,390.55,392.41,382.49,382.49,16588
1579737600,381.87,385.59,378.15,379.39,9960
1579996800,378.15,378.15,370.71,370.71,18920
1580083200,370.71,378.15,370.71,378.15,14545
1580169600,380.01,388.69,380.01,381.87,10643
1580256000,381.25,382.49,379.39,381.87,11351
1580342400,387.45,392.41,382.49,390.55,20431
1580601600,396.75,407.29,396.75,407.29,48254
1580688000,418.45,418.45,403.57,405.43,17963
1580774400,405.43,407.29,397.37,397.37,16025
1580860800,402.95,402.95,398.61,400.47,6916
1580947200,399.85,400.47,395.51,397.37,10379
1581206400,390.55,395.51,389.93,390.55,5808
1581292800,394.89,394.89,388.07,388.69,8871
1581379200,396.13,401.09,389.31,398.61,12689
1581465600,401.71,401.71,396.75,397.37,14522
1581552000,399.85,399.85,395.51,396.13,13289
1581811200,394.89,395.51,390.55,394.89,13546
1581897600,402.33,418.45,402.33,415.35,51892
1581984000,417.83,423.4,412.25,415.35,48150
1582070400,415.35,416.59,408.53,412.25,12346
1582156800,412.25,421.55,409.15,421.55,24088
1582416000,429.6,452.54,428.36,452.54,48160
1582502400,452.54,473.0,443.24,448.82,67174
1582588800,457.5,458.74,433.94,458.74,29348
1582675200,464.94,495.94,461.84,495.94,48869
1582761600,495.94,545.53,480.44,545.53,127927
1583020800,545.53,577.76,525.69,535.61,121923
1583107200,526.93,534.37,487.26,487.26,57994
1583193600,487.26,518.87,456.26,503.99,130142
1583280000,504.61,507.71,472.38,473.62,71316
1583366400,464.94,481.68,438.28,465.56,48163
1583798400,456.26,465.56,430.84,430.84,32287
1583884800,433.94,457.5,425.26,457.5,65770
1583971200,448.82,457.5,435.18,437.66,51067
1584230400,441.38,441.38,402.95,404.19,65534
1584316800,402.95,420.31,397.37,406.67,45835
1584403200,412.25,415.35,391.79,396.75,50623
1584489600,392.41,401.71,368.23,385.59,36703
1584576000,376.91,399.85,365.75,390.55,43107
1584835200,383.11,384.35,375.67,379.39,5866
1589241600,371.95,371.95,368.23,368.23,320
1589328000,361.41,361.41,357.69,357.69,100
1593388800,350.87,350.87,322.36,347.77,16005
1593475200,347.15,377.53,347.15,377.53,2524
1593561600,384.97,414.73,384.97,414.11,11225
1593648000,421.55,421.55,386.21,386.21,17469
1593907200,386.21,393.65,372.57,390.55,19370
1593993600,390.55,396.75,384.35,396.75,12727
1594080000,404.19,416.59,399.23,409.77,25857
1594166400,412.25,415.35,402.95,409.15,17497
1594252800,401.09,409.15,401.09,405.43,18410
1594512000,413.49,413.49,405.43,405.43,14973
1594598400,425.26,425.26,407.91,411.01,11375
1594684800,404.19,414.73,404.19,411.01,14617
1594771200,414.11,429.6,409.15,418.45,43128
1594857600,422.78,432.08,422.17,429.6,30949
1595116800,449.44,472.38,449.44,472.38,674
1595203200,495.94,517.63,473.62,477.96,87498
1595289600,477.96,483.54,464.94,475.48,46784
1595376000,480.44,480.44,464.94,468.04,37256
1595462400,462.46,472.38,458.74,470.52,36388
1595721600,479.82,479.82,469.28,476.72,26268
1595808000,477.96,484.78,476.72,478.58,30968
1595894400,474.24,477.34,469.28,474.24,23246
1595980800,450.68,469.28,450.68,463.7,43196
1596067200,464.94,468.66,458.12,467.42,23942
1596326400,458.74,461.84,449.44,452.54,38890
1596412800,445.72,455.02,437.66,455.02,32457
1596585600,452.54,461.84,440.14,455.64,24883
1596672000,451.92,451.92,438.9,444.48,15448
1596931200,437.66,445.1,433.94,445.1,14862
1597017600,445.1,459.36,444.48,455.64,25556
1597104000,458.74,461.84,449.44,449.44,23489
1597190400,449.44,455.02,445.1,452.54,15587
1597276800,452.54,452.54,445.1,449.44,21518
1597536000,442.0,445.72,438.28,441.38,26192
1597622400,446.34,446.34,438.28,442.0,10939
1597708800,442.62,445.72,442.0,444.48,24756
1597795200,437.04,442.62,437.04,439.52,11798
1597881600,439.52,444.48,435.8,440.14,6260
1598140800,448.2,448.2,438.9,442.0,10729
1598227200,445.72,450.06,443.86,446.34,14184
1598313600,451.92,451.92,445.1,446.34,11127
1598400000,451.92,460.6,445.72,453.16,30013
1598486400,453.78,459.36,452.54,452.54,12725
1598745600,452.54,451.3,448.2,450.06,4510
1598832000,456.88,456.88,449.44,451.92,31676
1599004800,455.64,466.18,452.54,461.22,65830
1599091200,461.22,466.8,455.64,463.7,25366
1599350400,469.28,474.24,455.64,456.26,30374
1599436800,450.06,455.64,446.96,448.82,22672
1599523200,455.02,455.64,443.86,449.44,12123
1599609600,446.34,450.68,440.76,448.2,19782
1599696000,449.44,455.64,446.34,447.58,16514
1599955200,446.96,456.26,440.76,455.64,100536
1600041600,458.74,462.46,456.26,456.26,28017
1600128000,458.12,459.98,449.44,453.16,21185
1600214400,451.3,454.4,447.58,453.78,19331
1600300800,453.78,461.84,450.68,459.36,36742
1600560000,468.04,471.14,461.22,464.94,43675
1600646400,468.04,468.04,459.36,459.36,23841
1600732800,461.84,461.84,453.16,454.4,22895
1600819200,454.4,456.26,449.44,452.54,18384
1600905600,452.54,454.4,448.82,451.92,15955
1601164800,458.12,458.12,450.06,453.78,19903
1601251200,450.06,455.64,450.06,453.78,12493
1601337600,451.92,452.54,447.58,448.82,15563
1601424000,452.54,452.54,445.72,446.34,10455
1601510400,455.02,455.02,446.34,451.3,8997
1601769600,455.64,455.64,451.3,451.3,18244
1601856000,458.12,458.12,450.06,451.3,20608
1601942400,446.96,453.78,446.96,451.3,15429
1602028800,449.44,451.3,446.34,447.58,28314
1602115200,452.54,452.54,446.34,446.96,27508
1602374400,446.96,448.82,443.24,443.24,23452
1602460800,449.44,449.44,439.52,446.34,25652
1602547200,445.72,446.34,443.24,444.48,13813
1602633600,443.24,444.48,439.52,442.0,23973
1602720000,443.24,446.34,440.14,440.76,12510
1602979200,446.34,446.96,435.18,436.42,19007
1603065600,436.42,439.52,436.42,437.04,21896
1603152000,440.14,442.62,436.42,437.04,33234
1603238400,445.1,445.72,438.28,441.38,52538
1603324800,445.72,446.34,439.52,445.1,67195
1603843200,449.44,458.12,449.44,458.12,62214
1603929600,463.7,467.42,457.5,458.74,43927
1604188800,463.7,463.7,446.34,447.58,43319
1604275200,445.72,450.06,442.62,445.1,36948
1604361600,444.48,446.34,441.38,445.1,23898
1604448000,447.58,452.54,443.86,444.48,16992
1604534400,433.94,433.94,417.83,418.45,240946
1604793600,415.35,422.78,414.73,415.97,60053
1604880000,395.51,408.53,395.51,401.09,149413
1604966400,399.85,411.01,396.75,404.19,76332
1605052800,406.05,408.53,403.57,404.81,82988
1605139200,409.15,412.87,404.81,409.77,57884
1605657600,409.77,409.77,405.43,407.91,43537
1605744000,407.91,408.53,402.95,404.19,84246
1606003200,405.43,415.35,405.43,412.25,115951
1606089600,418.45,419.69,409.15,410.39,46703
1606176000,410.39,415.35,409.15,412.87,48049
1606262400,415.35,422.17,410.39,422.17,56598
1606348800,427.74,443.24,425.26,433.32,121320
1606608000,441.38,471.14,437.66,461.22,200518
1606694400,469.28,469.9,447.58,450.06,134895
1606780800,441.38,448.82,435.8,437.04,71533
1606867200,440.14,441.38,433.32,437.66,77151
1606953600,440.14,448.82,434.56,435.18,92338
1607212800,433.94,435.18,424.02,424.02,62570
1607299200,421.55,437.04,419.69,435.18,58068
1607385600,440.14,440.14,425.26,428.36,37715
1607472000,420.31,427.74,418.45,419.69,51416
1607558400,414.73,425.26,412.25,425.26,28701
1607817600,430.22,440.14,426.5,439.52,67817
1607904000,442.62,446.34,433.94,442.62,71100
1607990400,461.84,461.84,435.8,438.9,46551
1608076800,458.74,458.74,433.94,436.42,41759
1608163200,433.94,440.14,432.7,437.66,66712
1608422400,437.66,437.66,423.4,425.26,94760
1608508800,420.93,433.94,412.87,425.88,70394
1608595200,433.94,443.24,432.08,442.62,111357
1608681600,445.72,458.74,432.08,442.62,107334
1608768000,461.84,461.84,438.9,443.24,74155
1609027200,449.13,451.74,442.62,443.27,63642
1609113600,443.27,445.88,436.11,442.62,34621
1609200000,449.13,449.13,436.76,437.42,21751
1609286400,437.42,468.66,437.42,468.66,121502
1609372800,471.91,515.52,471.91,499.9,311306
1609632000,514.22,537.01,509.67,535.05,238060
1609718400,543.51,543.51,505.76,516.83,173915
1609804800,516.18,516.18,501.2,507.71,71975
1609891200,504.46,514.22,500.55,503.16,64056
1609977600,510.97,514.22,503.16,509.67,75375
1610236800,484.28,520.08,484.28,509.02,60149
1610323200,507.06,526.59,503.16,516.83,129139
1610409600,517.48,526.59,514.22,524.64,85527
1610496000,529.85,531.15,522.68,522.68,78532
1610841600,530.5,552.63,527.24,544.17,148906
1610928000,551.98,554.58,542.21,543.51,129661
1611014400,544.17,548.07,529.19,534.4,91813
1611100800,530.5,533.1,525.29,526.59,62063
1611187200,527.24,530.5,522.03,523.99,72165
1611446400,527.24,537.01,523.34,535.7,94462
1611532800,535.05,546.12,527.89,542.21,108014
1611619200,543.51,543.51,530.5,531.15,56652
1611705600,532.45,540.26,527.24,533.75,77835
1611792000,523.34,527.89,514.22,514.22,140273
1612051200,510.97,510.97,497.95,501.2,108193
1612137600,501.2,510.32,498.6,502.51,109978
1612224000,507.71,520.08,501.2,517.48,79212
1612310400,529.85,531.15,507.71,509.02,47838
1612396800,514.22,514.22,499.9,503.81,51579
1612656000,507.06,507.06,498.6,505.11,64203
1612742400,507.06,522.68,503.81,515.52,70953
1612828800,525.29,533.75,504.46,509.02,30383
1612915200,514.22,518.78,501.2,507.06,37489
1613001600,507.71,519.43,506.41,510.97,72238
1613260800,513.57,514.22,504.46,504.46,51502
1613347200,514.22,520.73,507.06,518.78,93653
1613433600,523.99,525.94,508.36,514.87,104697
1613520000,540.26,540.26,513.57,529.85,185645
1613606400,555.88,555.88,527.24,545.47,267682
1613865600,553.28,553.28,538.31,542.86,117709
1613952000,545.47,545.47,525.94,529.19,140427
1614038400,523.99,534.4,514.87,531.15,68861
1614124800,526.59,562.39,523.34,541.56,205223
1614211200,541.56,541.56,521.38,523.99,105579
1614470400,523.99,523.99,505.11,508.36,96593
1614556800,508.36,520.08,499.9,513.57,71567
1614643200,520.73,523.34,494.7,497.95,64371
1614729600,501.2,501.2,481.68,490.14,67281
1614816000,507.71,508.36,491.44,505.76,51827
1615161600,502.51,509.67,491.44,499.25,46468
1615248000,501.2,501.2,490.14,492.09,36921
1615334400,494.7,506.41,488.84,489.49,32179
1615680000,496.65,496.65,478.42,481.68,56246
1615766400,477.12,486.88,470.61,470.61,81855
1615852800,470.61,484.28,469.31,471.91,31280
1615939200,478.42,480.38,470.61,478.42,15356
1616025600,479.07,486.23,477.12,477.77,69097
1616284800,486.88,488.19,479.07,484.93,21883
1616371200,489.49,490.14,478.42,479.07,34545
1616457600,475.17,481.68,475.17,477.12,26414
1616544000,476.47,484.28,471.91,483.63,29102
1616630400,488.19,488.19,478.42,478.42,22361
1616976000,479.07,481.03,473.22,479.72,25119
1617062400,476.47,481.03,475.82,479.07,21094
1617148800,479.07,497.95,478.42,491.44,42469
1617235200,494.7,500.55,489.49,489.49,28201
1617494400,489.49,491.44,482.33,486.88,31141
1617580800,494.7,497.95,485.58,486.23,41431
1617667200,488.84,488.84,481.68,484.28,30265
1617753600,488.19,493.39,482.33,488.19,39813
1617840000,481.68,494.7,481.68,486.23,25036
1618185600,488.19,507.71,486.88,499.9,68916
1618272000,524.64,524.64,501.2,521.38,119986
1618444800,547.42,547.42,522.03,529.85,143622
1618704000,530.5,542.86,520.73,527.89,1086500
1618790400,527.24,529.85,512.92,513.57,97029
1618876800,513.57,520.08,506.41,510.97,52731
1618963200,510.32,510.32,499.25,501.2,50076
1619049600,501.2,510.97,491.44,503.81,34174
1619308800,501.2,501.2,481.03,487.54,77434
1619395200,488.19,488.19,468.66,471.91,73419
1619481600,463.45,482.98,462.15,482.98,78321
1619568000,481.68,481.68,468.66,476.47,27044
1619654400,473.22,477.12,468.01,474.52,53554
1619913600,471.91,483.63,468.66,483.63,48838
1620000000,483.63,484.93,474.52,477.12,63606
1620086400,469.96,482.98,469.96,475.17,28630
1620172800,498.6,498.6,471.91,474.52,20355
1620259200,497.95,497.95,471.26,471.91,43839
1620518400,495.35,495.35,468.66,471.91,33218
1620604800,475.17,475.17,468.66,472.56,19470
1620691200,449.78,479.07,449.78,472.56,50086
1620777600,472.56,475.17,469.31,472.56,19404
1620864000,472.56,474.52,469.31,469.96,28012
1621123200,478.42,479.72,470.61,479.72,119258
1621209600,481.68,487.54,477.77,479.72,46533
1621296000,491.44,491.44,477.12,479.72,42382
1621382400,482.33,487.54,478.42,480.38,99076
1621468800,484.93,484.93,478.42,481.68,42582
1621728000,481.68,497.95,473.87,493.39,99053
1621814400,494.04,501.2,486.88,490.79,81516
1621900800,490.79,490.79,481.68,483.63,45636
1622073600,481.68,484.93,477.12,481.03,46010
1622332800,487.54,488.19,479.07,479.72,76624
1622419200,479.72,484.28,475.17,475.17,59791
1622505600,475.17,479.07,471.91,473.87,39947
1622592000,473.87,476.47,464.1,474.52,24800
1622678400,475.17,485.58,475.17,477.12,75821
1622937600,481.03,496.65,481.03,488.19,131631
1623024000,497.95,507.06,478.42,481.03,88626
1623110400,478.42,486.88,477.12,481.68,69274
1623196800,482.33,484.93,479.07,479.07,72340
1623283200,479.07,481.03,473.87,475.17,74893
1623542400,476.47,494.7,464.1,481.68,169191
1623628800,481.68,504.46,481.68,499.9,330226
1623715200,504.46,527.89,498.6,499.9,170572
1623801600,503.81,510.32,490.14,495.35,108958
1623888000,501.2,501.86,488.19,491.44,79509
1624147200,488.19,490.79,479.07,481.68,107650
1624233600,475.82,486.88,472.56,475.17,48350
1624320000,478.42,485.58,472.56,479.07,42220
1624406400,455.64,488.19,455.64,475.17,51024
1624492800,475.17,481.68,470.61,473.22,51112
1624752000,475.17,484.28,469.96,482.33,51589
1624838400,483.63,490.79,479.07,481.68,33456
1624924800,479.07,481.68,473.22,475.82,38681
1625011200,471.91,475.17,468.66,473.22,42693
1625097600,473.22,478.42,472.56,475.17,19289
1625356800,475.17,479.72,467.36,474.52,29971
1625443200,475.17,475.17,469.96,470.61,17403
1625529600,468.66,479.72,468.66,472.56,23217
1625616000,472.56,475.17,469.96,470.61,17861
1625702400,470.61,481.68,470.61,478.42,53510
1625961600,484.28,488.19,478.42,487.54,83490
1626048000,484.93,492.74,478.42,479.07,81348
1626134400,480.38,484.93,478.42,479.72,28314
1626220800,479.72,484.93,477.12,478.42,21826
1626307200,501.86,501.86,477.12,480.38,23296
1626566400,484.28,505.76,484.28,501.2,147887
1626652800,511.23,517.48,499.9,499.9,121606
1626739200,507.06,507.06,494.04,495.35,51553
1626912000,499.9,513.57,495.35,501.2,84973
1627171200,510.97,516.5,501.86,514.22,151904
1627257600,519.76,523.99,498.6,503.81,123873
1627344000,501.2,507.06,488.19,503.81,71870
1627430400,510.97,510.97,497.36,499.25,74738
1627516800,499.25,503.16,496.19,498.47,72819
1627776000,496.0,507.71,494.24,496.65,94661
1627862400,497.95,501.2,491.44,496.0,66852
1627948800,504.46,504.46,494.7,499.25,62224
1628035200,509.21,509.21,495.35,496.0,58502
1628121600,497.3,501.86,494.7,494.7,74147
1628380800,497.3,502.51,491.44,495.35,59802
1628467200,492.55,497.95,491.44,494.7,59570
1628553600,504.46,507.71,491.44,502.51,78917
1628640000,503.16,507.71,496.0,498.6,75303
1628726400,498.6,502.51,495.35,499.9,72199
1628985600,489.94,504.46,488.19,495.41,109954
1629072000,501.2,501.2,491.44,493.91,93243
1629158400,493.39,497.95,489.88,490.79,78942
1629244800,490.79,499.12,485.0,494.04,86901
1629331200,494.04,499.9,491.44,494.04,62270
1629763200,494.7,503.81,491.44,496.0,128350
1629849600,496.0,496.0,486.88,486.88,57858
1629936000,486.88,493.98,481.68,485.58,60566
1630195200,486.88,486.88,478.42,481.03,145520
1630368000,477.77,481.68,474.52,474.84,85469
1630454400,481.68,482.98,475.17,478.42,48073
1630540800,479.07,481.68,468.01,473.22,55505
1630800000,468.72,475.17,455.64,455.64,94032
1630886400,456.29,490.73,456.29,490.73,64590
1630972800,488.19,488.19,472.56,473.87,58356
1631059200,473.87,475.17,464.75,468.66,30938
1631145600,466.06,483.63,466.06,471.26,34966
1631404800,471.26,478.42,468.66,476.47,48111
1631491200,469.96,482.33,469.96,480.05,57122
1631577600,473.87,484.93,473.87,481.68,32417
1631664000,481.68,481.68,472.56,472.56,28330
1631750400,468.66,468.66,460.98,464.1,42233
1632096000,463.45,465.4,453.04,454.99,65052
1632182400,462.15,466.71,440.73,454.99,61810
1632268800,463.45,466.06,459.55,464.75,29860
1632355200,474.0,486.88,469.96,474.52,103748
1632614400,483.96,488.19,475.82,478.42,80164
1632700800,478.42,478.42,462.35,469.31,59923
1632787200,460.85,469.96,457.66,460.85,37926
1632873600,460.85,469.96,458.96,469.31,40253
1632960000,462.8,469.31,460.2,464.62,32163
1633219200,465.4,465.4,452.39,454.01,45595
1633305600,453.69,461.5,450.5,453.04,24531
1633392000,458.9,461.5,456.29,460.2,11658
1633478400,462.15,469.31,460.2,463.39,33549
1633824000,472.56,472.56,455.64,455.64,70850
1633910400,458.24,460.2,452.39,455.38,44763
1634428800,464.04,477.12,455.64,464.75,28229
1634515200,462.15,462.15,455.51,455.71,29060
1634601600,453.69,454.99,447.37,453.69,43410
1634688000,462.74,470.94,454.34,460.2,74349
1634774400,467.29,467.49,453.04,459.03,28462
1635033600,453.69,464.75,453.69,464.1,14376
1635120000,462.8,468.66,461.69,468.66,31214
1635206400,471.91,481.68,468.66,480.38,58529
1635292800,484.87,484.87,470.87,476.47,39962
1635379200,480.38,484.93,475.23,481.03,46074
1635638400,471.46,471.46,435.01,449.78,403999
1635724800,455.64,455.64,438.98,438.98,131222
1635811200,436.11,441.97,433.51,436.11,76516
1635897600,441.91,441.91,429.6,430.25,96595
1636329600,428.3,432.86,426.41,427.65,47213
1636416000,424.98,429.54,419.91,419.97,54808
1636588800,419.84,419.91,412.03,412.03,60006
1636848000,410.08,410.08,404.22,405.52,44165
1636934400,410.08,410.08,403.57,403.89,30352
1637020800,406.82,416.78,402.27,413.98,53001
1637107200,416.52,416.52,406.17,406.82,33519
1637193600,414.63,414.96,402.46,403.57,33125
1637452800,406.82,406.82,400.96,402.92,30660
1637539200,402.92,405.46,399.73,400.51,28278
1637625600,399.34,402.27,390.55,395.11,62740
1637712000,395.76,396.41,387.95,390.55,64982
1637798400,391.2,396.41,390.55,392.5,35866
1638057600,387.29,389.83,381.5,384.04,33437
1638144000,384.04,384.69,378.83,380.79,23439
1638230400,377.53,387.29,377.53,382.74,17277
1638316800,384.04,386.64,378.83,382.74,16890
1638403200,380.79,382.67,377.53,379.48,35693
1638662400,379.48,379.48,369.82,371.2,26581
1638748800,368.44,378.59,365.68,371.89,26969
1638835200,371.89,379.21,369.2,369.2,17246
1638921600,370.51,370.51,362.92,364.99,36254
1639008000,367.06,369.13,363.61,368.44,19000
1639267200,363.96,369.13,356.58,362.58,32883
1639353600,358.85,369.13,355.33,359.54,32370
1639440000,366.37,373.27,359.47,373.27,12697
1639526400,379.48,379.48,362.3,363.89,23875
1639612800,364.3,365.68,360.16,360.85,15383
1639958400,360.85,362.92,358.78,360.16,13810
1640044800,362.92,369.13,359.47,369.13,16745
1640131200,372.58,374.65,369.13,371.41,21159
1640217600,378.1,378.1,369.13,372.58,18732
1640476800,372.58,379.41,369.13,374.65,35252
1640563200,374.65,376.03,367.75,367.82,24159
1640649600,362.65,369.82,362.65,369.82,13145
1640736000,369.82,372.58,363.06,369.34,14984
1641081600,369.82,380.73,367.06,378.1,40142
1641168000,380.86,397.42,380.24,395.97,65836
1641254400,393.97,431.23,386.45,424.33,77227
1641340800,424.33,427.02,407.77,411.91,70010
1641427200,412.6,426.4,405.98,423.64,40796
1641686400,430.54,434.68,422.61,427.09,61734
1641772800,433.99,433.99,417.43,420.88,32762
1641859200,420.88,427.78,417.43,422.95,26056
1641945600,421.57,425.02,413.36,413.98,42536
1642032000,413.98,416.74,411.02,416.74,31878
1642291200,416.74,428.47,415.57,420.88,67142
1642377600,428.47,438.13,424.33,431.92,59378
1642464000,434.68,441.58,429.85,434.68,75571
1642550400,434.68,436.06,423.64,424.33,26605
1642636800,424.33,424.33,417.43,424.33,45429
1642896000,420.88,422.26,411.91,414.67,48168
1642982400,411.22,411.91,399.49,401.56,46044
1643068800,401.56,409.57,398.94,402.25,18845
1643155200,403.63,405.7,397.42,398.8,13258
1643241600,398.8,405.7,397.42,397.42,12623
1643500800,405.01,416.74,401.08,410.46,19498
1643587200,410.53,410.53,400.18,402.25,23495
1643673600,397.42,403.63,397.42,403.63,28069
1643846400,407.08,410.53,403.63,403.63,29116
1644105600,402.25,403.63,398.8,400.18,9840
1644192000,398.8,403.63,397.49,398.46,8586
1644278400,406.39,414.47,394.18,400.04,20323
1644364800,395.35,398.8,393.97,394.66,11995
1644451200,394.66,394.66,389.83,391.9,17118
1644710400,387.07,387.07,379.48,384.31,24188
1644796800,384.31,391.97,379.48,379.83,26716
1644883200,379.55,383.62,377.41,380.86,20932
1644969600,380.93,395.35,379.48,382.24,12086
1645056000,381.0,389.49,379.48,383.55,13723
1645315200,375.9,387.76,372.58,387.76,14121
1645401600,391.21,398.8,380.52,398.8,23725
1645488000,398.8,414.67,389.83,414.67,22719
1645574400,406.39,410.46,397.63,401.56,30550
1645660800,398.11,398.11,387.76,389.83,14046
1645920000,386.38,391.9,382.93,385.69,20000
1646006400,385.69,393.28,381.55,381.55,11179
1646179200,378.1,378.79,369.82,371.89,34679
1646524800,372.58,378.79,369.96,370.51,10190
1646611200,377.41,377.41,370.51,372.58,19027
1646784000,370.51,372.58,366.37,369.82,11289
1646870400,372.58,372.58,364.99,372.58,30144
1647129600,379.48,385.62,371.89,382.93,14235
1647216000,382.93,387.07,379.55,382.93,2387
1647302400,384.31,384.31,372.72,377.41,19461
1647388800,372.65,383.62,372.65,375.34,11603
1647734400,376.72,376.72,370.51,371.2,11584
1647820800,372.58,375.96,367.82,375.34,15163
1647907200,379.41,381.55,374.65,376.72,11326
1647993600,376.38,381.55,369.82,371.89,13480
1648080000,371.13,372.58,365.68,369.2,15910
1648339200,366.44,371.89,364.72,365.68,23543
1648425600,363.61,369.07,362.92,364.3,9346
1648512000,365.68,365.68,361.61,362.23,12564
1648598400,360.16,364.99,360.16,362.92,17772
1648684800,367.75,372.58,360.16,360.16,20708
1648944000,360.85,362.23,358.99,359.47,10005
1649030400,359.47,363.61,358.78,359.06,10708
1649116800,357.4,358.09,353.26,355.68,24410
1649203200,353.26,360.85,353.26,357.4,11576
1649289600,358.78,361.48,353.95,358.09,16193
1649635200,364.99,364.99,353.33,353.33,19620
1649721600,358.78,358.78,350.5,354.64,15153
1649808000,355.33,358.09,349.81,358.09,25490
1650153600,353.26,358.78,352.57,353.26,9172
1650240000,355.33,358.03,348.43,349.12,12323
1650326400,348.43,354.51,345.68,350.5,10055
1650412800,346.43,353.26,346.37,347.06,7915
1650499200,348.43,351.19,343.61,344.99,25076
1650758400,351.19,358.72,347.74,351.88,13619
1650844800,351.88,358.78,350.5,353.95,8347
1650931200,353.26,353.26,347.26,349.12,10245
1651017600,345.88,351.19,345.81,350.37,5553
1651104000,356.99,357.34,348.43,349.81,5724
1651449600,345.81,349.12,344.99,346.3,16604
1651622400,344.99,345.68,341.54,341.54,11207
1651708800,344.99,344.99,338.09,341.54,12818
1651968000,342.23,342.23,335.33,341.54,15979
1652054400,338.09,347.61,338.09,344.3,21132
1652140800,350.5,350.5,341.54,345.05,9494
1652227200,347.06,353.26,345.68,351.88,6630
1652313600,346.5,353.26,346.5,347.74,6458
1652745600,341.54,344.3,340.16,341.19,7528
1652832000,338.09,342.23,338.09,341.54,4292
1652918400,348.37,351.19,340.85,340.85,4908
1653004800,342.29,344.3,338.91,338.98,4040
1653264000,341.54,341.54,335.33,335.33,8843
1653350400,336.02,341.33,334.64,341.12,8840
1653436800,344.99,344.99,338.09,341.54,4972
1653523200,344.92,344.92,338.09,340.85,8044
1653609600,340.16,342.23,335.39,336.71,11789
1653868800,342.92,342.92,331.19,333.95,11897
1653955200,327.87,334.29,327.74,331.19,10917
1654041600,333.95,335.33,330.5,331.88,8708
1654128000,328.43,331.19,326.42,326.7,8342
1654214400,333.19,333.19,317.39,319.18,24101
1654473600,325.53,333.95,314.14,320.15,12312
1654560000,320.15,322.91,311.18,311.18,14040
1654646400,317.39,323.39,310.49,323.39,9914
1654732800,329.81,329.81,317.46,319.46,8716
1654819200,325.8,325.8,311.18,316.01,10641
1655078400,322.29,322.29,311.18,315.25,4841
1655164800,321.53,321.53,304.97,312.56,18610
1655251200,318.77,318.77,303.59,308.42,11180
1655337600,302.34,311.87,302.34,307.04,8950
1655424000,312.56,317.39,305.66,307.04,3827
1655596800,313.18,313.18,302.28,302.9,10887
1655683200,297.72,302.9,293.31,294.96,25764
1655769600,295.31,317.39,294.48,311.04,12488
1655856000,317.25,317.25,302.28,307.04,9723
1655942400,300.9,310.35,294.62,301.52,12782
1656028800,307.04,307.04,295.51,299.45,6860
1656201600,303.59,309.66,299.59,307.04,23201
1656288000,312.56,313.18,300.9,302.21,10429
1656374400,297.45,302.9,293.24,302.9,6168
1656460800,308.42,308.42,300.9,305.31,5381
1656547200,310.42,316.01,301.03,315.25,25538
1656633600,317.39,319.46,303.59,310.49,14686
1656806400,307.04,315.32,303.66,310.49,25264
1656892800,316.63,317.39,307.73,312.56,28728
1656979200,312.49,316.01,304.35,307.04,15694
1657065600,302.55,311.87,300.9,306.69,21473
1657152000,312.76,316.01,300.14,303.59,26058
1657238400,303.59,303.59,297.72,299.45,19636
1657497600,296.69,298.76,286.34,286.34,49290
1657584000,291.79,291.86,283.58,284.96,31522
1657670400,289.79,295.31,287.03,295.24,19351
1657756800,295.17,299.52,295.17,295.24,58706
1657843200,296.0,302.9,296.0,302.9,160802
1658016000,298.07,308.42,298.07,308.35,18180
1658102400,308.35,311.18,303.59,307.04,17517
1658188800,303.59,316.49,300.96,315.94,226720
1658275200,315.32,318.77,312.56,316.97,36982
1658361600,317.39,323.73,314.7,316.77,27282
1658448000,313.94,316.63,310.49,313.25,20262
1658620800,313.32,323.6,312.28,323.6,33753
1658707200,326.36,336.71,323.04,336.71,49425
1658793600,332.57,332.57,324.29,325.67,52514
1658880000,325.67,336.36,318.9,331.19,27302
1658966400,337.81,350.5,337.81,338.78,106912
1659052800,341.54,349.47,337.4,347.06,42128
1659225600,351.19,362.17,348.43,361.06,61945
1659312000,358.78,369.13,354.64,361.54,83411
1659398400,358.78,362.23,355.33,359.47,41098
1659484800,358.78,364.3,349.26,351.88,42544
1659571200,345.05,349.12,340.16,344.3,69134
1659657600,338.84,344.99,337.74,341.54,19105
1659830400,344.64,354.64,341.54,345.68,40536
1659916800,352.57,354.64,348.5,351.19,53748
1660003200,348.43,351.82,344.99,346.37,35501
1660089600,346.37,348.37,341.54,345.81,31386
1660176000,349.06,349.06,342.92,344.92,24378
1660435200,344.99,347.68,342.23,342.36,26181
1660521600,342.36,348.43,342.36,348.43,21492
1660608000,350.5,351.95,345.68,347.06,17452
1660694400,345.68,350.5,345.68,349.12,18929
1660780800,355.33,355.33,348.43,352.23,19835
1661040000,355.33,358.09,353.68,355.68,28413
1661126400,353.95,355.33,351.88,352.78,8567
1661212800,354.64,354.64,348.43,351.19,14669
1661299200,353.95,355.33,350.5,351.88,48788
1661385600,355.33,355.33,348.43,351.13,23470
1661472000,352.57,352.57,344.99,349.81,26088
1661644800,349.81,349.81,338.78,342.23,24947
1661731200,340.16,344.3,337.4,343.61,19092
1661817600,348.37,348.37,342.92,344.3,16801
1661904000,344.36,348.37,338.78,339.47,16133
1661990400,342.92,342.92,334.7,338.09,15782
1662076800,338.09,344.85,334.64,334.64,10325
1662249600,341.33,341.33,332.57,337.33,18187
1662336000,341.54,341.54,334.77,336.02,21382
1662422400,336.02,337.4,333.95,336.02,10871
1662508800,336.36,337.4,332.7,336.02,6937
1662595200,329.94,338.09,329.94,336.15,7789
1662854400,336.71,339.95,334.64,335.26,8333
1662940800,336.71,336.71,331.46,331.53,10503
1663027200,338.15,338.15,331.88,334.64,6033
1663113600,340.5,344.85,338.22,344.85,13678
1663200000,342.23,348.3,333.26,334.64,17355
1663286400,327.94,337.6,327.94,337.12,9129
1663459200,334.7,334.7,331.88,332.57,6771
1663632000,331.88,332.57,324.35,325.39,16279
1663718400,331.88,333.88,324.98,330.77,8194
1663804800,336.02,336.02,325.67,328.56,6208
1664064000,331.19,332.57,327.05,330.43,8383
1664236800,330.5,336.02,327.74,331.88,7060
1664323200,330.5,335.67,328.22,328.43,11381
1664409600,331.19,333.95,327.74,331.12,12727
1665273600,334.64,344.36,334.64,342.09,6123
1665360000,342.92,342.92,331.32,338.09,13453
1665446400,338.15,338.15,331.19,333.26,15663
1665532800,333.26,337.33,327.87,333.95,12887
1665619200,338.09,338.09,332.36,334.64,17855
1665878400,334.64,351.88,329.81,351.88,176659
1665964800,355.33,355.33,344.3,347.74,25454
1666137600,348.43,348.43,341.88,341.88,10291
1666224000,341.54,345.68,339.47,340.16,50236
1666483200,340.16,348.43,340.16,348.37,104319
1667174400,354.64,372.58,350.99,367.75,84072
1667260800,369.13,379.48,366.44,376.17,86135
1667347200,376.03,380.86,371.2,376.03,62705
1667433600,376.03,376.03,364.37,367.06,75436
1667692800,374.31,379.48,367.2,372.58,132005
1667779200,372.58,373.62,364.3,366.37,62810
1667865600,366.37,368.72,365.68,365.82,19249
1667952000,365.68,369.13,361.54,362.23,45490
1668038400,369.13,369.13,358.78,360.79,21021
1668297600,360.85,361.2,354.64,354.64,15813
1668384000,353.26,357.4,353.26,356.02,14666
1668470400,356.71,362.23,356.02,357.4,42828
1668556800,358.78,365.82,357.47,363.61,30966
1668643200,365.68,369.69,362.3,368.44,40224
1669075200,371.89,382.86,368.79,375.34,69909
1669161600,382.24,382.24,370.58,371.82,37068
1669248000,375.34,375.34,370.31,372.58,47380
1669507200,372.58,376.03,367.75,375.34,49984
1669593600,379.48,379.48,371.27,372.51,110573
1669680000,372.68,372.68,362.93,367.22,21127
1669766400,371.12,371.12,363.79,364.1,10102
1669852800,360.99,367.22,360.99,367.07,28265
1670112000,366.52,369.56,364.1,364.81,17172
1670198400,364.1,365.59,358.65,359.43,10556
1670284800,354.75,358.65,352.41,353.34,11869
1670371200,347.73,353.19,347.73,350.85,11718
1670716800,350.85,350.85,343.83,345.39,20126
1670803200,344.61,348.04,338.53,343.05,21106
1670889600,349.84,356.85,341.49,346.95,27069
1670976000,346.95,346.95,341.49,343.83,7192
1671062400,341.49,341.49,329.8,335.26,33792
1671321600,328.63,336.82,328.63,335.26,8622
1671408000,336.04,341.34,331.44,335.26,59490
1671494400,335.26,339.93,335.26,336.82,15066
1671580800,339.15,345.94,336.82,339.15,11352
1671667200,339.15,340.71,333.07,339.86,59696
1672012800,346.64,352.41,339.93,350.07,21372
1672099200,357.01,372.91,356.85,371.82,89272
1672185600,379.23,379.23,363.79,367.22,8889
1672272000,362.54,375.64,358.65,374.24,38611
1672531200,378.14,389.83,368.7,371.9,75713
1672617600,366.44,383.99,364.88,382.04,38769
1672704000,379.7,392.17,379.7,391.39,65666
1672790400,397.55,405.43,390.61,405.43,82922
1672876800,406.21,412.44,398.41,405.43,58167
1673136000,401.53,414.0,401.45,407.38,88355
1673222400,406.99,415.48,402.31,411.66,79213
1673308800,417.12,435.76,401.53,404.65,64340
1673481600,412.44,417.12,391.39,395.29,72380
1673913600,395.29,401.53,390.61,399.27,21923
1674000000,404.65,405.43,395.29,397.63,15164
1674086400,397.63,417.9,395.37,403.87,33985
1674432000,411.9,427.18,411.9,419.46,185572
1674518400,421.02,427.8,412.05,415.56,44859
1674604800,417.12,417.9,410.88,413.22,25755
1674691200,411.66,413.22,404.41,404.41,31997
1674950400,404.65,409.32,399.35,403.87,25712
1675036800,402.31,402.31,393.81,393.81,29694
1675123200,389.91,397.55,389.91,392.95,20379
1675209600,390.61,399.97,390.61,392.95,13192
1675296000,396.07,405.43,394.9,395.29,46722
1675555200,397.63,404.65,397.63,401.06,33740
1675641600,401.53,406.21,397.63,406.21,36777
1675728000,405.43,424.92,402.31,420.94,68851
1675814400,421.02,427.26,417.98,425.7,136423
1675900800,425.7,430.38,420.24,428.82,61945
1676160000,427.26,427.26,413.22,414.78,72854
1676332800,408.55,414.78,408.55,410.81,29599
1676419200,408.55,413.22,405.43,408.55,31592
1676505600,403.17,406.99,402.46,403.09,26769
1676851200,405.43,405.43,396.23,399.97,15510
1677024000,400.75,406.99,399.97,405.43,16273
1677110400,398.88,401.14,396.07,398.41,34849
1677369600,391.39,401.06,391.39,399.19,41280
1677456000,405.43,413.22,393.73,399.19,25874
1677542400,405.35,405.35,396.07,402.31,19371
1677628800,394.75,401.53,394.75,396.85,15985
1677715200,393.73,397.63,389.83,392.17,26744
1677974400,393.73,393.81,386.01,389.83,23016
1678147200,389.83,396.85,389.05,394.12,25805
1678320000,399.97,405.43,396.07,405.43,34599
1678579200,405.43,405.43,393.73,397.55,16549
1678665600,393.73,396.07,389.29,392.17,26608
1678752000,391.39,399.11,387.57,399.11,37524
1678838400,397.63,398.41,383.6,393.65,18853
1678924800,389.83,394.51,388.35,390.69,14420
1679184000,393.73,394.51,389.83,393.73,19303
1679270400,393.73,397.63,393.73,394.51,20767
1679443200,393.73,395.29,391.39,394.51,14478
1679529600,391.47,392.95,386.79,387.57,23861
1679788800,386.01,389.83,383.6,384.38,13829
1679875200,389.83,389.83,376.58,385.78,19994
1679961600,385.16,393.34,382.04,382.04,18734
1680048000,389.52,389.52,382.04,382.82,15110
1680134400,389.05,389.05,381.72,385.93,20918
1680393600,385.93,391.39,382.04,383.52,20715
1680480000,383.6,383.6,379.7,381.26,12749
1680566400,378.92,382.04,375.02,378.14,13664
1680652800,382.04,382.04,375.8,379.7,8657
1680739200,385.16,385.16,378.14,380.4,14284
1680998400,380.48,380.48,373.46,375.64,23690
1681084800,382.04,382.04,374.71,375.02,18201
1681171200,382.04,382.04,375.02,376.58,11619
1681257600,383.6,396.85,383.6,395.45,20280
1681344000,402.31,403.09,389.91,396.07,21341
1681603200,399.19,400.75,390.61,400.75,21569
1681689600,400.75,400.75,395.29,400.67,17094
1681776000,399.97,405.43,388.27,397.63,21198
1681862400,405.43,405.43,395.29,398.8,6125
1681948800,406.21,413.22,401.53,413.15,55941
1682208000,413.22,416.34,403.87,405.43,30821
1682294400,403.24,408.55,401.53,406.99,25431
1682380800,398.88,413.22,398.88,411.66,30919
1682467200,419.85,419.85,408.93,413.15,60401
1682553600,421.33,437.39,407.22,420.24,69760
1682812800,421.02,428.04,414.31,415.56,44857
1682985600,417.12,421.02,413.3,419.46,33372
1683072000,426.56,426.56,413.22,416.26,11611
1683158400,420.24,420.24,411.66,417.75,31121
1683417600,424.92,424.92,408.16,418.68,25354
1683504000,418.68,418.68,410.1,417.12,22829
1683590400,422.5,422.5,411.66,412.44,16818
1683676800,417.12,417.12,408.78,413.22,25507
1683763200,407.06,413.15,407.06,411.59,12900
1684022400,418.68,418.68,403.87,407.77,19787
1684108800,406.21,410.88,402.31,410.57,17787
1684195200,406.99,410.88,406.99,409.32,12365
1684281600,409.32,411.66,407.06,411.66,21327
1684368000,415.48,426.24,409.32,426.24,66714
1684627200,426.48,428.04,417.98,421.02,34019
1684713600,417.9,423.75,414.0,416.34,40158
1684800000,424.14,432.71,420.24,430.38,81022
1684886400,432.71,432.71,426.48,429.52,70489
1685232000,432.71,432.71,421.02,422.58,54930
1685404800,417.12,426.48,413.22,416.34,93471
1685491200,416.34,416.34,403.87,409.95,66071
1685577600,405.43,415.48,405.43,411.66,35905
1685836800,419.85,436.54,415.56,421.02,46144
1685923200,421.02,424.92,412.44,414.78,29343
1686009600,414.78,420.63,414.24,417.9,20589
1686096000,413.22,421.02,413.22,416.26,24048
1686182400,417.12,418.68,413.22,416.34,16480
1686441600,424.14,424.14,415.95,416.34,30414
1686528000,416.42,422.58,416.34,417.9,44162
1686614400,417.12,424.14,417.12,421.8,40536
1686700800,428.04,433.1,422.58,425.7,104638
1686787200,428.82,432.64,423.36,425.23,63569
1687046400,426.48,432.64,421.02,426.4,70011
1687132800,427.26,434.27,419.46,425.7,24650
1687219200,425.0,430.38,423.36,423.36,21027
1687305600,420.32,424.84,420.32,424.84,107381
1687392000,424.84,424.92,420.24,422.58,40453
1687651200,424.14,452.21,419.85,438.95,108674
1687737600,438.95,465.23,438.95,453.69,162224
1687824000,462.73,462.73,452.21,455.33,88115
1687910400,452.28,455.25,443.24,444.33,58332
1688256000,444.41,448.31,430.38,432.32,45079
1688342400,438.17,439.73,427.26,428.11,23979
1688428800,425.7,436.61,425.7,429.99,41612
1688515200,438.56,445.97,427.26,428.74,47740
1688601600,428.82,428.82,424.92,426.48,39447
1688860800,434.27,436.61,426.79,436.61,30337
1688947200,439.73,443.63,432.71,435.83,24259
1689033600,435.83,438.95,429.67,429.67,18458
1689120000,429.6,436.61,428.82,436.54,30139
1689206400,440.51,442.85,436.61,438.17,50396
1689465600,444.41,452.99,435.05,438.95,21678
1689552000,438.95,453.38,436.61,453.38,61987
1689638400,455.33,471.7,452.21,461.56,102513
1689724800,461.64,463.51,457.66,460.0,93945
1689811200,460.0,464.68,456.88,459.22,63738
1690070400,460.0,482.61,458.44,481.05,160818
1690156800,477.94,481.05,467.8,479.42,134534
1690243200,482.61,482.61,463.9,464.68,126711
1690329600,464.68,471.62,460.78,464.6,115321
1690416000,458.52,471.7,458.52,463.9,101187
1690675200,467.8,485.73,465.46,469.36,168940
1690761600,474.82,474.82,463.9,470.14,65100
1690848000,471.7,472.48,462.34,466.16,60963
1690934400,461.56,471.7,461.56,467.02,59747
1691020800,470.84,470.92,466.32,467.02,47830
1691280000,476.3,485.73,467.02,470.92,201116
1691366400,475.52,475.6,467.8,471.62,111109
1691452800,480.98,480.98,468.03,473.8,73286
1691539200,473.26,477.86,470.14,474.12,72822
1691625600,482.61,482.61,473.26,474.04,66031
1691884800,476.38,483.39,473.41,483.39,80282
1691971200,485.73,492.75,483.39,489.63,87666
1692057600,493.53,493.53,480.27,483.39,82978
1692144000,483.39,483.39,473.88,477.78,52437
1692230400,475.6,483.0,475.6,478.72,39111
1692489600,483.39,484.17,479.49,481.05,33136
1692576000,476.38,482.61,475.67,477.16,35625
1692662400,484.72,484.72,475.91,480.27,28236
1692748800,480.27,484.87,479.49,480.35,33312
1692835200,486.43,486.51,475.99,477.39,39295
1693094400,475.67,478.64,473.57,474.04,34903
1693180800,481.83,481.83,472.48,474.04,22545
1693267200,474.04,478.64,472.48,472.79,24425
1693353600,474.04,478.64,469.59,470.92,39659
1693699200,474.04,474.04,464.6,464.68,54008
1693785600,467.8,470.14,463.12,465.69,39224
1693872000,467.72,470.92,466.32,467.02,39347
1694044800,467.8,467.8,460.0,460.0,51200
1694304000,463.12,471.7,463.12,470.14,52133
1694390400,475.6,488.07,471.7,483.63,92085
1694476800,488.77,490.41,480.27,481.68,73335
1694563200,483.39,488.85,482.3,488.62,102504
1694908800,478.87,478.87,456.49,456.96,211763
1694995200,452.99,456.88,450.65,454.55,62121
1695081600,456.1,467.8,452.99,463.12,34573
1695254400,469.36,470.76,456.1,459.22,83801
1695513600,461.56,461.56,453.77,455.33,46852
1695600000,458.44,458.44,450.73,452.21,28395
1695686400,460.0,460.0,450.65,451.97,19577
1695772800,459.22,459.22,442.85,445.19,65895
1696118400,448.31,448.31,436.61,438.02,57462
1696204800,438.17,443.63,435.44,440.9,678
1696291200,441.25,445.97,428.82,431.39,44579
1696377600,428.9,435.59,424.53,425.39,24393
1696464000,428.73,428.73,418.7,422.73,27263
1696723200,424.53,424.53,413.38,413.46,32361
1696809600,411.66,415.09,407.46,408.23,19740
1696896000,411.58,411.66,399.66,401.37,21938
1696982400,401.37,404.8,395.37,396.23,30223
1697068800,396.23,396.23,388.34,389.37,26989
1697414400,389.37,392.8,384.22,388.51,18964
1697500800,385.93,394.08,385.93,393.65,23533
1697587200,394.51,413.38,393.65,410.81,32405
1697673600,410.81,420.24,403.95,415.01,26388
1698537600,422.73,422.73,401.37,403.95,6894
1698624000,402.23,403.95,398.89,402.83,10700
1698710400,399.74,403.09,399.66,402.23,7682
1698796800,403.09,403.09,398.8,401.37,10788
1698883200,401.37,401.37,394.51,396.23,9244
1699142400,394.51,396.23,387.65,390.22,15335
1699228800,397.08,400.51,388.51,390.22,15961
1699315200,397.08,400.51,390.22,391.94,15143
1699401600,391.08,394.51,389.79,391.94,13856
1699488000,397.94,399.66,392.8,396.14,11683
1700438400,398.8,403.09,398.8,401.29,10897
1700524800,408.66,408.66,396.31,400.51,10693
1700611200,395.37,400.51,392.97,399.83,10489
1700697600,397.94,402.23,396.4,401.37,14263
1700956800,403.09,412.01,399.83,411.66,16004
1701043200,407.8,413.81,407.8,408.23,9327
1701129600,411.66,412.52,409.09,412.52,8487
1701216000,412.52,420.24,404.8,404.8,6581
1701302400,404.8,411.49,398.8,405.66,11470
1701561600,407.38,407.38,397.94,404.72,9189
1701648000,403.09,403.09,396.66,401.63,9791
1701734400,398.97,403.09,398.89,403.09,6166
1701820800,409.09,410.81,397.94,403.09,11956
1701907200,402.23,408.23,402.23,407.38,11647
1702166400,415.52,445.97,415.52,445.97,2993
1702252800,452.83,454.55,430.53,432.08,62454
1702339200,440.65,440.65,432.25,438.68,60472
1702425600,439.11,445.97,438.68,444.25,30557
1702512000,445.11,454.55,444.25,448.54,42665
1702771200,443.4,449.31,440.05,447.94,39094
1702857600,453.69,462.26,448.54,461.41,62981
1702944000,461.41,469.98,458.83,468.27,49869
1703030400,475.13,480.27,466.47,467.41,43879
1703116800,467.41,471.7,450.51,454.63,50049
1703376000,454.63,454.63,444.43,446.83,28896
1703635200,455.4,455.4,434.82,436.54,31287
1703721600,433.19,441.68,433.19,437.39,16733
1704067200,436.54,444.25,436.54,439.11,21421
1704153600,436.54,436.54,430.53,433.1,36344
1704240000,433.1,436.54,428.9,434.05,21410
1704326400,435.76,439.11,435.08,435.08,24409
1704585600,428.82,435.68,428.82,431.39,38894
1704672000,433.1,437.31,430.62,433.96,39068
1704758400,433.96,441.68,433.96,439.11,38285
1704844800,440.82,451.97,440.82,445.88,51897
1704931200,454.55,454.55,442.71,445.11,22910
1705190400,450.26,450.86,442.54,449.4,40718
1705363200,449.4,454.97,447.34,454.55,33330
1705449600,446.23,473.24,446.23,455.4,80086
1705536000,451.11,475.13,445.45,475.13,64489
1705795200,475.99,475.99,451.11,451.11,96364
1705881600,457.98,457.98,447.94,448.54,70924
1705968000,446.83,453.69,445.97,448.54,41319
1706054400,450.26,453.69,449.4,451.11,44433
1706140800,451.11,458.83,448.8,454.63,49908
1706400000,456.26,461.49,456.26,461.23,55869
1706486400,460.63,466.55,456.26,465.52,60388
1706572800,471.27,471.27,460.55,463.12,39286
1706659200,463.12,463.12,454.55,457.98,47569
1706745600,454.55,462.26,451.11,451.97,39795
1707004800,451.97,456.09,447.86,452.92,25855
1707091200,458.83,458.83,450.26,452.83,24905
1707177600,460.12,460.12,451.97,453.69,24504
1707264000,462.69,462.69,454.55,457.89,22970
1707350400,453.69,457.98,450.26,452.4,20479
1707609600,454.55,456.26,447.17,447.17,21792
1707696000,447.68,450.26,447.34,450.26,27227
1707782400,447.86,449.31,441.68,446.83,35056
1707868800,450.26,452.83,446.83,451.97,34100
1707955200,447.77,452.83,445.2,447.68,11587
1708214400,447.68,447.68,443.4,445.11,22430
1708387200,445.11,450.0,438.25,444.25,13578
1708473600,445.97,449.4,441.85,442.54,13463
1708560000,441.68,445.37,438.42,439.37,14574
1708819200,439.11,439.11,427.53,427.96,49205
1708905600,427.96,435.68,427.96,430.53,19334
1708992000,427.1,439.11,427.1,437.39,17908
1709078400,437.39,437.39,428.82,430.87,18434
1709164800,424.53,437.31,424.53,428.04,18995
1709424000,428.82,433.02,420.24,423.67,31759
1709510400,432.08,449.4,432.08,449.4,30
1709596800,454.55,454.55,427.1,435.51,24249
1709683200,443.4,443.4,430.7,436.54,23145
1709769600,445.2,445.97,435.08,435.68,14957
1710028800,441.68,441.68,437.39,440.74,11123
1710201600,449.49,452.83,441.68,451.11,27965
1710288000,460.12,460.12,442.54,447.68,15620
1710374400,441.68,445.97,440.91,443.4,13637
1710633600,437.39,446.83,437.39,442.54,20016
1710720000,442.97,445.97,442.45,443.4,24541
1710806400,441.68,444.25,439.62,439.79,19048
1710892800,447.68,447.68,439.28,440.91,13640
1710979200,439.11,444.25,438.42,440.05,15525
1711324800,437.39,438.25,430.79,431.39,29900
1711411200,433.1,436.54,431.73,434.22,16132
1711497600,435.59,435.68,430.96,433.1,23873
1711584000,432.68,436.36,431.39,431.99,23558
1711843200,437.39,437.39,427.1,428.82,29864
1711929600,427.1,431.39,423.67,425.39,28099
1712016000,427.19,428.82,421.96,426.24,33711
1712102400,426.24,433.96,420.67,423.67,39455
1712188800,422.81,425.39,420.75,422.81,35709
1712448000,422.81,428.82,417.92,428.82,17202
1712620800,437.39,437.39,428.82,432.16,12671
1712707200,430.53,433.1,428.99,433.1,20985
1713052800,436.54,436.54,427.1,432.08,25363
1713139200,432.85,432.85,427.27,428.82,16601
1713225600,424.79,428.82,424.79,426.24,10227
1713398400,427.87,428.82,423.67,426.24,7434
1713657600,433.1,435.68,428.39,433.96,18528
1713744000,432.33,437.22,431.39,433.02,16174
1713916800,429.76,433.96,429.76,433.88,13536
1714003200,433.88,433.88,428.82,433.1,10713
1714262400,433.1,433.96,427.27,433.1,30043
1714348800,433.1,433.96,430.7,433.1,14002
1714435200,441.77,441.77,433.1,436.54,15772
1714608000,445.2,445.2,432.33,433.45,19183
1714867200,433.1,435.68,428.82,428.82,22588
1714953600,431.39,431.39,422.04,427.02,28543
1715040000,428.82,428.82,425.39,428.47,20651
1715126400,427.1,433.1,425.39,430.53,9557
1715212800,424.61,428.39,424.61,427.96,13206
1715472000,429.67,431.39,423.67,428.82,33282
1715558400,430.53,439.11,428.82,437.31,29128
1715644800,445.8,445.8,435.68,438.25,23270
1715731200,446.83,446.83,434.82,437.39,17063
1715817600,433.1,439.11,430.96,439.11,21450
1716076800,447.86,448.54,436.54,443.4,52012
1716163200,451.97,466.55,447.68,456.26,103898
1716249600,464.84,464.84,456.26,464.75,63560
1716336000,464.84,479.42,460.81,472.47,131084
1716681600,475.99,476.84,464.15,469.04,70491
1716768000,471.7,471.7,461.84,463.12,53168
1716940800,471.61,471.61,453.09,453.69,37485
1717027200,454.55,454.55,447.68,448.54,30166
1717286400,448.54,452.83,445.97,451.72,16905
1717372800,451.72,452.83,447.86,452.66,12259
1717459200,452.66,454.97,449.66,454.97,31818
1717545600,445.97,455.4,445.97,453.6,17664
1717632000,452.92,452.92,447.0,452.83,27100
1717891200,461.84,461.84,450.26,451.97,25534
1717977600,460.98,460.98,445.97,453.95,30420
1718064000,462.95,462.95,450.34,455.4,25098
1718150400,458.83,463.12,456.26,458.75,21639
1718236800,457.98,457.98,455.06,457.12,16504
1718496000,457.03,457.03,451.2,454.55,18004
1718668800,451.97,456.26,450.26,456.0,11520
1718755200,454.55,454.55,450.26,453.6,21637
1718841600,462.61,462.61,451.11,452.83,15835
1719100800,453.69,453.69,447.0,447.6,28362
1719187200,452.83,452.83,446.05,448.46,22845
1719273600,446.48,453.26,446.48,451.11,9844
1719360000,451.11,453.69,445.97,449.4,25334
1719446400,448.54,448.54,444.34,446.74,11467
1719705600,445.11,445.11,443.48,444.25,15540
1719792000,444.25,445.11,438.25,445.11,15298
1719878400,453.69,488.85,453.69,460.55,34288
1719964800,454.55,461.41,451.46,461.41,23887
1720051200,463.12,466.72,459.69,464.84,44284
1720310400,464.84,467.41,461.58,463.98,33158
1720396800,464.84,464.84,459.26,461.23,23102
1720483200,458.92,463.12,458.15,463.12,16393
1720569600,463.21,470.58,463.12,469.98,40800
1720656000,471.7,476.84,469.73,474.27,83055
1720915200,483.7,493.14,478.73,487.14,59158
1721001600,487.99,493.14,473.41,480.27,96569
1721088000,476.84,491.42,476.84,491.34,44666
1721174400,493.14,506.0,489.71,503.6,102276
1721260800,507.72,530.02,503.69,523.16,162266
1721520000,523.16,532.59,512.86,527.27,131301
1721606400,527.79,529.16,514.58,521.01,102363
1721692800,527.44,527.44,517.15,527.44,133980
1721779200,528.3,531.73,514.58,523.16,216469
1721865600,530.87,530.87,514.67,529.07,159802
1722124800,539.62,581.9,539.62,581.9,368776
1722211200,593.48,600.34,566.04,569.47,332829
1722297600,572.9,574.61,557.46,570.33,182913
1722384000,573.67,584.73,570.33,580.62,228076
1722470400,590.05,590.05,574.61,574.7,278830
1722816000,586.19,606.35,585.76,589.97,285021
1722902400,591.77,600.77,574.61,577.19,401087
1722988800,577.19,588.34,566.04,585.59,268169
1723075200,591.77,596.05,578.9,584.91,125871
1723334400,591.77,596.05,582.33,593.91,243151
1723420800,594.34,605.06,592.02,602.92,232675
1723507200,604.63,613.12,598.63,602.92,162399
1723593600,614.92,614.92,600.34,602.92,152919
1723680000,614.92,617.5,600.34,612.01,239159
1723939200,617.5,634.65,614.15,623.5,399125
1724198400,621.78,667.67,621.78,660.38,603337
1724284800,667.24,677.53,653.69,656.95,180780
1724544000,656.95,657.8,632.08,640.65,267998
1724716800,653.43,653.43,621.78,623.07,268339
1724803200,635.51,652.66,623.67,638.94,292685
1724889600,649.66,649.66,622.64,634.65,135538
1725148800,638.08,638.08,619.21,623.5,148373
1725235200,611.06,638.94,611.06,638.59,127354
1725321600,642.37,647.51,627.79,628.73,78177
1725408000,641.25,641.25,616.98,620.84,78623
1725494400,620.93,624.36,610.63,617.5,77907
1725753600,617.5,617.5,591.85,593.4,202281
1725840000,593.4,593.48,578.9,593.48,117152
1725926400,605.32,605.32,586.62,587.05,78940
1726012800,587.48,597.77,583.19,584.05,51121
1726099200,581.48,608.06,581.48,604.63,145952
1726358400,616.72,617.5,597.86,599.49,127628
1726444800,588.34,609.78,588.34,608.06,158207
1726617600,608.06,608.06,595.2,602.92,83610
1726963200,614.92,614.92,600.34,604.63,82020
1727049600,616.64,616.64,595.63,596.05,132220
1727136000,595.28,603.77,573.58,575.38,76756
1727222400,574.53,575.47,547.92,566.04,55644
1727308800,566.04,573.58,556.7,564.15,37015
1727568000,564.15,565.0,534.91,560.38,56411
1727654400,559.34,559.43,551.89,551.89,26247
1727740800,552.92,580.19,552.83,580.19,64523
1727827200,580.19,584.81,563.21,568.87,48804
1728172800,568.87,571.7,561.32,568.87,52529
1728259200,580.09,584.91,570.75,578.02,56336
1728345600,575.47,580.0,572.64,578.77,18457
1728432000,576.42,583.02,576.42,578.4,26956
1728950400,589.53,589.53,578.49,580.19,13521
1729036800,585.0,585.85,582.08,584.81,25136
1729123200,585.85,589.62,580.19,580.19,28695
1729382400,580.19,585.0,569.81,579.62,32048
1729468800,579.25,580.19,568.11,571.79,32950
1729555200,570.75,580.19,561.32,566.04,28351
1729641600,577.36,594.34,569.81,570.75,36074
1729728000,566.04,570.75,564.25,567.45,18233
1729987200,578.77,578.77,560.38,564.15,20191
1730073600,562.26,567.83,560.38,565.09,17693
1730160000,565.09,571.7,561.32,565.94,25344
1730246400,566.04,574.43,562.36,569.72,28118
1730764800,569.72,571.7,566.04,567.92,19454
1730851200,567.92,569.81,565.09,566.04,19443
1731196800,573.58,573.58,565.09,573.49,29331
1731283200,583.02,584.91,567.92,583.96,54227
1731369600,584.91,592.45,581.13,584.34,67171
1731456000,575.57,588.87,572.92,575.47,29750
1731542400,586.98,586.98,573.11,579.25,32660
1731801600,587.74,587.74,572.74,573.58,21975
1731974400,570.75,583.96,566.32,570.75,29344
1732060800,580.19,580.19,565.94,575.38,49133
1732147200,584.91,584.91,570.85,572.64,38133
1732406400,572.64,575.47,570.75,570.75,42888
1732492800,570.75,574.53,564.15,574.53,23699
1732579200,585.94,585.94,565.09,577.26,32033
1732665600,583.02,583.02,569.81,580.19,35525
1732752000,580.19,580.19,572.17,575.47,28630
1733011200,586.98,586.98,566.04,571.32,70606
1733097600,575.47,575.47,566.04,569.34,42293
1733184000,573.58,574.06,564.15,571.6,38721
1733270400,583.02,583.02,565.09,572.64,46471
1733356800,566.98,566.98,557.55,560.38,42910
1733616000,554.72,559.43,550.0,555.66,46027
1733702400,551.89,556.6,547.36,556.6,15252
1733788800,559.34,559.34,547.26,550.0,26101
1733875200,549.15,565.94,548.11,565.94,18246
1733961600,575.47,575.47,557.55,562.26,15579
1734307200,562.26,566.04,552.17,557.55,17474
1734393600,552.83,555.66,551.98,555.19,14339
1734480000,556.6,565.0,554.72,554.72,25395
1734566400,552.83,563.02,551.89,556.6,29508
1734825600,545.47,560.38,545.47,551.89,18426
1734912000,549.06,551.89,547.64,550.0,18544
1734998400,550.0,556.51,545.28,547.17,34253
1735171200,547.17,555.66,543.49,551.79,49421
1735430400,551.89,556.51,547.17,550.0,16501
1735603200,550.0,550.94,542.45,548.11,20593
1735689600,547.17,551.89,543.49,547.17,25089
1735776000,551.79,551.79,545.28,545.28,24063
1736035200,537.74,548.49,537.74,547.17,14606
1736121600,544.34,552.74,544.34,549.43,25081
1736208000,548.11,553.87,548.11,553.68,10458
1736294400,556.6,557.36,551.89,557.36,44501
1736380800,551.89,559.43,551.89,559.43,37569
1736640000,559.43,561.32,547.17,551.89,40709
1736726400,551.89,551.89,544.34,548.11,80641
1736899200,547.17,551.79,540.57,546.98,20262
1736985600,547.17,547.17,540.57,542.45,24867
1737244800,542.45,551.89,542.45,551.89,24033
1737331200,562.26,567.92,556.51,561.32,69678
1737417600,566.04,566.04,561.32,565.94,26141
1737504000,566.04,567.83,561.32,564.15,71138
1737590400,567.92,570.75,563.21,564.62,24168
1737849600,575.47,575.47,561.32,564.06,30725
1737936000,559.43,566.04,557.55,561.32,29637
1738022400,566.04,568.87,554.72,566.04,37856
1738454400,575.47,575.47,563.21,572.55,78560
1738540800,572.64,582.08,570.75,573.3,80963
1738627200,569.81,575.47,569.81,572.64,73140
1738713600,574.53,575.47,571.23,572.64,23873
1738800000,575.47,582.08,567.92,575.47,32409
1739059200,563.96,582.08,563.96,575.09,30934
1739145600,579.25,579.25,570.75,572.64,24854
1739232000,566.98,572.64,566.98,572.55,24574
1739318400,580.0,580.0,568.49,573.58,56933
1739404800,566.04,579.25,566.04,571.51,30351
1739664000,566.04,578.3,566.04,575.47,55609
1739750400,586.98,586.98,577.36,580.38,49733
1739836800,591.98,591.98,577.45,580.09,54109
1740009600,568.96,580.19,568.96,577.36,32772
1740268800,573.58,579.72,566.04,578.3,40047
1740355200,566.79,582.74,566.79,578.77,41361
1740441600,579.43,587.64,579.43,585.38,41994
1740614400,597.08,613.21,591.13,596.7,109188
1740873600,584.91,608.58,584.91,605.94,45742
1740960000,613.21,613.21,597.64,601.89,106700
1741046400,601.89,608.49,593.58,596.23,69964
1741132800,594.43,594.43,586.32,592.45,36721
1741219200,585.09,594.15,585.09,592.45,17938
1741478400,604.25,604.25,579.34,583.02,38930
1741564800,594.25,594.34,580.47,586.6,28345
1741651200,578.3,587.74,578.3,581.6,30722
1741737600,576.42,584.91,576.42,583.96,23025
1742083200,580.19,582.83,576.42,581.13,24283
1742169600,578.3,580.19,570.94,579.43,52962
1742256000,577.36,580.0,576.51,578.3,17747
1742342400,579.25,579.72,573.58,573.58,29380
1742428800,572.64,576.42,570.94,574.87,33163
1742688000,581.13,581.13,566.04,566.39,31931
1742774400,566.04,570.75,560.85,568.95,29752
1742860800,580.28,580.28,560.38,566.4,40323
1742947200,567.92,570.75,566.04,569.03,24908
1743033600,580.38,580.38,566.04,572.31,24595
1743292800,566.04,577.36,566.04,572.6,23081
1743465600,575.28,575.28,566.04,566.63,25463
1743552000,577.92,577.92,566.04,569.33,21179
1743638400,577.36,577.36,568.96,571.08,30596
1743984000,566.04,572.64,566.04,570.98,15546
1744070400,568.87,573.58,566.13,571.79,29286
1744156800,583.02,583.02,570.75,572.25,19337
1744243200,580.19,580.19,571.7,573.33,27045
1744502400,573.58,577.45,570.94,571.79,17905
1744675200,583.02,583.02,573.58,574.6,22581
1744761600,584.91,584.91,573.77,579.13,27536
1744848000,582.83,586.79,577.45,584.05,42936
1745107200,595.28,595.28,584.91,589.67,63635
1745193600,593.87,599.06,586.89,595.39,74610
1745280000,596.32,599.06,592.45,595.37,40770
1745366400,591.51,599.06,586.79,587.35,84744
1745452800,582.55,588.68,578.3,585.5,46983
1745712000,583.11,597.17,582.08,585.15,56202
1745798400,582.17,588.49,582.08,583.17,19785
1745884800,585.85,585.85,579.25,581.08,31861
1745971200,581.13,584.91,575.47,577.95,20918
1746316800,577.36,584.91,575.47,580.4,50212
1746403200,584.91,584.91,577.45,579.86,12087
1746489600,579.25,582.08,577.36,579.62,22290
1746576000,576.42,587.55,576.42,587.06,29172
1746662400,581.13,592.26,581.13,583.5,22411
1746921600,584.91,589.62,580.28,583.8,23793
1747094400,585.85,593.4,579.72,581.0,35938
1747180800,591.42,591.42,577.36,579.08,21135
1747267200,579.34,581.13,575.57,577.74,27168
1747526400,579.25,588.68,575.47,580.57,24672
1747612800,588.3,589.62,583.02,587.88,35072
1747699200,584.91,594.34,581.6,593.69,45118
1747785600,599.06,617.55,598.11,599.54,111269
1747872000,603.77,614.91,600.0,605.84,96434
1748131200,608.49,617.92,601.89,606.62,116943
1748217600,618.68,622.64,610.38,613.65,220971
1748304000,613.21,620.75,608.49,617.26,98118
1748390400,616.98,627.36,606.6,625.92,157427
1748822400,637.74,637.74,628.3,631.03,214147
1748908800,628.3,631.04,618.02,618.21,163337
1748995200,605.85,625.47,605.85,610.08,46542
1749081600,616.98,616.98,608.49,616.1,75653
1749340800,620.75,620.75,603.77,606.89,72849
1749427200,616.98,616.98,600.66,609.33,53276
1749513600,617.92,617.92,604.06,613.83,97899
1749600000,613.21,621.79,604.25,608.89,44857
1749686400,618.87,618.87,601.89,602.7,44323
1749945600,591.51,610.38,591.51,599.57,72617
1750032000,596.32,604.25,596.32,600.25,63380
1750118400,607.08,608.49,601.89,603.38,87898
1750204800,603.77,604.72,599.43,601.63,35645
1750291200,599.06,603.77,598.11,600.42,30898
1750550400,599.06,601.89,591.79,592.28,55635
1750636800,589.62,600.0,589.62,598.51,22703
1750723200,605.66,605.66,596.32,599.38,28965
1750809600,600.0,601.89,595.28,599.32,38444
1750896000,599.06,600.94,598.11,599.22,28083
1751155200,603.77,608.49,600.09,607.42,22263
1751241600,613.21,613.21,599.06,606.13,22403
1751328000,606.13,611.23,603.87,607.0,29297
1751414400,608.58,614.15,607.64,613.01,43324
1751500800,608.58,625.38,604.06,619.64,100633
1751760000,617.92,625.28,611.32,622.27,73221
1751846400,627.17,628.3,616.04,618.06,118386
1751932800,630.09,630.09,615.09,620.32,78838
1752019200,627.36,627.36,618.87,623.26,64837
1752105600,628.3,639.62,623.4,632.35,108835
1752364800,644.91,664.15,641.51,660.58,358057
1752451200,660.38,660.38,643.4,650.62,116806
1752537600,649.06,656.6,644.34,655.22,80041
1752624000,665.09,667.83,652.92,661.85,380520
1752710400,662.26,693.4,655.66,689.58,231952
1752969600,693.4,704.72,684.06,693.71,283091
1753056000,681.13,707.55,681.13,703.01,283558
1753142400,702.83,731.13,702.83,720.68,283754
1753228800,726.42,726.42,707.55,721.55,292455
1753315200,722.64,722.64,702.92,713.89,264650
1753574400,713.21,716.98,700.0,702.73,366891
1753660800,707.55,707.55,686.79,694.67,205878
1753747200,698.11,707.55,692.45,694.79,173450
1753833600,707.45,707.45,678.3,681.28,125621
1753920000,674.53,688.02,672.64,676.5,156655
1754179200,690.0,690.0,669.91,670.76,98110
1754265600,674.53,679.15,660.38,676.33,109388
1754352000,683.96,683.96,665.09,669.94,81510
1754438400,663.96,673.49,663.96,665.72,46603
1754524800,661.32,676.42,661.32,667.52,71174
1754870400,680.19,693.87,667.92,669.37,196948
1754956800,674.53,677.36,661.42,669.33,143996
1755043200,673.58,678.3,671.7,674.66,79983
1755129600,681.13,681.13,673.58,675.18,84348
1755388800,681.13,683.96,670.19,679.12,108739
1755475200,683.87,688.68,677.64,684.63,83163
1755561600,688.68,694.34,680.19,692.96,77985
1755648000,697.64,699.06,686.79,697.3,130752
1755734400,698.11,707.55,694.25,705.44,170311
1755993600,705.66,711.32,687.74,691.47,104700
1756080000,697.08,710.38,681.13,700.92,108125
1756166400,711.32,711.32,692.45,706.08,110366
1756252800,706.6,710.38,703.96,709.02,95651
1756339200,702.83,712.26,702.83,705.35,80293
1756598400,703.87,711.32,698.21,709.16,169668
1756684800,723.3,733.02,704.81,722.01,319582
1756771200,736.42,736.42,716.98,718.31,79636
1756857600,716.98,718.87,705.85,707.92,74732
1756944000,701.89,711.23,695.28,699.11,125233
1757203200,700.0,700.0,674.53,682.91,307228
1757289600,683.02,683.02,664.06,671.28,90889
1758153600,658.49,658.49,619.43,633.11,17943
1758412800,633.96,676.42,633.02,665.06,200039
1758585600,665.09,678.3,661.42,671.7,48632
1758672000,671.7,679.25,668.21,669.81,55779
1758758400,665.09,675.47,662.26,674.34,21113
1759017600,674.53,681.13,672.64,679.25,27218
1759795200,683.02,683.02,669.81,679.25,89590
1759881600,679.25,679.25,670.38,670.38,79337
1759968000,683.77,696.23,675.47,676.42,195074
1760227200,670.0,672.0,650.0,652.0,149895
1760313600,665.0,665.0,632.0,642.0,58961
1760400000,643.0,649.9,636.0,639.0,30565
1760486400,643.9,643.9,634.0,637.0,32284
1760572800,636.0,642.0,630.0,640.1,49689
1760832000,628.0,639.0,628.0,631.0,27253
1761436800,620.0,632.0,620.0,624.9,26398
1761609600,627.0,632.3,620.0,630.0,20842
1761696000,633.0,633.0,625.0,625.0,12086
1761782400,620.5,629.8,619.0,625.0,28412
1762041600,637.5,637.5,623.0,630.1,26776
1762128000,636.0,639.0,624.0,633.0,23526
1762214400,635.0,635.0,629.5,631.0,18856
1762300800,628.0,634.5,628.0,628.2,24430
1762387200,625.0,636.0,623.0,623.0,31406
1762646400,630.0,632.0,625.1,628.5,22341
1762732800,631.1,641.0,631.0,633.0,23731
1762819200,638.0,639.0,631.0,633.3,20058
1762905600,635.0,639.0,630.1,634.0,38337
1762992000,638.0,638.0,630.0,631.0,23821
1763251200,631.0,636.0,630.0,632.0,17606
1763337600,633.0,636.0,633.0,635.0,15079
1763424000,636.1,646.0,636.0,640.0,25395
1763510400,647.0,647.0,637.7,638.0,11554
1763596800,639.0,647.0,635.0,640.0,17958
1763856000,644.0,652.0,639.0,651.9,29228
1763942400,656.0,656.0,649.3,651.2,18874
1764028800,651.2,659.7,646.0,657.0,21721
1764115200,662.0,662.8,649.0,660.0,26943
1764201600,653.0,665.0,653.0,661.0,30238
1764460800,664.5,666.0,654.0,654.0,36295
1764547200,654.0,655.0,641.0,650.0,12453
1764633600,650.1,655.0,643.0,643.0,28724
1764720000,655.7,655.7,641.0,644.0,19833
1765065600,652.1,652.1,639.0,641.0,31463
1765152000,641.0,648.0,637.9,638.0,21169
1765238400,640.0,645.0,640.0,640.0,7879
1765324800,641.0,642.0,639.5,641.0,21558
1765411200,637.0,646.0,637.0,646.0,12652
1765670400,654.3,654.3,644.1,645.1,43313
1765756800,645.1,648.0,643.3,646.2,20581
1765843200,649.0,652.9,645.1,650.6,16393
1765929600,663.0,663.0,651.0,653.1,18564
1766016000,657.6,657.6,651.3,655.0,9793
1766275200,653.0,660.0,647.1,652.0,20227
1766361600,647.0,652.0,645.0,646.5,19469
1766448000,646.5,651.0,643.5,650.0,13059
1766534400,650.0,650.0,641.1,647.3,20691
1766880000,650.0,655.0,648.2,654.0,32533
1766966400,660.0,663.9,655.3,657.5,23830
1767139200,657.2,664.0,657.1,663.0,24223
1767225600,660.1,661.5,652.0,652.0,15716
1767484800,652.0,653.0,645.0,650.0,17855
1767571200,649.0,660.0,645.0,654.0,28075
1767657600,663.0,663.0,654.0,656.0,19136
1767744000,654.1,662.0,652.0,658.0,32918
1767830400,653.0,664.0,653.0,661.0,24336
1768176000,660.0,664.8,658.0,660.4,24488
1768262400,665.0,665.0,660.0,661.0,9271
1768348800,661.0,665.0,658.0,660.0,26659
1768694400,660.5,667.0,660.0,665.2,27585
1768867200,665.0,682.0,665.0,677.0,35963
1768953600,678.1,680.0,671.0,673.0,13721
1769040000,668.0,675.0,668.0,671.0,19126
1769299200,671.0,683.5,670.1,674.0,42047
1769385600,674.0,677.6,671.2,677.3,44613
1769472000,672.0,676.9,670.3,670.3,38432
1769558400,683.0,683.0,670.0,674.0,49392
1769644800,675.0,679.0,673.0,673.3,34896
1769904000,675.0,675.0,668.0,668.5,19118
1769990400,655.2,670.0,655.2,668.2,24631
1770076800,666.0,670.0,665.0,665.2,52815
1770163200,652.0,675.0,652.0,670.0,46049
1770249600,664.0,671.0,664.0,669.0,35537
1770508800,666.0,680.0,665.0,670.0,55470
1770595200,670.0,672.0,665.1,670.0,57712
1770681600,670.0,670.0,664.6,664.6,26651
