date,open,high,low,close,volume
1332028800,85.22,84.27,83.32,83.32,110
1332201600,83.32,82.37,82.37,82.37,10
1337644800,82.37,83.95,83.32,83.95,146
1341187200,83.95,83.0,83.0,83.0,50
1342569600,83.0,82.05,82.05,82.05,50
1343692800,82.05,81.1,80.78,80.78,240
1349222400,80.78,79.83,79.83,79.83,61
1349827200,79.83,78.88,78.88,78.88,100
1351987200,78.88,77.93,77.93,77.93,1428
1354492800,77.93,78.88,78.88,78.88,387
1354579200,78.88,77.93,77.61,77.61,186
1354665600,77.61,76.66,75.07,75.07,3481
1354752000,75.07,74.44,70.63,70.63,17939
1359244800,72.1,70.79,70.79,70.79,73
1363132800,70.79,70.79,70.79,70.79,1106
1367280000,70.79,70.13,70.13,70.13,1190
1369612800,70.13,70.13,70.13,70.13,203
1369872000,70.13,70.13,68.16,68.16,1233
1370390400,68.16,67.5,65.53,65.53,709
1370822400,65.53,66.19,65.53,65.53,87
1370995200,65.53,64.88,64.22,64.22,535
1375056000,64.22,63.56,63.56,63.56,446
1378080000,63.56,63.24,61.92,61.92,756
1378166400,61.92,62.58,61.92,62.58,1562
1378339200,62.58,63.24,63.24,63.24,198
1378684800,63.24,63.89,63.89,63.89,500
1378771200,63.89,63.89,63.89,63.89,40
1378857600,63.89,63.89,63.24,63.24,1385
1379203200,63.24,63.24,63.24,63.24,966
1379376000,63.24,63.24,63.24,63.24,16
1379808000,63.24,63.24,63.24,63.24,32
1379894400,63.24,63.24,63.24,63.24,495
1379980800,63.24,63.89,63.24,63.24,336
1380067200,63.24,63.56,63.24,63.56,1421
1380672000,63.56,63.56,63.56,63.56,125
1380758400,63.56,62.91,62.91,62.91,40
1382227200,62.91,62.25,62.25,62.25,27
1382400000,62.25,61.6,61.6,61.6,3029
1382486400,61.6,62.91,62.25,62.25,863
1382918400,62.25,62.91,62.25,62.25,191
1383004800,62.25,62.25,62.25,62.25,125
1383782400,62.25,62.25,61.6,62.25,220
1385856000,62.25,62.25,61.6,61.6,1545
1386115200,61.6,62.91,62.25,62.91,20
1386201600,62.91,64.88,63.56,64.88,30
1386547200,64.88,67.5,65.53,67.5,258
1386633600,67.5,68.16,68.16,68.16,10
1386720000,68.16,69.47,68.82,69.47,30
1386806400,69.47,71.44,70.13,71.44,336
1387065600,71.44,72.75,72.1,72.75,218
1387670400,72.75,73.41,73.41,73.41,130
1387756800,73.41,74.07,74.07,74.07,43
1387843200,74.07,74.07,73.41,74.07,148
1389139200,74.07,73.41,73.41,73.41,500
1389571200,73.41,72.75,72.75,72.75,129
1390262400,72.75,74.72,73.41,74.72,297
1390348800,74.72,75.38,75.38,75.38,660
1390435200,75.38,76.04,76.04,76.04,52
1390694400,76.04,76.36,76.36,76.36,206
1390867200,76.36,78.33,77.02,78.33,304
1390953600,78.33,79.32,79.32,79.32,416
1391385600,79.32,80.3,80.3,80.3,140
1392249600,80.3,82.27,81.29,82.27,226
1392508800,82.27,83.26,83.26,83.26,7047
1392681600,83.26,84.24,84.24,84.24,143
1393113600,84.24,85.23,85.23,85.23,100
1393372800,85.23,85.23,85.23,85.23,53
1393804800,85.23,85.55,84.57,84.57,4317
1394064000,84.57,85.55,85.55,85.55,354
1394323200,85.55,85.55,85.55,85.55,12414
1394409600,85.55,85.23,84.57,85.23,562
1394496000,85.23,85.23,85.23,85.23,125
1399766400,85.23,84.24,83.26,83.26,434
1400544000,83.26,83.91,82.93,83.91,964
1400630400,83.91,83.91,83.91,83.91,790
1401062400,83.91,82.93,82.93,82.93,207
1402272000,82.93,81.94,79.97,79.97,1015
1402444800,79.97,78.99,78.99,78.99,521
1402531200,78.99,78.01,78.01,78.01,180
1402790400,78.01,78.01,78.01,78.01,66
1402876800,78.01,79.97,78.99,79.97,989
1403049600,79.97,79.32,78.01,78.01,283
1403568000,78.01,78.99,78.99,78.99,1000
1403740800,78.99,79.97,79.32,79.32,1316
1404000000,79.32,80.3,80.3,80.3,555
1404086400,80.3,82.27,81.29,82.27,325
1404691200,82.27,87.52,83.26,87.52,170
1404777600,87.52,93.1,88.51,93.1,200
1404864000,93.1,99.34,94.09,99.01,3371
1404950400,99.01,100.32,99.01,99.01,547
1405296000,99.01,100.32,100.32,100.32,206
1405382400,100.32,100.98,100.98,100.98,105
1405900800,100.98,105.57,102.29,105.57,4143
1405987200,105.57,108.2,106.89,108.2,1573
1406073600,108.2,107.54,106.56,106.89,4473
1406160000,106.89,107.21,104.59,107.21,1698
1406419200,107.21,112.47,108.53,110.82,3871
1406678400,110.82,112.14,109.18,112.14,833
1406764800,112.14,110.5,110.5,110.5,249
1407024000,110.5,118.04,111.81,118.04,4030
1407110400,118.04,116.4,116.4,116.4,40
1407283200,116.4,118.04,118.04,118.04,596
1407974400,118.04,116.4,114.76,114.76,1032
1408492800,114.76,113.12,111.48,111.48,153
1418169600,111.48,109.84,109.84,109.84,143
1418256000,109.84,114.11,108.53,114.11,416
1422316800,114.23,117.02,115.63,117.02,20
1422403200,117.02,115.28,115.28,115.28,15
1422921600,115.28,113.88,113.88,113.88,60
1423008000,113.88,112.49,106.91,107.26,5947
1423094400,107.26,105.86,103.07,104.47,1405
1423353600,104.47,104.47,104.47,104.47,160
1423526400,104.47,103.07,103.07,103.07,176
1423612800,103.07,104.47,103.07,104.47,1413
1423699200,104.47,106.56,105.51,106.21,12752
1423958400,106.21,106.21,104.82,106.21,35
1424044800,106.21,104.82,103.42,103.42,4000
1424304000,103.42,106.91,104.82,106.91,793
1424736000,106.91,107.61,105.16,105.16,2010
1424822400,105.16,106.56,106.21,106.56,202
1425254400,106.56,105.51,103.77,105.51,4000
1425340800,105.51,104.12,104.12,104.12,1000
1425427200,104.12,105.51,103.77,103.77,2198
1425859200,103.77,109.35,104.82,109.35,6378
1425945600,109.35,112.14,109.0,109.0,3765
1426032000,109.0,111.09,109.0,111.09,1249
1426118400,111.09,112.49,109.7,112.49,1540
1426377600,112.49,111.09,111.09,111.09,358
1426464000,111.09,110.05,109.0,109.0,2561
1426550400,109.0,107.61,107.61,107.61,2281
1426636800,107.61,107.61,106.21,107.61,98
1426982400,107.61,109.0,109.0,109.0,1828
1427068800,109.0,107.61,104.82,107.61,467
1427155200,107.61,106.21,106.21,106.21,449
1427241600,106.21,107.61,106.21,107.61,1063
1427328000,107.61,107.26,106.21,106.21,550
1427587200,106.21,106.56,106.21,106.56,300
1427673600,106.56,105.16,105.16,105.16,1841
1427760000,105.16,106.56,106.21,106.56,2034
1427932800,106.56,105.51,105.16,105.16,250
1428364800,105.16,104.12,104.12,104.12,34
1428796800,104.12,105.51,105.51,105.51,1242
1428883200,105.51,106.21,106.21,106.21,544
1429056000,106.21,104.82,104.82,104.82,600
1429401600,104.82,103.77,103.42,103.42,591
1429574400,103.42,102.72,102.72,102.72,41
1432684800,102.72,102.72,102.72,102.72,18
1433289600,102.72,102.72,101.33,101.33,531
1433376000,101.33,101.33,100.28,101.33,1300
1433635200,101.33,101.33,101.33,101.33,500
1433721600,101.33,102.03,101.33,102.03,1926
1433808000,102.03,104.82,103.42,104.82,527
1433980800,104.82,103.42,103.42,103.42,100
1434240000,103.42,102.03,100.63,100.98,8009
1434412800,100.98,100.98,99.58,100.98,781
1435190400,100.63,101.33,99.23,99.23,1373
1435449600,98.89,99.93,98.54,99.93,729
1435708800,98.54,100.28,98.54,100.28,215
1435795200,98.89,98.89,98.89,98.89,125
1436054400,99.23,99.58,98.89,98.89,587
1436227200,98.89,99.58,98.89,99.58,541
1436659200,99.58,99.58,99.58,99.58,210
1436745600,98.54,99.93,98.54,99.93,1396
1436832000,99.23,99.23,98.89,98.89,5227
1436918400,100.28,100.28,98.89,98.89,351
1437004800,98.89,100.28,98.89,100.28,590
1437523200,101.68,103.07,101.68,103.07,1783
1437609600,103.07,107.26,104.47,107.26,2964
1437868800,107.26,114.23,108.65,114.23,845
1437955200,114.23,115.63,113.88,114.23,977
1438041600,114.23,117.02,110.4,110.4,8190
1438128000,110.4,109.7,108.3,109.0,2103
1438214400,109.0,113.88,109.35,110.4,6110
1438560000,110.4,109.35,109.0,109.35,665
1438646400,109.35,109.35,107.95,109.35,270
1438732800,109.35,110.4,110.4,110.4,100
1439251200,110.4,109.7,109.7,109.7,485
1439424000,108.3,108.3,106.91,106.91,361
1440028800,108.3,108.3,106.91,106.91,327
1440288000,105.51,105.51,104.12,104.12,175
1440374400,105.51,108.3,105.51,108.3,280
1440460800,106.91,107.26,105.51,107.26,3119
1440547200,105.86,106.21,105.86,105.86,889
1440633600,107.26,107.26,106.91,107.26,1045
1440979200,106.56,106.56,106.56,106.56,11
1441065600,106.56,107.95,107.26,107.26,539
1441152000,108.65,108.65,107.26,107.26,1150
1441238400,105.86,106.21,104.12,104.12,3016
1441497600,103.42,103.77,103.42,103.77,2077
1441584000,103.42,104.12,103.42,103.42,833
1441670400,102.37,109.7,102.37,109.7,5034
1441756800,111.09,111.09,107.26,107.26,600
1441843200,107.26,107.26,107.26,107.26,296
1442102400,107.26,107.26,107.26,107.26,1000
1442188800,107.61,107.61,104.47,106.21,4436
1442275200,105.86,107.61,105.86,106.21,2412
1442361600,106.56,107.61,105.51,107.61,7303
1442448000,107.61,107.95,106.21,107.95,6184
1442880000,109.35,110.75,109.35,110.75,20
1442966400,111.44,111.44,109.35,109.35,1994
1443052800,107.95,107.95,107.95,107.95,200
1443484800,106.56,106.56,106.56,106.56,577
1443657600,105.16,106.56,105.16,105.51,4750
1443916800,104.12,106.21,103.07,106.21,4337
1444003200,104.82,104.82,104.82,104.82,500
1444089600,103.77,105.16,103.77,105.16,2556
1444176000,103.77,104.12,103.77,104.12,800
1444262400,104.12,104.82,103.77,103.77,1329
1444521600,103.07,103.07,102.37,102.37,2862
1444780800,103.77,104.12,102.72,104.12,2099
1444867200,102.72,103.42,102.72,102.72,1300
1445731200,101.33,101.33,101.33,101.33,900
1445904000,99.93,99.93,99.93,99.93,265
1445990400,98.54,98.54,98.54,98.54,238
1446076800,98.54,99.93,97.14,98.19,7978
1446336000,99.23,102.03,99.23,102.03,145
1446422400,101.68,101.68,101.68,101.68,100
1446508800,100.28,100.28,97.49,99.93,691
1446595200,99.93,99.93,99.93,99.93,33
1447113600,99.93,99.93,99.93,99.93,350
1447804800,98.54,99.93,98.54,99.93,400
1448150400,98.54,98.89,97.84,98.89,37
1448236800,98.89,98.89,98.89,98.89,946
1448409600,100.28,100.28,100.28,100.28,200
1448496000,98.89,98.89,98.89,98.89,377
1448928000,98.89,100.28,100.28,100.28,50
1449187200,101.68,101.68,101.68,101.68,50
1449446400,102.03,102.03,102.03,102.03,10
1449532800,100.98,100.98,99.58,99.58,211
1449619200,100.98,100.98,100.98,100.98,100
1449964800,102.37,103.77,101.33,103.77,805
1450310400,103.42,103.42,103.42,103.42,220
1450742400,102.72,102.72,102.03,102.03,274
1450828800,102.03,102.03,100.63,102.03,2680
1450915200,102.03,103.42,102.03,103.42,792
1451001600,104.47,104.47,103.77,103.77,431
1451260800,103.77,103.77,101.33,101.33,1178
1451347200,101.33,102.03,100.63,100.63,1389
1451520000,102.03,104.82,102.03,103.77,10323
1451779200,103.59,102.44,102.44,102.44,10
1452470400,101.29,101.29,101.29,101.29,28
1452729600,100.14,100.14,100.14,100.14,1383
1454457600,100.14,101.29,101.29,101.29,14
1454544000,102.44,102.44,102.44,102.44,20
1454803200,102.44,104.75,103.59,104.75,28
1455148800,104.75,110.5,105.9,110.5,46
1455408000,112.04,112.04,112.04,112.04,14
1455580800,112.04,113.57,113.57,113.57,20
1455753600,113.57,113.57,110.5,113.57,1679
1456012800,115.11,115.11,113.57,115.11,1520
1456099200,113.95,113.95,113.57,113.95,1000
1456272000,112.04,112.04,112.04,112.04,133
1456358400,113.57,115.11,113.57,115.11,220
1456876800,114.34,114.34,113.57,113.95,550
1456963200,115.11,115.11,115.11,115.11,200
1457222400,113.57,116.26,113.57,115.87,950
1457568000,114.72,115.11,114.72,115.11,350
1457913600,116.64,116.64,116.64,116.64,20
1458000000,118.17,119.71,116.64,116.64,560
1458086400,115.49,118.17,115.49,118.17,1145
1458518400,117.41,117.41,117.02,117.02,165
1458777600,117.02,117.02,115.49,115.49,550
1459036800,115.49,115.11,115.11,115.11,18
1459209600,116.64,116.64,116.64,116.64,613
1459296000,116.64,117.02,116.64,117.02,1482
1459382400,117.02,118.17,118.17,118.17,100
1459641600,118.17,118.56,118.56,118.56,1000
1460419200,118.56,117.02,117.02,117.02,1000
1460592000,117.02,117.02,115.87,115.87,1200
1460851200,117.41,117.79,117.41,117.79,1250
1460937600,117.79,125.08,116.64,125.08,3619
1461024000,125.08,123.93,123.93,123.93,500
1461110400,123.93,122.4,122.4,122.4,887
1461196800,122.4,123.93,119.33,120.86,2572
1461456000,120.86,126.62,122.4,126.62,1844
1461542400,126.62,130.45,128.53,128.53,1153
1461628800,128.53,130.45,128.53,128.53,4216
1461715200,128.53,128.53,128.53,128.53,490
1461801600,128.53,128.53,126.62,126.62,2762
1462147200,126.62,128.53,126.62,126.62,711
1462233600,126.62,125.08,124.7,125.08,1500
1462320000,125.08,123.16,123.16,123.16,500
1462406400,123.16,122.78,120.86,120.86,7575
1462665600,120.86,125.08,122.4,125.08,2050
1462838400,123.93,126.23,123.16,126.23,2500
1462924800,126.23,125.46,125.08,125.08,600
1463011200,127.0,128.15,126.62,128.15,520
1463270400,133.91,135.82,131.99,131.99,2025
1463356800,131.99,132.37,132.37,132.37,500
1463443200,132.37,132.37,132.37,132.37,500
1463529600,132.37,136.21,134.29,134.29,1150
1463961600,134.29,140.04,136.21,140.04,1700
1464048000,140.04,138.13,138.13,138.13,500
1464134400,138.13,136.21,136.21,136.21,100
1464220800,136.21,136.21,136.21,136.21,700
1464480000,136.21,134.29,130.45,130.45,400
1464566400,130.45,136.21,132.37,136.21,166
1464652800,136.21,134.29,132.37,132.37,1592
1464739200,132.37,132.37,131.6,131.6,1500
1464825600,131.6,130.45,128.53,128.53,1062
1465084800,128.53,130.45,128.53,128.53,566
1465171200,128.53,128.53,126.62,126.62,2200
1465257600,125.46,130.84,125.08,130.84,3200
1465344000,130.84,132.75,132.37,132.75,560
1465430400,132.75,132.75,132.37,132.75,800
1465689600,132.75,130.84,130.84,130.84,1000
1465776000,130.84,138.89,131.6,138.89,1542
1465862400,140.04,143.88,136.21,141.58,3141
1465948800,139.66,141.58,136.21,136.59,2345
1466035200,136.59,142.35,138.51,142.35,2000
1466294400,142.35,152.32,140.81,152.32,5417
1466380800,152.32,151.56,146.18,148.1,7195
1466467200,148.1,151.56,145.8,149.25,2538
1466553600,151.56,151.56,148.87,149.25,1400
1466640000,149.25,149.64,146.95,146.95,1339
1466899200,146.95,149.25,143.88,149.25,2243
1466985600,149.25,153.86,147.72,153.86,7028
1467072000,153.86,156.16,151.56,156.16,1760
1467158400,156.16,158.46,158.46,158.46,40
1467244800,158.46,157.69,153.09,153.09,1752
1467504000,153.09,155.39,155.39,155.39,50
1467590400,155.39,155.39,155.39,155.39,998
1467676800,153.09,155.39,151.56,151.56,1153
1467763200,153.86,159.23,153.86,155.39,9440
1468108800,155.39,164.6,157.69,163.07,3550
1468195200,163.07,160.38,160.38,160.38,750
1468281600,160.38,161.15,161.15,161.15,100
1468368000,161.15,158.85,156.54,158.85,400
1468454400,156.93,156.93,156.93,156.93,100
1468713600,156.93,161.53,157.69,159.23,2800
1468800000,159.23,161.53,157.31,159.23,1932
1468886400,159.23,161.53,156.93,159.23,3094
1468972800,161.53,168.05,161.15,167.67,3307
1469059200,168.05,175.34,170.36,175.34,2000
1469404800,175.34,189.92,177.65,188.01,7001
1469491200,188.01,203.74,191.07,203.74,2327
1469577600,203.74,221.0,207.19,221.0,3570
1469664000,221.0,240.19,224.84,240.19,27827
1469923200,240.19,261.29,232.13,237.88,13559
1470009600,237.88,241.72,226.37,232.13,5828
1470096000,232.13,228.29,220.62,224.46,5780
1470182400,224.46,225.99,213.33,225.99,7674
1470268800,225.99,227.91,218.32,218.32,4224
1470528000,218.32,231.75,221.77,222.54,4200
1470614400,222.54,218.7,203.35,203.35,3800
1470700800,206.81,210.26,206.81,210.26,20
1470787200,213.71,220.62,213.33,220.23,7606
1470873600,217.55,217.55,213.71,214.86,2500
1471132800,214.86,214.86,205.65,206.42,2756
1471219200,202.97,205.65,201.43,204.89,1251
1471305600,207.19,211.79,207.19,211.79,1137
1471392000,215.25,217.93,214.48,217.93,1250
1471737600,214.86,214.86,214.86,214.86,100
1471824000,216.78,216.78,206.42,206.42,356
1471910400,202.97,212.94,199.52,202.59,2096
1471996800,206.04,209.49,201.43,201.43,293
1472342400,204.89,208.34,204.89,208.34,669
1472515200,209.11,210.26,209.11,210.26,400
1472601600,207.57,207.57,207.57,207.57,1000
1472688000,211.03,225.22,211.03,220.62,22980
1472947200,224.46,224.46,216.78,220.62,5581
1473033600,222.54,222.54,217.17,219.85,7850
1473120000,222.54,224.84,219.85,222.54,4650
1473206400,218.7,218.7,215.25,218.7,300
1473292800,218.7,220.62,216.4,218.7,2002
1473552000,217.17,217.17,216.78,217.17,300
1473638400,216.78,217.17,214.86,217.17,1440
1473811200,218.7,228.29,218.7,228.29,14995
1474156800,232.13,244.02,232.13,243.64,23806
1474329600,245.56,247.48,236.35,237.5,5546
1474416000,235.97,235.97,230.21,231.36,2434
1474502400,230.21,230.21,225.22,228.68,3769
1474761600,230.21,230.21,225.22,228.68,3769
1474848000,228.29,230.21,220.62,220.62,17665
1474934400,220.62,229.25,218.22,223.02,872
1475020800,219.18,219.18,215.82,215.82,142
1475107200,212.94,212.94,209.11,209.11,2170
1475366400,210.07,210.07,210.07,210.07,50
1475452800,213.42,216.78,213.42,216.78,100
1475539200,218.22,218.22,215.82,215.82,1100
1475625600,219.18,219.18,219.18,219.18,500
1475712000,216.3,220.62,216.3,220.62,446
1476576000,224.46,224.46,223.5,223.5,180
1476662400,220.62,220.62,219.18,219.18,1370
1476748800,218.22,220.14,216.78,217.74,750
1476921600,216.78,216.78,216.78,216.78,550
1477180800,218.22,220.62,218.22,218.22,2020
1477267200,214.86,214.86,213.42,213.42,500
1477353600,213.42,213.42,213.42,213.42,47
1478476800,210.07,210.07,210.07,210.07,96
1478563200,206.71,206.71,206.71,206.71,300
1478736000,203.35,203.35,203.35,203.35,127
1478995200,203.35,203.35,203.35,203.35,500
1479081600,203.35,209.59,203.35,209.59,720
1479168000,211.03,211.03,211.03,211.03,500
1479254400,211.03,212.94,207.67,212.94,4300
1479340800,213.42,213.42,213.42,213.42,60
1479686400,210.07,210.07,210.07,210.07,50
1479772800,206.71,206.71,200.0,200.0,883
1479859200,201.43,201.43,196.64,196.64,190
1479945600,194.24,194.24,188.01,188.01,824
1480204800,185.13,185.13,185.13,185.13,950
1480377600,182.25,182.25,176.49,177.45,1550
1480550400,179.37,190.88,179.37,190.88,1408
1480809600,193.76,193.76,190.88,190.88,300
1480896000,188.01,188.01,188.01,188.01,113
1480982400,187.05,187.05,187.05,187.05,300
1481414400,184.65,184.65,184.65,184.65,74
1481500800,181.77,183.21,181.77,183.21,1400
1481673600,184.65,184.65,180.81,180.81,2421
1481760000,183.69,183.69,179.37,183.69,2257
1482019200,180.81,180.81,180.81,180.81,1000
1482105600,178.41,178.41,177.93,177.93,904
1482278400,177.45,177.45,172.18,172.18,1340
1482364800,174.58,174.58,173.14,173.14,440
1482710400,170.74,170.74,170.26,170.74,1200
1482796800,172.66,172.66,167.38,167.86,1740
1482883200,169.78,170.26,169.78,170.26,389
1483228800,167.86,167.86,163.55,163.55,1000
1483315200,165.94,165.94,164.02,164.98,1750
1483401600,164.98,165.46,164.98,165.46,2500
1483574400,163.55,163.55,163.55,163.55,500
1483833600,165.46,165.46,163.55,165.46,400
1485388800,163.07,163.07,163.07,163.07,932
1486857600,160.67,160.67,158.27,158.27,770
1487116800,155.87,155.87,155.87,155.87,300
1487203200,153.47,155.87,148.68,148.68,1887
1487462400,151.08,151.08,136.69,140.52,3571
1487548800,141.48,141.48,139.57,139.57,626
1487635200,138.13,138.13,137.65,137.65,600
1487721600,135.73,137.17,133.81,133.81,2229
1487808000,133.81,133.81,131.89,133.81,485
1488067200,134.29,134.29,133.33,133.81,750
1488240000,135.25,136.69,135.25,136.69,50
1488326400,135.25,135.73,134.77,135.73,910
1488412800,136.69,138.61,134.77,134.77,3407
1488672000,134.77,138.61,134.77,134.77,4817
1488758400,136.69,136.69,135.25,136.69,1320
1489449600,136.69,136.69,134.77,136.69,2401
1489622400,138.61,140.52,137.17,137.17,3217
1489881600,137.17,138.13,138.13,138.13,3000
1489968000,139.09,141.0,137.65,141.0,1600
1490054400,139.09,143.4,139.09,143.4,6120
1490140800,143.88,149.16,143.88,149.16,2625
1490227200,151.56,161.15,151.56,161.15,4952
1490486400,163.55,174.1,163.55,174.1,5321
1490659200,174.1,188.48,175.06,188.48,7015
1490745600,188.48,191.36,181.29,181.29,6385
1490832000,181.29,182.25,175.54,178.41,2215
1491091200,181.29,184.17,181.29,183.21,1418
1491177600,187.05,198.56,184.65,184.65,12495
1491264000,184.65,191.84,184.65,189.44,3383
1491436800,189.44,189.44,184.65,187.05,1193
1491696000,188.96,191.84,187.05,187.05,2215
1491782400,184.17,187.53,184.17,187.05,1755
1491868800,189.92,189.92,185.61,188.48,3382
1491955200,191.36,197.6,191.36,196.64,3917
1492041600,193.76,193.76,188.01,189.92,8032
1492300800,193.28,193.28,187.53,187.53,6953
1492473600,189.44,192.32,187.05,188.48,1905
1492560000,188.48,197.12,188.48,194.24,3341
1492646400,197.12,197.12,186.57,189.44,4656
1492905600,189.44,194.72,188.96,188.96,4570
1492992000,189.44,192.32,188.96,190.88,3032
1493078400,192.8,192.8,186.57,188.01,6350
1493164800,189.44,197.12,189.44,197.12,1628
1493251200,200.47,204.79,199.04,199.04,793
1493510400,196.64,199.04,194.24,194.72,1220
1493683200,192.8,194.72,191.84,194.24,650
1493769600,192.8,194.72,190.88,193.28,3210
1493856000,191.36,193.28,187.53,191.84,3061
1494115200,194.72,200.0,187.05,187.05,5841
1494201600,189.92,191.36,187.05,187.05,1859
1494288000,187.05,195.68,189.92,192.8,2330
1494460800,189.92,191.84,188.96,189.44,1131
1494806400,187.53,189.92,187.53,189.92,400
1494892800,189.44,189.44,182.25,185.13,4250
1494979200,185.13,185.13,179.37,182.73,3600
1495065600,182.73,185.61,182.25,182.25,890
1495324800,181.29,184.17,181.29,184.17,697
1495411200,187.05,186.57,184.65,185.13,140
1495497600,187.05,187.05,184.17,184.17,320
1495584000,184.17,184.65,182.25,182.73,900
1495929600,185.61,185.61,180.33,182.73,2110
1496102400,179.85,179.85,179.85,179.85,50
1496188800,179.85,181.29,178.41,181.29,260
1496275200,179.85,179.85,178.41,179.85,512
1496534400,177.93,177.93,177.45,177.93,100
1496620800,175.06,177.45,172.66,173.14,5100
1496707200,175.54,182.73,172.66,179.85,17623
1496793600,182.73,189.92,177.45,178.89,17325
1496880000,181.29,181.29,177.45,178.41,12005
1497139200,178.41,180.81,175.06,177.45,4798
1497225600,177.93,178.89,172.66,172.66,4053
1497312000,172.66,172.66,169.78,172.66,3756
1497398400,175.54,176.97,169.78,169.78,6308
1497484800,172.18,174.58,170.74,172.66,11856
1497744000,171.89,170.36,166.52,166.52,890
1497830400,163.45,165.75,163.45,163.45,1225
1497916800,161.15,161.15,157.31,157.31,160
1498003200,160.38,160.38,151.94,155.01,820
1498089600,153.47,162.68,153.47,158.85,2372
1498348800,161.91,164.98,161.91,164.22,810
1498953600,161.91,161.91,158.85,161.15,539
1499040000,158.08,158.08,153.47,156.54,2105
1499126400,159.61,159.61,159.61,159.61,200
1499212800,162.68,162.68,159.61,159.61,160
1499299200,161.15,161.15,153.47,153.47,1442
1499558400,153.47,158.08,153.47,153.47,3270
1499644800,153.47,154.24,153.47,153.47,1400
1499731200,156.54,157.31,156.54,157.31,1151
1499817600,158.08,160.38,158.08,158.08,1446
1499904000,155.01,157.31,154.24,154.24,813
1500163200,157.31,161.15,157.31,161.15,110
1500249600,164.22,164.22,160.38,160.38,140
1500336000,161.91,164.22,161.91,164.22,590
1500422400,167.29,167.29,164.22,164.98,1507
1500508800,168.05,168.05,156.54,157.31,1420
1500768000,155.78,157.31,154.24,157.31,896
1500854400,156.54,157.31,154.24,157.31,2400
1500940800,158.08,158.08,154.24,155.01,1136
1501027200,157.31,159.61,155.78,156.54,835
1501113600,159.61,159.61,156.54,159.61,657
1501372800,157.31,157.31,154.24,157.31,1900
1501459200,157.31,158.85,153.47,158.85,2130
1501545600,159.61,161.15,158.08,158.08,1087
1501632000,157.31,157.31,155.78,155.78,2491
1501718400,155.78,155.78,153.47,153.47,2768
1501977600,153.47,153.47,153.47,153.47,350
1502064000,156.54,156.54,153.47,154.24,737
1502236800,153.47,156.54,153.47,153.47,800
1502323200,153.47,154.24,153.47,154.24,917
1502582400,155.78,155.78,148.1,148.1,1200
1502755200,149.64,150.4,145.8,145.8,445
1502841600,146.57,150.4,146.57,150.4,895
1502928000,152.71,155.01,152.71,155.01,2235
1503187200,151.94,151.94,148.87,148.87,1001
1503360000,150.4,155.01,150.4,150.4,3155
1503446400,152.71,152.71,151.17,151.17,310
1503532800,151.17,152.71,151.17,152.71,216
1503792000,152.71,153.47,152.71,153.47,170
1503878400,153.47,153.47,153.47,153.47,443
1504137600,153.47,151.94,151.94,151.94,50
1504656000,149.64,149.64,148.1,148.1,630
1504742400,145.8,145.8,145.03,145.03,1355
1505001600,142.73,142.73,133.52,142.73,5700
1505088000,141.96,141.96,139.66,141.96,112
1505174400,138.13,140.43,138.13,138.89,780
1505260800,138.13,138.13,138.13,138.13,100
1505347200,138.13,138.13,135.82,138.13,1375
1505606400,140.43,140.43,140.43,140.43,542
1505692800,138.13,138.89,138.13,138.89,600
1506211200,138.13,140.43,138.13,140.43,300
1506297600,138.13,138.13,135.82,135.82,750
1506384000,135.06,138.13,133.52,138.13,3247
1507075200,135.82,135.82,135.82,135.82,2
1507420800,140.43,140.43,138.13,138.13,130
1507507200,138.13,138.13,134.29,134.29,550
1507680000,134.29,134.29,134.29,134.29,200
1507766400,134.29,135.06,131.99,131.99,825
1508112000,134.29,138.89,134.29,138.89,830
1508198400,141.2,148.87,141.2,141.96,1087
1508284800,142.73,142.73,141.96,142.73,1235
1508630400,144.27,145.8,142.73,142.73,1100
1508716800,142.73,144.27,141.96,142.73,958
1508803200,142.73,141.96,138.13,141.96,485
1508889600,140.43,141.96,140.43,141.96,1080
1509235200,141.96,141.96,141.96,141.96,50
1509408000,139.66,141.96,139.66,141.96,200
1509494400,141.96,141.96,139.66,141.96,250
1509926400,139.66,139.66,139.66,139.66,500
1510099200,139.66,138.13,135.82,135.82,110
1510185600,137.36,138.13,137.36,138.13,570
1510444800,138.13,138.13,136.59,138.13,1753
1510531200,140.43,142.73,140.43,142.73,110
1510617600,140.43,140.43,140.43,140.43,400
1510790400,142.73,144.27,138.13,138.13,3575
1511049600,138.13,138.13,130.45,130.45,4380
1511136000,130.45,132.75,125.85,132.75,858
1511222400,131.22,131.22,129.69,131.22,1387
1511308800,129.69,133.52,128.15,129.69,3010
1511395200,128.15,131.99,129.69,131.22,2404
1511654400,131.22,133.52,130.45,130.45,211
1511740800,131.99,131.99,131.99,131.99,500
1511827200,130.45,132.75,130.45,131.99,923
1511913600,134.29,135.82,134.29,135.82,1531
1512000000,138.13,138.13,134.29,134.29,3050
1512345600,131.99,131.99,131.99,131.99,100
1512432000,131.99,138.13,131.99,138.13,2027
1512518400,138.13,138.89,135.82,138.13,880
1512864000,140.43,140.43,132.75,135.82,5824
1512950400,136.14,133.6,131.06,133.6,1443
1513036800,135.29,135.29,133.6,135.29,170
1513123200,132.75,137.83,130.22,137.83,775
1513209600,140.36,140.36,137.83,137.83,179
1513468800,135.29,135.29,135.29,135.29,200
1513555200,135.29,136.14,133.6,136.14,1100
1513641600,138.67,138.67,136.14,136.14,170
1513728000,133.6,135.29,133.6,133.6,560
1514073600,136.14,138.67,131.91,131.91,2320
1514246400,134.44,134.44,131.91,131.91,110
1514332800,129.37,131.06,126.83,131.06,715
1514419200,128.53,128.53,125.99,125.99,445
1514678400,125.14,125.14,125.14,125.14,70
1514764800,126.83,129.37,125.14,129.37,1060
1514851200,131.91,131.91,126.83,126.83,1974
1514937600,128.53,131.06,128.53,131.06,1000
1515024000,129.37,129.37,126.83,127.68,1681
1515369600,129.37,129.37,122.61,123.45,2371
1515456000,122.61,127.68,124.3,127.68,4390
1515542400,125.14,129.37,123.45,126.83,3646
1515888000,129.37,129.37,124.3,125.14,3741
1516060800,125.99,125.99,122.61,124.3,2344
1516147200,122.61,122.61,122.61,122.61,100
1516492800,122.61,122.61,122.61,122.61,100
1516665600,124.3,124.3,122.61,124.3,448
1516752000,122.61,122.61,122.61,122.61,300
1516838400,122.61,124.3,122.61,124.3,1220
1517097600,122.61,122.61,122.61,122.61,1720
1517184000,120.92,124.3,120.92,124.3,1135
1517356800,125.99,125.99,125.99,125.99,200
1517443200,127.68,127.68,125.14,127.68,518
1517702400,130.22,130.22,128.53,128.53,130
1517788800,127.68,127.68,125.14,125.14,6881
1517875200,123.45,123.45,123.45,123.45,99
1517961600,124.3,124.3,124.3,124.3,15
1518307200,124.3,124.3,123.45,122.61,75
1518393600,124.3,124.3,124.3,124.3,91
1518566400,123.45,125.14,122.61,122.61,1440
1518652800,124.3,127.68,124.3,127.68,506
1518912000,127.68,131.06,127.68,127.68,2220
1519171200,127.68,127.68,125.14,125.14,150
1519257600,125.14,125.14,125.14,125.14,30
1519516800,126.83,126.83,124.3,124.3,60
1519689600,122.61,125.99,122.61,124.3,885
1519776000,123.45,123.45,122.61,123.45,600
1520294400,119.22,119.22,117.53,117.53,430
1520380800,118.38,121.76,116.69,119.22,6301
1520726400,119.22,118.38,112.46,112.46,261
1520812800,112.46,114.15,112.46,112.46,910
1520899200,114.15,114.15,114.15,114.15,100
1520985600,115.84,115.84,115.0,115.0,770
1521072000,115.0,115.0,114.15,115.0,250
1521331200,113.31,113.31,113.31,113.31,200
1521417600,111.61,112.46,111.61,112.46,553
1521504000,109.92,109.92,105.7,105.7,1585
1521590400,106.54,109.08,104.0,109.08,2220
1521676800,109.08,111.61,106.54,106.54,4350
1522022400,104.85,105.7,103.16,103.16,2065
1522108800,102.31,103.16,99.78,103.16,4850
1522195200,103.16,104.85,101.47,101.47,7250
1522281600,101.47,104.0,101.47,104.0,2260
1522540800,104.0,104.85,103.16,104.0,1761
1522627200,104.85,106.54,104.0,106.54,635
1522800000,108.23,111.61,108.23,111.61,420
1522886400,113.31,115.0,110.77,112.46,1110
1523145600,114.15,115.0,112.46,112.46,1260
1523232000,114.15,114.15,109.92,109.92,2616
1523318400,109.92,111.61,108.23,109.08,1562
1523404800,109.08,109.08,109.08,109.08,395
1523491200,109.92,111.61,109.92,111.61,1750
1523750400,111.61,109.92,109.92,109.92,692
1523836800,111.61,113.31,111.61,113.31,1196
1523923200,113.31,116.69,114.15,115.84,3620
1524009600,117.53,120.92,117.53,120.92,466
1524096000,119.22,119.22,117.53,119.22,280
1524355200,119.22,121.76,118.38,121.76,5510
1524441600,121.76,123.45,119.22,121.76,3352
1524528000,120.07,120.07,120.07,120.07,64
1525219200,120.07,118.38,116.69,116.69,58
1525305600,116.69,118.38,115.0,116.69,2695
1525564800,115.0,115.0,115.0,115.0,300
1525651200,113.31,115.0,109.92,115.0,1185
1525737600,115.0,116.69,113.31,116.69,1436
1525824000,116.69,116.69,116.69,116.69,107
1525910400,116.69,115.0,111.61,112.46,3008
1526256000,110.77,110.77,107.39,108.23,1691
1526428800,107.39,107.39,107.39,107.39,74
1526515200,109.08,109.08,106.54,106.54,1054
1526774400,105.7,105.7,104.85,104.85,550
1526860800,104.85,107.39,104.85,106.54,3369
1526947200,106.54,106.54,104.0,104.0,2150
1527033600,105.7,105.7,105.7,105.7,91
1527120000,105.7,106.54,105.7,105.7,560
1527379200,104.0,105.7,104.0,105.7,204
1527465600,105.7,109.08,105.7,109.08,554
1527552000,107.39,107.39,107.39,107.39,1400
1527638400,105.7,107.39,105.7,107.39,202
1527984000,105.7,105.7,105.7,105.7,200
1528243200,104.0,104.0,104.0,104.0,300
1528329600,103.16,104.85,102.31,102.31,1330
1528588800,100.62,102.31,100.62,102.31,350
1528675200,98.93,100.62,98.93,100.62,1200
1528761600,102.31,102.31,101.47,101.47,654
1528848000,104.0,105.7,104.0,105.7,2840
1528934400,107.39,107.39,104.0,104.85,284
1529193600,102.31,102.31,102.31,102.31,46
1529280000,101.47,103.16,101.47,103.16,674
1529366400,103.16,103.16,101.47,101.47,75
1529539200,103.16,104.85,103.16,104.85,2080
1529798400,104.85,108.23,104.85,108.23,6060
1529884800,108.23,108.23,106.54,106.54,4060
1529971200,104.85,104.85,104.85,104.85,326
1530144000,105.7,105.7,104.0,104.0,207
1530403200,105.7,105.7,104.0,104.85,4200
1530489600,103.16,103.16,101.47,103.16,970
1530576000,103.16,103.16,103.16,103.16,290
1530662400,103.16,104.85,103.16,104.85,2403
1530748800,106.54,106.54,105.7,105.7,153
1531008000,104.85,104.85,103.16,103.16,700
1531094400,101.47,101.47,101.47,101.47,3000
1531180800,103.16,103.16,101.47,101.47,116
1531267200,103.16,104.85,103.16,103.16,300
1531353600,101.47,103.16,101.47,103.16,42
1531612800,101.47,101.47,99.78,101.47,667
1531699200,103.16,103.16,102.31,103.16,2135
1531785600,104.85,108.23,104.85,106.54,2780
1531958400,104.85,104.85,104.0,104.0,1956
1532217600,102.31,104.0,102.31,104.0,238
1532390400,104.0,106.54,104.0,104.85,2378
1532476800,106.54,107.39,104.0,104.0,2463
1532563200,105.7,107.39,104.0,104.0,4341
1532822400,105.7,105.7,103.16,103.16,2791
1532908800,104.0,104.85,103.16,104.0,1427
1532995200,106.54,107.39,105.7,107.39,855
1533081600,105.7,105.7,104.0,104.85,4200
1533168000,105.7,105.7,105.7,105.7,340
1533427200,104.0,104.0,104.0,104.0,1000
1533513600,103.16,103.16,103.16,103.16,220
1533600000,101.47,101.47,101.47,101.47,700
1533686400,102.31,103.16,100.62,103.16,2940
1533772800,104.0,104.0,103.16,103.16,605
1534032000,101.47,101.47,99.78,100.62,7789
1534118400,99.78,104.85,99.78,103.16,1509
1534204800,104.85,108.23,104.85,107.39,3902
1534291200,106.54,108.23,105.7,107.39,2140
1534377600,107.39,109.08,107.39,107.39,1077
1534636800,105.7,109.08,105.7,109.08,4800
1534723200,107.39,108.23,105.7,106.54,5766
1534809600,104.85,105.7,104.85,104.85,2095
1534896000,103.16,104.0,102.31,104.0,174
1534982400,102.31,103.16,102.31,103.16,1092
1535500800,103.16,103.16,103.16,103.16,346
1535587200,103.16,103.16,103.16,103.16,200
1536105600,104.85,104.85,104.85,104.85,50
1536192000,106.54,106.54,104.85,104.85,159
1536451200,104.0,104.0,104.0,104.0,500
1536796800,104.0,107.39,104.0,107.39,600
1537056000,109.08,109.08,109.08,109.08,110
1537228800,110.77,110.77,107.39,108.23,770
1537401600,105.7,105.7,105.7,105.7,99
1537833600,104.0,107.39,104.0,107.39,2317
1537920000,109.08,110.77,109.08,109.08,86
1538006400,107.39,107.39,106.54,106.54,982
1538265600,106.54,106.54,106.54,106.54,500
1538352000,108.23,108.23,106.54,106.54,907
1538438400,108.23,108.23,106.54,106.54,2150
1538524800,106.54,106.54,105.7,105.7,435
1538611200,104.85,104.85,104.85,104.85,300
1538870400,105.7,105.7,103.16,104.0,2005
1538956800,101.47,104.85,101.47,104.85,1303
1539043200,106.54,106.54,106.54,106.54,1815
1539129600,108.23,108.23,108.23,108.23,200
1540252800,106.54,106.54,106.54,106.54,20
1540339200,108.23,109.08,107.39,108.23,2457
1540425600,109.08,109.08,108.23,108.23,500
1540684800,108.23,109.08,108.23,109.08,1330
1540771200,109.92,109.92,108.23,109.08,530
1540857600,107.39,108.23,106.54,107.39,1126
1541289600,105.7,107.39,105.7,106.54,5904
1542153600,106.54,106.54,104.85,104.85,120
1542240000,104.85,104.85,103.16,103.16,15
1542499200,103.16,103.16,101.47,101.47,142
1542758400,101.47,101.47,100.62,101.47,350
1543104000,101.47,103.16,99.78,99.78,1824
1543276800,99.78,100.62,99.78,99.78,650
1543449600,99.78,99.78,98.09,98.09,837
1543708800,98.09,98.93,97.24,97.24,1058
1544054400,98.93,100.62,98.93,100.62,500
1544313600,100.62,100.62,99.78,99.78,348
1544400000,99.78,102.31,99.78,102.31,30
1544572800,102.31,102.31,102.31,102.31,0
1544659200,104.0,105.7,104.0,104.85,120
1544918400,104.85,105.7,104.85,105.7,214
1545264000,105.7,105.7,104.0,104.0,55
1545523200,102.31,104.0,102.31,104.0,98
1545609600,104.0,104.0,104.0,104.0,500
1545696000,104.0,104.0,102.31,102.31,30
1545782400,102.31,104.0,102.31,102.31,104
1545868800,102.31,104.0,102.31,104.0,1340
1546128000,104.0,104.0,100.62,102.31,766
1546300800,102.31,102.31,100.62,100.62,353
1546732800,100.62,100.62,98.93,98.93,865
1547078400,98.93,98.93,98.93,98.93,485
1547424000,98.93,102.31,98.93,102.31,309
1547510400,102.31,103.16,100.62,103.16,1010
1547683200,103.16,103.16,101.47,101.47,200
1548288000,101.47,104.0,101.47,104.0,1512
1548547200,104.0,104.0,102.31,103.16,32
1548633600,103.16,103.16,100.62,102.31,1157
1548720000,102.31,104.0,102.31,103.16,1324
1548806400,103.16,104.85,103.16,103.16,244
1548892800,103.16,103.16,101.47,101.47,800
1549152000,99.78,101.47,99.78,101.47,620
1549238400,103.16,103.16,99.78,99.78,390
1549324800,101.47,103.16,99.78,103.16,450
1549411200,102.31,103.16,100.62,101.47,630
1549497600,103.16,103.16,101.47,102.31,82
1549756800,102.31,102.31,98.93,98.93,3296
1549843200,98.09,100.62,97.24,100.62,1414
1549929600,98.93,100.62,98.93,99.78,1210
1550016000,98.93,99.78,98.09,98.09,1400
1550102400,98.09,98.09,97.24,97.24,644
1550534400,96.39,97.24,96.39,97.24,748
1550620800,98.09,98.93,97.24,97.24,1251
1550707200,95.55,97.24,95.55,95.55,169
1550966400,95.55,96.39,95.55,96.39,190
1551052800,94.7,96.39,93.86,93.86,763
1551139200,93.86,93.86,93.86,93.86,21
1551571200,93.86,94.7,93.86,93.86,1350
1551744000,95.55,95.55,93.86,95.55,100
1551830400,94.7,98.09,94.7,98.09,700
1551916800,99.78,99.78,96.39,96.39,1257
1552262400,96.39,98.09,96.39,96.39,1859
1552435200,98.09,101.47,96.39,101.47,50
1552521600,100.62,100.62,100.62,100.62,148
1552780800,102.31,102.31,102.31,102.31,90
1552867200,100.62,101.47,99.78,99.78,800
1552953600,99.78,99.78,98.93,98.93,238
1553126400,98.93,101.47,98.93,101.47,582
1553385600,100.62,100.62,100.62,100.62,406
1553472000,98.93,100.62,98.93,99.78,788
1553644800,98.93,97.24,97.24,97.24,88
1554076800,98.93,101.47,98.93,101.47,1095
1554163200,101.47,101.47,101.47,101.47,330
1554249600,103.16,103.16,101.47,101.47,1146
1554336000,100.62,104.0,100.62,104.0,120
1554595200,102.31,102.31,102.31,102.31,69
1554681600,102.31,104.0,101.47,104.0,1458
1554768000,104.0,104.0,102.31,102.31,115
1554940800,101.47,103.16,101.47,103.16,981
1555286400,101.47,101.47,101.47,101.47,1055
1555459200,101.47,104.85,101.47,101.47,1200
1555545600,100.62,101.47,100.62,101.47,1100
1555804800,99.78,101.47,99.78,100.62,1363
1555977600,100.62,100.62,100.62,100.62,100
1556064000,102.31,104.0,102.31,104.0,86
1556150400,102.31,104.0,102.31,104.0,491
1556409600,102.31,102.31,102.31,102.31,800
1556496000,100.62,102.31,100.62,100.62,1880
1556582400,100.62,100.62,100.62,100.62,30
1556755200,100.62,100.62,100.62,100.62,20
1557014400,99.78,99.78,98.93,98.93,220
1557100800,99.78,101.47,99.78,101.47,4651
1557187200,101.47,101.47,100.62,100.62,1758
1557273600,100.62,101.47,100.62,100.62,430
1557360000,100.62,100.62,100.62,100.62,814
1557619200,100.62,102.31,100.62,102.31,200
1557705600,102.31,102.31,100.62,100.62,483
1557792000,102.31,103.16,101.47,103.16,1143
1557878400,103.16,104.85,103.16,104.85,267
1557964800,106.54,108.23,106.54,107.39,1530
1558224000,105.7,105.7,102.31,102.31,4548
1558310400,104.0,104.0,103.16,103.16,2045
1558396800,101.47,106.54,99.78,106.54,1526
1558483200,108.23,108.23,104.0,104.0,2082
1558569600,103.16,104.0,103.16,104.0,1050
1558828800,103.16,104.0,102.31,102.31,1038
1558915200,103.16,104.85,103.16,104.85,740
1559001600,104.85,105.7,104.85,104.85,552
1559088000,105.7,109.92,105.7,106.54,2026
1559174400,106.54,106.54,104.85,105.7,1579
1559433600,107.39,109.08,107.39,109.08,1615
1559520000,107.39,107.39,105.7,105.7,867
1559606400,107.39,107.39,105.7,105.7,1288
1559779200,107.39,115.84,107.39,115.84,2888
1560124800,117.53,119.22,115.0,116.69,3677
1560211200,115.0,115.0,112.46,115.0,1681
1560384000,114.15,114.15,114.15,114.15,270
1560643200,114.15,114.15,113.31,113.31,152
1560729600,111.61,111.61,106.54,108.23,1513
1560816000,106.54,108.23,106.54,108.23,1002
1560902400,109.92,109.92,108.23,108.23,30
1560988800,109.92,109.92,108.23,108.23,120
1561248000,109.08,109.08,108.23,108.23,544
1561334400,109.08,110.77,109.08,110.77,2823
1561420800,109.08,115.84,109.08,112.46,6593
1561507200,110.77,112.46,109.92,109.92,580
1561593600,108.23,109.92,108.23,109.92,1575
1561852800,109.08,109.92,109.08,109.08,550
1561939200,108.23,110.77,108.23,110.77,745
1562025600,111.61,112.46,109.08,110.77,870
1562112000,109.92,112.46,109.92,112.46,2092
1562198400,112.46,112.46,112.46,112.46,500
1562457600,111.61,111.61,111.61,111.61,1389
1562544000,113.31,113.31,112.46,112.46,1237
1562716800,113.31,114.15,113.31,113.31,1113
1562803200,112.46,112.46,111.61,112.46,2599
1563062400,114.15,114.15,112.46,112.46,147
1563148800,114.15,114.15,114.15,114.15,633
1563235200,112.46,114.15,109.08,114.15,650
1563321600,114.15,114.15,114.15,114.15,276
1563408000,115.0,115.84,114.15,114.15,1705
1563753600,112.46,114.15,112.46,114.15,1651
1563840000,113.31,113.31,112.46,112.46,1304
1563926400,114.15,115.84,113.31,113.31,54
1564012800,113.31,113.31,113.31,113.31,100
1564272000,111.61,111.61,111.61,111.61,400
1564358400,113.31,115.0,113.31,114.15,540
1564444800,115.0,115.0,113.31,113.31,647
1564531200,115.0,115.84,115.0,115.84,286
1564617600,115.0,115.0,113.31,113.31,935
1564876800,115.0,115.0,115.0,115.0,70
1564963200,113.31,113.31,111.61,111.61,1528
1565049600,111.61,111.61,109.92,111.61,1100
1565136000,112.46,112.46,112.46,112.46,247
1565222400,110.77,110.77,109.08,109.92,210
1565481600,111.61,113.31,109.92,109.92,2707
1565568000,111.61,115.0,111.61,115.0,239
1565654400,115.0,116.69,115.0,115.0,270
1565740800,113.31,113.31,111.61,111.61,169
1565827200,113.31,113.31,113.31,113.31,20
1566086400,115.0,118.38,114.15,117.53,5492
1566172800,119.22,119.22,117.53,119.22,2441
1566259200,120.07,120.07,118.38,118.38,421
1566345600,117.53,119.22,117.53,119.22,6299
1566432000,120.92,120.92,119.22,119.22,60
1566691200,117.53,117.53,115.84,117.53,1610
1566777600,119.22,119.22,116.69,116.69,1110
1566864000,115.84,118.38,115.0,116.69,3112
1566950400,118.38,118.38,116.69,116.69,120
1567036800,121.76,121.76,115.0,116.69,2510
1567296000,115.84,115.84,115.0,115.84,835
1567382400,115.84,118.38,115.84,118.38,5225
1567468800,117.53,117.53,115.0,117.53,3851
1567555200,117.53,117.53,117.53,117.53,193
1567641600,116.69,116.69,115.0,115.0,750
1567900800,115.0,117.53,115.0,117.53,3171
1567987200,118.38,118.38,115.84,116.69,1463
1568073600,115.0,118.38,114.15,114.15,4256
1568160000,113.31,115.0,113.31,115.0,1250
1568246400,116.69,118.38,114.15,117.53,1443
1568505600,117.53,117.53,114.15,114.15,2050
1568592000,119.22,119.22,112.46,112.46,1321
1568678400,114.15,117.53,111.61,115.0,3335
1568764800,109.92,115.84,109.92,115.84,1002
1568851200,115.84,115.84,114.15,114.15,1110
1569110400,115.84,115.84,109.92,112.46,2675
1569196800,114.15,114.15,112.46,112.46,540
1569283200,111.61,113.31,110.77,110.77,3195
1569456000,111.61,111.61,111.61,111.61,400
1569715200,112.46,113.31,112.46,112.46,900
1569801600,114.15,117.53,114.15,115.84,170
1569888000,114.15,117.53,112.46,114.15,1175
1569974400,112.46,112.46,110.77,110.77,280
1570060800,112.46,112.46,109.92,109.92,4653
1570665600,111.61,118.38,111.61,118.38,150
1571011200,120.07,121.76,111.61,112.46,6162
1571097600,110.77,117.53,110.77,114.15,2602
1571184000,112.46,113.31,110.77,110.77,2700
1571270400,112.46,115.0,111.61,111.61,400
1571529600,113.31,116.69,113.31,113.31,2725
1571616000,115.0,116.69,112.46,112.46,210
1571702400,114.15,115.84,114.15,114.15,110
1571788800,115.84,119.22,115.84,119.22,100
1571875200,117.53,117.53,115.84,115.84,70
1572480000,115.0,115.84,114.15,114.15,535
1572739200,112.46,112.46,112.46,112.46,35
1572825600,110.77,112.46,110.77,110.77,1202
1572912000,112.46,115.84,112.46,115.84,110
1572998400,114.15,114.15,111.61,111.61,2784
1573084800,111.61,112.46,110.77,110.77,3069
1573430400,110.77,112.46,110.77,112.46,250
1573516800,110.77,112.46,110.77,110.77,225
1573603200,110.77,110.77,109.08,109.92,1778
1573689600,109.92,118.38,111.61,117.53,255
1573948800,115.84,115.84,110.77,110.77,165
1574035200,112.46,114.15,112.46,114.15,70
1574121600,112.46,112.46,112.46,112.46,340
1574208000,114.15,114.15,114.15,114.15,50
1574294400,112.46,112.46,112.46,112.46,10
1574553600,112.46,112.46,107.39,109.08,4420
1574640000,109.08,109.08,106.54,106.54,1634
1574726400,108.23,109.08,107.39,108.23,8573
1574812800,109.92,109.92,109.92,109.92,415
1574899200,109.08,109.08,108.23,108.23,490
1575158400,109.08,110.77,109.08,110.77,85
1575244800,109.08,110.77,109.08,110.77,276
1575331200,110.77,110.77,109.08,109.92,452
1575417600,109.92,110.77,109.92,110.77,423
1575504000,109.08,110.77,109.08,110.77,1804
1575763200,109.92,110.77,109.08,109.08,260
1575849600,110.77,112.46,109.92,111.61,1109
1575936000,111.61,111.61,110.77,110.77,410
1576022400,110.77,115.0,110.77,115.0,1047
1576108800,113.31,115.84,113.31,115.84,270
1576368000,115.0,115.0,111.61,111.61,709
1576454400,115.0,115.0,111.61,111.61,124
1576540800,111.61,111.61,111.61,111.61,52
1576713600,113.31,115.84,113.31,115.84,333
1576972800,116.69,116.69,114.15,114.15,833
1577059200,115.84,117.53,114.15,115.84,297
1577145600,120.92,120.92,114.15,114.15,2768
1577232000,114.15,115.84,112.46,115.0,8133
1577318400,115.0,115.0,113.31,114.15,2500
1577577600,114.15,115.84,112.46,115.0,6445
1577664000,116.69,117.53,114.15,114.15,2336
1577750400,115.84,117.53,115.84,116.69,4510
1577836800,115.0,115.0,109.92,109.92,374
1577923200,109.08,109.08,104.85,106.54,340
1578182400,107.39,115.0,107.39,108.23,404
1578268800,108.23,108.23,108.23,108.23,100
1578355200,109.92,113.31,109.92,109.92,3156
1578441600,111.61,111.61,109.92,109.92,1586
1578528000,111.61,113.31,111.61,111.61,322
1578787200,111.61,113.31,109.92,112.46,3938
1578873600,114.15,115.84,111.61,114.15,10993
1578960000,114.15,119.22,112.46,119.22,4136
1579046400,117.53,124.3,114.15,119.22,11096
1579132800,120.92,124.3,117.53,117.53,4758
1579392000,120.92,131.06,120.92,131.06,21422
1579478400,128.53,131.06,124.3,125.14,21376
1579564800,127.68,130.22,123.45,125.14,6188
1579651200,125.99,130.22,124.3,127.68,5003
1579737600,128.53,129.37,124.3,124.3,4250
1579996800,122.61,125.99,122.61,124.3,942
1580083200,124.3,127.68,120.92,125.14,4043
1580169600,126.83,128.53,123.45,123.45,687
1580256000,122.61,124.3,120.07,120.07,1275
1580342400,121.76,126.83,120.92,120.92,2977
1580601600,121.76,125.14,121.76,123.45,2692
1580688000,121.76,121.76,120.07,120.07,70
1580774400,121.76,129.37,121.76,125.14,2403
1580860800,126.83,128.53,124.3,125.14,3226
1580947200,126.83,126.83,121.76,125.99,1640
1581206400,127.68,135.29,126.83,127.68,3248
1581292800,126.83,126.83,123.45,123.45,4440
1581379200,125.14,126.83,123.45,124.3,4619
1581465600,125.99,129.37,124.3,124.3,2298
1581552000,125.99,132.75,124.3,125.14,1400
1581811200,126.83,131.91,125.99,126.83,2270
1581897600,124.3,131.91,124.3,128.53,7263
1581984000,130.22,130.22,126.83,128.53,4669
1582070400,128.53,137.83,128.53,129.37,3727
1582156800,129.37,131.91,129.37,129.37,3484
1582416000,131.06,136.14,128.53,133.6,12329
1582502400,133.6,139.52,128.53,133.6,7378
1582588800,132.75,139.52,132.75,139.52,9385
1582675200,142.05,149.66,139.52,144.59,4877
1582761600,143.75,145.44,141.21,142.9,6568
1583020800,142.9,147.97,143.75,144.59,12805
1583107200,142.05,143.75,139.52,140.36,2098
1583193600,140.36,142.9,137.83,138.67,12011
1583280000,136.14,141.21,132.75,132.75,8411
1583366400,132.75,137.83,132.75,133.6,2399
1583798400,131.06,131.06,131.06,131.06,300
1583884800,128.53,136.14,126.83,136.14,5865
1583971200,135.29,135.29,132.75,132.75,660
1584230400,132.75,132.75,125.14,126.83,2512
1584316800,126.83,126.83,123.45,123.45,3587
1584403200,122.61,122.61,116.69,116.69,9310
1584489600,115.0,115.0,111.61,113.31,6180
1584576000,111.61,116.69,109.92,116.69,4430
1584835200,115.0,115.0,115.0,115.0,50
1589328000,113.31,113.31,111.61,111.61,72
1593388800,113.31,120.07,113.31,118.38,5176
1593475200,120.07,123.45,120.07,123.45,680
1593561600,123.45,125.14,123.45,125.14,129
1593648000,126.83,131.91,126.83,129.37,1972
1593907200,129.37,133.6,125.14,125.14,810
1593993600,126.83,126.83,126.83,126.83,170
1594080000,127.68,127.68,125.14,125.14,6692
1594166400,126.83,126.83,124.3,124.3,1451
1594252800,124.3,124.3,122.61,123.45,1636
1594512000,123.45,123.45,122.61,122.61,300
1594598400,124.3,124.3,122.61,122.61,3595
1594684800,116.69,123.45,116.69,119.22,6741
1594771200,113.31,125.14,113.31,122.61,1550
1594857600,121.76,129.37,121.76,126.83,2017
1595203200,132.75,139.52,125.99,127.68,6656
1595289600,130.22,134.44,127.68,128.53,5287
1595376000,128.53,128.53,125.99,125.99,1844
1595462400,124.3,130.22,124.3,129.37,1365
1595721600,131.06,133.6,127.68,133.6,8432
1595808000,136.14,136.14,129.37,129.37,5925
1595894400,131.91,131.91,129.37,129.37,1680
1595980800,128.53,130.22,128.53,130.22,2397
1596067200,128.53,129.37,127.68,127.68,1920
1596326400,127.68,128.53,125.14,125.14,3270
1596412800,126.83,126.83,125.99,126.83,1434
1596585600,125.14,125.99,122.61,122.61,1956
1596672000,124.3,126.83,122.61,122.61,2881
1596931200,124.3,126.83,124.3,126.83,530
1597017600,128.53,131.06,128.53,130.22,2672
1597104000,129.37,131.06,128.53,130.22,10745
1597190400,127.68,128.53,127.68,128.53,867
1597276800,128.53,128.53,127.68,127.68,610
1597536000,126.83,126.83,125.14,126.83,2780
1597622400,125.99,126.83,123.45,125.14,3145
1597708800,125.99,129.37,125.99,128.53,665
1597795200,127.68,127.68,125.99,125.99,6921
1597881600,126.83,126.83,126.83,126.83,80
1598140800,125.99,128.53,125.99,128.53,883
1598227200,126.83,129.37,125.99,129.37,829
1598313600,131.91,136.98,126.83,128.53,2900
1598400000,128.53,130.22,128.53,129.37,2310
1598486400,128.53,128.53,127.68,128.53,3023
1598745600,128.53,130.22,130.22,130.22,10
1598832000,127.68,129.37,126.83,127.68,4344
1599004800,127.68,131.91,127.68,130.22,5137
1599091200,130.22,131.06,128.53,128.53,6236
1599350400,134.44,134.44,127.68,127.68,3350
1599436800,126.83,127.68,126.83,126.83,2240
1599523200,129.37,129.37,127.68,129.37,2573
1599609600,127.68,134.44,127.68,134.44,11078
1599696000,131.91,136.98,130.22,133.6,3090
1599955200,133.6,133.6,131.06,132.75,1531
1600041600,131.91,135.29,131.06,133.6,4855
1600128000,134.44,135.29,132.75,133.6,3120
1600214400,132.75,134.44,132.75,134.44,1630
1600300800,136.14,147.13,135.29,147.13,36490
1600560000,153.89,161.5,152.2,158.12,27177
1600646400,165.73,165.73,152.2,154.74,9104
1600732800,154.74,156.43,146.28,148.82,15973
1600819200,148.82,150.51,144.59,149.66,12991
1600905600,147.97,153.89,147.97,151.36,9410
1601164800,153.89,164.88,152.2,158.12,18236
1601251200,160.66,163.19,153.05,157.27,22509
1601337600,159.81,159.81,153.05,155.58,17108
1601424000,155.58,158.12,153.05,154.74,10903
1601510400,153.89,157.27,153.05,156.43,15585
1601769600,156.43,158.12,155.58,156.43,7210
1601856000,153.89,157.27,152.2,152.2,24635
1601942400,151.36,158.12,151.36,155.58,7939
1602028800,153.89,166.58,153.05,164.04,23304
1602115200,166.58,175.03,166.58,167.42,48156
1602374400,169.11,175.88,165.73,173.34,60030
1602460800,173.34,173.34,167.42,169.11,14001
1602547200,169.96,169.96,163.19,163.19,19717
1602633600,160.66,164.88,158.12,163.19,7810
1602720000,165.73,165.73,157.27,160.66,19659
1602979200,160.66,162.35,158.97,159.81,2541
1603065600,162.35,162.35,160.66,162.35,2390
1603152000,164.04,164.04,160.66,161.5,5969
1603238400,164.04,165.73,162.35,165.73,5030
1603324800,166.58,168.27,164.88,166.58,9099
1603843200,164.88,172.49,164.04,171.65,15230
1603929600,174.19,174.19,168.27,169.11,8259
1604188800,169.11,169.11,164.88,167.42,2630
1604275200,169.96,171.65,164.04,164.88,13959
1604361600,167.42,172.49,166.58,169.96,5809
1604448000,169.11,169.96,168.27,168.27,4775
1604534400,169.11,169.11,166.58,166.58,5830
1604793600,165.73,169.96,165.73,168.27,7639
1604880000,168.27,168.27,166.58,168.27,3247
1604966400,168.27,169.11,166.58,169.11,6720
1605052800,172.49,177.57,169.96,177.57,56625
1605139200,180.95,181.8,175.88,177.57,27224
1605657600,174.19,180.1,174.19,179.26,22316
1605744000,180.95,196.17,176.72,196.17,23919
1606003200,196.17,197.86,179.26,186.87,15781
1606089600,186.87,186.87,177.57,179.26,8574
1606176000,179.26,186.87,179.26,186.02,20827
1606262400,182.64,190.25,180.1,190.25,51316
1606348800,190.25,190.25,182.64,185.18,6130
1606608000,185.18,197.02,182.64,190.25,19037
1606694400,193.63,200.4,184.33,186.02,8847
1606780800,176.72,186.87,176.72,181.8,8586
1606867200,184.33,184.33,177.57,180.95,12783
1606953600,184.33,184.33,173.34,176.72,12586
1607212800,185.18,185.18,171.65,171.65,6639
1607299200,172.49,177.57,170.8,177.57,4771
1607385600,180.1,180.1,171.65,171.65,7514
1607472000,175.03,175.03,169.96,172.49,1862
1607558400,175.03,175.03,169.11,173.34,3313
1607817600,173.34,174.19,169.11,173.34,18231
1607904000,174.19,186.87,173.34,183.49,21977
1607990400,183.49,188.56,179.26,181.8,8242
1608076800,179.26,180.95,175.88,175.88,7302
1608163200,174.19,179.26,173.34,175.03,5171
1608422400,173.34,190.25,172.49,172.49,21233
1608508800,169.11,180.95,166.58,179.26,12008
1608595200,182.64,186.02,175.88,179.26,19894
1608681600,175.88,178.41,175.03,178.41,3199
1608768000,179.26,179.26,172.49,176.72,2986
1609027200,175.03,177.57,173.34,174.19,6174
1609113600,172.49,175.03,171.65,175.03,2910
1609200000,175.03,175.03,174.19,174.19,13285
1609286400,170.8,175.88,157.27,169.96,10659
1609372800,170.8,180.1,170.8,180.1,18932
1609632000,179.65,181.48,175.99,181.48,4255
1609718400,181.48,181.48,177.82,177.82,9020
1609804800,176.9,179.65,175.99,176.9,3084
1609891200,178.74,179.65,176.9,176.9,1520
1609977600,176.9,179.65,176.9,178.74,5284
1610236800,178.74,186.07,178.74,182.4,10573
1610323200,185.15,187.9,185.15,187.9,15509
1610409600,190.65,191.57,187.9,189.73,9909
1610496000,192.48,205.32,190.65,205.32,23605
1610841600,205.32,212.65,201.65,208.98,29584
1610928000,210.82,213.57,202.57,202.57,25407
1611014400,206.23,219.98,204.4,219.98,37714
1611100800,216.32,235.56,212.65,228.23,27575
1611187200,231.9,245.65,221.81,241.06,31828
1611446400,252.98,257.56,240.15,256.65,69019
1611532800,261.23,263.98,249.31,249.31,23652
1611619200,244.73,249.31,236.48,245.65,19621
1611705600,241.06,250.23,228.23,245.65,34346
1611792000,245.65,245.65,230.98,230.98,14960
1612051200,235.56,235.56,211.73,213.57,25514
1612137600,215.4,234.65,215.4,229.15,22997
1612224000,229.15,242.9,218.15,230.98,20065
1612310400,232.81,235.56,219.07,224.56,51542
1612396800,235.56,235.56,219.07,219.98,10977
1612656000,219.98,230.98,219.98,228.23,13740
1612742400,225.48,235.56,221.81,235.56,35784
1612828800,241.06,263.98,230.98,263.98,21139
1612915200,256.65,273.14,235.56,258.48,53562
1613001600,256.65,260.31,242.9,247.48,28969
1613260800,242.9,255.73,242.9,252.06,14583
1613347200,252.06,268.56,242.9,268.56,33323
1613433600,263.98,273.14,256.65,273.14,26236
1613520000,268.56,268.56,256.65,264.89,14154
1613606400,260.31,264.89,260.31,260.31,11038
1613865600,260.31,260.31,252.98,255.73,15169
1613952000,252.98,260.31,248.4,253.9,33876
1614038400,253.9,253.9,240.15,253.9,4777
1614124800,254.81,256.65,244.73,249.31,6491
1614211200,251.15,251.15,239.23,239.23,14207
1614470400,234.65,234.65,229.15,229.15,14562
1614556800,228.23,238.31,228.23,237.4,7279
1614643200,232.81,241.98,225.48,241.98,9189
1614729600,237.4,244.73,224.56,244.73,14766
1614816000,240.15,254.81,230.98,244.73,9422
1615161600,240.15,247.48,235.56,247.48,6305
1615248000,245.65,245.65,233.73,241.98,6150
1615334400,244.73,244.73,233.73,241.98,5825
1615680000,237.4,241.98,229.15,236.48,5340
1615766400,231.9,232.81,224.56,232.81,7589
1615852800,236.48,236.48,227.31,230.98,932
1615939200,230.98,235.56,220.9,224.56,22126
1616025600,220.9,230.98,220.9,223.65,5026
1616284800,234.65,235.56,226.4,233.73,9068
1616371200,230.98,231.9,229.15,229.15,1635
1616457600,227.31,230.98,223.65,229.15,5112
1616544000,224.56,236.48,224.56,234.65,5779
1616630400,230.06,233.73,228.23,230.98,3602
1616976000,230.06,234.65,229.15,234.65,1003
1617062400,230.06,232.81,230.06,230.98,1744
1617148800,229.15,230.98,229.15,230.98,3870
1617235200,230.98,234.65,230.98,232.81,6228
1617494400,232.81,243.81,229.15,243.81,17609
1617580800,252.06,252.06,238.31,238.31,7802
1617667200,237.4,241.98,236.48,240.15,7428
1617753600,244.73,244.73,238.31,241.06,22019
1617840000,240.15,256.65,240.15,250.23,21380
1618185600,252.06,252.06,243.81,243.81,8321
1618272000,243.81,248.4,243.81,246.56,9854
1618444800,246.56,265.81,246.56,252.06,54886
1618704000,256.65,256.65,235.56,239.23,100171
1618790400,239.23,251.15,233.73,234.65,26498
1618876800,239.23,248.4,239.23,243.81,8454
1618963200,243.81,247.48,236.48,237.4,6919
1619049600,238.31,242.9,236.48,241.06,11643
1619308800,236.48,241.98,229.15,241.98,22303
1619395200,238.31,251.15,228.23,251.15,23021
1619481600,251.15,251.15,238.31,248.4,32397
1619568000,241.06,261.23,241.06,256.65,126209
1619654400,254.81,260.31,252.06,257.56,33769
1619913600,258.48,260.31,252.06,254.81,55125
1620000000,258.48,258.48,250.23,250.23,27642
1620086400,253.9,256.65,249.31,250.23,10756
1620172800,250.23,254.81,250.23,254.81,20820
1620259200,256.65,260.31,254.81,258.48,46335
1620518400,261.23,261.23,256.65,259.4,32484
1620604800,259.4,262.14,256.65,262.14,24855
1620691200,263.06,271.31,262.14,270.39,39564
1620777600,274.98,280.48,271.31,274.98,47447
1620864000,274.98,291.48,274.98,290.56,70146
1621123200,290.56,302.47,283.23,285.98,81352
1621209600,288.73,291.48,285.98,289.64,57183
1621296000,303.39,318.06,293.31,318.06,171096
1621382400,333.64,349.22,321.72,329.97,101734
1621468800,323.56,362.97,318.97,362.97,142628
1621728000,362.97,398.72,348.3,398.72,178565
1621814400,417.97,417.97,370.3,381.3,142614
1621900800,381.3,387.72,373.05,375.8,48150
1622073600,376.72,388.63,355.64,386.8,79758
1622332800,394.13,425.3,377.64,425.3,133454
1622419200,446.38,446.38,402.38,410.63,66809
1622505600,407.88,417.97,395.97,399.63,64709
1622592000,399.63,435.38,398.72,435.38,116428
1622678400,443.63,458.3,417.97,435.38,126805
1622937600,456.46,478.46,419.8,478.46,175906
1623024000,485.79,526.12,485.79,526.12,130396
1623110400,551.79,578.37,551.79,578.37,112312
1623196800,606.78,636.11,552.7,627.86,195673
1623283200,639.78,678.28,612.28,671.86,122693
1623542400,671.86,736.02,652.61,724.11,109464
1623628800,711.27,733.27,693.86,693.86,70371
1623715200,688.36,699.36,642.53,656.28,123444
1623801600,643.45,692.94,591.2,602.2,108033
1623888000,631.53,645.28,595.78,626.95,68264
1624147200,658.11,658.11,573.79,585.7,61176
1624233600,586.62,606.78,554.54,554.54,70226
1624320000,559.12,605.87,545.37,597.62,45497
1624406400,609.53,609.53,559.12,571.95,43149
1624492800,582.03,582.03,557.29,558.2,26025
1624752000,559.12,569.2,541.7,549.95,30819
1624838400,559.12,563.7,531.62,533.46,29632
1624924800,527.04,527.04,494.96,499.54,48414
1625011200,474.79,540.79,474.79,520.62,51643
1625097600,527.04,571.95,527.04,569.2,76062
1625356800,572.87,615.03,572.87,575.62,85617
1625443200,586.62,586.62,558.2,586.62,47975
1625529600,609.53,609.53,565.54,570.12,21294
1625616000,581.12,581.12,554.54,556.37,16764
1625702400,566.45,582.03,548.12,582.03,52612
1625961600,586.62,639.78,582.03,639.78,106303
1626048000,651.7,660.86,600.37,618.7,93853
1626134400,630.61,639.78,610.45,623.28,38779
1626220800,623.28,631.53,611.37,614.12,63393
1626307200,619.62,641.61,611.37,625.11,125850
1626566400,637.03,655.36,637.03,652.06,98757
1626652800,659.95,663.61,637.95,646.2,54358
1626739200,641.61,645.28,628.78,641.61,39920
1626912000,641.61,690.19,626.03,677.36,89361
1627171200,682.86,682.86,650.78,665.08,55788
1627257600,669.11,718.61,660.04,714.94,158399
1627344000,700.64,747.94,669.11,747.94,91517
1627430400,747.94,792.85,695.51,788.27,230254
1627516800,779.1,779.1,717.69,730.52,422634
1627776000,715.95,733.27,710.36,710.36,75030
1627862400,716.77,718.61,698.44,703.02,52007
1627948800,710.36,710.36,692.03,694.78,50076
1628035200,699.36,724.11,687.44,703.02,78860
1628121600,714.94,714.94,682.86,685.61,109613
1628380800,696.61,705.77,687.44,704.77,82947
1628467200,716.77,733.18,696.61,729.61,79814
1628553600,743.35,789.37,737.86,774.52,219079
1628640000,790.01,790.01,748.85,754.35,101713
1628726400,754.35,775.8,747.02,756.19,122909
1628985600,756.19,756.19,689.28,728.69,109478
1629072000,727.77,766.27,714.94,742.44,87518
1629158400,753.44,764.44,741.52,758.02,105233
1629244800,773.14,833.82,773.14,829.24,244320
1629331200,845.74,862.6,783.68,811.18,139654
1629763200,813.93,834.1,794.68,799.63,121252
1629849600,806.6,824.01,788.27,791.93,70531
1629936000,807.7,870.67,792.85,843.26,192122
1630195200,860.13,915.67,830.89,892.76,302656
1630368000,874.98,925.76,860.68,898.26,300716
1630454400,881.76,915.58,847.85,856.1,80582
1630540800,856.1,887.26,815.77,817.6,96429
1630800000,801.28,801.56,735.84,735.84,108442
1630886400,721.17,809.35,696.61,809.35,106097
1630972800,814.85,831.35,788.27,803.85,63454
1631059200,803.85,803.85,759.85,759.85,39041
1631145600,759.85,788.27,746.1,748.85,51716
1631404800,762.6,800.18,753.44,800.18,88453
1631491200,816.13,824.93,786.43,797.43,61850
1631577600,801.1,817.05,770.03,817.05,33110
1631664000,817.05,817.05,780.93,781.85,26872
1631750400,766.27,769.94,722.27,731.44,73719
1632096000,716.87,733.27,658.3,658.3,53037
1632182400,645.28,719.52,618.7,653.53,60721
1632268800,666.54,714.94,666.54,714.94,44015
1632355200,729.24,755.27,700.64,719.43,68293
1632614400,731.44,733.73,667.28,667.28,47498
1632700800,680.11,681.03,613.57,615.03,57712
1632787200,616.87,636.11,553.62,563.7,61253
1632873600,559.12,604.95,522.46,601.28,40874
1632960000,613.2,626.03,559.12,560.04,24778
1633219200,560.04,569.2,540.79,550.87,31981
1633305600,540.79,555.45,527.04,538.96,26501
1633392000,549.04,575.62,543.54,571.59,18681
1633478400,582.95,619.62,577.45,619.62,30399
1633824000,619.62,654.45,608.8,626.95,109249
1633910400,627.86,632.45,595.78,618.61,25733
1634428800,623.28,630.61,606.78,622.36,10747
1634515200,609.99,611.37,582.58,582.95,17837
1634601600,571.31,584.33,533.73,558.2,32074
1634688000,569.29,595.78,566.45,589.18,38239
1634774400,600.37,600.92,552.7,559.21,14133
1635033600,570.12,590.74,551.79,580.2,26577
1635120000,591.2,627.86,586.62,627.86,29925
1635206400,632.45,671.68,632.45,668.19,35150
1635292800,669.11,687.44,641.61,659.95,47372
1635379200,648.03,696.61,641.61,696.61,61390
1635638400,687.44,733.27,680.11,719.52,55893
1635724800,724.11,733.27,696.15,709.44,33623
1635811200,723.56,780.02,714.94,774.43,150356
1635897600,789.83,802.02,769.94,782.77,114092
1636329600,788.27,788.27,762.6,776.35,27853
1636416000,780.02,780.02,717.69,723.19,72258
1636588800,710.36,751.6,681.03,751.6,58436
1636848000,736.94,755.27,689.46,747.94,57295
1636934400,751.6,767.19,742.44,757.1,39107
1637020800,757.1,769.02,756.19,765.35,26243
1637107200,780.66,788.18,756.19,774.43,91097
1637193600,769.94,769.94,741.98,742.44,30661
1637452800,742.44,750.69,728.69,733.27,23481
1637539200,746.01,746.01,723.19,724.11,18113
1637625600,716.87,728.69,688.36,688.36,47540
1637712000,688.36,719.52,673.69,710.36,45112
1637798400,724.11,724.56,701.19,707.61,15304
1638057600,693.49,703.94,660.22,669.11,52717
1638144000,664.53,689.92,659.95,684.69,24028
1638230400,684.69,695.69,673.69,692.12,21842
1638316800,692.94,708.52,692.76,697.53,20673
1638403200,710.36,710.36,659.03,659.95,23950
1638662400,651.88,666.36,627.86,627.86,22597
1638748800,615.95,659.03,586.62,647.11,40993
1638835200,659.95,660.04,614.12,614.12,22962
1638921600,614.12,614.12,575.71,584.78,23350
1639008000,584.78,597.62,573.14,586.62,23992
1639267200,594.87,595.78,552.7,554.54,19245
1639353600,543.45,543.45,499.08,502.29,51995
1639440000,493.13,552.52,492.3,552.52,15665
1639526400,563.52,604.95,555.18,559.58,36425
1639612800,559.58,570.49,533.46,533.46,19767
1639958400,523.37,538.04,503.21,520.62,17022
1640044800,530.71,545.37,520.62,545.37,10692
1640131200,556.28,573.79,544.36,568.38,27698
1640217600,571.04,572.87,551.79,553.62,21113
1640476800,560.04,560.04,545.46,552.7,23253
1640563200,549.04,549.95,514.21,514.21,31237
1640649600,509.62,547.2,504.12,536.21,21963
1640736000,544.45,544.45,523.37,533.46,25570
1641081600,544.0,558.0,544.0,558.0,17954
1641168000,565.0,593.0,564.0,578.0,18549
1641254400,578.0,597.7,572.0,594.0,11768
1641340800,600.0,612.0,580.0,590.0,25248
1641427200,580.0,600.0,580.0,595.0,18065
1641686400,606.0,643.0,600.0,643.0,36737
1641772800,655.0,680.0,641.9,672.0,48841
1641859200,660.0,739.2,658.6,715.0,49306
1641945600,720.0,740.0,699.0,708.0,51776
1642032000,707.0,725.0,697.0,721.0,33112
1642291200,721.0,763.0,731.0,742.5,52836
1642377600,745.0,752.0,728.0,735.0,17070
1642464000,723.6,753.7,700.0,715.0,39935
1642550400,715.0,729.0,694.9,703.0,29035
1642636800,698.0,728.0,689.0,723.0,25075
1642896000,735.0,735.0,702.0,708.5,27673
1642982400,705.0,712.0,663.0,672.0,53102
1643068800,663.0,700.0,658.0,674.0,32243
1643155200,674.0,679.9,656.0,666.0,21088
1643241600,679.3,687.8,665.4,666.0,14756
1643500800,679.0,707.0,679.0,706.0,21590
1643587200,710.0,714.0,693.0,699.9,17269
1643673600,695.0,725.0,694.0,720.5,20366
1643846400,728.9,728.9,700.0,701.0,26675
1644105600,688.5,700.0,679.5,679.5,16335
1644192000,680.0,698.0,672.0,690.0,8847
1644278400,703.8,730.0,677.0,687.0,19017
1644364800,680.0,688.0,667.0,675.0,10596
1644451200,687.0,700.0,662.0,682.0,22451
1644710400,668.4,668.4,645.0,649.5,27997
1644796800,642.0,662.0,640.0,644.0,15294
1644883200,656.5,674.0,644.0,670.0,5337
1644969600,670.0,674.0,651.0,651.0,10722
1645056000,663.0,663.0,645.0,655.0,7749
1645315200,641.9,654.0,635.0,638.2,6430
1645401600,649.9,649.9,641.0,644.1,5026
1645488000,653.9,664.0,645.0,655.0,8670
1645574400,667.9,667.9,645.1,650.0,7369
1645660800,638.0,648.0,620.0,626.0,17551
1645920000,630.0,638.0,613.5,631.1,19619
1646006400,637.0,637.0,615.0,616.0,6874
1646179200,604.0,622.0,589.0,592.0,10577
1646524800,594.0,605.0,585.0,585.0,10689
1646611200,596.0,597.0,575.0,578.2,5636
1646784000,577.0,577.0,558.6,558.6,7928
1646870400,550.0,595.0,550.0,590.0,10335
1647129600,600.0,622.0,600.0,618.0,11698
1647216000,624.9,624.9,610.0,622.1,2993
1647302400,624.0,625.0,616.1,624.0,6607
1647388800,615.0,622.0,615.0,615.0,5002
1647734400,617.1,617.1,605.0,609.0,2137
1647820800,601.0,625.0,601.0,625.0,8699
1647907200,625.0,630.0,622.0,622.1,5277
1647993600,633.0,633.0,608.0,610.0,5310
1648080000,600.1,612.0,588.0,588.0,11951
1648339200,588.1,588.1,557.0,565.0,27105
1648425600,555.1,575.0,555.1,562.0,5170
1648512000,562.0,573.0,558.4,569.0,6820
1648598400,569.0,589.0,560.0,588.0,11824
1648684800,590.0,594.0,565.0,567.2,13399
1648944000,556.1,565.0,553.1,560.0,10178
1649030400,550.1,566.0,550.1,556.0,3803
1649116800,551.1,552.1,535.0,539.0,18881
1649203200,534.2,543.5,522.0,530.0,9334
1649289600,540.0,544.9,530.0,539.0,7182
1649635200,549.7,560.0,526.0,528.0,9895
1649721600,519.0,530.0,510.0,518.0,8964
1649808000,509.0,527.4,500.0,522.0,10600
1650153600,523.0,523.0,511.6,515.0,4610
1650240000,525.0,525.0,485.0,485.0,15168
1650326400,493.9,500.0,467.6,485.0,6190
1650412800,485.0,485.0,475.0,475.0,6223
1650499200,467.0,470.0,446.0,468.0,10013
1650758400,459.0,514.8,459.0,514.0,13850
1650844800,510.0,524.0,492.1,507.8,9675
1650931200,509.0,509.0,490.2,498.0,4182
1651017600,507.9,507.9,485.0,500.0,4670
1651104000,493.1,510.0,491.0,493.0,6742
1651449600,494.0,494.0,470.0,470.0,8511
1651622400,469.9,473.5,461.0,465.0,7244
1651708800,456.0,465.1,440.0,447.5,8593
1651968000,441.0,456.4,430.0,456.4,3162
1652054400,462.0,480.0,445.0,451.5,3953
1652140800,450.0,468.0,446.0,465.0,6357
1652227200,474.0,485.9,467.0,479.0,8883
1652313600,484.0,510.0,480.0,480.0,16676
1652745600,470.4,470.4,453.4,461.0,6521
1652832000,456.0,470.0,443.0,467.9,3583
1652918400,477.2,477.2,442.1,450.3,4076
1653004800,442.0,468.1,442.0,444.1,1822
1653264000,440.0,440.0,425.1,425.1,5974
1653350400,429.0,450.0,426.0,433.9,4685
1653436800,440.0,450.0,438.0,444.0,3790
1653523200,451.8,451.9,440.0,443.0,1504
1653609600,440.0,448.0,430.0,446.0,11960
1653868800,445.0,445.0,426.5,435.0,1444
1653955200,427.0,440.0,425.0,429.0,4150
1654041600,435.0,435.0,424.0,427.0,5941
1654128000,432.0,435.0,422.1,425.0,3307
1654214400,420.0,425.0,418.0,418.2,3945
1654473600,422.0,429.9,416.0,420.0,7682
1654560000,425.0,426.5,412.0,416.0,10606
1654646400,424.3,444.7,416.0,440.0,7778
1654732800,432.1,448.0,423.0,423.0,8354
1654819200,414.6,426.0,411.0,411.0,2543
1655078400,404.1,418.0,403.3,411.5,3830
1655164800,405.0,410.0,396.9,404.4,5735
1655251200,412.4,412.4,396.1,400.0,4403
1655337600,403.0,408.0,400.0,400.0,5190
1655424000,400.0,400.8,393.0,396.0,573
1655596800,392.0,392.0,382.0,382.0,4491
1655683200,376.0,377.0,363.1,372.0,7826
1655769600,375.0,394.0,375.0,382.0,3182
1655856000,375.0,380.2,373.0,375.0,3771
1655942400,370.0,370.0,360.0,365.0,5561
1656028800,360.0,377.0,358.0,375.0,2448
1656201600,382.0,405.0,380.0,404.0,6998
1656288000,410.0,411.0,391.2,398.9,7408
1656374400,391.0,398.8,382.0,389.9,4732
1656460800,392.0,408.0,385.5,406.0,6898
1656547200,414.0,442.9,410.0,432.0,9254
1656633600,439.9,445.0,415.6,434.0,4856
1656806400,434.0,449.9,425.4,448.0,18273
1656892800,456.0,492.8,446.0,460.0,44039
1656979200,450.9,478.5,433.0,442.0,23106
1657065600,434.0,465.0,426.0,450.0,16094
1657152000,459.0,470.2,450.0,453.0,22015
1657238400,455.0,487.0,435.3,438.0,25729
1657497600,444.0,445.0,423.0,431.0,18413
1657584000,423.0,444.4,423.0,436.0,14346
1657670400,444.0,475.0,440.0,475.0,28493
1657756800,482.0,496.0,456.4,494.0,38237
1657843200,503.0,503.0,480.0,499.0,13059
1658016000,489.1,506.0,469.9,490.0,35442
1658102400,480.2,498.0,470.8,485.3,19160
1658188800,494.5,504.9,486.0,494.0,42245
1658275200,491.0,510.0,486.0,496.0,23121
1658361600,491.1,499.0,483.7,488.0,10845
1658448000,479.0,497.7,470.0,497.7,15333
1658620800,487.8,529.0,486.0,528.9,72633
1658707200,535.3,578.0,525.0,565.0,54902
1658793600,563.0,573.0,535.0,540.0,40742
1658880000,530.0,570.6,520.0,558.0,37737
1658966400,568.0,585.0,547.0,559.0,66777
1659052800,552.0,570.0,548.2,561.0,13086
1659225600,565.1,569.0,552.6,552.6,28670
1659312000,552.0,596.0,550.0,587.0,139913
1659398400,598.7,630.0,598.7,610.0,146795
1659484800,622.2,634.0,589.0,589.1,69967
1659571200,580.0,599.7,557.0,560.0,76874
1659657600,548.8,567.0,537.9,548.0,41268
1659830400,539.0,562.9,539.0,557.0,40352
1659916800,568.1,582.0,550.0,563.1,55970
1660003200,568.9,580.0,535.0,580.0,59032
1660089600,591.6,591.6,535.0,560.0,60996
1660176000,571.2,571.2,537.0,538.0,22051
1660435200,528.0,541.0,515.1,525.0,24149
1660521600,526.0,558.7,523.0,558.7,37766
1660608000,558.0,571.0,535.1,539.0,47845
1660694400,544.0,550.0,537.0,542.0,16160
1660780800,536.0,560.0,536.0,550.0,28658
1661040000,555.3,570.0,541.5,550.0,24490
1661126400,540.0,557.8,540.0,551.8,29278
1661212800,541.0,557.9,531.0,549.0,12284
1661299200,546.0,555.0,543.0,546.9,13965
1661385600,537.3,555.0,536.0,538.0,21470
1661472000,528.0,537.0,526.3,526.5,20993
1661644800,516.6,527.9,497.0,498.0,33110
1661731200,491.1,512.9,491.1,507.0,18102
1661817600,515.0,517.0,504.7,504.7,7970
1661904000,510.0,514.6,495.0,495.0,7625
1661990400,499.9,517.0,483.0,495.0,19895
1662076800,485.1,510.0,485.1,495.3,5492
1662249600,504.0,504.0,496.0,499.0,6930
1662336000,491.0,506.0,491.0,493.0,4292
1662422400,486.1,495.0,484.0,484.0,8053
1662508800,484.0,488.9,471.4,476.7,9497
1662595200,486.0,495.0,465.5,475.0,7567
1662854400,484.0,484.5,470.0,470.0,7231
1662940800,461.1,473.9,455.0,466.0,11922
1663027200,475.0,477.0,465.0,473.0,11750
1663113600,479.0,502.0,474.0,498.7,21571
1663200000,508.0,508.6,470.0,479.0,12463
1663286400,470.0,470.0,444.0,465.0,14596
1663459200,456.0,464.4,448.2,448.2,9252
1663632000,440.0,445.0,426.0,426.0,18298
1663718400,426.0,440.0,426.0,434.0,6694
1663804800,433.0,440.0,428.1,432.0,6633
1664064000,430.0,430.0,419.0,419.0,5212
1664236800,427.3,435.8,423.5,428.0,8675
1664323200,421.0,437.0,421.0,432.0,2300
1664409600,435.0,435.0,428.1,433.0,3915
1665273600,439.0,455.0,437.0,454.0,6519
1665360000,455.0,462.0,441.0,445.9,6572
1665446400,437.3,448.5,434.1,446.0,4004
1665532800,445.0,466.0,436.1,460.0,12942
1665619200,469.0,469.0,455.0,465.0,8323
1665878400,465.0,465.1,447.1,448.0,6149
1665964800,456.0,456.0,444.0,445.0,3955
1666137600,440.0,440.0,429.0,435.0,7272
1666224000,427.0,436.0,423.6,424.0,5782
1666483200,425.0,438.0,425.0,430.0,3407
1667174400,428.0,429.0,420.0,427.0,6985
1667260800,427.0,453.0,424.0,450.0,10353
1667347200,459.0,465.0,441.0,450.0,9164
1667433600,441.0,465.0,441.0,451.0,9933
1667692800,443.0,474.0,443.0,473.9,11940
1667779200,464.5,497.5,464.0,476.0,19812
1667865600,468.0,479.0,460.0,467.9,9880
1667952000,458.6,472.0,440.1,446.9,15337
1668038400,439.0,455.8,435.0,435.0,9984
1668297600,443.7,443.7,432.0,438.9,3869
1668384000,430.2,453.0,430.2,450.0,5000
1668470400,442.5,459.0,437.0,444.9,8996
1668556800,438.0,453.0,438.0,452.0,5187
1668643200,443.1,467.0,443.1,461.0,9371
1669075200,470.2,479.6,451.1,456.9,7828
1669161600,448.5,459.9,448.5,458.0,3211
1669248000,449.0,464.0,449.0,460.0,4466
1669507200,453.0,475.0,453.0,470.0,9457
1669593600,479.4,479.4,460.0,463.0,10608
1669680000,455.1,469.0,455.1,465.0,6087
1669766400,455.7,469.0,455.7,461.2,2110
1669852800,464.0,469.0,457.0,457.0,6818
1670112000,459.0,470.0,456.7,458.0,9791
1670198400,467.1,473.8,444.0,452.8,10423
1670284800,446.3,455.2,446.0,446.2,4895
1670371200,438.5,449.9,438.5,440.0,4287
1670716800,448.0,448.0,434.7,434.8,4236
1670803200,443.0,447.9,435.1,447.9,8061
1670889600,440.0,448.8,440.0,446.9,1977
1670976000,440.0,452.8,440.0,447.0,2628
1671062400,439.0,448.0,439.0,446.1,3686
1671321600,437.3,438.0,430.0,430.0,6258
1671408000,425.0,447.0,425.0,429.0,1318
1671494400,437.5,440.0,433.0,439.0,4043
1671580800,430.5,441.0,423.0,423.2,2001
1671667200,422.0,425.0,419.0,419.0,7177
1672012800,427.3,449.0,427.3,445.0,12058
1672099200,445.0,479.9,445.0,463.0,22209
1672185600,472.2,472.2,455.5,456.1,14059
1672272000,452.5,478.0,452.5,476.0,26067
1672531200,485.0,490.0,462.2,479.9,22848
1672617600,471.0,486.5,471.0,484.0,11406
1672704000,475.0,493.0,472.0,484.0,27350
1672790400,475.0,498.0,475.0,495.9,19217
1672876800,504.0,522.0,495.0,515.0,42231
1673136000,515.0,533.0,503.0,515.0,20303
1673222400,512.0,550.0,508.0,549.0,42581
1673308800,559.0,565.0,514.0,520.0,45234
1673481600,530.0,550.0,498.0,500.0,34692
1673913600,510.0,518.8,500.0,510.0,10556
1674000000,518.0,530.0,508.0,512.0,22030
1674086400,512.0,515.0,502.0,503.0,10437
1674432000,501.0,520.2,501.0,505.0,20223
1674518400,495.0,555.0,495.0,525.1,31541
1674604800,535.6,540.0,524.0,528.0,39327
1674691200,517.5,529.8,514.1,514.1,9432
1674950400,505.1,520.0,505.0,511.8,8768
1675036800,512.0,512.0,489.1,494.0,20060
1675123200,485.0,500.0,484.1,485.0,15432
1675209600,493.0,496.0,485.0,485.0,4069
1675296000,476.1,498.8,476.0,479.0,9665
1675555200,478.0,515.0,471.1,488.0,10100
1675641600,481.0,507.0,481.0,490.0,2130
1675728000,482.0,520.0,482.0,520.0,24249
1675814400,510.0,530.0,510.0,512.0,14609
1675900800,512.0,518.8,502.0,517.0,6122
1676160000,507.0,507.0,490.1,492.0,18861
1676332800,492.0,500.0,490.5,493.0,7665
1676419200,485.0,499.0,485.0,490.0,7598
1676505600,481.0,496.0,481.0,481.3,8184
1676851200,475.1,490.9,474.0,474.8,8658
1677024000,484.0,493.0,476.0,490.0,1982
1677110400,482.0,482.0,471.0,481.9,6140
1677369600,473.0,485.0,463.0,475.0,8993
1677456000,476.0,481.0,457.0,463.0,8683
1677542400,465.0,470.0,454.1,462.1,5351
1677628800,465.0,471.0,462.2,467.0,3591
1677715200,461.2,469.9,461.2,463.0,2165
1677974400,472.2,472.2,446.2,454.0,3212
1678147200,454.0,466.0,448.0,448.0,3181
1678320000,456.9,466.0,454.0,465.0,4861
1678579200,474.3,474.3,452.0,458.3,10875
1678665600,464.0,464.0,449.4,454.8,2156
1678752000,460.9,469.0,447.9,469.0,8714
1678838400,460.0,461.7,459.7,461.7,1673
1678924800,452.7,460.0,448.0,448.0,6097
1679184000,455.9,456.9,450.0,455.0,4150
1679270400,458.0,469.0,455.0,469.0,5199
1679443200,471.9,472.0,450.0,459.0,6227
1679529600,455.0,458.4,450.0,452.0,4075
1679788800,452.0,452.0,443.1,448.5,2756
1679875200,454.9,455.0,445.9,454.0,2804
1679961600,454.0,466.0,451.0,454.0,4847
1680048000,447.0,458.0,447.0,458.0,1833
1680134400,458.2,458.2,449.0,454.9,2444
1680393600,454.9,450.0,442.1,447.0,3320
1680480000,440.1,440.1,434.0,435.0,4838
1680566400,428.0,448.0,428.0,448.0,2250
1680652800,441.0,444.5,439.1,444.5,1481
1680739200,436.0,440.0,430.2,435.0,2377
1680998400,435.0,443.6,426.3,426.5,3488
1681084800,435.0,435.0,422.1,429.9,176
1681171200,435.0,446.0,422.0,442.0,2910
1681257600,446.9,472.8,446.9,472.0,18501
1681344000,479.5,479.5,467.0,467.0,10301
1681603200,470.0,470.0,453.0,462.9,2200
1681689600,455.6,464.9,446.5,464.9,2255
1681776000,455.7,460.0,450.0,460.0,494
1681862400,455.7,455.7,449.0,454.0,7560
1681948800,455.0,457.0,446.0,450.0,1894
1682208000,441.0,442.0,424.0,424.0,16605
1682294400,417.1,430.9,417.1,427.1,5246
1682380800,425.0,433.0,422.3,433.0,2337
1682467200,426.1,442.0,426.1,437.0,1590
1682553600,428.5,433.0,428.5,429.1,3546
1682812800,429.0,434.7,423.5,423.5,3632
1682985600,422.0,429.9,422.0,429.9,1541
1683072000,422.0,429.0,422.0,425.0,813
1683158400,417.1,427.4,417.1,427.4,685
1683417600,420.0,433.0,420.0,433.0,2670
1683504000,424.5,425.0,417.1,425.0,1811
1683590400,416.5,433.5,411.1,430.5,1255
1683676800,421.9,430.0,421.9,428.9,1076
1683763200,420.4,428.9,420.4,428.7,1830
1684022400,421.0,421.0,413.0,413.0,1969
1684108800,405.3,418.0,405.1,418.0,1301
1684195200,409.7,420.0,409.7,420.0,775
1684281600,412.1,428.7,412.1,428.6,479
1684368000,425.0,440.0,425.0,435.0,2450
1684627200,430.0,448.0,424.0,432.0,5017
1684713600,432.0,461.5,428.0,458.9,20093
1684800000,468.0,468.0,449.0,462.6,9242
1684886400,460.0,465.1,454.5,465.1,7359
1685232000,455.8,468.5,451.0,460.0,12107
1685404800,450.8,459.0,434.0,441.0,10946
1685491200,433.0,435.0,420.1,422.1,9571
1685577600,425.1,437.0,422.9,437.0,1260
1685836800,445.7,450.0,437.1,446.0,5437
1685923200,441.1,445.9,432.1,432.1,6423
1686009600,434.0,442.6,427.1,435.0,9481
1686096000,443.0,450.0,440.0,440.0,74090
1686182400,445.0,459.0,438.0,452.0,29796
1686441600,455.0,480.0,455.0,469.0,73049
1686528000,469.0,472.0,453.0,460.0,30752
1686614400,452.0,475.9,450.8,460.0,30749
1686700800,460.0,465.0,450.0,451.0,24846
1686787200,451.0,459.0,450.0,455.0,10275
1687046400,464.1,464.1,451.0,460.0,28230
1687132800,461.1,496.7,461.1,478.0,53033
1687219200,487.0,487.5,456.0,460.0,26370
1687305600,460.0,470.0,451.0,452.0,10915
1687392000,459.0,461.0,444.0,444.0,11508
1687651200,452.7,488.0,450.0,475.0,36281
1687737600,484.0,510.0,475.0,485.0,43801
1687824000,494.6,518.0,493.0,511.0,40220
1687910400,502.0,503.0,490.0,492.0,15312
1688256000,484.0,499.0,480.2,480.2,28172
1688342400,489.0,490.0,466.0,469.0,15933
1688428800,478.0,487.0,467.5,475.8,5260
1688515200,466.5,485.3,466.3,472.5,9739
1688601600,466.0,473.0,457.0,472.0,7597
1688860800,481.0,488.0,472.1,482.8,19786
1688947200,487.0,492.0,483.5,491.9,28715
1689033600,492.0,520.0,490.0,506.7,35285
1689120000,516.0,525.0,495.0,497.0,25796
1689206400,487.3,503.0,482.0,482.0,16358
1689465600,473.0,491.5,473.0,483.0,7572
1689552000,476.1,508.0,476.1,508.0,41296
1689638400,508.0,518.0,498.0,515.3,57270
1689724800,507.4,525.0,506.1,519.0,47721
1689811200,519.0,519.0,507.4,516.9,43616
1690070400,523.4,530.0,512.0,525.0,23877
1690156800,515.0,519.0,506.0,515.0,74794
1690243200,511.0,512.0,498.0,502.0,17313
1690329600,492.2,511.7,492.2,504.0,9687
1690416000,514.0,514.0,488.0,492.9,18510
1690675200,502.7,502.7,477.0,488.0,35069
1690761600,480.3,496.5,478.0,490.0,18199
1690848000,495.0,495.0,470.0,477.0,11989
1690934400,484.6,493.0,468.0,493.0,10756
1691020800,502.8,512.0,471.0,474.0,19346
1691280000,472.0,472.5,451.0,460.0,13311
1691366400,459.0,472.0,442.1,468.0,12955
1691452800,460.3,460.5,450.0,453.9,5905
1691539200,444.9,470.0,432.0,468.7,19105
1691625600,478.0,478.0,445.1,469.0,12256
1691884800,462.0,470.0,455.0,457.0,6433
1691971200,455.0,464.0,450.2,457.0,7337
1692057600,447.9,456.0,441.0,443.0,7177
1692144000,438.0,447.0,438.0,440.0,9346
1692230400,435.2,455.0,435.2,445.0,3942
1692489600,443.0,452.8,438.0,446.7,6409
1692576000,437.8,445.0,437.8,444.0,1776
1692662400,436.0,449.9,436.0,449.9,3675
1692748800,445.0,455.0,445.0,453.0,3121
1692835200,444.0,452.7,436.0,447.0,7975
1693094400,439.0,445.0,435.0,435.0,3816
1693180800,439.0,445.0,430.3,432.0,9188
1693267200,425.0,438.0,425.0,436.0,5498
1693353600,435.0,435.0,428.1,428.1,3640
1693699200,430.0,435.0,420.0,427.0,4963
1693785600,427.0,435.0,421.3,427.0,3080
1693872000,433.9,433.9,420.0,420.0,1458
1694044800,428.0,428.0,413.0,417.0,3811
1694304000,420.0,420.0,414.5,420.0,2559
1694390400,425.0,435.5,421.0,435.0,3872
1694476800,440.0,440.0,422.6,424.0,2007
1694563200,420.2,439.8,420.2,437.0,3929
1694908800,429.0,437.0,416.0,428.9,6488
1694995200,434.0,434.0,421.1,430.0,315
1695081600,430.1,434.9,422.0,430.0,1777
1695254400,438.6,473.0,438.6,470.0,18222
1695513600,460.6,470.0,450.0,451.0,5275
1695600000,446.2,460.0,446.2,446.3,3477
1695686400,455.2,464.3,449.0,456.0,4995
1695772800,451.0,455.0,441.1,448.9,6657
1696118400,444.0,444.0,435.0,435.0,5225
1696204800,426.5,444.0,426.5,440.0,2321
1696291200,433.1,440.0,433.0,439.0,1861
1696377600,431.0,446.0,431.0,436.1,1756
1696464000,436.1,437.0,429.0,431.0,4312
1696723200,439.6,439.6,424.0,424.0,5019
1696809600,430.0,437.9,423.4,431.0,5372
1696896000,425.3,430.0,401.0,424.9,12605
1696982400,425.0,431.9,419.5,425.0,2205
1697068800,419.0,425.0,390.0,413.0,17975
1697414400,406.0,414.0,399.0,399.0,21821
1697500800,406.9,423.3,390.0,412.0,11681
1697587200,417.0,419.5,406.0,408.1,6043
1697673600,400.0,412.0,400.0,409.0,2670
1698537600,402.0,406.0,387.1,397.0,9413
1698624000,390.2,403.0,390.2,396.0,1499
1698710400,396.0,396.0,395.0,395.0,524
1698796800,395.0,402.0,390.0,390.1,7021
1698883200,390.1,397.0,389.0,392.0,5988
1699142400,392.0,392.0,383.0,385.0,6161
1699228800,387.0,394.0,387.0,390.0,2078
1699315200,397.8,397.8,389.1,390.0,1454
1699401600,385.0,394.4,385.0,394.2,2243
1699488000,387.1,387.1,375.0,382.0,4642
1700438400,380.0,400.5,380.0,395.0,3638
1700524800,394.0,394.0,385.0,385.0,4953
1700611200,378.1,399.0,378.1,399.0,1373
1700697600,393.0,402.7,393.0,400.0,1716
1700956800,400.0,429.0,400.0,428.0,11303
1701043200,428.0,428.0,412.0,420.0,1785
1701129600,428.0,436.0,412.0,425.0,2130
1701216000,419.1,419.9,411.3,415.0,1117
1701302400,410.0,410.0,401.0,401.0,710
1701561600,395.0,406.9,393.2,405.0,2461
1701648000,405.0,409.9,390.0,401.8,3945
1701734400,394.0,400.0,394.0,398.9,734
1701820800,391.1,399.0,391.1,395.5,1957
1701907200,390.0,410.0,388.0,398.3,1777
1702166400,406.2,430.9,406.2,430.9,50
1702252800,423.0,439.0,422.3,431.5,9897
1702339200,422.9,446.6,420.0,446.6,26639
1702425600,455.0,455.0,430.3,446.7,11160
1702512000,437.8,446.0,430.0,435.0,8349
1702771200,426.6,440.0,421.1,430.0,13412
1702857600,438.6,472.0,438.6,469.0,45967
1702944000,459.7,473.3,452.0,467.0,18732
1703030400,472.0,475.0,452.0,470.0,46749
1703116800,461.0,469.0,453.2,453.2,14946
1703376000,444.2,451.9,437.0,438.0,17765
1703635200,440.0,440.0,423.0,437.0,14402
1703721600,440.0,444.0,431.1,436.0,3220
1704067200,443.0,444.0,427.7,427.8,11050
1704153600,430.0,435.0,417.0,428.0,13781
1704240000,428.0,438.0,428.0,434.9,7006
1704326400,443.4,443.4,424.0,424.0,10637
1704585600,415.8,440.0,415.8,425.0,4070
1704672000,433.0,433.0,424.5,430.0,10272
1704758400,438.0,449.0,437.1,444.0,16937
1704844800,452.7,461.7,439.0,448.0,26476
1704931200,442.0,449.9,436.1,446.0,6335
1705190400,453.0,455.1,441.0,447.9,13339
1705363200,454.0,486.0,454.0,481.0,61728
1705449600,490.0,490.0,460.1,462.1,56253
1705536000,465.0,467.0,453.0,464.0,15347
1705795200,460.0,470.0,448.0,455.0,13710
1705881600,450.0,458.0,442.0,449.0,9943
1705968000,445.0,448.6,440.0,444.3,8069
1706054400,438.0,452.0,438.0,440.0,17766
1706140800,431.2,446.9,431.2,443.9,10497
1706400000,451.0,452.0,431.2,440.0,5822
1706486400,440.0,446.0,440.0,444.0,5809
1706572800,437.2,453.0,437.2,445.0,5649
1706659200,440.0,448.5,436.1,436.1,7746
1706745600,431.0,444.8,427.5,431.6,14113
1707004800,425.0,443.0,425.0,433.4,6212
1707091200,441.0,442.0,435.1,441.0,9620
1707177600,433.0,448.0,433.0,443.5,4720
1707264000,444.0,444.0,439.0,441.6,6942
1707350400,436.0,441.6,433.0,441.5,5035
1707609600,444.0,445.0,436.0,440.0,11988
1707696000,445.0,453.9,440.2,445.0,7718
1707782400,437.2,440.0,435.0,438.5,11045
1707868800,440.0,473.8,440.0,465.0,51773
1707955200,456.8,465.0,448.3,450.0,27246
1708214400,450.0,458.0,435.0,435.0,18233
1708387200,430.5,443.7,430.5,442.9,10469
1708473600,442.1,442.1,435.0,435.2,5450
1708560000,435.8,452.0,433.6,437.3,22240
1708819200,434.0,452.4,433.7,443.9,15700
1708905600,443.0,449.9,437.0,439.0,4284
1708992000,439.1,446.7,435.3,437.3,4831
1709078400,439.0,445.9,432.0,436.0,11794
1709164800,438.9,438.9,426.0,426.1,9908
1709424000,426.1,427.0,419.0,421.3,11732
1709510400,429.7,445.0,429.0,445.0,4104
1709596800,453.9,453.9,429.1,437.7,11032
1709683200,435.0,445.0,427.1,444.0,13466
1709769600,440.0,451.5,438.1,442.0,9143
1710028800,447.9,451.7,443.4,443.4,10471
1710201600,452.0,460.0,450.0,453.1,10822
1710288000,455.1,470.0,453.1,464.0,21041
1710374400,470.9,473.2,456.1,464.0,24787
1710633600,460.0,470.0,460.0,469.7,10350
1710720000,473.9,474.0,462.7,467.9,7813
1710806400,473.0,494.0,473.0,478.1,49870
1710892800,475.1,483.0,467.1,472.0,24327
1710979200,474.0,487.0,469.0,476.0,22624
1711324800,476.0,476.0,461.2,472.0,6355
1711411200,474.0,474.0,464.0,468.0,8327
1711497600,475.0,475.0,458.7,460.0,8188
1711584000,461.0,462.0,453.2,460.0,8279
1711843200,455.0,457.6,450.0,456.9,7987
1711929600,460.0,460.0,445.2,450.9,5368
1712016000,450.9,451.0,445.3,447.4,2779
1712102400,450.0,454.9,445.6,448.0,3348
1712188800,448.0,455.5,445.1,452.0,8428
1712448000,461.0,484.5,455.4,482.0,28479
1712620800,490.0,500.0,481.2,494.9,54123
1712707200,504.0,504.0,474.0,474.0,47589
1713052800,470.0,476.0,466.0,468.9,19718
1713139200,462.0,474.0,458.0,463.0,7719
1713225600,463.0,465.0,446.4,451.7,14723
1713398400,453.1,459.0,442.7,447.7,18441
1713657600,441.0,453.9,439.0,448.0,13244
1713744000,440.1,447.0,438.0,440.0,10328
1713916800,447.8,459.9,439.0,445.8,14397
1714003200,454.0,470.0,453.0,457.0,28274
1714262400,458.1,479.8,449.9,472.0,39149
1714348800,464.0,492.0,464.0,486.5,49212
1714435200,492.0,511.0,489.0,489.0,147235
1714608000,485.0,493.9,475.3,475.3,31494
1714867200,466.1,484.0,461.0,463.9,25333
1714953600,469.0,469.0,453.3,458.9,10975
1715040000,462.0,464.0,449.8,453.9,19922
1715126400,456.5,468.0,451.2,468.0,22955
1715212800,475.9,475.9,465.0,469.0,17070
1715472000,469.9,469.9,462.0,462.9,13531
1715558400,463.2,469.0,459.6,460.0,12782
1715644800,458.0,467.1,456.0,466.4,17251
1715731200,465.0,470.9,457.0,457.0,13759
1715817600,460.0,464.0,450.1,456.8,13830
1716076800,465.9,467.7,446.0,467.7,53946
1716163200,473.0,473.0,457.0,458.0,12984
1716249600,460.5,475.0,460.5,473.0,22442
1716336000,482.4,482.4,460.0,464.0,10898
1716681600,455.1,469.9,455.1,462.9,5194
1716768000,467.0,467.0,457.7,460.0,10673
1716940800,469.2,469.2,450.3,452.0,10652
1717027200,455.0,459.9,450.0,458.0,16547
1717286400,458.0,470.0,456.0,464.9,24839
1717372800,467.0,479.0,464.6,469.0,27914
1717459200,478.3,478.3,460.1,466.8,25341
1717545600,466.8,475.0,463.4,467.8,14509
1717632000,477.1,477.1,460.3,462.0,14339
1717891200,462.0,468.9,454.0,454.0,13660
1717977600,446.0,471.0,446.0,464.0,17557
1718064000,473.0,473.0,465.0,469.6,16252
1718150400,465.0,483.0,465.0,483.0,33374
1718236800,485.0,531.3,478.0,525.7,195627
1718496000,536.2,545.1,515.0,519.0,57517
1718668800,528.9,528.9,506.0,513.0,31060
1718755200,513.0,536.5,511.0,520.6,60748
1718841600,517.3,572.1,517.3,549.0,150375
1719100800,538.1,580.3,538.1,580.3,142850
1719187200,590.0,630.0,581.0,613.0,148320
1719273600,613.0,623.9,579.0,589.9,68953
1719360000,578.2,635.0,578.2,617.3,246054
1719446400,620.0,627.9,599.0,599.0,61498
1719705600,598.0,619.3,587.0,588.0,118836
1719792000,577.0,634.0,565.1,610.0,116411
1719878400,622.2,660.1,603.0,645.0,174026
1719964800,632.1,686.0,632.1,684.9,158548
1720051200,684.9,690.0,645.0,677.9,162866
1720310400,664.4,669.9,633.0,633.0,178692
1720396800,635.0,644.6,627.0,629.8,93903
1720483200,617.3,645.0,617.3,626.0,75600
1720569600,638.0,659.9,630.1,655.0,110515
1720656000,641.9,665.0,629.1,630.0,75644
1720915200,642.6,667.0,637.0,637.0,51061
1721001600,649.7,652.8,603.0,627.0,101925
1721088000,639.5,640.0,620.0,636.0,58511
1721174400,645.0,670.0,640.0,666.0,65162
1721260800,669.8,685.0,650.0,650.0,114795
1721520000,658.9,665.0,646.0,664.0,93293
1721606400,664.9,668.8,646.9,650.4,64513
1721692800,663.4,696.0,652.1,682.1,109093
1721779200,682.1,714.0,673.0,699.9,153414
1721865600,688.0,764.0,688.0,725.0,116201
1722124800,739.5,739.5,707.1,727.9,77704
1722211200,742.4,800.6,716.0,769.0,185882
1722297600,779.8,808.0,763.0,795.4,105618
1722384000,809.0,855.0,795.0,848.5,131794
1722470400,865.4,880.0,796.2,812.0,178486
1722816000,828.2,828.2,770.8,777.0,211363
1722902400,761.5,780.0,700.0,726.0,267562
1722988800,736.0,798.6,711.5,798.6,142374
1723075200,814.5,877.0,814.5,836.0,192559
1723334400,836.0,914.8,819.3,890.0,221802
1723420800,900.0,975.0,900.0,973.5,162472
1723507200,992.9,1070.8,992.9,1070.8,231251
1723593600,1092.2,1177.8,1092.0,1177.8,160901
1723680000,1201.0,1295.0,1078.2,1150.0,271498
1723939200,1127.0,1244.0,1050.0,1111.0,314677
1724198400,1133.2,1205.0,1125.3,1192.6,216898
1724284800,1215.0,1300.0,1188.0,1216.0,191568
1724544000,1191.7,1264.0,1169.9,1194.0,263165
1724716800,1200.0,1234.0,1160.0,1170.0,190356
1724803200,1193.4,1217.0,1108.0,1125.0,111310
1724889600,1147.5,1228.7,1090.1,1178.0,329072
1725148800,1201.5,1273.0,1201.5,1230.0,419230
1725235200,1254.3,1353.0,1160.0,1330.0,373072
1725321600,1303.4,1326.0,1225.0,1260.0,232209
1725408000,1234.8,1270.0,1150.0,1150.0,197053
1725494400,1155.0,1265.0,1068.2,1240.0,266128
1725753600,1215.2,1340.8,1116.0,1165.0,285786
1725840000,1141.7,1250.0,1090.0,1114.0,177364
1725926400,1091.8,1132.0,1030.7,1079.6,127328
1726012800,1079.6,1098.0,1048.7,1079.0,141136
1726099200,1080.0,1118.0,1065.0,1110.0,119064
1726358400,1087.8,1201.1,1040.0,1049.0,142104
1726444800,1040.0,1059.0,944.1,945.0,131976
1726617600,963.9,963.9,880.0,881.0,142810
1726963200,898.6,929.0,866.0,870.0,54630
1727049600,870.0,870.0,783.0,783.0,136164
1727136000,798.6,806.9,752.1,761.0,96501
1727222400,761.0,816.0,750.0,814.8,71091
1727308800,813.0,850.0,809.8,811.0,122909
1727568000,795.0,825.0,788.0,809.9,68488
1727654400,820.0,842.5,806.1,842.0,87235
1727740800,845.0,926.2,845.0,926.2,119328
1727827200,944.7,1015.0,937.0,992.0,162361
1728172800,1011.8,1088.9,972.2,1084.0,145333
1728259200,1105.6,1159.7,1051.0,1090.0,204941
1728345600,1090.0,1140.0,1063.0,1065.0,97422
1728432000,1075.0,1080.6,1050.0,1062.0,86960
1728950400,1050.0,1083.0,1050.0,1077.0,168766
1729036800,1080.0,1141.3,1065.0,1114.9,120346
1729123200,1092.7,1200.0,1080.0,1200.0,164841
1729382400,1176.0,1176.0,1080.0,1099.1,408974
1729468800,1077.2,1097.8,1034.0,1037.0,134185
1729555200,1030.0,1085.0,1021.0,1045.1,164405
1729641600,1045.0,1098.0,1040.0,1062.9,172659
1729728000,1062.9,1078.8,1010.0,1015.0,75135
1729987200,1017.1,1034.8,999.1,999.1,83007
1730073600,1018.0,1049.0,1002.0,1047.9,65975
1730160000,1064.0,1079.0,1032.0,1035.0,45661
1730246400,1036.0,1047.0,1007.0,1015.2,65748
1730764800,1021.0,1034.9,1000.6,1005.0,32414
1730851200,1005.0,1029.1,995.0,1020.0,79323
1731196800,1010.0,1060.0,1010.0,1049.1,76812
1731283200,1067.0,1152.3,1016.0,1152.3,106698
1731369600,1129.3,1129.3,1037.1,1044.5,277896
1731456000,1044.5,1055.0,1009.0,1026.0,77506
1731542400,1035.0,1051.0,1004.0,1004.0,112718
1731801600,1024.0,1040.0,995.0,1003.0,81302
1731974400,1020.0,1021.0,980.0,985.0,80736
1732060800,990.0,1008.7,968.0,983.0,56055
1732147200,999.9,1002.6,957.7,957.7,67373
1732406400,960.0,975.0,941.0,941.1,42788
1732492800,959.0,964.9,941.2,942.0,34448
1732579200,942.0,980.0,942.0,969.0,38119
1732665600,979.9,1010.0,955.5,989.9,94194
1732752000,990.0,990.0,961.0,961.0,37469
1733011200,960.0,961.0,927.1,930.0,64163
1733097600,936.0,948.0,903.0,911.0,68214
1733184000,911.0,946.0,900.0,918.0,63759
1733270400,935.7,935.7,899.7,901.0,53013
1733356800,919.0,919.0,852.0,867.0,77078
1733616000,870.0,884.0,834.4,842.0,57731
1733702400,858.8,867.0,834.1,853.0,57203
1733788800,850.0,861.0,837.9,844.0,33667
1733875200,854.0,855.9,840.0,853.0,33014
1733961600,855.0,860.0,840.0,842.0,29665
1734307200,842.0,842.0,798.0,800.0,57525
1734393600,784.0,810.0,784.0,798.0,39325
1734480000,811.0,820.0,798.0,803.0,42415
1734566400,804.0,818.0,787.0,787.1,39338
1734825600,797.0,802.0,775.0,779.0,34029
1734912000,794.5,794.5,777.0,793.5,39779
1734998400,797.0,854.8,795.0,840.0,90146
1735171200,830.0,846.0,813.0,814.0,36868
1735430400,800.9,825.0,775.1,777.1,58404
1735603200,761.6,777.0,728.1,764.0,90274
1735689600,770.0,807.0,765.0,795.0,60223
1735776000,807.9,807.9,784.0,798.9,27996
1736035200,814.0,814.0,793.3,799.9,41840
1736121600,799.9,814.7,790.0,795.0,41723
1736208000,810.0,815.0,797.1,815.0,36338
1736294400,820.0,867.0,816.0,858.8,81164
1736380800,859.0,867.0,830.0,830.0,48251
1736640000,825.0,826.0,792.0,792.0,43490
1736726400,791.0,815.0,778.3,779.0,32759
1736899200,777.0,790.0,753.2,756.9,70036
1736985600,741.8,769.9,716.4,716.4,76186
1737244800,707.5,752.7,703.0,723.9,67513
1737331200,738.0,741.9,715.0,717.0,33576
1737417600,724.0,734.9,715.1,717.0,19553
1737504000,729.9,740.0,716.0,727.0,32680
1737590400,727.0,740.0,712.0,717.0,31772
1737849600,717.0,725.1,646.0,702.0,129810
1737936000,688.0,742.0,688.0,732.0,66655
1738022400,732.0,742.1,715.3,721.1,26798
1738454400,729.9,740.0,708.0,727.2,62880
1738540800,727.2,737.0,711.0,715.0,34058
1738627200,720.0,720.0,701.7,702.0,33631
1738713600,705.0,760.0,691.0,725.9,51229
1738800000,730.0,765.0,726.1,733.0,85559
1739059200,736.1,755.1,720.0,740.0,46194
1739145600,740.0,755.0,729.3,729.3,26930
1739232000,738.9,749.0,720.0,726.0,21983
1739318400,740.5,740.5,722.0,725.0,25851
1739404800,739.0,745.0,732.5,736.5,56510
1739664000,721.8,799.0,721.8,794.0,113622
1739750400,794.0,811.0,768.5,777.0,53584
1739836800,785.0,785.0,756.0,759.0,35681
1740009600,759.0,783.0,745.0,756.0,45207
1740268800,740.9,761.0,738.0,746.0,36842
1740355200,760.9,760.9,736.1,742.0,27096
1740441600,735.0,749.7,728.1,728.1,36374
1740614400,742.6,755.0,713.6,728.0,36875
1740873600,742.5,770.0,740.0,770.0,51357
1740960000,775.0,796.0,770.0,772.0,62911
1741046400,772.0,780.0,750.0,754.0,31720
1741132800,754.0,757.9,737.1,744.0,29193
1741219200,750.0,756.0,737.0,737.2,16543
1741478400,750.0,750.0,726.1,728.0,20888
1741564800,729.0,742.3,716.4,721.8,23912
1741651200,727.0,734.9,705.0,707.2,27101
1741737600,711.0,718.0,708.0,710.1,20698
1742083200,710.1,714.0,700.0,707.9,20873
1742169600,701.0,720.9,701.0,705.0,15655
1742256000,707.2,716.9,702.0,704.0,12066
1742342400,704.0,710.0,692.0,693.0,23346
1742428800,699.0,699.0,677.0,680.41,35551
1742688000,668.0,680.0,656.6,657.36,24668
1742774400,658.0,679.0,648.1,676.45,19636
1742860800,676.5,676.5,652.1,653.67,22810
1742947200,663.0,667.0,650.0,660.0,14004
1743033600,663.0,670.0,658.0,665.59,11616
1743292800,665.0,680.0,665.0,674.9,19716
1743465600,675.0,675.0,660.0,661.43,16675
1743552000,674.5,699.0,664.0,683.83,34750
1743638400,690.0,697.9,670.3,671.52,26834
1743984000,683.0,683.0,662.1,663.4,14550
1744070400,660.0,669.0,655.1,662.25,14942
1744156800,675.0,675.0,660.0,661.3,11472
1744243200,674.5,683.9,660.0,662.27,12415
1744502400,655.2,675.0,655.2,658.9,15436
1744675200,670.0,700.0,660.0,678.48,31114
1744761600,680.0,680.0,668.4,670.26,10581
1744848000,680.0,683.5,666.0,679.49,24755
1745107200,680.0,680.1,667.0,668.97,13971
1745193600,675.0,675.0,660.0,662.19,26183
1745280000,663.0,667.0,654.0,656.81,15547
1745366400,657.0,661.0,648.0,653.66,12428
1745452800,657.0,659.0,640.0,643.0,16775
1745712000,649.9,678.0,634.0,642.28,25786
1745798400,644.0,680.0,644.0,665.12,55539
1745884800,677.0,677.0,655.2,662.33,11563
1745971200,662.3,674.0,650.0,651.56,12045
1746316800,651.0,656.0,647.4,647.73,24801
1746403200,660.6,660.6,639.0,639.72,16068
1746489600,640.0,643.0,629.1,629.62,29092
1746576000,628.0,665.0,620.0,653.76,37095
1746662400,665.4,691.0,645.0,675.6,80601
1746921600,674.0,685.0,648.3,655.21,35565
1747094400,654.0,667.0,646.0,655.57,17741
1747180800,655.0,664.9,645.0,647.54,20443
1747267200,650.0,651.0,638.0,640.45,13899
1747526400,642.1,654.9,642.0,651.33,26636
1747612800,652.3,662.6,646.0,647.62,11289
1747699200,645.0,660.0,643.0,656.69,16327
1747785600,661.0,701.0,647.1,648.93,28952
1747872000,645.1,660.0,644.5,647.45,19475
1748131200,660.0,663.0,634.1,640.98,20303
1748217600,653.7,667.0,644.0,645.98,17489
1748304000,645.0,648.0,636.1,637.37,9530
1748390400,638.6,640.0,633.1,636.08,11540
1748822400,648.8,657.0,637.2,639.5,8757
1748908800,641.0,644.9,630.2,634.45,9802
1748995200,638.0,640.0,627.5,629.23,9492
1749081600,625.2,638.9,620.5,628.12,20197
1749340800,621.1,631.0,620.0,620.52,18205
1749427200,625.0,630.0,621.0,621.46,14461
1749513600,621.0,664.9,621.0,652.9,55712
1749600000,664.0,665.4,637.1,639.3,40233
1749686400,648.9,652.0,636.1,641.84,18160
1749945600,646.0,650.0,635.1,635.93,22391
1750032000,640.0,640.0,628.0,630.69,13356
1750118400,630.0,641.9,624.0,625.04,13261
1750204800,637.5,637.5,624.8,629.31,27083
1750291200,641.4,641.4,620.1,621.36,21102
1750550400,612.0,627.0,612.0,614.15,12854
1750636800,622.0,626.4,606.0,610.3,12810
1750723200,615.0,620.0,600.0,602.43,16815
1750809600,610.0,614.0,600.0,600.33,12295
1750896000,610.0,610.0,597.0,598.81,11996
1751155200,605.0,605.0,591.5,599.77,17061
1751241600,600.0,603.0,595.0,599.57,6378
1751328000,595.0,614.0,595.0,610.16,10195
1751414400,612.0,628.1,611.0,621.98,29052
1751500800,634.0,665.0,616.0,647.31,54190
1751760000,655.0,685.0,642.1,667.77,89361
1751846400,668.0,670.0,640.0,641.74,31850
1751932800,640.0,655.0,630.0,650.21,23409
1752019200,651.0,654.5,639.9,647.94,15701
1752105600,660.8,660.8,650.1,653.59,16860
1752364800,666.6,679.0,660.0,668.49,42374
1752451200,666.0,679.2,662.0,675.13,36337
1752537600,684.0,710.0,672.0,696.09,98379
1752624000,709.9,717.0,703.1,714.37,50552
1752710400,728.6,729.0,711.2,724.47,56418
1752969600,710.0,724.8,710.0,710.5,115934
1753056000,709.0,717.5,705.1,706.93,58833
1753142400,719.5,734.0,715.0,730.29,56338
1753228800,732.0,756.8,717.0,738.61,61567
1753315200,738.0,750.0,725.0,727.53,33090
1753574400,721.0,739.0,700.3,704.47,71629
1753660800,695.0,730.0,695.0,726.38,57195
1753747200,740.9,740.9,720.0,721.04,28352
1753833600,718.0,735.0,703.0,705.6,27941
1753920000,701.2,748.6,695.0,708.8,78804
1754179200,708.0,730.0,701.2,702.46,26017
1754265600,716.0,716.5,684.0,694.74,43709
1754352000,685.0,705.0,675.0,677.07,21386
1754438400,680.0,685.0,665.0,674.72,16375
1754524800,684.0,685.0,675.0,684.02,9921
1754870400,697.7,697.7,675.0,676.35,13541
1754956800,680.0,680.0,662.3,664.69,12030
1755043200,652.0,677.3,652.0,661.35,9792
1755129600,673.9,673.9,653.1,654.55,8407
1755388800,660.9,661.0,643.0,645.89,12277
1755475200,658.0,669.9,638.3,644.69,8931
1755561600,657.0,657.0,641.0,641.62,14371
1755648000,635.7,654.0,635.7,640.0,5836
1755734400,640.0,641.0,631.0,631.24,11329
1755993600,625.0,643.8,625.0,632.75,4182
1756080000,630.1,636.0,624.0,632.42,8383
1756166400,635.0,637.9,628.0,628.0,4321
1756252800,630.0,645.0,630.0,639.3,9660
1756339200,642.0,643.9,630.0,630.53,8776
1756598400,632.0,643.0,620.4,620.79,6879
1756684800,630.0,630.0,620.1,623.96,7761
1756771200,623.96,623.96,613.0,614.64,6572
1756857600,615.0,623.0,610.0,612.94,7634
1756944000,625.0,626.0,608.0,609.21,10300
1757203200,608.0,616.0,605.0,608.4,7681
1757289600,615.0,615.0,597.0,598.4,12328
1758153600,586.5,586.5,550.0,550.0,1465
1758412800,550.0,605.0,528.3,605.0,19904
1758585600,617.1,650.0,617.1,640.0,20737
1758672000,635.0,640.0,611.0,629.0,9510
1758758400,641.0,641.0,615.0,616.1,3964
1759017600,610.0,617.0,609.0,617.0,3687
1759795200,605.1,627.0,593.0,627.0,4864
1759881600,615.1,621.0,593.0,600.1,16301
1759968000,612.1,637.7,609.0,612.6,12497
1760227200,601.4,621.0,590.0,597.0,12513
1760313600,597.0,608.0,591.0,596.1,10186
1760400000,593.0,599.0,585.0,585.5,5522
1760486400,580.0,590.0,574.0,578.0,6094
1760572800,589.0,589.5,560.0,561.0,12064
1760832000,572.0,572.0,561.0,565.0,7494
1761436800,555.0,560.0,550.0,560.0,4799
1761609600,569.0,580.0,569.0,575.0,4418
1761696000,580.0,589.9,570.0,570.1,4724
1761782400,570.1,580.0,560.4,573.5,6092
1762041600,583.0,600.0,583.0,597.0,19310
1762128000,597.0,623.0,597.0,608.0,15408
1762214400,605.0,609.0,590.0,598.8,5485
1762300800,590.1,619.0,586.1,618.9,11165
1762387200,627.0,631.0,610.0,616.0,15088
1762646400,605.5,607.0,595.0,599.0,7990
1762732800,589.0,608.5,587.0,591.0,6383
1762819200,592.0,592.0,579.2,588.7,6646
1762905600,578.1,600.0,571.4,574.0,8811
1762992000,562.6,582.5,562.6,580.0,5028
1763251200,573.4,575.0,569.0,570.0,10535
1763337600,566.0,580.0,561.5,576.0,2145
1763424000,587.0,588.0,577.1,577.1,4798
1763510400,579.1,582.0,575.0,578.0,5013
1763596800,572.0,580.0,572.0,573.1,6080
1763856000,584.0,590.0,574.0,588.0,7072
1763942400,593.0,599.8,588.1,599.0,8541
1764028800,600.0,612.0,588.0,598.0,8062
1764115200,595.0,600.0,590.0,597.0,4955
1764201600,598.8,600.0,589.0,590.0,11137
1764460800,590.1,605.0,585.0,586.0,6594
1764547200,580.0,595.0,577.3,590.0,6504
1764633600,590.0,595.0,583.0,592.0,5379
1764720000,600.0,605.0,590.1,598.9,28075
1765065600,609.5,609.5,591.0,594.0,9001
1765152000,585.2,600.0,583.1,594.9,3266
1765238400,590.1,596.0,590.0,595.0,1691
1765324800,591.0,591.0,577.4,580.0,9505
1765411200,585.0,587.5,577.0,577.0,5237
1765670400,588.0,588.0,571.0,573.0,4853
1765756800,575.0,591.0,571.0,591.0,9830
1765843200,590.0,593.9,586.0,592.5,4455
1765929600,598.9,600.0,587.0,596.7,11085
1766016000,598.0,598.0,581.2,581.2,12936
1766275200,581.2,581.2,566.3,570.0,19831
1766361600,581.4,581.4,560.0,569.0,17335
1766448000,565.0,566.1,560.0,565.0,15778
1766534400,568.0,574.0,555.0,556.1,24313
1766880000,567.2,575.0,562.0,574.9,18068
1766966400,585.9,594.8,579.0,584.8,30556
1767139200,589.9,593.7,581.0,588.0,8887
1767225600,591.0,591.0,578.2,590.0,29870
1767484800,590.0,595.0,582.0,588.0,21382
1767571200,593.0,605.0,591.5,604.9,46675
1767657600,611.0,648.7,606.0,637.9,73056
1767744000,644.0,650.6,627.0,638.0,57024
1767830400,647.5,647.5,624.5,624.9,46772
1768176000,625.0,642.0,625.0,632.0,50818
1768262400,639.8,639.8,625.0,628.0,24583
1768348800,630.0,673.0,628.0,664.0,95147
1768694400,660.0,712.0,660.0,710.0,109933
1768867200,724.2,738.0,691.4,700.1,98589
1768953600,700.0,708.0,676.3,685.0,46315
1769040000,685.0,724.0,684.5,722.0,86514
1769299200,725.0,730.0,700.0,704.0,56739
1769385600,703.2,709.5,685.0,695.8,81674
1769472000,696.0,699.0,665.0,666.8,67612
1769558400,670.0,691.0,670.0,689.8,58487
1769644800,703.0,706.0,666.0,675.0,55630
1769904000,688.0,695.0,658.0,682.0,88596
1769990400,677.0,684.9,662.0,672.0,38609
1770076800,662.5,672.5,656.0,661.8,27408
1770163200,651.0,667.5,651.0,654.0,37748
1770249600,655.0,667.0,654.0,657.3,25668
1770508800,659.0,680.0,657.0,665.0,45416
1770595200,662.0,664.0,645.0,650.0,27846
1770681600,652.0,652.0,633.2,638.0,27090
1770768000,649.0,649.0,635.0,635.0,11708
1770854400,628.0,655.0,628.0,641.0,25505
