date,open,high,low,close,volume
1325376000,57.77,58.41,58.41,58.41,99
1325462400,58.41,59.54,58.74,59.54,187
1325548800,59.54,60.99,58.25,58.9,1602
1325635200,58.9,59.22,58.58,59.22,100
1325721600,59.22,58.58,57.29,57.45,2247
1325980800,57.45,58.74,56.48,58.09,3488
1326067200,58.09,59.38,58.25,59.22,952
1326153600,59.22,59.7,57.61,57.77,871
1326240000,57.77,58.58,57.61,57.61,1832
1326326400,57.61,60.19,58.09,58.09,1043
1326758400,60.86,60.17,58.25,58.25,510
1326844800,58.25,58.95,57.91,58.95,400
1327190400,58.95,58.43,58.25,58.25,240
1327276800,58.25,58.08,57.38,58.08,610
1327449600,58.08,58.6,58.6,58.6,49
1327536000,58.6,58.6,57.38,57.56,466
1327795200,57.56,58.08,57.91,58.08,651
1327968000,58.08,58.25,57.38,57.38,228
1328054400,57.38,57.56,57.04,57.38,1409
1328140800,57.38,57.38,54.77,55.47,6590
1328400000,55.47,55.64,55.29,55.64,1647
1328486400,55.64,55.47,54.95,55.29,1995
1328572800,55.29,55.47,54.77,55.47,1172
1328659200,55.47,56.86,55.82,56.51,745
1328745600,56.51,57.56,57.04,57.38,944
1329004800,57.38,57.73,56.34,57.38,1961
1329091200,57.38,57.56,56.86,57.21,542
1329177600,57.21,57.38,57.04,57.38,627
1329264000,57.38,56.86,56.34,56.34,146
1329350400,56.34,55.99,55.64,55.82,366
1329782400,55.82,55.64,55.64,55.64,47
1329955200,55.64,56.16,55.64,55.64,287
1330214400,55.64,55.64,55.47,55.64,1046
1330387200,55.64,57.04,55.64,55.99,605
1330473600,55.99,56.16,55.64,55.82,1119
1330560000,55.82,56.16,55.82,55.82,1529
1330819200,55.82,55.99,55.82,55.99,939
1330905600,55.99,56.51,56.51,56.51,40
1330992000,56.51,55.99,55.64,55.64,360
1331424000,55.64,55.47,54.77,54.77,1405
1331510400,54.77,54.42,53.38,54.08,1729
1331596800,54.08,54.6,53.9,54.42,2482
1331683200,54.42,53.9,53.03,53.73,1340
1332028800,53.73,53.38,51.99,52.68,1289
1332115200,52.68,53.73,53.21,53.73,548
1332201600,53.73,53.21,53.03,53.03,630
1332288000,53.03,53.38,52.86,52.86,532
1332633600,52.86,52.68,51.81,52.16,2866
1332720000,52.16,52.16,51.64,52.16,748
1332806400,52.16,52.16,51.81,51.81,795
1332979200,51.81,52.33,52.33,52.33,73
1333238400,52.33,52.86,52.16,52.68,771
1333324800,52.68,53.21,52.86,53.21,678
1333411200,53.21,53.73,53.03,53.03,417
1333497600,53.03,53.38,52.86,53.38,209
1333584000,53.38,53.38,52.86,53.21,510
1333929600,53.21,53.73,53.38,53.38,924
1334016000,53.38,54.42,53.03,53.9,1004
1334102400,53.9,55.99,54.08,55.12,1156
1334188800,55.12,57.21,55.64,56.34,4530
1334448000,56.34,59.47,56.86,59.47,230
1334534400,59.47,62.95,60.17,62.95,3085
1334620800,62.95,65.74,61.21,61.21,5925
1334707200,61.21,64.52,59.12,62.43,3687
1334793600,62.43,64.52,60.86,63.3,3239
1335052800,63.3,67.13,63.13,67.13,9337
1335225600,67.13,68.0,68.0,68.0,174
1335312000,68.0,68.87,68.87,68.87,15
1335398400,68.87,73.4,66.96,73.4,25597
1335657600,73.4,75.66,69.05,73.05,14147
1335744000,73.05,72.35,70.61,70.79,4435
1335916800,70.79,69.92,68.18,68.18,147
1336003200,68.18,69.92,69.05,69.92,170
1336348800,69.92,72.53,70.79,72.53,6585
1336435200,72.53,77.4,73.4,77.4,16326
1336521600,77.4,77.4,72.01,74.27,12468
1336608000,74.27,73.4,69.92,72.35,4928
1336867200,72.35,71.48,67.48,67.65,3537
1336953600,67.65,66.78,63.3,64.0,3514
1337040000,64.0,66.09,64.69,66.09,558
1337212800,66.09,70.27,66.78,70.27,5270
1337472000,70.27,73.05,67.65,70.61,6991
1337558400,70.61,72.7,69.22,71.48,4919
1337644800,71.48,71.14,69.74,69.74,1603
1337731200,69.74,68.87,65.22,65.39,1896
1337817600,65.39,69.22,64.69,68.87,3712
1338076800,68.87,73.4,69.74,71.31,3385
1338249600,71.31,70.44,66.61,66.61,97
1338336000,66.61,65.91,62.43,62.43,184
1338422400,62.43,63.48,58.95,62.78,8028
1338681600,62.78,66.61,63.48,66.26,3352
1338768000,66.26,66.44,64.0,64.0,2013
1338854400,64.0,64.69,62.95,63.13,1202
1338940800,63.13,62.43,60.86,61.39,1476
1339027200,61.39,64.0,61.39,63.48,2250
1339286400,63.48,62.78,61.04,61.21,675
1339372800,61.21,62.61,61.56,61.74,1219
1339459200,61.74,62.43,61.04,62.43,520
1339545600,62.43,62.26,61.56,62.08,1541
1339632000,62.08,62.43,61.39,62.26,1135
1339891200,62.26,61.74,60.34,60.69,1803
1339977600,60.69,62.08,60.34,62.08,1005
1340064000,62.08,62.78,61.56,62.78,335
1340150400,62.78,64.17,62.08,62.43,802
1340236800,62.43,62.95,61.56,62.61,720
1340582400,62.61,64.69,62.08,64.69,3830
1340668800,64.69,64.0,64.0,64.0,11
1340755200,64.0,64.17,62.78,64.17,1237
1340841600,64.17,64.52,63.48,64.17,1171
1341100800,64.17,64.35,62.08,62.08,1382
1341187200,62.08,62.26,60.34,62.26,8469
1341273600,62.26,62.08,61.56,62.08,1273
1341360000,62.08,63.3,62.78,63.3,479
1341446400,63.3,63.82,61.91,61.91,4563
1341705600,61.91,64.0,62.61,62.61,1125
1341792000,62.61,62.95,61.91,61.91,1167
1341878400,61.91,63.48,62.61,63.13,2966
1341964800,63.13,63.13,62.43,62.43,1252
1342051200,62.43,63.13,62.43,62.43,575
1342310400,62.43,66.26,63.13,65.56,1889
1342396800,65.56,64.87,62.78,62.95,1070
1342483200,62.95,63.48,62.43,62.78,1761
1342569600,62.78,64.0,63.13,64.0,2928
1342656000,64.0,65.56,63.13,63.48,6757
1342915200,63.48,67.48,64.17,65.56,6412
1343001600,65.56,68.52,66.26,66.96,7189
1343088000,66.96,66.44,65.04,65.22,396
1343174400,65.22,66.26,65.39,65.39,6446
1343260800,65.39,65.22,64.69,65.22,1035
1343520000,65.22,64.87,64.17,64.17,225
1343606400,64.17,64.87,63.65,64.87,840
1343692800,64.87,65.74,65.22,65.39,1799
1343779200,65.39,66.44,65.22,66.09,3011
1344124800,66.09,66.26,66.26,66.26,100
1344211200,66.26,67.13,66.09,66.09,1260
1344297600,66.09,66.78,65.39,66.78,3322
1344384000,66.78,66.26,64.87,65.39,2344
1344729600,65.39,65.22,63.65,63.65,936
1344816000,63.65,65.74,64.17,65.22,5554
1344902400,65.22,64.52,62.95,63.48,1836
1344988800,63.48,63.48,62.08,63.48,1135
1345075200,63.48,64.69,63.65,64.69,1985
1345334400,64.69,64.17,63.82,63.82,400
1345507200,63.82,63.48,63.3,63.3,844
1345593600,63.3,63.82,62.61,63.48,2008
1345680000,63.48,63.48,62.95,62.95,1317
1345939200,62.95,63.48,62.26,62.78,1468
1346025600,62.78,65.56,62.95,64.87,5152
1346112000,64.87,64.87,64.17,64.87,4045
1346198400,64.87,65.56,64.87,65.22,1411
1346284800,65.22,65.22,64.52,65.04,1394
1346544000,65.04,66.61,65.04,65.91,2454
1346630400,65.91,66.96,65.91,66.44,2990
1346716800,66.44,66.09,65.22,65.91,1722
1346803200,65.91,65.22,65.22,65.22,224
1346889600,65.22,65.56,64.87,65.56,899
1347148800,65.56,65.56,64.87,65.04,548
1347235200,65.04,64.87,64.52,64.87,890
1347321600,64.87,65.39,64.87,64.87,411
1347408000,64.87,64.87,64.17,64.87,2213
1347494400,64.87,66.26,64.52,65.22,789
1347753600,65.22,65.74,65.04,65.74,2508
1347840000,65.74,66.26,65.74,65.91,1517
1347926400,65.91,67.13,65.91,65.91,3860
1348012800,65.91,65.74,65.22,65.74,798
1348099200,65.74,65.22,64.35,65.22,1810
1348358400,65.22,65.22,63.82,64.17,759
1348444800,64.17,63.65,63.48,63.48,645
1348531200,63.48,64.35,64.17,64.35,1757
1348617600,64.35,64.69,64.35,64.69,1937
1348704000,64.69,64.69,64.35,64.35,600
1348963200,64.35,64.35,63.65,64.17,995
1349049600,64.17,64.52,63.48,64.0,4663
1349136000,64.0,64.52,64.17,64.52,3342
1349222400,64.52,64.87,64.17,64.52,5770
1349308800,64.52,64.35,63.82,64.17,1394
1349568000,64.17,64.69,63.48,63.48,5071
1349654400,63.48,64.87,64.17,64.35,1184
1349740800,64.35,65.56,64.35,65.39,1488
1349827200,65.39,65.04,64.69,64.69,686
1349913600,64.69,64.35,64.17,64.35,885
1350172800,64.35,64.52,64.0,64.35,1783
1350259200,64.35,64.35,63.65,64.0,1604
1350432000,64.0,65.04,64.0,65.04,2220
1350518400,65.04,65.74,65.56,65.74,343
1351555200,65.74,67.48,66.26,67.31,2870
1351641600,67.31,69.05,66.78,66.96,2623
1351728000,66.96,67.31,66.96,66.96,1899
1351987200,66.96,67.83,66.96,67.65,2200
1352073600,67.65,69.22,67.83,68.52,6450
1352160000,68.52,69.57,67.83,69.57,4812
1352246400,69.57,72.53,69.92,70.96,5445
1352332800,70.96,72.7,70.09,71.31,6912
1352592000,71.31,71.31,68.7,68.7,4820
1352678400,68.7,70.79,67.48,70.27,6807
1353196800,70.27,74.79,70.44,72.7,6896
1353369600,72.7,74.79,72.53,73.92,8997
1353456000,73.92,73.22,71.48,72.88,11514
1353542400,72.88,72.53,70.79,72.18,3878
1353801600,72.18,73.05,70.96,71.31,6951
1353888000,71.31,71.31,69.57,70.96,26505
1353974400,70.96,71.31,70.09,71.31,3154
1354060800,71.31,70.79,69.92,70.44,1192
1354147200,70.44,69.92,69.74,69.74,151
1354406400,69.74,68.87,66.96,67.13,3820
1354492800,67.13,66.96,65.22,65.22,3129
1354579200,65.22,69.05,65.91,68.18,3130
1354665600,68.18,70.09,68.35,70.09,3014
1354752000,70.09,69.22,67.83,69.22,1999
1355011200,69.22,69.57,67.83,67.83,777
1355097600,67.83,67.83,66.09,67.65,1029
1355184000,67.65,69.39,67.31,67.31,868
1355356800,67.31,67.83,67.48,67.65,438
1355616000,67.65,70.44,68.52,70.44,3546
1355702400,70.44,72.18,69.39,69.39,8098
1355788800,69.39,70.27,68.18,69.57,3676
1355875200,69.57,71.31,68.7,69.74,4054
1355961600,69.74,72.01,69.74,71.48,12985
1356220800,71.48,72.18,71.31,71.31,2928
1356307200,71.31,73.05,72.18,72.18,4799
1356480000,72.18,74.79,72.88,73.92,11941
1356566400,73.92,75.84,74.79,75.66,6698
1356912000,75.66,74.62,71.66,72.35,1554
1356998400,72.35,73.05,72.18,72.53,2487
1357084800,72.53,72.35,70.96,72.35,1827
1357171200,72.35,73.05,72.18,72.7,1500
1357430400,72.7,72.53,71.48,72.53,1771
1357516800,72.53,72.18,70.44,70.61,3082
1357603200,70.61,70.44,69.92,69.92,159
1357689600,69.92,70.96,70.44,70.96,591
1357776000,70.96,70.96,70.44,70.96,416
1358035200,70.96,71.14,69.57,71.14,521
1358208000,71.14,70.96,69.92,70.96,2195
1358294400,70.96,70.96,69.92,70.96,2366
1358380800,70.96,72.18,69.57,69.57,1635
1358640000,69.57,68.7,67.13,67.48,917
1358726400,67.48,70.27,68.18,69.22,1632
1358812800,69.22,70.09,68.7,69.05,1823
1358899200,69.05,68.87,68.52,68.52,1637
1359244800,68.52,68.7,67.65,68.7,430
1359331200,68.7,67.83,66.96,66.96,378
1359504000,66.96,67.83,66.26,66.96,839
1359590400,66.96,67.48,66.61,67.13,2797
1359849600,67.13,68.7,66.96,68.7,392
1359936000,68.7,68.7,68.7,68.7,230
1360022400,68.7,68.7,68.7,68.7,200
1360195200,68.7,68.87,68.52,68.87,1096
1360454400,68.87,69.05,68.7,68.7,550
1360627200,68.7,72.7,69.57,72.18,1882
1360713600,72.18,71.66,71.31,71.66,444
1360800000,71.66,73.4,71.66,72.18,1895
1361059200,72.18,75.66,73.05,75.66,212
1361232000,75.66,77.75,73.92,74.09,2914
1361318400,74.09,73.4,72.7,73.4,1760
1361404800,73.4,73.75,73.05,73.05,31789
1361664000,73.05,72.35,72.18,72.35,226
1361750400,72.35,74.09,72.88,73.57,2263
1361836800,73.57,74.27,72.88,72.88,1159
1361923200,72.88,72.7,71.48,72.35,4762
1362009600,72.35,73.22,71.48,73.22,1002
1362268800,73.22,73.75,72.88,73.75,3514
1362355200,73.75,73.05,72.35,72.53,5880
1362441600,72.53,72.53,71.66,72.35,2844
1362528000,72.35,73.92,71.66,72.18,8236
1362614400,72.18,72.88,72.01,72.88,6013
1362960000,72.88,73.75,73.05,73.75,4630
1363132800,73.75,75.66,73.92,75.66,5468
1363219200,75.66,76.71,74.62,75.31,6189
1363478400,75.31,74.44,72.7,73.57,1907
1363564800,73.57,73.57,72.7,72.88,11038
1363651200,72.88,74.62,73.57,73.57,770
1363737600,73.57,73.92,72.88,72.88,2559
1363824000,72.88,72.88,72.01,72.35,2484
1364083200,72.35,71.83,70.96,70.96,411
1364169600,70.96,72.18,71.31,71.48,2209
1364342400,71.48,71.31,70.61,71.31,6549
1364428800,71.31,72.18,71.31,71.66,996
1364688000,71.66,70.79,70.09,70.44,2955
1364774400,70.44,71.31,69.57,71.31,1606
1364860800,71.31,72.7,71.31,72.7,1076
1364947200,72.7,72.01,71.31,71.31,1242
1365033600,71.31,71.31,70.96,70.96,4337
1365292800,70.96,72.01,70.96,72.01,1500
1365379200,72.01,71.83,71.31,71.83,2033
1365465600,71.83,73.57,71.31,73.57,4085
1365638400,73.57,73.75,72.18,72.18,1327
1365984000,72.18,72.18,72.18,72.18,1251
1366070400,72.18,71.83,70.96,71.31,3642
1366156800,71.31,71.14,70.44,70.96,1468
1366243200,70.96,71.48,70.44,71.48,2817
1366502400,71.48,70.61,69.74,70.27,1663
1366588800,70.27,69.39,68.52,69.05,775
1366675200,69.05,70.27,69.74,69.92,2628
1366848000,69.92,69.74,69.22,69.74,709
1367107200,69.74,70.61,68.7,68.7,1011
1367193600,68.7,69.39,67.83,68.52,4158
1367280000,68.52,69.05,68.18,68.7,1435
1367452800,68.7,69.22,67.31,67.65,1324
1367712000,67.65,67.13,66.96,66.96,950
1367798400,66.96,66.26,66.26,66.26,111
1367884800,66.26,67.83,66.26,67.83,369
1367971200,67.83,67.83,67.31,67.48,538
1368057600,67.48,67.65,67.65,67.65,1224
1368316800,67.65,67.83,66.78,67.83,1553
1368403200,67.83,69.57,68.35,69.39,1549
1368489600,69.39,70.79,70.09,70.79,899
1368576000,70.79,71.31,69.57,70.44,2836
1368662400,70.44,71.66,70.44,70.44,4958
1368921600,70.44,69.57,68.7,69.39,749
1369008000,69.39,69.57,69.39,69.57,575
1369094400,69.57,69.92,69.57,69.57,541
1369180800,69.57,68.7,67.83,68.7,2300
1369267200,68.7,68.7,68.18,68.18,238
1369526400,68.18,68.7,67.65,68.7,359
1369612800,68.7,69.05,68.35,68.87,1664
1369699200,68.87,68.87,68.7,68.7,869
1369872000,68.7,69.05,68.18,68.52,1023
1370131200,68.52,68.35,66.09,66.44,6921
1370217600,66.44,67.31,66.96,67.31,634
1370304000,67.31,67.65,66.78,66.96,7882
1370390400,66.96,67.65,66.96,66.96,2171
1370476800,66.96,66.96,66.96,66.96,1818
1370736000,66.96,67.65,66.96,67.13,1197
1370822400,67.13,66.96,66.09,66.96,3116
1370995200,66.96,67.48,66.61,66.61,3080
1371081600,66.61,66.96,66.44,66.61,2044
1371340800,66.61,67.31,67.31,67.31,187
1371427200,67.31,66.78,66.61,66.61,241
1371513600,66.61,66.78,65.74,66.26,1084
1371686400,66.26,66.44,66.09,66.09,1016
1371945600,66.09,66.26,65.39,66.26,296
1372032000,66.26,66.61,66.09,66.26,655
1372118400,66.26,67.83,66.96,67.31,2085
1372204800,67.31,68.35,67.31,67.83,3992
1372291200,67.83,68.35,66.96,68.35,2040
1372550400,68.35,67.48,67.48,67.48,100
1372636800,67.48,68.35,67.13,68.35,423
1372723200,68.35,67.65,66.44,66.44,1528
1372809600,66.44,67.13,66.78,66.78,560
1372896000,66.78,66.96,65.56,66.26,2027
1373155200,66.26,66.78,65.74,66.78,1147
1373241600,66.78,67.31,66.96,66.96,763
1373328000,66.96,67.65,66.78,66.78,1739
1373414400,66.78,67.83,66.96,67.48,3584
1373500800,67.48,66.96,66.96,66.96,1088
1373760000,66.96,68.7,67.83,67.83,1150
1373846400,67.83,68.7,68.7,68.7,100
1373932800,68.7,68.0,67.83,67.83,402
1374019200,67.83,67.83,67.48,67.83,416
1374105600,67.83,69.22,68.35,69.22,3319
1374364800,69.22,72.7,69.05,72.01,9287
1374451200,72.01,73.92,70.44,73.05,19448
1374537600,73.05,74.97,73.05,74.97,21924
1374624000,74.97,74.79,73.92,74.09,3225
1374710400,74.09,74.27,73.05,73.92,4578
1374969600,73.92,75.31,73.22,74.79,16862
1375056000,74.79,75.66,74.27,74.97,7384
1375142400,74.97,75.84,75.14,75.49,9875
1375228800,75.49,77.75,76.36,77.75,22715
1375315200,77.75,78.79,77.4,78.79,22327
1375574400,78.79,78.62,76.88,78.45,17385
1375660800,78.45,77.4,74.62,75.66,23968
1375747200,75.66,77.23,72.88,75.66,8186
1375833600,75.66,76.71,75.66,75.84,8502
1375920000,75.84,76.01,75.49,75.66,5980
1376179200,75.66,75.14,74.62,75.14,1865
1376265600,75.14,76.18,75.66,75.66,3703
1376352000,75.66,76.71,75.84,76.18,8006
1376438400,76.18,76.71,74.62,75.14,16848
1376524800,75.14,76.36,75.49,75.49,11894
1376784000,75.49,76.53,75.49,75.66,9147
1376870400,75.66,78.45,75.84,78.27,20268
1376956800,78.27,81.58,78.45,80.36,31326
1377388800,80.36,81.41,79.84,80.36,28628
1377475200,80.36,81.06,79.67,80.36,23999
1377561600,80.36,81.06,80.01,80.88,38953
1377734400,80.88,80.88,79.14,80.19,33042
1377993600,80.19,80.19,78.27,80.01,27718
1378080000,80.01,80.01,78.79,78.79,35721
1378166400,78.79,79.14,75.14,77.75,63945
1378252800,77.75,78.45,75.84,76.71,88878
1378339200,76.71,77.58,75.66,76.88,59861
1378598400,76.88,77.75,76.01,77.05,19410
1378684800,77.05,77.58,76.53,76.71,11523
1378771200,76.71,77.4,75.84,76.53,8046
1378857600,76.53,77.4,75.66,76.53,4395
1378944000,76.53,77.58,76.01,76.71,2762
1379203200,76.71,77.75,75.84,75.84,1124
1379289600,75.84,75.84,72.01,72.01,17522
1379376000,72.01,76.01,72.88,74.79,14692
1379548800,74.79,73.92,72.35,72.7,13543
1379808000,72.7,73.57,72.18,72.88,5892
1379894400,72.88,72.53,72.18,72.18,6875
1379980800,72.18,74.79,72.18,74.27,2195
1380067200,74.27,74.09,72.53,73.92,4039
1380153600,73.92,74.27,73.05,73.75,5185
1380412800,73.75,74.62,72.53,73.05,21236
1380499200,73.05,74.09,72.88,73.05,6253
1380585600,73.05,73.4,73.05,73.22,597
1380672000,73.22,73.22,72.7,73.05,481
1380758400,73.05,73.57,72.7,73.4,9644
1381017600,73.4,74.27,73.05,73.92,22434
1381104000,73.92,75.31,74.44,74.79,3543
1381190400,74.79,75.66,74.79,74.79,12915
1381276800,74.79,76.01,75.66,75.66,2604
1381363200,75.66,77.58,75.84,75.84,1018
1381968000,75.84,76.01,75.84,75.84,2500
1382227200,75.84,78.27,76.88,77.92,6151
1382313600,77.92,78.97,76.53,76.53,9152
1382400000,76.53,77.4,76.36,76.36,7988
1382486400,76.36,76.36,74.79,75.84,13790
1382572800,75.84,75.84,74.79,75.66,2683
1382832000,75.66,75.31,74.44,74.44,4310
1382918400,74.44,75.66,74.27,75.66,3145
1383004800,75.66,74.97,74.09,74.79,4210
1383091200,74.79,75.66,74.79,75.49,5608
1383177600,75.49,75.66,74.79,75.66,4365
1383696000,75.66,75.66,75.31,75.31,202
1383782400,75.31,75.66,74.79,74.79,4484
1384041600,74.79,75.66,74.44,74.44,4174
1384128000,74.44,76.01,74.79,76.01,18554
1384214400,76.01,77.75,74.97,77.05,11492
1384300800,77.05,78.1,74.97,78.1,22859
1384387200,78.1,77.4,76.36,77.23,25646
1384992000,77.23,81.41,78.27,81.41,1243
1385251200,81.41,87.15,80.88,83.32,33424
1385337600,83.32,84.37,80.01,80.36,14871
1385424000,80.36,82.45,80.01,80.01,15410
1385510400,80.01,81.75,80.19,80.88,20561
1385596800,80.88,81.58,80.01,80.71,13838
1385856000,80.71,81.93,80.54,80.71,20112
1385942400,80.71,84.54,81.58,84.37,59468
1386028800,84.37,87.32,84.02,86.63,53493
1386115200,86.63,92.9,87.85,92.9,31357
1386201600,92.9,97.94,90.98,92.9,36699
1386460800,92.9,95.33,92.37,93.77,31924
1386547200,93.77,94.81,92.9,94.81,29606
1386633600,94.81,97.42,93.94,97.07,56192
1386720000,97.07,103.51,98.47,101.77,42327
1386806400,101.77,106.13,100.9,105.25,42851
1387065600,105.25,110.65,105.08,109.61,43506
1387152000,109.61,118.14,111.17,117.96,20493
1387324800,117.96,121.62,118.31,119.53,23913
1387411200,119.53,120.92,109.96,116.57,48121
1387670400,116.57,118.14,109.61,113.96,39225
1387756800,113.96,113.44,107.87,107.87,33042
1387843200,107.87,115.18,104.04,112.22,26957
1388016000,112.22,121.1,113.09,117.27,34313
1388275200,117.27,116.74,113.09,115.7,30171
1388448000,115.7,116.57,112.22,112.22,17538
1388534400,112.22,111.17,107.17,109.26,21463
1388620800,109.26,115.7,106.65,114.83,48296
1388880000,114.83,117.27,112.22,113.26,32736
1388966400,113.26,113.78,110.3,110.48,38435
1389052800,110.48,114.13,112.22,114.13,35400
1389139200,114.13,116.05,112.22,113.78,88815
1389225600,113.78,115.18,112.22,114.13,47903
1389484800,114.13,117.44,112.22,117.44,80374
1389571200,117.44,119.7,117.09,119.01,45672
1389657600,119.01,126.67,119.53,124.23,66738
1389830400,124.23,127.19,122.49,124.75,95296
1390089600,124.75,127.89,124.4,126.67,51027
1390176000,126.67,127.89,122.66,123.53,34017
1390262400,123.53,124.75,122.66,122.66,16041
1390348800,122.66,123.19,120.57,123.19,27151
1390435200,123.19,123.19,120.57,120.75,16416
1390694400,120.75,123.53,120.57,121.1,17429
1390780800,121.1,122.49,119.18,119.18,9962
1390867200,119.18,121.79,118.31,120.05,21350
1390953600,120.05,122.14,119.7,121.62,21716
1391299200,121.62,121.97,119.7,120.57,7188
1391385600,120.57,120.23,117.44,117.79,9335
1391472000,117.79,121.27,118.31,119.01,13843
1391558400,119.01,120.23,119.01,119.18,12429
1391644800,119.18,120.57,117.61,119.36,8241
1391904000,119.36,119.18,117.27,117.61,9937
1391990400,117.61,127.01,119.18,119.88,23747
1392076800,119.88,119.7,118.31,118.66,8883
1392163200,118.66,119.53,113.78,117.09,8231
1392249600,117.09,117.44,114.13,115.7,10250
1392508800,115.7,115.7,111.35,111.35,9897
1392595200,111.35,115.53,111.35,114.66,28444
1392681600,114.66,116.57,114.83,115.7,10463
1392854400,115.7,120.75,115.87,118.66,13269
1393113600,118.66,120.05,117.09,117.44,9723
1393200000,117.44,121.79,115.7,117.09,11473
1393286400,117.09,117.79,113.96,116.57,15989
1393372800,116.57,118.31,113.96,115.35,18181
1393804800,115.35,115.35,111.52,112.22,10224
1393891200,112.22,112.39,110.48,112.22,25026
1393977600,112.22,114.48,111.0,113.61,11757
1394064000,113.61,120.05,112.22,112.22,44197
1394323200,112.22,115.7,111.87,111.87,25290
1394409600,111.87,113.09,111.35,112.22,19137
1394496000,112.22,111.87,110.48,110.83,15163
1394582400,110.83,111.0,108.74,108.74,9423
1394668800,108.74,111.0,107.17,107.17,12717
1395014400,107.17,108.21,104.56,107.34,9046
1395100800,107.34,107.69,104.21,106.3,9875
1395187200,106.3,111.87,105.6,108.74,10258
1395273600,108.74,111.17,108.56,111.17,9022
1395532800,111.17,109.61,108.39,108.91,3193
1395619200,108.91,110.13,108.74,109.96,14634
1395705600,109.96,110.48,108.39,108.56,5856
1395792000,108.56,109.96,107.0,109.61,12920
1395878400,109.61,109.26,107.69,108.21,9932
1396224000,108.21,108.91,107.87,108.56,6256
1396310400,108.56,110.65,108.74,110.3,12239
1396396800,110.3,110.48,107.87,108.74,34013
1396483200,108.74,110.48,108.39,108.91,44365
1396742400,108.91,110.3,105.78,106.3,34531
1396828800,106.3,108.39,106.13,106.65,33727
1397001600,118.3,111.35,107.78,109.37,2965
1397088000,109.37,107.78,107.78,107.78,286
1397347200,107.78,107.78,106.79,107.18,2412
1397520000,107.18,108.77,106.99,107.78,4375
1397606400,107.78,107.38,106.19,107.38,900
1397692800,107.38,108.18,105.2,105.4,979
1397952000,105.4,105.2,103.21,103.21,3029
1398038400,103.21,104.01,103.02,103.81,2913
1398124800,103.81,105.6,103.21,104.01,16713
1398211200,104.01,104.8,103.41,104.21,274
1398556800,104.21,103.21,102.82,103.21,568
1398643200,103.21,103.61,101.83,101.83,3740
1398729600,101.83,102.82,101.83,101.83,1203
1398816000,101.83,103.21,102.42,102.42,8067
1399161600,102.42,102.82,99.44,99.64,1678
1399248000,99.64,104.41,99.84,104.41,1742
1399334400,104.41,108.37,105.99,107.18,8553
1399420800,107.18,112.14,108.77,110.95,5323
1399507200,110.95,109.96,106.99,108.37,1800
1399766400,108.37,106.79,105.2,106.79,1669
1399852800,106.79,106.79,105.2,105.2,2167
1399939200,105.2,106.79,103.21,103.21,6113
1400112000,103.21,106.79,104.8,106.39,2604
1400371200,106.39,107.78,105.6,106.39,9727
1400457600,106.39,106.79,105.6,106.39,4699
1400544000,106.39,105.99,103.81,103.81,1190
1400630400,103.81,106.19,103.81,105.0,3038
1400716800,105.0,106.79,105.4,106.19,1395
1400976000,106.19,107.78,106.39,106.39,2500
1401062400,106.39,106.79,104.21,106.79,10854
1401148800,106.79,108.37,105.79,106.79,12703
1401235200,106.79,109.37,106.79,107.78,17303
1401580800,107.78,110.16,107.18,109.96,4512
1401667200,109.96,114.72,110.76,112.14,14930
1401753600,112.14,115.52,112.74,114.13,23479
1401840000,114.13,116.51,113.73,114.72,12571
1401926400,114.72,115.12,112.74,113.93,7199
1402185600,113.93,115.72,112.74,112.74,5122
1402272000,112.74,112.94,110.16,111.55,8004
1402358400,111.55,114.33,111.75,113.73,7106
1402444800,113.73,116.71,113.73,115.72,13581
1402531200,115.72,116.71,114.72,114.92,5713
1402790400,114.92,122.66,115.12,117.7,6590
1402876800,117.7,122.27,118.69,119.69,29535
1402963200,119.69,122.46,118.69,119.49,28694
1403049600,119.49,122.07,118.69,118.69,24740
1403136000,118.69,120.88,117.7,118.5,7583
1403481600,118.5,118.69,116.11,117.3,10400
1403568000,117.3,120.88,114.72,119.69,10404
1403654400,119.69,119.69,116.31,118.69,12764
1403740800,118.69,119.29,117.3,117.3,8350
1404000000,117.3,120.88,117.3,120.68,27625
1404086400,120.68,120.28,119.29,120.28,7167
1404172800,120.28,122.66,120.68,122.46,23101
1404259200,122.46,123.06,121.67,122.46,26661
1404345600,122.46,124.25,122.46,122.46,19475
1404604800,122.46,123.26,121.87,123.06,18457
1404691200,123.06,128.62,123.06,127.62,19939
1404777600,127.62,131.59,127.62,130.6,29064
1404864000,130.6,129.61,127.62,129.41,11044
1404950400,129.41,131.39,127.62,131.39,22315
1405209600,131.39,136.16,130.01,131.99,22890
1405296000,131.99,131.79,125.64,130.01,9917
1405382400,130.01,129.61,126.83,128.62,8022
1405468800,128.62,133.58,129.41,129.81,29586
1405555200,129.81,132.59,129.81,132.19,13147
1405814400,132.19,142.9,134.17,142.9,91212
1405900800,142.9,152.43,144.49,147.27,80308
1405987200,147.27,149.65,142.51,146.68,38232
1406073600,146.68,148.86,144.49,146.87,34936
1406160000,146.87,147.47,143.5,144.49,20745
1406419200,144.49,145.68,141.12,141.52,14829
1406505600,141.52,142.9,139.33,142.51,10877
1406678400,142.51,142.9,138.94,139.73,15912
1406764800,139.73,141.52,137.35,138.74,21873
1407024000,138.74,142.11,137.15,138.94,6450
1407110400,138.94,141.12,134.77,134.77,7688
1407196800,134.77,141.12,134.77,137.35,9506
1407283200,137.35,140.52,136.55,137.94,10254
1407369600,137.94,141.52,134.37,141.52,19523
1407801600,141.52,142.9,133.58,135.56,9520
1407888000,135.56,138.54,132.39,135.56,17034
1407974400,135.56,138.34,134.57,135.17,9076
1408320000,135.17,137.55,134.57,134.77,29016
1408406400,134.77,138.54,132.98,135.17,21930
1408492800,135.17,136.55,131.59,134.37,16435
1408579200,134.37,142.11,130.2,140.52,76420
1408838400,140.52,144.49,140.52,143.1,66708
1408924800,143.1,143.1,134.57,135.76,36071
1409011200,135.76,142.51,130.8,137.75,34437
1409097600,137.75,142.31,135.76,140.52,69080
1409184000,140.52,144.29,138.54,139.73,59409
1409443200,139.73,141.32,135.56,137.35,31211
1409529600,137.35,140.52,130.6,136.95,32368
1409702400,136.95,137.55,132.39,134.57,22405
1409788800,134.57,135.56,126.63,133.38,15122
1410048000,133.38,134.57,123.06,123.26,27727
1410220800,123.26,132.59,125.24,132.39,23710
1410307200,132.39,136.55,127.03,130.6,29595
1410393600,130.6,130.6,123.66,129.21,7893
1410652800,129.21,132.59,127.62,129.41,17931
1410739200,129.41,135.76,128.02,135.76,31839
1410825600,135.76,146.87,135.56,146.87,170810
1410912000,146.87,156.8,142.51,142.51,163286
1410998400,142.51,142.51,138.54,140.13,5753
1411257600,137.35,140.72,132.59,135.56,31276
1411344000,135.56,137.55,132.59,135.17,28370
1411430400,135.17,139.53,135.56,136.55,36225
1411516800,136.55,139.53,134.57,138.34,35087
1411862400,138.34,140.92,136.36,139.93,35210
1411948800,139.93,141.52,137.75,140.52,28733
1412035200,140.52,142.51,140.52,141.71,28352
1412726400,141.71,141.12,137.55,140.13,7916
1412812800,140.13,140.92,137.94,138.54,11879
1413072000,138.54,139.73,137.55,137.55,16079
1413158400,137.55,139.73,136.16,136.95,46766
1413244800,136.95,140.72,136.55,137.55,12082
1413331200,137.55,140.72,136.55,139.53,30265
1413417600,139.53,142.51,138.54,141.71,26893
1413676800,141.71,142.51,138.54,138.54,33907
1413763200,138.54,140.52,136.36,137.75,44783
1413849600,137.75,140.72,135.56,136.55,61238
1413936000,136.67,139.83,136.4,138.52,2587
1414281600,138.52,140.63,138.52,138.52,520
1414368000,138.52,137.2,134.56,135.61,1793
1414454400,135.61,133.76,132.97,133.76,2159
1414627200,133.76,132.97,131.65,132.97,6375
1414886400,132.97,130.86,129.01,129.01,5024
1414972800,129.01,129.01,126.9,129.01,1272
1415059200,129.01,130.33,124.79,130.33,3265
1415145600,130.33,131.92,127.96,130.33,9149
1415232000,130.33,128.22,127.69,127.69,2689
1415491200,127.69,126.64,124.53,126.37,2238
1415577600,126.37,124.53,122.68,122.68,1593
1415664000,122.68,129.28,124.26,127.43,1483
1415750400,127.43,128.22,125.58,126.37,3619
1415836800,126.37,128.22,126.37,126.37,795
1416096000,126.37,124.79,122.94,122.94,1592
1416182400,122.94,122.41,117.93,117.93,6119
1416268800,117.93,120.3,113.18,118.72,8335
1416355200,118.72,120.83,117.14,120.3,2415
1416441600,120.3,124.26,121.1,121.36,4002
1416700800,121.36,125.05,120.3,121.1,2251
1416787200,121.1,122.94,119.25,121.62,3501
1416873600,121.62,126.37,123.47,126.37,615
1417305600,126.37,124.53,121.62,121.62,564
1417392000,121.62,123.47,116.87,118.72,8606
1417478400,118.72,117.66,116.87,117.14,664
1417564800,117.14,120.04,117.4,118.72,4159
1417651200,118.72,120.57,117.4,119.51,5131
1417910400,119.51,118.46,114.76,118.46,18735
1417996800,118.46,119.78,115.82,118.46,2455
1418083200,118.46,118.19,116.08,116.87,2243
1418169600,116.87,120.57,116.08,118.46,3019
1418256000,118.46,124.26,118.72,124.26,1167
1418515200,124.26,127.96,123.73,127.69,10771
1418601600,127.69,129.54,125.85,129.54,4694
1418688000,129.54,129.28,127.43,127.43,5571
1418774400,127.43,128.49,126.37,126.37,1183
1418860800,126.37,127.43,122.68,126.9,2764
1419120000,126.9,127.69,125.05,125.05,1558
1419206400,125.05,123.21,121.1,121.1,2318
1419292800,121.1,119.25,119.25,119.25,200
1419379200,119.25,124.79,119.78,121.1,2494
1419724800,121.1,124.53,122.41,123.73,2754
1419811200,123.73,124.53,121.62,122.41,3832
1419984000,122.41,122.41,119.78,119.78,3010
1420070400,119.78,125.05,121.1,124.79,2293
1420329600,124.79,126.37,123.73,125.58,2132
1420416000,125.58,127.96,123.73,125.85,6772
1420502400,125.85,124.53,122.41,123.21,6412
1420588800,123.21,125.05,121.36,121.89,4210
1420675200,121.89,125.85,122.94,122.94,2267
1420934400,122.94,124.53,121.89,124.53,4349
1421020800,124.53,122.94,121.36,121.36,3172
1421107200,121.36,124.26,120.57,123.73,5069
1421193600,123.73,124.26,120.83,122.41,2965
1421539200,122.41,122.94,120.57,122.94,8341
1421625600,122.94,130.33,124.79,127.69,11395
1421712000,127.69,128.75,123.73,123.73,10438
1421884800,123.73,122.41,121.89,122.41,858
1422144000,122.41,127.69,121.36,122.41,14353
1422230400,122.41,129.28,124.26,128.22,26824
1422316800,128.22,131.12,129.01,130.6,14381
1422403200,130.6,134.56,131.12,133.5,4863
1422489600,133.5,138.78,132.97,134.29,16327
1422748800,134.29,136.67,134.29,134.82,9650
1422835200,134.82,134.56,132.97,133.5,4988
1422921600,133.5,134.29,131.65,131.65,10481
1423008000,131.65,133.76,130.6,130.6,7476
1423094400,130.6,129.81,128.75,129.28,13262
1423353600,129.28,132.97,128.75,130.33,7867
1423440000,130.33,131.12,130.07,130.07,6790
1423526400,130.07,130.07,129.01,129.54,5283
1423612800,129.54,131.12,129.01,129.81,9909
1423699200,129.81,131.65,126.9,129.81,7096
1423958400,129.81,131.12,130.33,130.33,6705
1424044800,130.33,130.33,128.22,128.49,7869
1424304000,128.49,129.28,128.22,128.22,6047
1424563200,128.22,128.22,125.85,127.43,8972
1424649600,127.43,127.69,125.58,127.17,10737
1424736000,127.17,127.17,125.05,126.9,4249
1424822400,126.9,128.75,126.11,126.37,1571
1425168000,126.64,126.9,124.79,126.9,7384
1425254400,126.9,130.33,126.64,129.28,5729
1425340800,129.28,127.69,126.37,126.37,1139
1425427200,126.37,128.75,125.85,127.69,9278
1425859200,127.69,130.33,128.49,129.01,8374
1425945600,129.01,129.54,126.37,126.64,5286
1426032000,126.64,126.64,125.05,125.85,10210
1426118400,125.85,127.69,124.0,126.37,7225
1426377600,126.37,126.37,124.0,125.05,6171
1426464000,125.05,125.85,123.21,123.21,12146
1426550400,123.21,125.05,121.1,124.0,6449
1426636800,124.0,125.85,122.15,124.0,4936
1426723200,124.0,126.11,123.47,126.11,10451
1426982400,126.11,127.43,125.05,125.58,15271
1427068800,125.58,124.53,122.41,122.94,10730
1427155200,122.94,124.79,122.94,123.73,13842
1427241600,123.73,123.21,122.41,122.68,4964
1427328000,122.68,122.94,121.1,122.94,8052
1427587200,122.94,125.05,122.41,125.05,7579
1427673600,125.05,125.05,120.57,122.41,8277
1427760000,122.41,126.9,122.41,125.05,9528
1427846400,125.05,124.53,123.47,123.47,601
1427932800,123.47,123.73,121.1,122.68,8713
1428192000,122.68,122.41,121.62,122.41,5081
1428278400,122.41,124.79,123.21,123.21,1814
1428364800,123.21,123.47,121.89,123.47,1214
1428451200,123.47,124.26,122.94,123.21,4568
1428537600,123.21,127.43,123.21,124.26,2467
1428796800,124.26,126.9,123.73,125.05,9353
1428883200,125.05,124.26,122.15,123.73,11327
1429056000,123.73,123.73,121.1,121.1,4384
1429142400,121.1,129.81,121.36,126.37,9678
1429401600,126.37,126.64,123.73,125.05,4154
1429488000,125.05,126.37,124.79,124.79,6440
1429574400,124.79,125.85,124.79,124.79,2437
1429747200,123.73,125.05,122.94,123.73,5164
1432598400,123.73,121.89,113.7,113.7,825
1432684800,113.7,112.12,104.73,104.73,8997
1432771200,104.73,109.48,101.3,108.95,22946
1433030400,108.95,114.76,108.95,114.76,20824
1433116800,114.76,118.46,112.39,116.34,18772
1433203200,116.34,116.61,110.8,115.55,7718
1433289600,115.55,121.1,115.29,120.57,11966
1433376000,120.57,124.0,118.72,120.3,12321
1433635200,120.3,124.79,119.51,123.47,8805
1433721600,123.47,126.9,123.21,124.79,13049
1433808000,124.79,134.29,126.11,128.75,23922
1433894400,128.75,127.69,122.94,125.85,7544
1433980800,125.85,124.53,122.94,122.94,6220
1434240000,122.94,122.94,121.1,121.62,7138
1434326400,121.62,125.05,121.89,122.41,4557
1434412800,122.41,123.73,120.3,121.1,8268
1434499200,121.1,121.36,120.3,121.36,2364
1434585600,121.36,121.62,120.57,120.57,11724
1434844800,120.57,122.94,118.98,121.89,10535
1434931200,122.41,123.73,119.78,119.78,3175
1435017600,119.78,122.15,119.51,121.89,9818
1435104000,120.04,121.89,120.04,121.62,4201
1435190400,121.62,123.73,121.1,121.89,11884
1435449600,121.89,123.73,121.1,121.36,4128
1435536000,121.89,126.37,121.89,124.53,11944
1435622400,126.37,126.37,123.73,124.26,2614
1435708800,124.53,125.05,121.89,123.73,4454
1435795200,122.15,122.41,121.1,121.1,2959
1436054400,120.83,124.79,120.83,121.36,6705
1436140800,122.15,122.15,120.04,122.15,4950
1436227200,122.15,125.05,121.1,124.26,5678
1436313600,123.73,126.11,121.1,121.1,21541
1436400000,119.78,123.73,119.78,123.47,58368
1436659200,123.47,123.73,121.62,121.62,2935
1436745600,123.47,124.53,122.41,122.41,2725
1436832000,122.41,123.21,121.89,122.41,980
1436918400,122.15,122.41,121.62,122.15,2274
1437004800,122.15,127.69,122.41,127.69,1895
1437523200,125.85,125.85,123.21,123.73,3744
1437609600,123.73,131.12,123.73,129.28,52091
1437868800,129.28,139.83,131.39,139.83,16386
1437955200,139.83,146.17,129.01,130.6,60986
1438041600,130.6,135.35,127.17,130.33,19991
1438128000,130.33,130.07,127.96,129.01,16539
1438214400,129.01,132.44,127.96,130.33,33900
1438473600,130.33,132.97,129.01,132.71,13898
1438560000,132.71,130.86,127.69,130.07,27936
1438646400,130.07,129.81,127.69,127.69,17452
1438732800,127.69,128.49,125.05,127.17,10984
1438819200,127.43,128.75,124.53,126.64,31878
1439078400,126.64,132.44,126.37,128.75,17975
1439164800,128.75,131.12,126.37,126.9,15615
1439251200,126.9,129.54,124.0,124.0,14678
1439337600,125.05,125.85,122.41,123.73,14045
1439424000,123.73,126.9,122.68,124.79,23479
1439683200,123.21,123.73,120.83,121.89,28053
1439769600,123.73,131.65,123.73,131.65,35187
1439856000,133.76,140.1,130.33,132.71,25726
1439942400,132.97,140.36,131.39,138.25,17652
1440028800,137.2,143.53,136.4,138.25,32230
1440288000,136.14,136.93,134.29,134.29,3903
1440374400,135.35,136.93,131.65,134.29,7084
1440460800,132.18,134.03,131.65,132.44,9375
1440547200,132.44,132.44,130.33,132.18,17895
1440633600,132.97,137.99,132.97,136.93,35640
1440979200,139.04,148.28,139.04,148.28,79525
1441065600,148.28,160.69,142.47,147.23,146204
1441152000,146.17,149.6,139.31,140.63,43089
1441238400,140.89,145.38,140.89,141.68,38043
1441497600,142.21,153.3,137.99,141.68,51829
1441584000,140.1,142.21,139.57,139.57,22847
1441670400,141.42,142.21,140.89,141.15,19358
1441756800,141.15,143.53,141.15,143.27,26453
1441843200,142.74,144.59,141.42,141.42,14424
1442102400,142.21,147.75,142.21,146.7,49857
1442188800,149.07,150.92,146.17,150.13,56252
1442275200,152.5,153.56,148.28,149.07,31367
1442361600,148.81,148.81,146.7,147.49,13591
1442448000,147.75,147.75,144.59,147.49,11184
1442880000,145.11,145.11,139.04,139.31,18149
1442966400,141.42,144.85,141.42,144.59,13343
1443052800,146.96,146.96,143.0,143.79,27227
1443398400,141.42,144.59,137.46,142.47,21972
1443484800,144.85,144.85,142.74,144.06,20642
1443571200,144.85,146.43,144.32,144.59,16601
1443657600,146.17,146.17,143.53,145.38,14299
1443916800,147.49,147.49,144.85,146.7,40354
1444003200,146.17,146.17,142.47,144.85,17838
1444089600,142.47,144.59,140.63,144.59,10516
1444176000,142.74,143.0,140.1,141.42,34130
1444262400,140.89,143.53,139.57,142.21,46412
1444521600,139.83,140.89,139.31,139.31,9991
1444780800,140.1,140.1,137.99,138.25,5045
1444867200,136.14,139.57,135.61,139.57,6620
1445126400,139.57,139.57,136.93,138.25,3572
1445212800,139.57,139.57,138.78,139.57,11229
1445731200,137.46,137.46,135.35,136.93,1903
1445904000,136.93,136.93,131.12,131.65,3702
1445990400,129.01,133.24,126.9,133.24,11069
1446076800,135.35,135.35,131.65,131.65,5788
1446336000,130.6,132.18,129.01,131.92,13695
1446422400,134.03,133.76,130.6,130.6,6069
1446508800,129.01,130.07,129.01,130.07,4624
1446595200,128.75,131.39,128.75,131.39,2556
1446681600,130.33,130.33,129.28,129.54,5000
1446940800,129.01,130.6,129.01,130.33,7255
1447027200,132.71,136.93,129.54,133.76,14665
1447113600,129.01,133.76,129.01,132.44,8399
1447545600,134.56,134.56,131.12,132.97,7733
1447632000,130.86,132.44,130.33,130.33,6807
1447804800,132.44,132.97,130.6,130.6,4512
1447891200,129.01,130.6,129.01,130.6,5707
1448150400,128.49,128.75,126.37,127.17,7194
1448236800,125.05,127.17,124.26,126.64,8125
1448323200,125.05,126.37,125.05,126.37,7099
1448409600,126.37,126.37,123.73,123.73,13232
1448496000,122.41,122.41,118.46,121.1,10200
1448755200,121.1,123.47,116.61,117.66,6359
1448841600,119.51,122.15,117.66,119.78,10426
1448928000,119.78,126.37,118.19,125.85,4791
1449014400,125.05,125.05,121.1,124.53,6541
1449100800,125.05,129.54,123.73,126.37,7796
1449187200,128.22,129.54,126.37,128.22,7480
1449446400,129.01,129.54,125.58,128.75,16761
1449532800,129.01,129.01,125.05,126.37,11245
1449619200,128.22,130.07,125.85,125.85,6629
1449705600,128.22,129.01,123.47,129.01,11198
1449964800,127.43,128.75,126.37,126.37,7411
1450051200,127.69,129.01,127.17,129.01,10893
1450137600,129.01,129.01,126.9,126.9,1564
1450224000,126.9,126.9,125.85,126.37,2495
1450310400,126.11,126.37,123.73,125.05,14776
1450569600,125.05,126.37,124.26,125.05,9215
1450656000,125.05,127.69,123.73,126.64,15523
1450742400,128.49,129.01,126.9,128.22,12835
1450828800,128.22,128.75,127.43,128.22,5415
1450915200,129.01,129.01,125.32,126.64,12525
1451001600,126.64,128.75,126.64,128.75,2925
1451260800,128.75,128.75,126.64,128.49,4288
1451347200,128.49,129.01,127.43,128.22,9764
1451520000,129.54,130.07,128.22,128.75,8121
1451779200,128.49,128.75,127.69,128.49,11854
1451865600,128.49,128.75,126.37,126.9,6652
1451952000,126.9,127.17,125.05,126.37,9339
1452038400,125.32,126.11,125.32,125.85,3245
1452124800,127.17,127.69,126.37,126.9,7332
1452384000,126.9,126.9,121.1,124.0,140742
1452470400,123.73,127.69,122.94,124.79,38102
1452556800,126.37,126.9,125.58,126.11,23779
1452643200,126.11,125.58,121.36,125.05,87473
1475107200,125.1,135.06,126.86,135.06,50
1475366400,137.11,145.9,137.11,145.9,20040
1475452800,148.24,157.91,148.24,157.91,50
1475539200,160.55,171.1,160.55,171.1,50
1475625600,174.03,185.74,174.03,185.74,108
1475712000,188.97,201.86,188.97,201.86,29523
1476576000,205.37,210.94,202.15,204.2,286231
1476662400,205.37,205.37,198.05,202.15,125038
1476748800,202.15,202.44,199.81,202.15,78851
1476835200,202.15,203.62,201.86,203.62,83373
1476921600,203.62,204.2,202.74,204.2,54954
1477180800,207.72,209.47,204.2,206.84,106622
1477267200,207.13,207.13,203.62,204.79,61539
1477353600,203.62,205.08,201.56,203.32,44196
1477440000,203.32,204.2,201.27,203.62,41861
1477526400,204.49,206.55,204.49,205.08,57461
1478131200,203.03,205.08,202.44,205.08,11079
1478476800,205.08,205.08,201.86,202.15,27324
1478563200,202.15,203.62,199.22,199.81,30051
1478649600,199.22,200.69,193.36,199.22,29668
1478736000,201.56,201.56,196.29,198.93,39276
1478995200,200.69,200.69,195.12,199.51,34319
1479081600,201.56,201.56,199.51,200.69,25551
1479168000,202.15,204.49,201.56,202.15,54607
1479254400,202.74,203.91,199.81,200.98,16542
1479340800,201.56,201.56,196.29,196.88,43819
1479600000,196.88,198.34,187.5,191.31,38196
1479686400,191.9,196.29,185.45,190.43,25996
1479772800,187.5,190.43,178.71,187.8,31279
1479859200,185.74,185.74,181.94,183.4,49117
1479945600,186.33,191.9,183.11,185.16,29098
1480204800,183.99,185.74,179.01,179.88,51386
1480291200,176.96,191.6,169.92,188.38,42202
1480377600,188.38,191.9,177.25,191.9,43033
1480464000,191.9,196.29,187.5,194.24,51779
1480550400,197.17,197.17,185.74,193.07,63835
1480809600,189.85,193.36,186.62,190.43,23542
1480896000,187.5,190.43,186.33,187.5,13590
1480982400,186.33,189.26,186.04,188.38,12450
1481068800,188.97,190.43,187.8,189.26,10025
1481155200,187.8,191.02,186.33,186.62,11342
1481414400,186.62,187.5,183.11,183.11,14116
1481500800,183.11,184.57,178.71,184.57,14037
1481673600,187.8,187.8,181.64,183.69,7758
1481760000,183.11,183.99,181.94,182.81,14215
1482019200,183.11,184.57,181.64,183.11,14778
1482105600,184.57,184.57,179.3,182.23,30345
1482192000,181.94,184.28,179.3,180.18,12737
1482278400,178.71,178.71,176.08,176.66,11913
1482364800,176.66,178.13,176.37,176.96,8329
1482710400,175.2,177.25,174.32,175.78,15851
1482796800,174.61,175.78,169.92,171.97,28122
1482883200,171.39,176.37,171.39,172.85,12648
1482969600,175.78,176.66,174.03,176.08,17618
1483228800,177.25,178.13,175.2,177.54,23672
1483315200,180.47,181.35,177.25,178.71,21122
1483401600,179.3,179.3,176.08,176.96,16115
1483488000,179.88,183.69,177.83,181.35,61519
1483574400,181.35,185.45,180.76,183.69,44748
1483833600,183.11,183.11,181.35,182.52,34039
1483920000,183.4,184.57,182.52,184.28,31046
1484006400,184.28,187.21,184.28,186.62,22120
1484092800,187.5,187.5,186.04,187.21,19633
1484179200,186.92,187.5,186.04,186.62,15058
1484438400,186.62,187.5,185.74,187.5,10596
1484524800,188.09,188.09,183.69,183.69,11250
1484611200,183.69,183.69,181.06,183.11,6446
1484697600,182.81,183.99,182.52,183.11,9096
1484784000,183.99,184.57,183.11,183.11,2556
1485043200,185.16,185.16,181.06,181.64,5419
1485129600,180.18,183.11,180.18,181.64,6026
1485216000,183.11,183.11,178.42,178.42,6827
1485302400,175.49,179.88,175.2,179.88,12038
1485388800,178.71,180.18,171.97,174.32,12612
1485734400,171.68,171.68,161.13,164.94,27966
1485820800,165.53,169.34,157.03,166.99,16650
1485907200,169.34,175.78,165.53,175.49,16658
1485993600,178.71,181.64,173.15,176.66,25118
1486252800,179.59,179.59,171.39,175.49,13078
1486339200,175.78,175.78,171.39,172.85,5977
1486425600,171.97,174.32,171.68,174.32,8313
1486512000,172.85,173.73,170.22,172.27,14937
1486598400,170.22,172.85,169.04,169.04,19600
1486857600,168.46,168.46,159.67,159.96,23576
1486944000,159.96,169.92,157.62,169.92,17480
1487030400,172.85,172.85,163.77,169.34,18474
1487116800,171.97,174.61,169.04,173.73,28218
1487203200,176.66,179.59,172.56,176.96,21371
1487462400,178.71,178.71,174.32,176.96,19671
1487548800,179.88,181.35,175.78,175.78,23135
1487635200,178.71,181.64,172.85,175.49,18377
1487721600,175.49,176.96,171.39,172.27,5062
1487808000,172.85,174.32,171.39,172.85,18919
1488067200,175.2,178.42,174.9,175.2,62139
1488240000,176.08,177.25,173.73,174.32,62424
1488326400,174.32,174.9,173.15,173.73,76778
1488412800,174.32,176.96,173.73,174.61,207349
1488672000,176.01,180.26,169.63,174.94,22551
1488758400,174.94,178.13,172.29,174.94,17493
1488844800,172.82,175.48,171.22,171.75,9356
1489017600,172.29,174.41,172.29,172.29,7870
1489363200,173.88,173.88,170.69,171.22,7519
1489449600,171.22,173.88,171.22,171.75,3658
1489536000,169.09,172.29,169.09,171.75,6087
1489622400,173.35,173.35,170.16,172.29,3833
1489881600,172.29,174.94,170.69,172.82,13104
1489968000,176.01,176.54,172.29,175.48,20132
1490054400,178.67,179.2,172.29,179.2,15773
1490140800,182.39,189.83,182.39,183.45,32531
1490227200,180.79,186.11,180.79,185.05,14818
1490486400,188.24,194.09,187.17,188.77,21833
1490659200,188.77,207.38,192.49,201.53,23609
1490745600,201.53,216.95,199.94,199.94,30280
1490832000,199.94,199.4,194.09,195.15,10821
1491091200,198.87,210.04,195.15,210.04,10766
1491177600,213.76,230.78,204.72,204.72,37560
1491264000,208.44,208.44,198.34,201.53,16011
1491436800,201.53,205.79,199.4,201.53,14013
1491696000,205.25,205.79,197.28,198.34,17298
1491782400,196.75,204.72,195.68,197.81,28563
1491868800,201.53,208.44,201.53,204.72,16281
1491955200,208.44,208.44,202.06,204.19,35784
1492041600,204.72,204.72,199.4,203.13,11295
1492300800,204.72,204.72,195.68,195.68,8120
1492473600,194.09,194.09,183.45,186.11,16777
1492560000,186.11,194.09,186.64,191.43,21358
1492646400,195.15,198.34,188.77,188.77,25673
1492905600,192.49,199.94,192.49,196.21,17459
1492992000,191.96,202.06,190.9,191.43,37958
1493078400,188.77,193.55,188.77,189.3,11796
1493164800,190.9,191.43,187.71,191.43,14162
1493251200,191.43,191.43,188.24,189.3,7491
1493510400,193.02,193.02,184.52,187.17,13090
1493683200,186.64,188.77,183.45,187.17,11673
1493769600,188.77,188.77,183.98,185.05,7119
1493856000,186.11,187.17,182.39,183.45,11166
1494115200,183.45,183.45,171.22,174.41,46168
1494201600,177.6,181.32,175.48,177.6,11436
1494288000,177.6,183.45,179.2,182.92,28901
1494460800,184.52,187.71,179.73,185.05,29282
1494806400,188.24,189.83,180.79,181.32,5510
1494892800,177.6,180.79,176.54,179.73,4610
1494979200,176.54,181.86,174.94,178.13,6184
1495065600,178.13,179.73,175.48,178.13,11474
1495324800,180.79,180.79,174.94,176.54,4827
1495411200,174.41,176.54,173.35,175.48,10834
1495497600,175.48,181.86,175.48,176.01,5162
1495584000,175.48,178.67,176.01,178.13,10968
1495929600,175.48,177.6,173.35,173.35,6890
1496102400,173.35,173.35,169.63,172.29,8698
1496188800,172.29,177.07,170.16,176.54,13121
1496275200,176.54,177.6,174.41,174.41,7855
1496534400,171.75,173.35,169.63,171.22,66446
1496620800,171.22,178.13,171.22,175.48,34687
1496707200,178.67,184.52,175.48,183.98,53746
1496793600,187.17,188.77,179.73,180.79,26612
1496880000,178.13,180.26,177.6,180.26,10649
1497139200,178.13,178.13,175.48,177.6,11100
1497225600,175.48,177.6,172.29,173.35,15640
1497312000,172.82,176.54,172.82,175.48,14488
1497398400,172.82,174.94,170.16,173.88,15813
1497484800,172.82,178.67,172.29,174.94,14943
1497744000,174.94,174.41,171.75,171.75,11540
1497830400,171.22,171.75,169.09,169.63,13517
1497916800,169.63,173.35,167.5,171.75,12333
1498003200,170.16,172.82,169.63,172.82,12581
1498089600,173.35,174.94,170.16,171.22,10696
1498348800,171.22,174.41,170.69,171.22,18712
1498521600,172.82,174.41,170.16,172.29,17754
1498608000,171.22,173.35,169.63,171.22,30580
1498953600,170.16,171.75,168.03,170.69,15041
1499040000,172.82,172.82,169.63,171.75,12361
1499126400,172.29,172.82,164.84,164.84,51959
1499212800,165.9,168.03,164.31,164.84,89499
1499299200,164.31,174.41,164.31,173.35,62381
1499558400,173.35,179.73,170.69,174.41,79287
1499644800,174.41,174.94,171.22,171.75,18289
1499731200,171.75,174.94,171.75,174.41,20561
1499817600,175.48,176.01,172.82,174.41,19565
1499904000,173.88,176.54,170.16,173.88,36271
1500163200,171.22,177.6,171.22,176.54,35141
1500249600,176.54,178.67,175.48,178.13,28283
1500336000,177.6,181.32,177.6,179.73,26398
1500422400,181.32,181.32,175.48,175.48,18660
1500508800,177.6,178.13,174.41,175.48,17206
1500768000,178.13,178.13,172.82,175.48,16559
1500854400,172.82,173.88,171.22,172.29,13863
1500940800,172.82,173.35,171.75,171.75,13221
1501027200,171.22,172.82,171.22,172.82,26753
1501113600,172.82,172.82,170.69,172.82,21574
1501372800,170.69,175.48,170.69,173.35,15900
1501459200,172.82,174.94,171.75,172.82,20850
1501545600,172.29,172.82,170.69,172.82,53727
1501632000,173.35,174.94,172.29,173.35,22165
1501718400,173.35,173.88,171.75,172.82,12405
1501977600,173.88,175.48,171.22,171.22,24359
1502064000,172.82,172.82,169.09,170.69,22688
1502236800,172.29,172.29,169.63,170.69,22312
1502323200,170.16,171.75,168.56,169.09,24375
1502582400,169.09,170.16,166.44,167.5,26505
1502755200,167.5,168.56,164.31,168.56,22657
1502841600,170.16,170.16,166.44,168.56,25981
1502928000,167.5,167.5,165.37,165.9,16743
1503187200,168.56,169.63,165.37,165.9,10860
1503273600,165.9,167.5,164.84,166.44,14138
1503360000,165.9,168.03,165.37,166.44,10290
1503446400,164.84,166.44,164.84,165.9,18064
1503532800,165.9,166.97,164.84,165.9,14889
1503792000,165.9,165.9,163.78,164.84,11765
1503878400,164.84,164.84,162.71,164.84,8414
1504051200,164.84,166.97,160.06,162.18,20962
1504137600,162.18,164.84,159.52,159.52,27593
1504483200,162.18,162.18,155.27,155.8,27914
1504656000,157.4,161.65,154.21,159.52,12022
1504742400,161.65,161.65,154.21,156.86,24863
1505001600,154.21,154.21,149.42,151.55,38137
1505088000,148.89,155.27,148.89,152.08,22495
1505174400,152.08,153.67,151.02,153.67,26797
1505260800,153.67,153.67,149.95,152.08,25694
1505347200,151.55,155.8,151.02,155.27,35873
1505606400,157.4,159.52,153.14,157.93,32237
1505692800,157.4,158.46,156.33,157.4,17257
1505865600,158.46,158.46,154.74,157.4,14207
1506211200,156.86,157.4,155.27,157.4,16590
1506297600,157.4,157.93,156.33,156.86,8688
1506384000,158.99,158.99,156.33,157.93,13289
1506988800,158.99,160.59,158.99,160.06,5860
1507075200,158.99,166.44,157.93,159.52,9603
1507420800,156.33,156.33,151.55,154.21,17911
1507507200,153.14,156.86,153.14,156.33,10381
1507593600,156.33,158.46,155.8,156.86,16284
1507680000,155.27,157.4,154.21,156.86,21811
1507766400,155.27,156.86,154.21,154.21,60302
1508025600,154.74,159.52,154.74,156.86,49483
1508112000,159.52,167.5,158.46,165.9,35376
1508198400,168.03,168.03,159.52,163.78,32144
1508284800,166.97,166.97,161.12,164.84,21189
1508630400,165.9,170.16,164.84,167.5,18570
1508716800,167.5,166.97,164.31,166.44,15896
1508803200,166.44,167.5,164.31,164.84,12661
1508889600,164.84,167.5,164.31,165.9,43801
1509235200,164.84,165.9,163.78,164.84,14297
1509321600,162.18,166.97,162.18,163.78,13844
1509408000,163.78,163.78,162.18,162.18,18128
1509494400,162.18,162.71,159.52,162.71,18787
1509580800,162.71,164.31,161.12,161.65,15322
1509840000,160.59,161.12,155.8,157.93,39398
1509926400,157.93,160.06,155.27,155.27,48547
1510012800,157.4,160.06,153.14,155.8,23733
1510099200,154.21,155.8,150.48,154.74,16815
1510185600,154.21,157.4,152.61,155.27,28577
1510444800,155.27,157.4,153.14,156.86,11206
1510531200,159.52,162.18,156.33,156.86,12631
1510617600,156.86,161.65,155.27,161.12,24854
1510704000,157.93,160.59,157.93,159.52,19768
1510790400,158.99,160.59,156.33,156.33,14772
1511049600,156.33,158.46,155.27,155.8,12232
1511136000,154.74,156.33,153.67,154.21,29733
1511222400,153.67,157.93,153.67,156.33,16066
1511308800,154.74,157.93,154.74,155.8,12603
1511395200,154.74,157.93,156.33,157.93,8720
1511654400,157.93,160.06,157.4,159.52,16167
1511740800,158.99,160.59,158.46,158.99,17085
1511827200,158.99,158.99,156.86,157.93,12803
1511913600,159.52,163.25,158.46,158.99,34621
1512000000,159.52,162.71,159.52,161.12,22335
1512345600,164.31,166.44,160.59,163.25,42630
1512432000,162.18,163.25,160.59,162.18,15284
1512518400,163.25,165.37,162.18,162.71,18748
1512864000,163.25,163.78,161.12,163.25,9300
1512950400,162.18,162.71,160.06,162.71,17037
1513036800,162.71,162.71,159.52,159.52,13270
1513123200,156.86,162.71,156.33,162.71,12677
1513209600,164.31,164.31,159.52,160.06,3313
1513468800,157.4,160.59,157.4,158.46,11018
1513555200,158.46,161.65,157.4,158.99,17504
1513641600,159.52,159.52,156.33,156.33,16527
1513728000,154.74,156.33,154.74,155.8,9338
1513814400,155.8,156.86,155.27,155.27,8196
1514073600,154.74,156.86,154.74,155.8,17224
1514246400,155.8,155.8,153.14,154.74,11357
1514332800,154.74,154.74,151.55,153.14,18894
1514419200,150.48,154.21,148.36,154.21,14904
1514678400,152.08,152.08,148.89,150.48,12211
1514764800,152.61,155.8,150.48,154.74,11457
1514851200,153.14,156.86,150.48,153.67,17781
1514937600,153.67,153.67,150.48,151.02,14237
1515024000,149.95,151.55,149.95,150.48,12369
1515283200,151.55,154.21,151.02,153.14,17206
1515369600,153.14,153.67,151.55,153.67,8451
1515456000,153.67,158.99,151.55,155.8,25124
1515542400,156.86,157.4,152.61,154.21,5444
1515888000,154.21,154.21,151.02,151.55,7206
1516060800,151.02,152.08,149.42,152.08,12159
1516147200,149.95,149.95,148.36,148.89,32396
1516492800,148.89,151.02,146.23,146.76,12024
1516579200,146.23,149.95,146.23,148.36,14403
1516665600,145.7,150.48,144.1,146.23,14727
1516752000,148.89,146.76,144.1,146.76,3242
1516838400,144.63,147.82,144.1,147.82,15202
1517097600,150.48,151.55,147.29,148.36,15563
1517184000,147.29,149.42,144.1,146.23,28018
1517356800,146.23,146.76,143.57,143.57,24560
1517443200,144.1,148.36,143.57,143.57,81980
1517702400,144.1,146.76,143.57,146.23,109160
1517788800,146.23,146.23,143.57,143.57,39245
1517875200,146.23,146.23,143.04,143.57,17403
1517961600,144.1,144.63,140.91,143.04,16441
1518048000,141.98,145.7,141.44,143.04,20405
1518307200,143.04,143.57,140.91,142.51,26242
1518393600,142.51,143.04,140.91,142.51,17934
1518566400,142.51,144.1,141.98,144.1,33759
1518652800,146.76,150.48,144.1,148.89,128814
1518912000,148.89,154.21,147.82,147.82,54832
1519084800,150.48,150.48,144.63,145.17,26929
1519171200,145.17,145.7,144.1,144.1,14717
1519257600,144.1,146.76,143.57,146.23,20447
1519516800,145.7,146.23,143.57,144.63,11552
1519603200,143.57,143.57,140.91,143.57,22989
1519689600,141.44,144.63,140.91,143.04,23952
1519776000,143.04,143.04,140.91,142.51,13165
1520121600,139.85,140.91,136.13,138.25,53580
1520294400,137.19,140.91,135.59,138.79,22585
1520380800,137.72,141.98,137.72,141.44,33327
1520726400,141.44,141.98,137.19,139.85,20965
1520812800,139.85,139.85,137.72,139.85,20974
1520899200,140.38,141.98,138.79,139.85,7228
1520985600,138.25,142.51,138.25,142.51,10460
1521072000,139.85,142.51,139.85,140.91,23349
1521331200,142.51,142.51,139.85,141.98,10392
1521417600,139.32,141.44,138.79,139.85,24645
1521504000,138.25,138.25,135.59,135.59,44571
1521590400,136.66,136.66,131.34,132.94,47641
1521676800,132.94,134.0,127.62,129.21,30433
1522022400,127.09,128.15,123.9,124.43,27892
1522108800,122.3,128.15,116.45,127.62,29736
1522195200,129.75,129.75,121.24,123.9,50717
1522281600,126.02,127.62,123.9,126.56,67919
1522540800,129.21,129.21,122.83,126.56,19169
1522627200,124.96,125.49,123.9,125.49,13127
1522713600,126.02,127.09,123.9,126.02,11011
1522800000,126.02,131.34,126.02,130.28,13773
1522886400,131.87,135.06,130.28,132.94,36931
1523145600,135.59,138.79,132.94,137.19,47190
1523232000,140.38,142.51,135.06,135.06,47468
1523318400,137.72,137.72,132.4,132.4,23785
1523404800,132.4,134.53,128.68,134.53,14263
1523491200,135.59,136.66,132.94,132.94,21877
1523750400,132.94,135.59,131.87,134.53,26943
1523836800,134.53,136.66,132.94,135.06,68638
1523923200,135.06,137.72,132.94,137.72,120353
1524009600,138.79,148.36,134.53,142.51,94258
1524096000,145.17,147.29,140.38,143.57,113469
1524355200,143.57,152.61,141.44,152.61,193870
1524441600,163.35,175.48,162.08,166.54,73206
1524528000,164.63,166.54,160.16,160.8,21367
1524614400,163.35,163.35,159.52,160.8,17192
1524700800,162.71,162.71,156.33,159.52,21782
1524960000,159.52,160.16,156.97,156.97,25922
1525219200,156.97,157.61,153.14,156.33,15724
1525305600,158.89,161.44,156.33,159.52,21529
1525564800,156.97,161.44,156.33,158.25,9741
1525651200,157.61,158.25,156.33,156.33,13686
1525737600,156.33,158.25,155.06,158.25,5915
1525824000,158.25,159.52,156.33,156.97,12280
1525910400,156.97,157.61,155.69,156.97,10037
1526256000,156.97,156.97,153.78,153.78,12771
1526342400,153.14,154.42,152.5,153.14,12259
1526428800,153.78,154.42,153.14,154.42,5567
1526515200,155.06,156.97,153.14,155.06,11209
1526774400,157.61,157.61,153.14,153.14,5526
1526860800,155.06,155.06,153.14,153.14,8947
1526947200,153.14,153.78,152.5,153.14,21001
1527033600,153.78,153.78,151.87,152.5,2636
1527120000,151.87,153.14,149.95,151.23,10444
1527379200,150.59,150.59,148.04,149.31,25809
1527465600,149.31,153.78,148.68,153.78,17685
1527552000,155.69,155.69,150.59,151.87,4617
1527638400,151.87,152.5,146.76,151.23,8725
1527724800,151.87,151.87,146.76,146.76,11241
1527984000,146.12,146.12,138.47,141.66,26822
1528070400,144.21,144.21,141.02,141.66,13966
1528243200,143.57,144.85,142.93,142.93,3146
1528329600,144.85,144.85,138.47,138.47,11895
1528588800,137.19,138.47,135.28,135.28,23428
1528675200,134.0,139.74,134.0,137.19,9196
1528761600,137.19,137.83,134.0,136.55,14273
1528848000,134.0,138.47,133.36,135.91,23706
1528934400,134.64,137.19,134.64,137.19,5978
1529193600,139.1,139.1,134.0,135.91,7045
1529280000,133.36,135.91,133.36,135.91,10032
1529366400,133.36,135.28,133.36,134.64,5485
1529452800,134.0,135.28,133.36,134.0,5483
1529539200,134.64,136.55,134.0,135.28,4195
1529798400,133.36,135.91,133.36,135.28,7234
1529884800,134.64,135.28,133.36,134.0,10097
1529971200,134.0,134.0,130.81,131.45,34587
1530057600,131.45,134.0,131.45,132.72,6785
1530144000,134.0,134.0,132.09,133.36,5921
1530403200,131.45,131.45,128.89,129.53,27844
1530489600,127.62,129.53,126.98,128.26,19519
1530576000,127.62,128.89,126.34,127.62,29660
1530662400,127.62,129.53,126.34,127.62,36991
1530748800,126.34,131.45,126.34,130.81,21510
1531008000,131.45,132.09,130.17,130.17,25664
1531094400,128.26,128.26,126.98,126.98,18403
1531180800,127.62,127.62,126.34,127.62,36247
1531267200,126.98,127.62,124.43,125.07,57832
1531353600,124.43,125.7,119.32,121.24,63908
1531612800,123.15,126.34,123.15,126.34,16184
1531699200,126.34,127.62,123.15,126.98,31419
1531785600,125.7,127.62,125.7,126.34,16737
1531872000,127.62,127.62,125.07,127.62,12511
1531958400,126.34,127.62,125.7,125.7,18589
1532217600,126.98,126.98,123.15,124.43,15669
1532304000,125.7,125.7,123.15,123.79,6133
1532390400,124.43,127.62,124.43,125.07,20089
1532476800,125.07,127.62,123.79,126.34,4644
1532563200,124.43,125.07,123.79,125.07,5669
1532822400,125.7,126.98,125.07,126.34,8942
1532908800,126.34,126.98,125.7,126.34,10333
1532995200,127.62,127.62,125.7,126.34,4997
1533081600,126.34,127.62,126.34,127.62,15494
1533168000,126.98,127.62,126.98,127.62,7845
1533427200,126.98,127.62,125.7,127.62,6464
1533513600,127.62,127.62,125.07,126.34,7464
1533600000,128.26,128.26,125.07,126.98,4058
1533686400,126.98,126.98,126.34,126.34,9271
1533772800,126.34,126.34,125.07,125.7,6266
1534032000,124.43,124.43,121.88,123.15,17835
1534118400,123.15,124.43,123.15,123.79,3800
1534204800,124.43,125.07,123.79,125.07,8357
1534291200,126.34,132.72,126.34,129.53,11522
1534377600,128.89,132.09,126.98,131.45,22443
1534636800,134.0,134.0,130.17,130.81,15625
1534723200,129.53,130.81,128.89,129.53,9197
1534809600,129.53,130.17,128.89,128.89,5803
1534896000,128.89,129.53,127.62,129.53,7301
1534982400,129.53,130.81,128.26,130.81,7410
1535241600,130.81,130.81,128.26,128.89,14167
1535414400,129.53,130.81,129.53,130.81,12743
1535500800,130.81,132.09,129.53,132.09,8945
1535587200,130.81,131.45,129.53,130.81,7538
1535846400,128.89,135.91,128.89,132.72,21240
1535932800,130.81,135.28,130.17,133.36,78538
1536019200,133.36,140.38,133.36,137.83,114406
1536105600,137.83,151.23,137.19,149.31,214730
1536192000,151.87,151.87,145.49,146.76,126358
1536451200,149.95,149.95,143.57,144.85,83394
1536537600,144.85,144.85,141.02,142.29,44879
1536624000,144.85,147.4,142.93,146.76,100635
1536710400,146.76,149.95,144.85,148.68,63490
1536796800,151.23,151.87,148.04,149.95,106434
1537056000,149.95,156.97,149.95,153.78,181606
1537142400,153.14,156.33,150.59,152.5,91806
1537228800,151.87,154.42,149.95,153.78,46312
1537401600,152.5,155.69,151.87,155.06,51388
1537660800,153.14,159.52,153.14,158.25,89693
1537833600,159.52,167.18,156.97,164.63,163823
1537920000,165.9,171.01,162.71,165.9,241488
1538006400,167.18,167.18,163.35,165.27,66468
1538265600,164.63,164.63,161.44,162.71,58064
1538352000,162.71,162.71,158.25,158.25,94789
1538438400,156.33,161.44,156.33,159.52,66358
1538524800,158.89,160.8,156.33,156.33,49885
1538611200,156.33,156.97,151.87,155.06,54809
1538870400,154.42,156.33,153.14,153.14,37099
1538956800,153.14,156.97,153.14,156.97,15757
1539043200,155.69,157.61,155.06,156.97,47309
1539129600,156.33,156.97,154.42,156.33,9592
1539216000,157.61,160.16,155.06,159.52,27290
1539475200,159.52,163.35,159.52,163.35,52356
1539561600,165.9,165.9,161.44,162.08,53411
1540080000,163.99,164.63,162.08,162.71,12599
1540166400,162.71,165.27,162.08,163.99,22329
1540252800,165.27,165.27,162.71,163.99,39495
1540339200,163.99,165.9,162.71,165.9,39690
1540425600,164.63,165.27,162.71,162.71,102418
1540684800,165.9,165.9,159.52,160.16,38439
1540771200,159.52,159.52,157.61,157.61,24273
1540857600,156.97,161.44,156.97,160.8,19591
1540944000,159.52,159.52,158.25,158.89,10033
1541030400,158.89,160.8,158.25,158.25,32614
1541289600,156.33,158.25,156.33,156.97,18893
1541376000,157.61,161.44,157.61,161.44,30993
1542153600,160.8,166.54,159.52,162.08,42137
1542240000,162.08,163.35,161.44,162.08,30299
1542499200,162.08,162.08,159.52,159.52,21835
1542585600,160.8,160.8,158.25,159.52,23917
1542672000,159.52,159.52,156.97,158.25,10821
1542758400,158.25,161.44,158.25,160.8,13975
1542844800,160.8,161.44,159.52,160.16,41861
1543104000,160.16,160.16,157.61,158.25,7982
1543190400,158.09,158.89,155.69,155.69,15677
1543276800,155.87,158.25,155.87,157.61,13282
1543363200,157.61,158.25,156.33,157.61,9089
1543449600,157.61,158.25,155.69,156.97,23209
1543708800,156.97,156.97,153.14,155.06,31827
1543795200,155.06,160.16,154.42,156.97,47852
1543881600,156.97,158.89,155.06,156.97,30539
1544054400,152.5,154.42,151.23,153.14,35416
1544313600,153.14,158.89,153.14,158.89,16601
1544400000,158.89,160.16,156.33,157.61,36792
1544486400,157.61,160.16,155.06,155.69,8911
1544572800,155.69,157.61,155.06,157.61,4328
1544659200,157.61,159.52,155.69,158.89,19467
1544918400,158.89,162.71,156.97,160.16,37691
1545004800,160.16,162.08,158.25,159.52,46926
1545091200,159.52,160.16,155.69,158.89,31210
1545177600,158.89,158.89,156.33,157.61,21870
1545264000,157.61,160.16,156.97,158.25,20550
1545523200,158.25,165.9,158.25,160.8,23235
1545609600,160.8,162.71,157.61,157.61,27975
1545696000,157.61,158.89,156.33,156.97,14323
1545782400,156.97,161.44,156.97,161.44,43448
1545868800,161.44,164.63,159.52,159.52,75896
1546128000,159.52,162.71,157.61,158.25,16952
1546214400,158.25,159.52,156.97,156.97,8547
1546300800,156.97,159.52,156.97,156.97,13222
1546387200,156.97,156.97,155.69,156.33,8803
1546473600,156.33,157.61,156.33,156.97,8358
1546732800,156.97,157.61,156.33,156.97,12980
1546819200,156.97,158.89,156.33,156.97,4706
1546905600,156.97,158.89,156.97,157.61,14460
1546992000,157.61,158.25,156.33,156.33,10117
1547078400,156.33,164.63,156.33,161.44,74479
1547337600,161.44,164.63,160.16,160.8,42732
1547424000,160.8,162.08,160.16,161.44,11301
1547510400,161.44,163.99,161.44,162.71,20065
1547596800,162.71,162.71,159.52,160.16,12967
1547683200,160.16,160.16,158.25,160.16,10863
1547942400,160.16,163.35,157.61,157.61,13168
1548028800,157.61,160.8,156.97,157.61,16015
1548115200,157.61,160.16,157.61,158.89,14738
1548201600,158.89,160.16,157.61,159.52,6674
1548288000,159.52,159.52,157.61,157.61,11419
1548547200,157.61,157.61,155.69,156.97,19934
1548633600,156.97,157.61,155.69,156.33,14391
1548720000,156.33,158.25,155.69,156.33,7275
1548806400,156.33,157.61,155.69,156.33,15260
1548892800,156.33,156.33,155.69,156.33,11869
1549152000,156.97,156.97,154.42,156.33,21641
1549238400,155.69,156.33,154.42,154.42,16294
1549324800,153.78,156.33,153.78,154.42,12122
1549411200,154.42,154.42,152.5,152.5,25022
1549497600,151.87,152.5,151.23,151.87,9317
1549756800,151.23,151.87,148.68,149.95,8400
1549843200,148.04,151.23,148.04,149.95,10199
1549929600,149.31,152.5,149.31,151.87,3312
1550016000,150.59,153.14,150.59,151.23,8560
1550102400,149.95,151.23,147.4,147.4,9020
1550361600,148.68,149.31,146.76,146.76,6078
1550448000,146.12,146.76,143.57,144.85,5103
1550534400,145.49,150.59,144.21,150.59,11821
1550620800,148.68,150.59,146.76,146.76,5444
1550707200,145.49,148.04,145.49,148.04,9786
1550966400,147.4,148.04,145.49,146.12,2218
1551052800,146.12,149.31,144.85,146.76,6191
1551139200,146.76,148.04,146.12,146.12,2110
1551225600,146.76,148.04,146.12,147.4,5523
1551571200,147.4,148.04,145.49,146.12,9533
1551744000,144.85,146.76,144.21,145.49,10904
1551830400,145.49,148.04,144.85,147.4,15777
1551916800,144.85,149.95,146.76,149.95,13185
1552089600,148.04,149.95,146.76,149.31,5199
1552176000,148.04,149.95,146.76,149.31,5199
1552262400,149.95,151.87,148.68,151.87,12821
1552348800,154.42,155.69,150.59,153.78,15840
1552435200,155.06,156.33,152.5,153.14,25630
1552521600,154.42,154.42,151.87,152.5,5233
1552780800,152.5,153.78,151.23,151.87,20224
1552867200,151.87,153.78,150.59,150.59,11957
1552953600,151.87,151.87,149.31,149.95,10206
1553126400,149.31,149.95,147.4,149.95,15221
1553385600,148.68,149.95,146.76,149.31,6049
1553472000,147.4,149.31,147.4,149.31,10839
1553558400,149.31,149.95,148.04,149.95,4479
1553644800,149.95,152.5,150.59,150.59,7376
1553731200,148.68,151.87,148.68,151.87,5043
1553990400,153.14,153.14,149.95,151.23,12560
1554076800,151.23,153.14,150.59,152.5,16762
1554163200,152.5,157.61,152.5,157.61,32889
1554249600,156.97,158.25,155.06,155.06,25012
1554336000,153.78,156.97,153.14,153.78,30676
1554595200,154.42,161.44,153.78,161.44,57138
1554681600,161.44,163.35,157.61,159.52,73576
1554768000,160.8,165.9,158.25,162.08,96968
1554854400,165.27,169.09,163.35,165.27,220874
1554940800,167.18,167.18,164.63,165.27,139668
1555286400,167.18,169.73,165.9,167.18,74857
1555372800,169.73,169.73,165.27,165.9,108970
1555459200,165.9,168.46,164.63,164.63,149003
1555545600,165.9,171.65,165.27,171.65,325975
1555804800,174.08,179.5,174.08,177.95,129211
1555891200,179.5,180.27,172.53,174.08,37684
1555977600,176.4,177.95,170.21,174.85,28415
1556064000,177.17,184.14,174.08,181.82,69877
1556150400,182.59,185.69,178.72,181.04,88185
1556409600,180.27,182.59,176.4,182.59,36443
1556496000,179.5,182.59,176.4,177.17,36311
1556582400,177.95,179.5,170.21,174.85,169434
1556755200,176.4,176.4,171.76,173.31,31294
1557014400,172.53,174.85,169.44,170.99,22173
1557100800,170.99,177.17,169.44,177.17,37254
1557187200,177.95,180.27,174.85,176.4,47575
1557273600,174.85,175.63,173.31,174.08,3453
1557360000,174.08,174.85,172.53,172.53,9546
1557619200,173.31,173.31,170.21,170.99,28828
1557705600,170.21,172.53,170.21,170.99,19156
1557792000,174.08,174.85,169.44,171.76,50393
1557878400,174.85,174.85,171.76,171.76,39068
1557964800,172.53,172.53,169.44,170.99,43564
1558224000,170.21,174.08,169.44,170.99,43335
1558310400,170.99,171.76,167.89,168.66,36182
1558396800,168.66,173.31,168.66,170.99,28505
1558483200,170.99,170.99,168.66,170.21,13784
1558569600,168.66,170.99,167.89,168.66,39582
1558828800,168.66,170.99,167.89,167.89,29769
1558915200,167.12,169.44,167.12,167.89,11361
1559001600,170.99,170.99,167.89,168.66,7306
1559088000,168.66,170.99,167.89,169.44,23164
1559174400,172.53,177.17,169.44,169.44,58107
1559433600,170.21,170.99,167.89,168.66,22171
1559520000,167.12,170.21,167.12,167.89,10648
1559606400,168.66,168.66,166.34,167.12,12058
1559779200,166.34,167.89,165.57,167.12,28791
1560124800,167.12,167.12,164.8,166.34,21622
1560211200,166.34,167.12,163.25,164.02,51449
1560297600,167.12,167.12,164.02,164.8,16979
1560384000,167.89,167.89,163.25,164.02,33521
1560643200,164.8,164.8,160.93,162.47,55060
1560729600,162.47,164.8,161.7,164.8,30058
1560816000,163.25,165.57,163.25,163.25,16887
1560902400,163.25,164.02,163.25,163.25,8889
1560988800,162.47,166.34,162.47,166.34,19838
1561248000,165.57,165.57,162.47,164.02,19053
1561334400,164.02,164.02,162.47,163.25,28016
1561420800,163.25,165.57,163.25,163.25,32353
1561507200,163.25,164.8,163.25,164.02,6987
1561593600,164.8,165.57,164.02,164.02,8205
1561852800,162.47,164.8,162.47,164.02,28209
1561939200,161.7,163.25,160.93,162.47,24984
1562025600,162.47,170.99,160.93,170.99,18749
1562112000,170.21,171.76,165.57,171.76,32719
1562198400,171.76,172.53,167.89,167.89,39257
1562457600,169.44,174.85,169.44,170.21,114295
1562544000,170.99,172.53,168.66,168.66,66793
1562630400,168.66,170.21,167.89,169.44,30914
1562716800,169.44,170.21,167.89,170.21,30952
1562803200,170.21,170.99,168.66,170.21,40333
1563062400,170.21,170.99,168.66,170.21,8994
1563148800,169.44,171.76,169.44,171.76,5177
1563235200,180.27,180.27,169.44,170.21,11649
1563321600,169.44,172.53,169.44,171.76,22470
1563408000,172.53,175.63,172.53,173.31,19110
1563667200,172.53,172.53,169.44,170.99,29072
1563753600,172.53,172.53,170.99,172.53,24172
1563840000,172.53,173.31,170.21,170.99,9809
1563926400,171.76,174.08,170.99,173.31,29735
1564012800,170.99,172.53,170.21,170.99,29360
1564272000,167.89,169.44,166.34,167.12,36855
1564358400,167.12,169.44,166.34,167.12,20982
1564444800,168.66,168.66,166.34,166.34,13910
1564531200,167.12,168.66,165.57,167.12,13205
1564617600,168.66,168.66,166.34,166.34,18658
1564876800,167.12,167.12,165.57,166.34,12606
1564963200,174.08,174.08,164.8,165.57,18997
1565049600,166.34,166.34,162.47,162.47,28743
1565136000,163.25,164.8,160.93,163.25,28647
1565222400,164.02,164.02,161.7,163.25,14443
1565481600,162.47,162.47,160.15,160.15,32958
1565568000,161.7,162.47,159.38,160.15,25266
1565654400,160.15,161.7,159.38,160.15,13683
1565740800,158.61,160.15,157.83,159.38,26134
1565827200,160.15,160.15,157.06,157.83,20667
1566086400,159.38,162.47,155.51,156.28,16714
1566172800,157.06,162.47,157.06,158.61,33235
1566259200,159.38,159.38,157.83,158.61,6274
1566345600,158.61,158.61,157.06,157.83,16764
1566432000,158.61,160.15,157.06,157.06,17662
1566691200,156.28,158.61,154.74,157.06,26983
1566777600,155.51,157.06,154.74,156.28,31534
1566864000,157.06,157.83,155.51,157.06,30937
1566950400,157.06,159.38,156.28,157.06,172453
1567036800,155.51,158.61,155.51,157.06,80214
1567296000,157.06,159.38,156.28,156.28,46032
1567382400,157.06,157.83,154.74,155.51,94195
1567468800,157.06,157.83,153.96,157.83,74299
1567555200,159.38,160.15,157.06,159.38,49704
1567641600,158.61,159.38,156.28,157.06,32551
1567900800,156.28,158.61,156.28,157.06,45770
1567987200,157.06,158.61,156.28,157.06,58920
1568073600,157.06,157.83,154.74,157.06,62522
1568160000,157.83,157.83,156.28,157.83,26475
1568246400,157.06,160.15,157.06,157.06,128013
1568505600,154.89,155.74,153.19,153.19,35906
1568592000,154.04,154.04,150.64,151.49,34022
1568678400,152.34,157.45,152.34,157.45,26263
1568764800,160.0,160.0,154.89,157.45,24288
1568851200,157.45,157.45,151.49,151.49,36278
1569110400,150.64,152.34,149.79,151.49,15629
1569196800,152.34,152.34,149.79,151.49,9475
1569283200,151.49,151.49,149.79,151.49,14341
1569456000,149.79,150.64,148.93,148.93,22371
1569715200,150.64,150.64,148.08,148.93,13929
1569801600,150.64,151.49,148.08,151.49,18312
1569888000,151.49,153.19,151.49,152.34,4502
1569974400,154.04,155.74,152.34,152.34,13743
1570060800,153.19,156.59,153.19,154.89,13802
1570665600,155.74,155.74,154.04,154.04,1043
1571011200,153.19,154.04,151.49,152.34,6658
1571097600,152.34,154.89,151.49,154.89,12951
1571184000,154.89,154.89,153.19,154.89,12313
1571270400,154.89,154.89,154.04,154.04,9001
1571529600,153.19,154.04,151.49,151.49,13076
1571616000,151.49,154.89,151.49,154.04,13163
1571702400,154.89,155.74,153.19,155.74,7833
1571788800,154.04,157.45,154.04,157.45,6205
1571875200,155.74,158.3,155.74,158.3,23280
1572480000,158.3,158.3,153.19,153.19,11670
1572739200,153.19,155.74,151.49,153.19,11770
1572825600,151.49,154.89,151.49,154.89,5650
1572912000,154.89,156.59,154.04,154.89,7416
1572998400,154.89,154.89,154.04,154.04,10457
1573084800,154.04,154.04,151.49,152.34,21540
1573344000,157.45,157.45,149.79,152.34,11990
1573430400,152.34,157.45,151.49,157.45,47655
1573516800,156.59,157.45,151.49,153.19,6783
1573603200,151.49,153.19,150.64,153.19,19355
1573689600,153.19,153.19,150.64,153.19,8145
1573948800,153.19,153.19,151.49,151.49,18677
1574035200,150.64,152.34,150.64,152.34,13993
1574121600,152.34,153.19,150.64,152.34,17232
1574208000,153.19,154.89,151.49,152.34,11214
1574294400,151.49,152.34,149.79,150.64,15749
1574553600,149.79,150.64,148.08,150.64,15046
1574640000,148.93,153.19,148.93,153.19,8432
1574726400,153.19,153.19,150.64,152.34,7958
1574812800,150.64,153.19,149.79,153.19,8671
1574899200,151.49,152.34,150.64,152.34,5912
1575158400,149.79,150.64,148.93,149.79,17169
1575244800,149.79,151.49,149.79,151.49,5652
1575331200,151.49,153.19,150.64,153.19,13610
1575417600,153.19,153.19,150.64,152.34,12868
1575504000,152.34,152.34,150.64,152.34,12129
1575763200,150.64,153.19,150.64,152.34,6702
1575849600,152.34,154.04,152.34,153.19,26059
1575936000,155.74,155.74,154.04,154.89,13700
1576022400,156.59,156.59,154.04,156.59,6123
1576108800,155.74,156.59,154.89,154.89,8107
1576368000,155.74,159.15,154.89,157.45,29320
1576454400,158.3,158.3,154.04,154.04,19515
1576540800,154.04,154.89,153.19,154.04,9702
1576627200,153.19,154.04,152.34,152.34,4382
1576713600,154.89,154.89,150.64,152.34,10649
1576972800,152.34,154.04,151.49,151.49,5710
1577059200,153.19,155.74,151.49,155.74,15903
1577145600,155.74,156.59,153.19,154.04,8167
1577232000,154.04,154.89,151.49,152.34,14375
1577318400,154.04,154.89,151.49,152.34,7241
1577577600,154.04,152.34,149.79,152.34,15662
1577664000,151.49,152.34,149.79,151.49,65326
1577750400,151.49,151.49,149.79,150.64,15870
1577836800,150.64,152.34,150.64,150.64,24061
1577923200,150.64,152.34,149.79,150.64,25982
1578182400,151.49,155.74,151.49,154.04,48210
1578268800,153.19,160.0,153.19,158.3,79056
1578355200,157.45,163.4,157.45,160.0,96470
1578441600,161.7,161.7,157.45,158.3,39138
1578528000,157.45,158.3,157.45,158.3,27408
1578787200,160.0,164.25,158.3,164.25,109650
1578873600,166.81,170.21,163.4,163.4,159169
1578960000,165.96,166.81,161.7,161.7,79747
1579046400,162.55,172.76,162.55,166.81,71946
1579132800,169.36,172.76,166.81,172.76,201707
1579392000,176.17,177.02,171.91,173.62,140222
1579478400,177.02,177.02,170.21,171.06,114230
1579564800,170.21,171.91,167.66,170.21,51959
1579651200,170.21,170.21,166.81,168.51,32223
1579737600,168.51,168.51,165.96,165.96,41682
1579996800,163.4,165.1,160.85,161.7,36053
1580083200,163.4,165.96,160.85,165.1,34708
1580169600,165.96,165.96,163.4,164.25,29700
1580256000,163.4,165.96,161.7,164.25,23057
1580342400,163.4,173.62,162.55,166.81,44068
1580601600,165.96,171.91,165.96,168.51,120275
1580688000,170.21,174.47,170.21,171.91,166282
1580774400,172.76,172.76,168.51,169.36,95987
1580860800,169.36,171.91,167.66,170.21,37266
1580947200,167.66,170.21,167.66,167.66,43764
1581206400,167.66,168.51,164.25,165.96,35905
1581292800,166.81,167.66,164.25,166.81,40579
1581379200,169.36,169.36,165.96,168.51,29137
1581465600,168.51,170.21,165.1,165.1,53554
1581552000,165.96,165.96,163.4,164.25,61169
1581811200,164.25,165.96,163.4,165.1,36607
1581897600,165.96,171.06,165.96,166.81,79048
1581984000,169.36,173.62,166.81,167.66,100782
1582070400,168.51,169.36,165.96,166.81,60879
1582156800,166.81,167.66,165.96,166.81,77919
1582416000,168.51,182.98,168.51,180.42,285679
1582502400,180.42,186.38,177.02,177.02,330551
1582588800,185.53,185.53,172.76,179.57,110559
1582675200,182.98,185.53,181.28,183.83,205774
1582761600,185.53,200.85,178.72,194.04,410685
1583020800,194.04,204.25,193.19,193.19,385322
1583107200,196.59,196.59,184.68,184.68,140502
1583193600,184.68,190.64,177.02,187.23,215512
1583280000,196.59,196.59,177.87,179.57,151592
1583366400,176.17,182.98,174.47,178.72,123635
1583798400,180.42,180.42,168.51,169.36,72337
1583884800,167.66,180.42,167.66,176.17,90918
1583971200,176.17,177.87,169.36,170.21,129172
1584230400,167.66,168.51,158.3,164.25,140154
1584316800,164.25,167.66,160.0,163.4,59460
1584403200,161.7,162.55,155.74,155.74,73862
1584489600,154.89,158.3,151.49,156.59,65534
1584576000,154.04,160.85,146.38,157.45,76824
1584835200,156.59,156.59,149.79,150.64,13858
1589241600,148.08,148.08,146.38,146.38,270
1589328000,143.83,143.83,142.13,142.13,520
1593388800,139.57,142.13,130.21,141.28,25228
1593475200,142.98,151.49,142.98,150.64,7320
1593561600,153.19,163.4,153.19,162.55,22400
1593648000,170.21,170.21,149.79,149.79,13334
1593907200,147.23,155.74,140.42,149.79,55434
1593993600,152.34,157.45,149.79,156.59,41914
1594080000,156.59,163.4,156.59,160.0,81152
1594166400,160.85,163.4,154.89,160.85,45047
1594252800,159.15,160.85,157.45,159.15,46362
1594512000,160.85,161.7,156.59,156.59,77001
1594598400,156.59,158.3,155.74,157.45,57193
1594684800,157.45,160.0,157.45,158.3,13199
1594771200,156.59,160.0,156.59,158.3,36728
1594857600,157.45,166.81,157.45,165.96,54294
1595116800,168.51,171.06,168.51,171.06,20
1595203200,179.57,188.08,169.36,173.62,195858
1595289600,173.62,176.17,168.51,174.47,118597
1595376000,174.47,175.32,169.36,169.36,58467
1595462400,177.02,177.02,168.51,170.21,36053
1595721600,171.91,172.76,169.36,172.76,52209
1595808000,172.76,173.62,169.36,171.06,59261
1595894400,168.51,171.91,167.66,171.06,55464
1595980800,170.21,171.06,168.51,168.51,88038
1596067200,168.51,169.36,165.96,169.36,32696
1596326400,169.36,169.36,161.7,162.55,90908
1596412800,161.7,167.66,161.7,164.25,34736
1596585600,164.25,164.25,159.15,161.7,51044
1596672000,160.85,163.4,158.3,163.4,38730
1596931200,160.85,163.4,158.3,162.55,34379
1597017600,165.1,165.96,160.85,164.25,43415
1597104000,166.81,167.66,163.4,164.25,32037
1597190400,162.55,164.25,161.7,164.25,58978
1597276800,162.55,165.1,162.55,163.4,30879
1597536000,161.7,161.7,153.19,156.59,268684
1597622400,156.59,160.0,154.04,158.3,195860
1597708800,158.3,159.15,155.74,158.3,102980
1597795200,156.59,157.45,154.04,154.89,46782
1597881600,155.74,157.45,154.89,156.59,21027
1598140800,158.3,158.3,154.89,156.59,28875
1598227200,158.3,160.85,156.59,160.85,123869
1598313600,160.85,162.55,157.45,159.15,74501
1598400000,160.85,162.55,158.3,160.85,169001
1598486400,163.4,165.96,160.85,163.4,194514
1598745600,163.4,165.96,160.0,162.55,48089
1598832000,162.55,164.25,160.0,162.55,169620
1599004800,161.7,165.1,161.7,164.25,161571
1599091200,165.96,166.81,161.7,163.4,97884
1599350400,171.06,171.06,159.15,161.7,121778
1599436800,160.85,163.4,158.3,160.0,56848
1599523200,160.85,160.85,158.3,160.0,59838
1599609600,162.55,162.55,157.45,158.3,58968
1599696000,160.0,161.7,157.45,159.15,32646
1599955200,160.0,161.7,156.59,159.15,147212
1600041600,160.0,162.55,159.15,160.85,164029
1600128000,161.7,168.51,161.7,165.96,334654
1600214400,166.81,166.81,163.4,165.1,110506
1600300800,166.81,174.47,164.25,172.76,327531
1600560000,181.28,181.28,173.62,178.72,294763
1600646400,187.23,187.23,174.47,177.02,180415
1600732800,170.21,177.02,170.21,172.76,220763
1600819200,164.25,176.17,164.25,174.47,199496
1600905600,174.47,177.02,173.62,175.32,176786
1601164800,177.02,185.53,175.32,182.98,615990
1601251200,182.98,188.08,181.28,182.13,223596
1601337600,184.68,184.68,178.72,180.42,159365
1601424000,182.98,182.98,177.02,180.42,96181
1601510400,171.91,187.23,171.91,184.68,312769
1601769600,187.23,188.08,184.68,184.68,446301
1601856000,186.38,190.64,186.38,188.93,445429
1601942400,191.49,193.19,189.79,192.34,259574
1602028800,201.7,201.7,191.49,194.04,245979
1602115200,203.4,203.4,190.64,195.74,372222
1602374400,197.45,198.3,193.19,194.04,246446
1602460800,194.89,194.89,188.93,194.89,191686
1602547200,204.25,204.25,189.79,189.79,80619
1602633600,187.23,191.49,187.23,188.08,100656
1602720000,191.49,191.49,187.23,189.79,135389
1602979200,187.23,191.49,187.23,188.93,106568
1603065600,188.08,191.49,188.08,191.49,68920
1603152000,189.79,194.89,189.79,193.19,117879
1603238400,195.74,200.85,194.04,200.85,360648
1603324800,208.51,208.51,200.0,201.7,595871
1603843200,204.25,209.36,200.0,209.36,382237
1603929600,212.76,212.76,202.55,203.4,339092
1604188800,212.76,212.76,200.85,203.4,259335
1604275200,201.7,203.4,200.0,200.85,144444
1604361600,198.3,202.55,198.3,200.85,77266
1604448000,200.85,201.7,199.15,200.0,92248
1604534400,201.7,202.55,198.3,199.15,115508
1604793600,204.25,205.96,199.15,202.55,244645
1604880000,205.1,205.1,200.85,202.55,263246
1604966400,208.51,208.51,200.0,201.7,243648
1605052800,203.4,205.1,200.85,204.25,234803
1605139200,205.96,206.81,203.4,204.25,191144
1605657600,204.25,208.51,202.55,202.55,250835
1605744000,205.96,205.96,200.85,203.4,276712
1606003200,206.81,211.91,205.96,208.51,519309
1606089600,211.06,215.32,209.36,211.91,347785
1606176000,222.13,222.13,212.76,213.62,207979
1606262400,215.32,219.57,213.62,219.57,234581
1606348800,219.57,235.74,219.57,234.89,650673
1606608000,238.3,257.87,235.74,257.87,1385740
1606694400,269.81,277.36,250.0,253.77,803626
1606780800,259.43,259.43,239.62,242.45,423840
1606867200,242.45,246.23,235.85,241.51,292720
1606953600,245.28,245.28,232.08,233.02,218004
1607212800,231.13,231.13,221.7,222.64,234676
1607299200,222.64,232.08,217.92,227.36,209663
1607385600,238.68,238.68,222.64,225.47,134141
1607472000,225.47,225.47,217.92,219.81,118251
1607558400,218.87,220.75,215.09,217.92,175082
1607817600,228.3,228.3,216.04,225.47,221280
1607904000,235.85,235.85,227.36,228.3,211953
1607990400,239.62,239.62,224.53,225.47,129053
1608076800,235.85,235.85,219.81,224.53,174014
1608163200,228.3,228.3,221.7,222.64,151499
1608422400,226.42,226.42,213.21,213.21,235650
1608508800,213.21,218.87,206.6,216.04,227510
1608595200,216.98,232.08,216.98,229.25,312715
1608681600,240.57,240.57,227.36,233.96,382728
1608768000,245.28,245.28,228.3,228.3,117133
1609027200,239.62,239.62,221.7,222.64,109930
1609113600,225.47,225.47,220.75,221.7,221495
1609200000,222.64,228.3,219.81,221.7,117865
1609286400,221.7,224.53,219.81,222.64,158629
1609372800,223.58,232.08,222.64,227.36,323149
1609632000,231.13,250.0,230.19,248.11,524574
1609718400,260.38,260.38,237.74,242.45,321350
1609804800,246.23,246.23,237.74,242.45,168987
1609891200,231.13,250.0,231.13,244.34,234784
1609977600,248.11,250.0,245.28,248.11,383394
1610236800,260.38,272.64,250.0,272.64,1070800
1610323200,283.02,283.02,265.09,270.75,567522
1610409600,273.58,273.58,264.15,269.81,225402
1610496000,269.81,273.58,266.98,267.92,215619
1610841600,267.92,272.64,262.26,267.92,302304
1610928000,281.13,281.13,266.04,270.75,296428
1611014400,283.02,283.02,266.04,267.92,318580
1611100800,277.36,277.36,263.21,266.98,379667
1611187200,276.42,276.42,264.15,266.98,333107
1611446400,269.81,284.91,269.81,280.19,532355
1611532800,287.74,292.45,279.25,281.13,745468
1611619200,283.02,284.91,276.42,277.36,356391
1611705600,278.3,280.19,272.64,274.53,196409
1611792000,274.53,278.3,263.21,265.09,304391
1612051200,268.87,268.87,258.49,262.26,357384
1612137600,264.15,267.92,261.32,264.15,259312
1612224000,266.98,270.75,261.32,270.75,287142
1612310400,273.58,284.91,268.87,269.81,244870
1612396800,269.81,271.7,265.09,268.87,195018
1612656000,273.58,273.58,266.04,268.87,241899
1612742400,270.75,283.96,266.98,281.13,552839
1612828800,268.87,292.45,268.87,277.36,361894
1612915200,278.3,298.11,272.64,295.28,1211680
1613001600,300.94,306.6,296.23,299.06,1008780
1613260800,306.6,306.6,290.57,295.28,369662
1613347200,300.94,306.6,296.23,297.17,458905
1613433600,301.89,307.55,295.28,298.11,634669
1613520000,300.0,301.89,295.28,301.89,647964
1613606400,307.55,309.43,301.89,305.66,570665
1613865600,311.32,311.32,300.0,303.77,410165
1613952000,306.6,306.6,292.45,294.34,508718
1614038400,296.23,296.23,283.02,293.4,386703
1614124800,292.45,302.83,292.45,294.34,309163
1614211200,296.23,297.17,287.74,289.62,304746
1614470400,289.62,289.62,280.19,281.13,424211
1614556800,282.08,295.28,279.25,289.62,352953
1614643200,290.57,291.51,281.13,282.08,681097
1614729600,277.36,284.91,277.36,282.08,280030
1614816000,283.96,291.51,283.02,290.57,283144
1615161600,297.17,297.17,287.74,288.68,155247
1615248000,284.91,289.62,283.02,285.85,129850
1615334400,285.85,286.79,281.13,283.96,120613
1615680000,282.08,283.02,277.36,279.25,174658
1615766400,283.02,283.02,273.58,275.47,119716
1615852800,274.53,279.25,273.58,276.42,101577
1615939200,274.53,280.19,274.53,279.25,72240
1616025600,266.04,287.74,266.04,285.85,175508
1616284800,292.45,292.45,284.91,288.68,113472
1616371200,290.57,292.45,283.96,283.96,157456
1616457600,282.08,284.91,281.13,283.02,81814
1616544000,283.96,287.74,283.02,286.79,239351
1616630400,292.45,292.45,282.08,283.02,143274
1616976000,292.45,292.45,281.13,282.08,110949
1617062400,283.02,287.74,280.19,287.74,152613
1617148800,287.74,292.45,286.79,291.51,171420
1617235200,292.45,301.89,288.68,296.23,422932
1617494400,313.21,313.21,294.34,296.23,271002
1617580800,310.38,310.38,294.34,296.23,170308
1617667200,296.23,298.11,292.45,296.23,183428
1617753600,310.38,310.38,295.28,297.17,217285
1617840000,299.06,300.0,297.17,298.11,241538
1618185600,300.0,303.77,299.06,301.89,287879
1618272000,306.6,310.38,302.83,309.43,449146
1618444800,316.04,325.47,312.26,319.81,585860
1618704000,320.75,324.53,312.26,314.15,430556
1618790400,311.32,315.09,302.83,305.66,502835
1618876800,311.32,311.32,299.06,305.66,253322
1618963200,306.6,306.6,296.23,298.11,256623
1619049600,294.34,304.72,294.34,300.94,209746
1619308800,306.6,311.32,297.17,300.94,599174
1619395200,300.0,302.83,291.51,294.34,290218
1619481600,292.45,301.89,292.45,300.94,163907
1619568000,302.83,304.72,296.23,296.23,102619
1619654400,299.06,300.94,296.23,296.23,86121
1619913600,293.4,300.0,293.4,297.17,164531
1620000000,311.32,311.32,294.34,296.23,121892
1620086400,301.89,301.89,293.4,294.34,95516
1620172800,294.34,296.23,292.45,294.34,125112
1620259200,294.34,298.11,291.51,295.28,157199
1620518400,295.28,313.21,293.4,301.89,872214
1620604800,286.79,306.6,286.79,300.0,131531
1620691200,314.15,314.15,299.06,299.06,104194
1620777600,313.21,313.21,297.17,298.11,133132
1620864000,298.11,300.94,297.17,300.94,129667
1621123200,301.89,306.6,300.94,306.6,221292
1621209600,309.43,309.43,303.77,307.55,238850
1621296000,311.32,311.32,304.72,308.49,242323
1621382400,311.32,315.09,306.6,309.43,373354
1621468800,311.32,316.98,311.32,315.09,336800
1621728000,315.09,321.7,303.77,321.7,373970
1621814400,322.64,333.96,320.75,324.53,633641
1621900800,325.47,328.3,316.04,317.92,279444
1622073600,317.92,323.58,306.6,317.92,260162
1622332800,320.75,330.19,314.15,323.58,364839
1622419200,323.58,330.19,320.75,320.75,363965
1622505600,320.75,322.64,313.21,318.87,175329
1622592000,333.96,333.96,312.26,319.81,149580
1622678400,321.7,338.68,320.75,332.08,813270
1622937600,339.62,362.26,339.62,353.77,1252480
1623024000,363.21,363.21,338.68,344.34,938914
1623110400,349.06,359.43,342.45,357.55,764581
1623196800,358.49,367.92,353.77,357.55,506932
1623283200,359.43,360.38,352.83,354.72,316560
1623542400,365.09,365.09,352.83,358.49,485796
1623628800,361.32,379.25,360.38,371.7,762378
1623715200,377.36,381.13,369.81,372.64,624053
1623801600,372.64,377.36,362.26,368.87,591856
1623888000,369.81,370.75,361.32,364.15,363911
1624147200,382.08,382.08,347.17,352.83,351888
1624233600,354.72,358.49,341.51,344.34,384907
1624320000,339.62,356.6,339.62,355.66,397505
1624406400,372.64,372.64,344.34,345.28,207020
1624492800,344.34,347.17,340.57,342.45,197918
1624752000,349.06,361.32,340.57,350.0,277049
1624838400,354.72,362.26,349.06,350.94,181568
1624924800,354.72,354.72,342.45,344.34,146089
1625011200,339.62,345.28,338.68,344.34,221360
1625097600,344.34,350.0,343.4,344.34,123394
1625356800,344.34,350.0,340.57,341.51,130197
1625443200,341.51,344.34,337.74,339.62,105515
1625529600,337.74,341.51,337.74,339.62,200575
1625616000,343.4,344.34,338.68,339.62,112366
1625702400,343.4,346.23,339.62,345.28,144647
1625961600,347.17,356.6,347.17,356.6,157037
1626048000,358.49,361.32,347.17,349.06,235085
1626134400,349.06,356.6,347.17,351.89,159274
1626220800,351.89,353.77,349.06,350.94,69138
1626307200,350.94,352.83,349.06,350.0,148230
1626566400,353.77,374.06,353.77,368.87,528469
1626652800,375.47,377.36,364.15,367.92,451064
1626739200,367.92,370.75,362.26,365.09,191999
1626912000,365.09,374.43,364.15,370.47,335516
1627171200,375.47,386.7,371.79,386.6,700510
1627257600,388.68,389.62,375.47,376.23,450987
1627344000,368.77,377.36,355.66,376.32,374418
1627430400,377.36,380.19,368.11,370.28,185501
1627516800,370.75,371.7,366.98,369.34,173746
1627776000,375.47,375.47,365.09,366.04,176366
1627862400,366.04,380.09,365.09,366.98,235381
1627948800,368.87,369.81,365.09,366.89,166370
1628035200,366.04,370.75,366.04,367.83,162290
1628121600,367.92,371.7,363.21,365.28,214371
1628380800,366.98,368.77,363.3,364.62,153077
1628467200,363.21,366.04,361.32,361.32,146709
1628553600,367.92,376.42,359.43,373.58,240713
1628640000,376.42,379.25,366.98,367.92,186242
1628726400,372.64,381.51,368.87,376.89,857151
1628985600,377.36,383.96,369.81,371.7,310890
1629072000,372.64,373.58,365.09,366.51,212058
1629158400,367.92,367.92,359.53,360.38,235101
1629244800,367.55,371.7,353.77,365.09,264714
1629331200,365.09,367.92,357.83,358.49,185044
1629763200,363.21,363.21,352.83,352.83,183405
1629849600,352.83,352.83,341.51,349.06,181717
1629936000,349.06,350.0,342.45,346.23,199401
1630195200,349.06,349.06,340.57,341.51,176112
1630368000,334.91,348.11,334.91,338.4,181200
1630454400,339.62,344.34,331.7,340.57,262420
1630540800,343.4,344.25,333.96,334.06,158911
1630800000,333.96,334.91,319.34,322.64,217258
1630886400,320.75,339.62,318.87,338.68,196451
1630972800,345.28,345.28,327.36,332.08,149247
1631059200,332.08,332.08,321.23,325.47,88640
1631145600,326.42,329.25,320.85,323.58,78144
1631404800,323.58,330.0,319.81,326.51,148229
1631491200,330.19,333.02,325.47,328.3,103226
1631577600,329.25,332.08,325.38,327.36,85881
1631664000,327.36,327.36,319.06,320.75,119690
1631750400,318.87,318.87,308.49,311.32,247321
1632096000,313.21,313.21,298.21,298.21,201987
1632182400,298.21,310.38,291.51,300.94,210262
1632268800,306.6,317.55,306.6,315.09,141329
1632355200,321.32,334.91,321.32,325.47,344594
1632614400,331.13,337.74,319.91,322.64,186881
1632700800,320.75,320.75,308.58,310.38,145335
1632787200,304.25,304.25,284.91,285.85,611484
1632873600,283.02,287.74,276.51,281.13,251273
1632960000,281.13,283.96,277.45,277.55,187447
1633219200,279.25,283.02,269.34,269.34,149749
1633305600,268.87,275.47,265.66,270.38,143736
1633392000,269.91,277.08,266.98,275.47,92280
1633478400,276.51,287.74,275.57,276.89,125352
1633824000,282.08,282.08,270.75,273.58,109755
1633910400,272.64,273.58,268.87,273.58,63453
1634428800,273.58,276.42,265.09,271.7,62243
1634515200,277.08,277.08,264.15,266.04,97721
1634601600,266.04,266.04,254.25,259.43,114269
1634688000,259.43,273.58,259.43,266.04,78390
1634774400,269.72,269.72,262.26,263.02,53516
1635033600,266.98,266.98,261.89,264.15,170982
1635120000,260.0,274.1,260.0,273.0,84865
1635206400,277.0,285.0,274.0,279.0,135988
1635292800,278.4,283.0,275.0,277.5,103636
1635379200,275.1,277.5,273.0,275.6,82753
1635638400,270.1,274.0,270.1,272.9,129426
1635724800,273.0,277.0,271.0,272.0,108460
1635811200,275.0,275.9,270.0,271.0,83584
1635897600,271.0,275.0,270.0,271.7,78960
1636329600,275.0,276.9,270.0,271.0,54546
1636416000,271.0,272.0,263.0,264.0,96969
1636588800,258.8,268.0,258.8,261.0,95732
1636848000,258.0,260.0,256.0,257.2,79560
1636934400,257.0,262.0,257.0,258.2,65081
1637020800,260.0,268.0,257.0,268.0,75502
1637107200,271.0,271.0,265.0,266.0,86920
1637193600,267.0,267.0,260.0,261.0,54164
1637452800,261.0,262.0,259.0,260.0,43026
1637539200,263.0,263.0,259.0,259.1,72836
1637625600,255.0,262.9,255.0,258.5,95171
1637712000,257.0,258.0,255.0,257.0,53093
1637798400,258.0,275.0,252.1,267.5,172122
1638057600,268.0,268.9,255.0,260.0,78512
1638144000,255.1,262.0,254.8,258.0,67463
1638230400,258.0,258.9,252.9,254.5,83196
1638316800,256.0,260.0,253.5,258.9,59617
1638403200,258.0,260.0,252.3,252.9,58307
1638662400,255.0,255.0,243.0,245.0,86229
1638748800,245.0,250.0,236.5,249.0,91442
1638835200,253.9,258.0,243.1,244.8,61387
1638921600,245.0,245.0,240.1,243.0,63315
1639008000,247.8,247.8,238.0,242.0,43712
1639267200,242.0,242.0,232.3,236.0,75856
1639353600,232.0,236.0,223.0,230.0,101494
1639440000,234.0,240.0,230.1,240.0,32913
1639526400,244.0,245.0,234.0,237.0,47348
1639612800,237.0,241.7,231.1,233.5,48307
1639958400,238.1,238.1,228.0,230.0,72660
1640044800,230.3,246.8,230.3,241.6,102311
1640131200,246.4,251.0,241.0,247.9,77292
1640217600,252.8,252.8,242.6,248.4,78964
1640476800,248.0,251.0,245.0,249.0,111358
1640563200,251.9,253.9,243.0,244.0,140132
1640649600,239.5,244.0,238.0,241.0,42094
1640736000,245.0,245.0,239.0,240.0,49102
1641081600,244.8,246.0,237.0,245.8,69361
1641168000,250.7,257.0,245.8,252.0,183414
1641254400,250.0,268.0,250.0,266.9,170015
1641340800,272.2,272.2,258.0,261.0,117357
1641427200,261.0,270.3,255.8,269.8,99590
1641686400,272.0,283.0,271.0,280.8,214888
1641772800,280.0,285.0,273.0,274.0,178332
1641859200,279.4,279.4,273.0,276.0,85509
1641945600,281.5,281.5,268.0,269.0,159987
1642032000,269.0,274.0,265.0,271.0,117582
1642291200,276.4,281.0,273.0,277.0,209490
1642377600,280.0,285.0,278.0,281.0,197433
1642464000,281.0,296.5,278.0,286.1,251918
1642550400,288.0,288.0,278.0,282.9,163731
1642636800,285.0,285.0,277.0,283.0,123592
1642896000,280.0,280.0,273.0,274.0,202751
1642982400,270.1,271.0,261.0,262.0,182182
1643068800,267.2,267.2,255.2,260.0,114343
1643155200,255.0,261.0,255.0,255.1,85992
1643241600,257.5,262.0,254.0,254.2,86704
1643500800,259.2,268.0,257.0,264.5,90954
1643587200,266.0,267.0,260.1,261.3,64204
1643673600,260.0,265.0,260.0,263.0,75631
1643846400,264.0,270.2,262.0,263.0,110414
1644105600,261.0,262.0,257.0,259.5,86540
1644192000,259.0,262.5,257.0,260.0,58355
1644278400,263.0,270.5,259.0,259.0,108484
1644364800,256.1,261.2,256.0,258.0,61987
1644451200,258.0,260.0,255.0,256.0,49380
1644710400,255.0,255.0,246.0,247.0,112468
1644796800,248.0,253.9,246.6,247.0,63132
1644883200,251.0,251.0,246.0,249.5,57782
1644969600,253.0,253.0,247.0,247.0,38435
1645056000,247.0,250.0,246.4,247.1,26043
1645315200,243.0,247.0,243.0,244.0,54083
1645401600,245.0,249.8,243.0,247.5,57180
1645488000,251.8,252.0,247.0,248.2,46657
1645574400,249.9,250.0,245.0,246.0,40939
1645660800,246.0,246.0,241.2,241.5,52186
1645920000,241.0,243.8,238.0,240.1,55903
1646006400,243.0,243.0,236.0,237.0,50134
1646179200,235.0,237.0,231.4,232.7,123592
1646524800,235.0,236.0,232.0,233.1,52949
1646611200,235.0,236.7,233.0,234.0,32030
1646784000,237.0,237.0,230.2,232.0,33303
1646870400,232.0,237.0,231.0,237.0,71390
1647129600,240.0,245.0,236.0,242.9,55587
1647216000,246.9,247.0,242.5,243.1,23173
1647302400,245.0,246.8,240.3,242.0,75934
1647388800,242.0,243.0,239.3,239.5,42539
1647734400,242.0,242.0,236.0,236.0,51831
1647820800,239.0,239.0,232.5,239.0,55129
1647907200,242.9,242.9,239.0,241.0,53253
1647993600,243.0,243.0,236.0,237.1,47872
1648080000,240.2,240.2,235.1,236.0,39334
1648339200,235.0,236.0,232.1,234.0,48909
1648425600,235.0,235.0,230.6,232.0,24518
1648512000,230.5,234.0,230.0,231.0,38358
1648598400,232.0,233.0,228.3,232.1,26162
1648684800,232.2,234.9,230.3,230.5,30960
1648944000,229.5,231.0,226.0,226.6,45764
1649030400,231.1,231.1,224.0,225.0,47494
1649116800,229.5,229.5,220.8,223.0,47837
1649203200,221.1,223.0,219.0,221.0,28368
1649289600,221.0,226.0,220.0,223.0,55347
1649635200,225.0,230.0,220.0,221.0,52979
1649721600,224.0,224.0,218.6,220.0,32132
1649808000,220.0,222.9,217.0,222.0,28780
1650153600,226.4,227.4,220.2,220.2,29934
1650240000,221.8,221.8,216.9,216.9,50823
1650326400,221.0,221.0,215.1,218.9,36347
1650412800,223.2,223.2,217.0,217.9,45045
1650499200,222.2,222.2,212.7,216.0,54576
1650758400,220.3,226.5,216.0,226.0,51798
1650844800,226.0,228.0,221.0,222.0,36797
1650931200,220.5,225.0,218.6,220.0,42969
1651017600,223.0,223.0,218.0,220.0,25609
1651104000,224.4,224.4,220.0,221.0,26664
1651449600,221.0,224.0,218.0,218.0,34161
1651622400,215.0,219.0,215.0,218.0,23947
1651708800,218.0,218.0,214.0,215.5,31549
1651968000,215.0,215.5,212.4,215.5,22409
1652054400,219.8,220.3,216.0,218.0,25155
1652140800,221.0,222.5,217.0,222.5,26281
1652227200,224.9,224.9,217.6,224.5,30872
1652313600,228.0,228.0,221.0,226.0,60253
1652745600,222.0,225.0,220.0,220.0,28640
1652832000,216.1,221.4,216.1,218.0,39254
1652918400,218.0,221.9,216.0,218.8,47890
1653004800,221.0,221.0,214.5,215.9,69407
1653264000,220.2,220.2,211.7,212.1,46744
1653350400,213.5,216.0,210.1,214.0,18069
1653436800,214.0,218.0,214.0,217.0,26130
1653523200,217.5,224.0,215.0,223.8,65823
1653609600,224.0,225.0,217.0,217.2,34178
1653868800,219.0,219.6,213.0,213.0,36235
1653955200,210.6,213.0,208.8,209.0,66232
1654041600,211.0,213.0,209.1,211.0,24671
1654128000,209.5,214.0,209.5,210.0,15702
1654214400,212.0,213.0,204.0,205.0,75334
1654473600,207.0,207.0,203.3,204.0,41710
1654560000,204.0,205.0,200.0,201.5,290713
1654646400,203.0,214.0,200.0,209.0,244408
1654732800,210.0,213.0,208.0,209.0,319938
1654819200,206.0,210.8,205.8,208.5,243523
1655078400,209.0,209.9,201.0,201.9,88463
1655164800,202.0,203.0,199.0,202.0,48900
1655251200,200.0,203.0,196.0,199.7,49128
1655337600,199.0,208.0,199.0,203.9,41107
1655424000,205.0,205.5,200.0,203.0,141027
1655596800,207.0,207.0,200.0,200.3,42579
1655683200,198.1,199.0,196.2,197.2,73270
1655769600,195.4,204.0,195.4,200.2,45365
1655856000,200.0,204.0,197.0,197.3,75562
1655942400,198.0,199.0,194.0,194.0,488195
1656028800,192.0,200.0,191.1,198.0,438851
1656201600,200.0,205.0,199.6,203.0,429501
1656288000,205.0,205.9,198.0,198.0,104797
1656374400,201.0,203.9,197.1,197.9,31787
1656460800,200.0,202.0,198.0,201.9,45997
1656547200,204.0,206.0,202.0,205.0,105373
1656633600,203.1,205.0,200.0,200.1,50345
1656806400,200.0,204.0,198.0,201.0,40828
1656892800,203.0,205.0,199.2,200.2,101052
1656979200,199.1,202.0,196.2,198.9,71851
1657065600,201.0,201.0,196.6,198.8,42878
1657152000,202.7,205.0,197.9,199.0,31644
1657238400,200.0,200.0,197.1,198.9,14625
1657497600,197.0,197.0,190.3,190.5,88744
1657584000,192.0,192.0,187.2,190.0,65285
1657670400,193.1,193.1,189.6,190.5,112829
1657756800,194.0,196.0,190.6,191.6,45423
1657843200,195.0,196.8,190.2,191.0,36825
1658016000,194.0,200.7,192.1,199.0,65052
1658102400,201.0,202.0,197.0,199.9,30039
1658188800,200.0,203.7,197.2,199.6,52961
1658275200,202.0,202.0,198.0,199.0,23330
1658361600,202.0,202.8,198.0,199.0,35180
1658448000,200.0,201.0,197.0,197.1,25416
1658620800,200.0,203.0,196.3,203.0,76568
1658707200,205.0,208.0,203.0,205.0,104197
1658793600,205.0,205.8,200.1,200.1,41568
1658880000,200.0,201.0,198.1,201.0,46021
1658966400,201.1,201.7,197.5,199.8,105319
1659052800,200.0,200.0,197.5,197.7,31809
1659225600,200.9,206.8,199.0,206.4,166214
1659312000,206.0,214.0,205.0,209.5,131373
1659398400,212.0,212.0,207.0,208.7,65829
1659484800,212.8,219.8,212.8,216.7,396918
1659571200,217.0,217.0,212.0,213.0,75857
1659657600,210.1,212.0,207.1,209.0,50168
1659830400,209.0,211.0,207.0,207.5,58759
1659916800,209.0,210.9,207.1,208.0,65301
1660003200,208.0,209.4,206.1,206.5,54761
1660089600,206.0,206.0,203.3,203.7,46351
1660176000,205.0,205.9,202.0,202.0,42620
1660435200,205.0,205.0,200.1,201.4,48388
1660521600,201.0,203.0,201.0,202.9,40193
1660608000,204.9,204.9,201.0,201.1,45808
1660694400,200.0,203.0,200.0,201.9,31962
1660780800,201.9,203.0,200.1,201.9,80356
1661040000,201.0,203.5,201.0,202.0,70532
1661126400,202.0,203.0,199.5,201.0,40883
1661212800,201.9,204.0,201.2,202.9,31300
1661299200,203.0,205.0,202.2,202.3,51003
1661385600,202.0,204.9,201.3,201.4,21633
1661472000,200.1,201.0,199.3,200.0,24794
1661644800,200.0,201.5,198.0,198.9,31292
1661731200,198.9,203.0,197.1,202.5,42065
1661817600,202.0,202.5,197.0,200.0,19155
1661904000,200.0,201.0,198.0,198.0,25492
1661990400,197.0,200.0,196.3,198.2,40468
1662076800,198.0,200.0,196.3,196.3,31744
1662249600,198.0,200.0,196.0,197.0,40476
1662336000,194.0,200.9,194.0,198.0,18926
1662422400,198.9,199.0,195.0,196.9,39717
1662508800,196.0,199.8,194.0,194.0,26649
1662595200,194.0,196.8,193.0,195.2,29534
1662854400,195.0,197.8,194.0,195.0,17937
1662940800,195.0,195.0,192.0,193.5,19073
1663027200,195.0,195.0,193.1,195.0,28256
1663113600,193.0,198.9,193.0,198.9,35688
1663200000,200.8,201.0,193.5,195.0,50526
1663286400,193.0,195.0,191.1,195.0,17623
1663459200,194.9,195.0,189.0,189.9,50578
1663632000,190.0,190.0,185.0,185.0,48698
1663718400,185.0,187.0,184.0,186.0,18788
1663804800,186.0,187.0,184.4,185.7,18919
1664064000,184.0,186.0,180.0,186.0,53575
1669507200,189.7,204.6,189.7,198.6,114442
1669593600,198.6,200.0,193.6,194.0,43012
1669680000,194.0,194.0,189.0,193.0,48977
1669766400,194.0,194.0,186.6,190.0,37479
1669852800,190.0,190.0,186.9,187.7,30001
1670112000,187.0,191.0,186.2,187.5,40718
1670198400,187.0,189.9,185.0,186.7,41576
1670284800,185.0,186.8,183.1,184.7,27995
1670371200,184.0,187.0,182.0,184.0,32594
1670716800,184.0,187.4,182.5,183.0,43691
1670803200,184.0,187.0,182.5,185.0,58040
1670889600,184.0,187.7,183.0,186.9,21351
1670976000,189.2,189.2,184.2,184.2,15989
1671062400,185.0,185.5,182.6,183.3,32506
1671321600,183.0,185.0,180.0,180.0,39318
1671408000,180.0,182.4,176.5,180.1,17681
1671494400,180.5,184.0,179.1,182.0,22106
1671580800,182.0,183.9,180.1,182.0,25744
1671667200,183.0,184.3,180.0,181.0,46868
1672012800,184.0,187.6,181.1,187.6,49925
1672099200,190.3,198.9,189.1,194.0,112675
1672185600,196.0,196.0,190.0,190.2,37200
1672272000,193.0,193.0,187.0,190.0,80472
1674432000,193.3,208.5,193.3,208.5,1325093
1674518400,208.0,211.6,201.0,203.9,245691
1674604800,207.9,207.9,199.4,200.5,247505
1674691200,201.0,201.0,197.0,197.1,291107
1674950400,197.0,199.0,194.0,195.0,172680
1675036800,191.5,197.8,191.5,193.0,167032
1675123200,193.0,193.5,190.0,190.0,135238
1675209600,190.0,192.0,189.0,190.0,106668
1675296000,190.0,192.0,189.0,189.7,121654
1675555200,193.4,196.5,190.0,191.0,148187
1675641600,191.0,192.0,188.9,190.1,92382
1675728000,190.1,195.0,190.0,195.0,148290
1675814400,195.6,198.9,193.0,194.0,137301
1675900800,193.0,196.0,191.0,195.0,77621
1676160000,192.0,193.5,188.2,189.9,162683
1676332800,190.0,190.0,187.0,189.0,122452
1676419200,187.0,192.0,186.3,186.8,76136
1676505600,189.4,189.4,184.0,185.3,117176
1676851200,187.9,187.9,182.3,183.5,91169
1677024000,186.0,187.0,183.0,185.0,127199
1677110400,185.0,185.0,181.0,181.2,143920
1677369600,182.0,182.0,178.0,181.0,108270
1677456000,183.0,183.6,179.0,180.4,83091
1677542400,180.0,183.0,179.6,180.6,42844
1677628800,183.2,183.2,179.0,180.0,54705
1677715200,178.4,180.8,178.0,179.0,41960
1677974400,179.0,180.0,176.4,177.9,61286
1678147200,177.0,180.1,177.0,179.0,51277
1678320000,180.0,182.5,178.1,181.0,97645
1678579200,181.0,183.5,177.5,178.9,67873
1678665600,178.0,180.9,176.0,177.3,53317
1678752000,179.8,180.0,176.0,178.0,53134
1678838400,178.0,179.0,175.0,178.0,92312
1678924800,175.0,179.0,175.0,178.5,49717
1679184000,179.5,179.5,175.9,178.0,62024
1679270400,179.0,179.0,175.7,178.9,65466
1679443200,177.0,178.9,175.2,177.3,45148
1679529600,175.2,180.8,173.5,177.0,78303
1679788800,179.0,179.0,173.0,174.8,58871
1679875200,175.0,175.9,172.0,174.6,58177
1679961600,176.0,176.0,173.0,174.9,65652
1680048000,178.3,178.3,171.5,173.5,59932
1680134400,176.0,176.0,172.0,173.9,25338
1680393600,173.9,176.3,170.0,171.0,88246
1680480000,171.0,171.0,168.2,168.9,65199
1680566400,171.2,171.2,166.1,167.0,101726
1680652800,168.0,171.0,167.0,171.0,88453
1680739200,174.4,174.4,168.5,169.1,65211
1680998400,169.1,170.0,166.0,168.0,54808
1681084800,167.0,170.3,166.0,168.0,63176
1681171200,169.9,172.0,167.7,171.0,97508
1681257600,167.6,181.1,167.6,181.0,145056
1681344000,181.0,183.0,175.0,176.0,78224
1681603200,176.0,176.9,172.0,173.9,58929
1681689600,174.8,174.9,169.0,170.0,115420
1681776000,171.0,172.0,169.3,170.0,54894
1681862400,170.0,172.9,169.5,170.6,47032
1681948800,169.8,170.5,168.0,169.4,94980
1682208000,170.8,170.8,166.0,169.6,80406
1682294400,167.0,170.0,165.2,169.0,51710
1682380800,170.0,170.9,168.1,170.0,71791
1682467200,170.0,170.9,168.0,169.0,52210
1682553600,167.0,169.7,166.9,169.7,47252
1682812800,169.0,169.0,166.5,167.5,62352
1682985600,168.0,168.5,164.3,167.0,66204
1683072000,166.0,167.9,165.0,166.5,99567
1683158400,168.0,168.0,164.7,166.0,71306
1683417600,166.0,167.0,164.5,166.4,47153
1683504000,166.4,166.4,164.0,165.9,47241
1683590400,166.0,168.0,164.0,166.0,65299
1683676800,166.0,166.0,164.0,164.8,38864
1683763200,164.0,166.8,163.7,164.8,41798
1684022400,167.0,167.0,162.7,163.6,74128
1684108800,163.1,164.0,162.1,164.0,55229
1684195200,162.2,164.8,162.2,163.5,44363
1684281600,164.0,164.5,162.0,163.4,65363
1684368000,166.6,168.0,163.1,166.7,123426
1684627200,166.7,168.0,164.2,165.5,106543
1684713600,164.0,167.0,163.2,165.8,87722
1684800000,166.0,169.3,166.0,169.2,126022
1684886400,172.5,172.5,167.1,169.2,93761
1685232000,172.5,172.5,166.2,168.0,122333
1685404800,166.0,167.7,163.8,164.8,94586
1685491200,163.0,165.2,160.0,163.0,155371
1685577600,163.0,164.0,159.8,162.0,74251
1685836800,160.0,167.5,160.0,163.5,50186
1685923200,164.0,165.0,160.7,161.9,50892
1686009600,164.0,164.0,159.2,161.7,215643
1686096000,161.1,164.0,160.5,161.8,197747
1686182400,164.5,164.5,161.0,162.1,115970
1686441600,165.0,165.2,161.0,165.1,162974
1686528000,165.0,167.0,163.5,164.0,120769
1686614400,163.9,165.7,162.0,164.8,154271
1686700800,164.8,170.2,162.1,167.0,261054
1686787200,165.0,168.0,165.0,166.7,113464
1687046400,166.0,167.0,164.9,165.9,158828
1687132800,167.9,167.9,163.0,163.8,100955
1687219200,163.6,167.0,163.0,163.9,130904
1687305600,165.0,165.9,161.2,162.4,122732
1687392000,163.0,163.0,160.0,161.0,95852
1687651200,163.0,163.0,160.0,162.0,256573
1687737600,163.0,168.5,162.0,163.9,137301
1687824000,163.9,171.9,163.2,170.8,259663
1687910400,172.3,173.0,164.1,165.9,178887
1688256000,167.0,167.0,161.1,161.5,156299
1688342400,161.6,162.0,158.9,159.0,224516
1688428800,159.0,161.9,157.9,158.1,183423
1688515200,155.0,163.0,155.0,157.5,160198
1688601600,157.6,159.0,156.1,158.0,132201
1688860800,159.9,160.0,156.0,157.8,187692
1688947200,158.0,160.0,157.0,158.8,125621
1689033600,160.0,160.7,156.0,160.2,128742
1689120000,160.3,162.8,158.4,162.7,87200
1689206400,163.0,164.2,159.8,160.0,115663
1689465600,161.0,166.1,160.0,165.0,178823
1689552000,165.0,173.0,164.0,170.7,221976
1689638400,171.0,174.0,170.0,171.8,208837
1689724800,172.0,181.0,169.0,179.8,453907
1689811200,181.0,182.0,176.0,178.9,330135
1690070400,181.0,195.8,178.6,189.9,442805
1690156800,190.0,193.0,180.0,185.0,698201
1690243200,185.0,186.0,176.5,176.9,418208
1690329600,179.0,180.2,175.5,177.0,153024
1690416000,177.0,180.0,174.5,175.0,215160
1690675200,176.0,176.0,171.6,172.5,118915
1690761600,170.7,175.6,170.0,172.0,188684
1690848000,174.0,174.9,168.6,169.8,177555
1690934400,171.0,172.5,167.8,171.0,141679
1691020800,170.0,174.4,170.0,173.2,119412
1691280000,173.0,173.0,163.0,164.7,449761
1691366400,165.0,165.0,160.2,163.0,248575
1691452800,163.0,165.0,161.0,162.5,113453
1691539200,160.0,165.0,159.3,165.0,171665
1691625600,164.0,164.0,161.4,161.5,100579
1691884800,161.5,164.8,161.5,162.5,160269
1691971200,163.5,165.0,161.5,162.9,84610
1692057600,163.9,163.9,160.1,161.0,66929
1692144000,162.8,164.0,159.9,160.4,156455
1692230400,161.0,162.5,159.3,162.0,86747
1692489600,162.5,162.5,160.2,161.3,88228
1692576000,160.0,161.9,159.2,159.6,97626
1692662400,162.0,162.0,159.0,160.9,74921
1692748800,164.1,164.1,160.0,161.0,85417
1692835200,164.2,164.2,159.0,159.8,87920
1693094400,160.0,160.0,157.0,157.0,65908
1693180800,158.0,159.7,156.1,158.3,50652
1693267200,159.0,160.0,157.0,157.4,42101
1693353600,160.0,160.0,156.2,157.0,67256
1693699200,157.9,157.9,155.1,156.0,71723
1693785600,157.9,159.9,155.5,157.9,56633
1693872000,161.0,161.0,155.1,155.6,52392
1694044800,156.6,157.0,154.0,155.0,89826
1694304000,158.0,158.0,155.0,156.5,73388
1694390400,157.0,159.5,156.0,159.0,52374
1694476800,162.0,162.0,158.0,158.1,51252
1694563200,158.1,159.8,156.1,159.4,54797
1694908800,159.4,159.8,156.5,156.9,51675
1694995200,157.0,158.5,155.2,156.8,24146
1695081600,159.0,159.0,156.0,157.8,33745
1695254400,158.0,165.2,157.0,161.6,139151
1695513600,160.3,162.0,158.0,159.8,96694
1695600000,162.5,162.5,158.0,159.0,42032
1695686400,159.0,165.0,159.0,161.0,89670
1695772800,164.0,164.0,157.8,160.0,122168
1696118400,160.0,160.0,157.3,159.0,55341
1696204800,158.0,160.0,156.1,158.8,76399
1696291200,160.0,160.0,157.1,159.0,76675
1696377600,158.1,161.5,158.1,161.0,69350
1696464000,161.0,161.0,158.0,159.4,86626
1696723200,160.0,160.0,157.1,157.8,41953
1696809600,158.0,160.0,156.7,159.0,46454
1696896000,160.0,160.0,156.4,157.0,36152
1696982400,157.0,158.2,156.2,158.0,47695
1697068800,158.0,160.0,155.1,156.9,125886
1697414400,156.9,156.9,153.4,154.0,66521
1697500800,156.0,158.0,153.0,155.7,60186
1697587200,157.0,158.9,155.0,158.0,49301
1697673600,157.0,159.2,154.9,157.8,28336
1698537600,155.5,157.0,155.0,156.7,41634
1698624000,154.1,157.0,154.0,156.0,44579
1698710400,155.0,156.8,154.0,155.5,74528
1698796800,154.1,157.0,154.0,155.5,34148
1698883200,154.1,155.9,154.0,155.0,25485
1699142400,153.7,154.9,151.7,151.7,78815
1699228800,151.7,153.7,151.0,151.9,59314
1699315200,152.9,153.8,150.2,151.0,60321
1699401600,150.0,152.7,150.0,151.0,34181
1699488000,151.0,152.0,150.0,151.7,37019
1700438400,153.0,154.6,151.0,152.4,29875
1700524800,151.5,151.5,150.0,150.9,35108
1700611200,150.0,152.8,150.0,151.5,29095
1700697600,151.0,153.9,150.2,153.9,44849
1700956800,151.0,156.6,151.0,156.6,68959
1701043200,156.0,157.0,152.0,154.0,84259
1701129600,153.0,154.0,151.0,152.0,37925
1701216000,152.0,155.0,150.1,152.0,29197
1701302400,149.0,153.5,149.0,150.9,71006
1701561600,151.9,151.9,149.0,150.1,44446
1701648000,150.0,151.5,149.0,150.4,43873
1701734400,151.0,152.0,149.0,150.8,57332
1701820800,149.0,151.0,149.0,149.6,33130
1701907200,149.0,151.7,148.2,151.0,64547
1702166400,153.0,161.0,153.0,161.0,26357
1702252800,164.2,164.2,156.0,160.0,184179
1702339200,160.0,161.0,156.1,158.0,124794
1702425600,160.0,161.0,156.2,157.5,78908
1702512000,156.0,158.1,155.0,156.5,52712
1702771200,153.6,156.9,150.6,156.0,142199
1702857600,154.0,163.9,154.0,162.9,316567
1702944000,163.0,169.0,161.0,168.0,216179
1703030400,168.0,170.1,167.0,169.0,237103
1703116800,171.0,171.0,163.4,164.1,243515
1703376000,164.1,167.0,161.5,162.0,170471
1703635200,160.2,164.0,158.0,160.9,234037
1703721600,158.0,161.9,158.0,160.0,125725
1704067200,158.1,160.8,158.1,160.0,149150
1704153600,160.0,160.0,156.0,157.0,102253
1704240000,156.0,158.0,155.2,157.4,64765
1704326400,157.1,158.9,155.2,157.9,110816
1704585600,160.0,160.0,154.1,155.0,145702
1704672000,155.0,158.0,154.0,157.0,134103
1704758400,154.3,162.0,154.3,157.1,114145
1704844800,158.9,161.8,157.1,159.4,160937
1704931200,159.5,159.9,157.0,159.0,54478
1705190400,157.5,160.6,157.0,159.4,100888
1705363200,158.0,164.0,158.0,163.0,185907
1705449600,163.0,167.0,161.0,163.0,435459
1705536000,164.9,164.9,160.1,162.9,123783
1705795200,163.0,163.0,156.0,156.7,229146
1705881600,156.7,157.0,153.6,155.5,270053
1705968000,157.0,157.0,154.0,156.0,206278
1706054400,153.0,157.0,152.9,153.3,120122
1706140800,154.9,156.0,151.9,154.3,210216
1706400000,154.9,155.0,152.0,153.0,107134
1706486400,156.0,156.0,151.5,152.3,148431
1706572800,149.3,153.0,149.3,152.9,195550
1706659200,153.8,153.8,150.0,151.8,270719
1706745600,153.1,153.1,148.7,149.0,178025
1707004800,151.9,151.9,148.0,149.0,140493
1707091200,151.8,151.8,148.0,149.0,133614
1707177600,151.8,151.8,148.2,150.4,171354
1707264000,152.2,152.2,149.0,149.8,272374
1707350400,152.7,152.7,148.0,149.0,196369
1707609600,151.9,151.9,148.2,148.2,106437
1707696000,151.1,151.1,148.0,149.0,97547
1707782400,146.5,149.9,146.5,147.9,99488
1707868800,150.8,150.8,147.0,147.9,107946
1707955200,150.8,150.8,146.0,147.8,100556
1708214400,146.0,148.0,145.0,145.9,140350
1708387200,148.8,148.8,144.9,145.0,122037
1708473600,147.9,147.9,145.0,146.0,85709
1708560000,145.0,147.0,143.0,145.0,185666
1708819200,147.9,147.9,142.5,142.8,89207
1708905600,145.6,145.6,140.2,143.0,146323
1708992000,145.8,145.8,140.2,143.0,83887
1709078400,145.8,145.8,140.2,142.0,96077
1709164800,144.8,144.8,140.0,140.6,83686
1709424000,143.4,143.4,138.3,140.0,61907
1709510400,142.8,150.8,142.8,150.0,15840
1709596800,150.0,150.9,141.2,142.8,108552
1709683200,145.6,145.6,141.0,144.0,93007
1709769600,146.8,146.8,142.0,144.0,50150
1710028800,146.8,146.8,142.0,145.0,70727
1710201600,147.9,147.9,143.2,147.0,139814
1710288000,149.9,149.9,144.5,147.9,72252
1710374400,150.8,150.8,145.0,145.4,74938
1710633600,148.3,148.3,142.6,143.5,108788
1710720000,141.9,144.8,141.9,143.0,221718
1710806400,145.8,145.8,141.1,142.3,108661
1710892800,145.1,145.1,141.2,141.8,72440
1710979200,144.6,144.6,140.0,140.6,60669
1711324800,143.4,143.4,138.8,139.9,85122
1711411200,142.6,142.6,138.8,140.3,158827
1711497600,143.1,143.1,138.8,139.1,94353
1711584000,141.8,141.8,138.0,138.9,138953
1711843200,141.6,141.6,137.5,138.0,60818
1711929600,140.7,140.7,137.0,138.0,72735
1712016000,135.3,139.7,135.3,136.5,55325
1712102400,139.2,139.2,135.1,136.8,75945
1712188800,139.5,139.5,135.2,136.0,69314
1712448000,138.7,138.7,133.1,137.0,123403
1712620800,139.7,139.7,136.2,137.7,79523
1712707200,140.4,140.4,135.0,137.7,72729
1713052800,140.4,140.4,135.5,136.9,59235
1713139200,139.6,139.6,135.0,135.1,73450
1713225600,137.8,137.8,133.8,134.8,102317
1713398400,135.0,135.0,132.8,135.0,85019
1713657600,136.8,136.8,132.0,133.5,165637
1713744000,136.1,136.1,132.0,132.8,83095
1713916800,135.4,135.4,131.0,132.9,94328
1714003200,135.5,135.5,132.0,134.0,102913
1714262400,136.6,136.6,131.5,135.0,117579
1714348800,137.0,137.0,131.5,133.3,66731
1714435200,135.8,135.8,132.0,134.5,97158
1714608000,137.1,137.1,131.5,133.0,121363
1714867200,135.5,135.5,131.0,132.0,86711
1714953600,134.6,134.6,130.5,132.3,117819
1715040000,134.9,134.9,130.3,131.5,74405
1715126400,134.1,134.1,129.6,130.4,76565
1715212800,133.0,133.0,129.6,132.0,63506
1715472000,134.6,134.6,130.1,132.2,114108
1715558400,134.8,141.5,130.5,140.4,476129
1715644800,137.6,142.3,136.9,140.0,110121
1715731200,142.0,142.0,137.2,139.0,142190
1715817600,141.7,141.7,135.3,137.0,124746
1716076800,139.7,141.0,136.5,138.8,106406
1716163200,141.5,148.5,136.5,144.3,443058
1716249600,144.3,148.0,143.6,146.0,185624
1716336000,144.0,157.0,144.0,154.0,447690
1716681600,155.0,155.0,149.0,150.2,269078
1716768000,150.5,152.1,148.0,150.5,174877
1716940800,153.5,154.0,145.0,146.0,163664
1717027200,148.9,148.9,142.0,143.0,121392
1717286400,145.8,145.8,141.0,142.9,89221
1717372800,145.7,145.7,141.5,142.2,54207
1717459200,145.0,145.0,141.0,142.8,32331
1717545600,145.6,145.6,139.8,141.0,52869
1717632000,143.8,143.8,138.3,140.0,59331
1717891200,142.8,142.8,137.0,138.0,86922
1717977600,140.7,140.7,135.5,138.9,66229
1718064000,141.6,141.6,135.1,141.0,104359
1718150400,142.0,143.9,140.8,142.0,87809
1718236800,144.8,144.8,139.0,142.0,70592
1718496000,139.2,141.4,139.0,140.0,67091
1718668800,140.0,140.0,137.5,138.9,73305
1718755200,141.6,141.6,137.1,138.0,37616
1718841600,140.7,140.7,136.9,137.8,162169
1719100800,140.5,140.5,136.5,137.0,48800
1719187200,137.0,138.0,135.9,136.5,56888
1719273600,139.2,139.2,134.5,136.5,76250
1719360000,136.5,138.0,134.1,134.3,79930
1719446400,136.9,136.9,134.5,136.0,46232
1719705600,138.7,138.7,134.2,135.0,83368
1719792000,137.6,138.0,133.2,138.0,105045
1719878400,140.7,150.0,140.0,141.5,165684
1719964800,141.0,143.0,137.7,142.0,81421
1720051200,143.0,143.5,140.1,142.0,174339
1720310400,144.8,144.8,141.0,142.8,115705
1720396800,140.0,145.0,140.0,143.0,71144
1720483200,145.8,145.8,140.0,143.5,130497
1720569600,140.7,147.0,140.7,147.0,212576
1720656000,147.0,150.2,145.2,147.0,372558
1720915200,149.9,158.1,149.9,156.2,379761
1721001600,159.3,162.0,153.0,153.7,375066
1721088000,150.7,159.5,150.7,159.4,291266
1721174400,160.0,164.7,158.0,162.6,402147
1721260800,165.0,178.8,162.0,178.1,1370389
1721520000,180.0,194.8,176.6,194.5,1490550
1721606400,196.0,197.8,186.3,190.9,1476657
1721692800,190.9,196.8,185.5,196.6,773314
1721779200,197.0,205.0,192.0,193.2,927814
1721865600,189.7,195.4,189.7,193.1,575420
1722124800,196.9,212.4,196.9,212.4,1706582
1722211200,216.6,233.5,216.6,222.0,2463069
1722297600,224.0,225.0,208.1,220.5,1169528
1722384000,222.0,227.3,216.0,222.0,1035434
1722470400,226.4,226.4,216.0,216.1,920507
1722816000,220.4,227.9,214.0,214.5,1262747
1722902400,218.7,218.7,202.0,203.5,1288798
1722988800,203.5,209.0,200.1,208.0,700896
1723075200,212.1,212.1,206.0,206.0,569352
1723334400,210.0,215.0,205.1,213.0,1037422
1723420800,217.2,225.0,217.0,222.0,1605274
1723507200,223.4,229.9,221.4,226.0,1192459
1723593600,227.0,237.0,222.0,235.0,1296305
1723680000,237.2,258.5,237.2,256.0,2443832
1723939200,261.1,272.9,253.0,259.0,2489844
1724198400,264.0,264.0,251.0,258.9,1294130
1724284800,258.9,264.0,256.0,256.9,749854
1724544000,256.9,257.0,244.0,245.0,1008179
1724716800,241.0,241.9,227.5,229.9,1069125
1724803200,230.0,242.0,226.2,231.5,737384
1724889600,235.0,235.0,225.4,228.0,575938
1725148800,229.0,231.8,218.5,219.9,499194
1725235200,220.0,235.0,215.8,235.0,887073
1725321600,239.0,241.0,232.7,233.0,585358
1725408000,237.6,237.6,223.5,224.5,422193
1725494400,225.0,226.0,218.0,222.9,501227
1725753600,225.2,227.2,218.0,218.0,360031
1725840000,221.0,221.0,211.4,212.0,401875
1725926400,216.2,219.0,210.3,214.0,361844
1726012800,218.2,218.2,209.4,211.4,340061
1726099200,215.6,219.5,210.0,219.0,390210
1726358400,223.3,225.1,215.0,216.0,467085
1726444800,220.0,220.0,208.0,209.4,394514
1726617600,212.0,218.0,208.1,216.0,507270
1726963200,220.3,224.0,213.8,216.0,304116
1727049600,220.3,220.3,211.6,212.0,258913
1727136000,212.0,216.0,205.0,205.9,242918
1727222400,210.0,213.4,205.1,213.0,275334
1727308800,213.0,214.7,207.8,210.0,212755
1727568000,210.0,211.0,205.0,206.5,217662
1727654400,210.6,211.0,206.0,208.6,224063
1727740800,210.0,220.2,210.0,219.0,542232
1727827200,219.0,222.9,214.7,217.0,357244
1728172800,217.0,224.0,213.8,223.0,475494
1728259200,224.0,232.0,224.0,228.0,565728
1728345600,231.0,232.5,225.8,226.1,266648
1728432000,226.1,227.0,223.0,226.0,326983
1728950400,229.0,231.8,224.8,231.5,185994
1729036800,233.1,239.5,230.1,237.0,424806
1729123200,237.2,251.9,236.2,243.0,1359024
1729382400,243.0,253.5,234.0,246.0,1536873
1729468800,246.0,247.0,240.1,240.1,731741
1729555200,240.1,245.0,238.6,240.9,572846
1729641600,245.7,245.7,231.7,234.0,1131167
1729728000,233.0,234.0,227.0,229.6,488269
1729987200,234.1,234.1,226.0,228.0,326710
1730073600,232.5,232.5,226.7,229.7,156973
1730160000,234.2,235.0,230.0,234.0,339249
1730246400,234.0,237.0,230.1,230.6,176375
1730764800,233.9,234.0,228.2,228.9,133493
1730851200,226.1,232.0,226.0,226.6,169602
1731196800,230.0,235.0,228.2,231.5,363924
1731283200,230.0,239.5,230.0,234.8,476687
1731369600,237.5,238.6,232.7,233.0,222417
1731456000,232.0,234.0,229.1,229.2,157307
1731542400,233.7,234.6,228.0,228.8,274053
1731801600,229.2,234.0,228.0,229.0,248566
1731974400,233.0,233.0,225.1,227.0,280015
1732060800,228.5,228.5,223.3,224.0,178974
1732147200,224.0,226.9,220.0,220.8,272994
1732406400,225.2,225.2,218.0,218.0,165546
1732492800,222.3,222.5,218.0,220.0,175979
1732579200,224.4,231.0,221.8,230.5,324080
1732665600,230.5,235.0,229.0,231.0,312401
1732752000,235.0,235.0,226.1,226.9,171958
1733011200,231.4,231.4,222.0,222.6,206417
1733097600,227.0,227.0,220.0,222.0,259133
1733184000,226.4,226.4,219.5,222.7,306992
1733270400,227.1,231.0,219.0,223.4,241490
1733356800,227.8,227.8,220.0,221.0,154089
1733616000,221.0,221.0,215.5,217.0,331112
1733702400,219.9,221.3,215.0,217.0,181436
1733788800,221.3,221.3,215.0,215.2,165563
1733875200,218.5,224.0,215.4,224.0,274900
1733961600,228.4,228.4,218.0,219.9,230808
1734307200,219.9,219.9,215.0,215.6,170151
1734393600,217.0,218.4,213.0,215.0,137237
1734480000,215.1,218.0,213.0,213.7,121161
1734566400,212.3,216.0,211.0,211.2,123891
1734825600,207.0,214.9,207.0,209.1,140012
1734912000,211.5,211.9,208.2,211.9,124211
1734998400,214.0,215.6,210.0,215.6,158037
1735171200,215.6,225.0,211.7,221.0,674638
1735430400,224.0,225.4,218.7,219.3,496350
1735603200,223.6,223.6,212.1,214.9,235656
1735689600,217.0,217.0,212.0,213.7,148827
1735776000,217.9,217.9,212.0,212.6,102194
1736035200,210.0,212.0,209.6,210.0,173460
1736121600,214.0,217.0,209.8,215.0,204318
1736208000,217.0,217.5,211.0,212.0,127488
1736294400,215.0,215.0,210.6,212.3,251308
1736380800,216.5,216.5,208.1,211.5,174940
1736640000,211.0,213.8,209.2,209.7,73162
1736726400,213.8,213.8,208.0,209.0,201041
1736899200,209.0,210.0,207.0,207.5,158741
1736985600,211.6,211.6,205.0,205.9,174065
1737244800,205.0,207.6,202.2,205.8,189118
1737331200,201.7,206.0,201.0,201.4,340854
1737417600,200.0,201.5,196.0,196.0,260501
1737504000,196.0,204.9,194.0,202.0,341439
1737590400,198.0,205.0,198.0,198.2,173949
1737849600,197.2,201.9,195.1,196.4,173539
1737936000,197.0,197.8,193.2,195.0,148995
1738022400,196.0,198.0,193.1,196.3,173515
1738454400,198.2,203.7,198.2,203.2,304002
1738540800,207.0,209.9,203.5,203.8,250866
1738627200,207.8,207.8,201.1,202.5,216456
1738713600,200.3,204.0,200.3,201.8,134441
1738800000,201.1,203.5,199.2,200.0,135811
1739059200,196.0,203.8,196.0,200.0,136675
1739145600,196.0,203.0,196.0,199.5,138234
1739232000,202.4,202.4,198.1,199.1,125142
1739318400,200.0,202.0,197.0,199.2,123869
1739404800,203.0,203.0,197.5,198.0,117662
1739664000,198.0,201.0,198.0,200.8,176013
1739750400,201.0,210.5,201.0,207.2,416349
1739836800,207.2,212.2,207.0,207.9,467431
1740009600,203.8,209.9,203.8,206.3,231140
1740268800,206.0,210.2,200.0,206.8,519845
1740355200,203.0,214.0,203.0,210.0,360413
1740441600,212.0,213.5,208.5,209.4,274303
1740614400,213.5,224.4,213.5,219.0,931755
1740873600,221.0,223.2,217.0,222.8,495246
1740960000,227.2,227.2,218.0,219.5,533229
1741046400,215.2,222.0,215.2,216.0,400938
1741132800,218.3,219.0,214.0,215.1,306634
1741219200,216.0,217.0,214.1,215.1,178603
1741478400,219.4,219.4,211.0,211.4,250604
1741564800,210.0,215.0,210.0,211.0,195478
1741651200,213.2,214.0,206.0,207.2,205460
1741737600,203.1,213.0,203.1,210.0,168522
1742083200,214.1,214.1,206.2,207.0,175967
1742169600,208.0,210.0,206.0,207.8,268263
1742256000,211.9,211.9,206.0,207.0,80775
1742342400,207.0,208.6,205.3,206.0,137595
1742428800,205.3,206.4,204.1,205.03,163630
1742688000,206.0,206.0,200.0,200.99,273583
1742774400,200.0,204.8,199.1,203.97,129357
1742860800,208.0,208.0,199.9,200.01,148905
1742947200,200.0,204.1,200.0,203.1,173395
1743033600,207.1,207.1,203.0,204.72,156686
1743292800,206.0,211.1,203.1,207.41,226978
1743465600,208.0,208.0,205.0,206.1,149603
1743552000,206.1,226.0,204.1,211.67,424024
1743638400,212.0,218.8,210.0,213.24,686230
1743984000,213.9,216.0,209.0,209.8,208847
1744070400,207.0,210.0,205.0,209.24,416723
1744156800,213.4,213.4,207.6,209.01,117504
1744243200,210.0,211.8,207.8,208.39,382250
1744502400,212.5,212.5,205.0,206.03,244161
1744675200,210.0,210.0,205.9,208.22,191495
1744761600,212.0,212.0,207.5,208.36,215275
1744848000,209.9,213.0,208.0,211.03,218232
1745107200,211.0,211.0,204.0,205.96,239347
1745193600,210.0,210.0,203.8,204.25,297115
1745280000,204.0,205.0,202.0,202.1,227022
1745366400,202.1,202.9,198.5,198.86,547995
1745452800,202.8,210.9,197.0,203.81,328146
1745712000,203.9,205.0,199.8,200.12,481197
1745798400,204.1,204.1,198.0,198.44,226346
1745884800,202.4,202.4,197.0,197.76,156396
1745971200,201.7,201.7,195.0,197.98,282874
1746316800,200.0,200.0,195.0,195.39,280301
1746403200,196.9,198.0,195.0,196.01,118646
1746489600,196.4,198.0,195.0,195.5,113982
1746576000,195.6,210.0,192.1,204.22,471302
1746662400,205.5,205.5,200.5,201.93,171681
1746921600,203.0,205.0,198.6,198.81,186134
1747094400,201.7,201.7,197.0,197.26,130955
1747180800,196.4,198.2,195.4,195.96,118123
1747267200,195.5,197.9,194.7,195.96,170436
1747526400,198.8,198.8,195.0,196.06,285532
1747612800,196.0,198.8,196.0,197.55,110963
1747699200,199.3,203.9,195.2,203.08,343769
1747785600,207.1,218.0,202.0,204.64,470621
1747872000,206.0,218.0,203.0,217.04,1996210
1748131200,221.3,221.3,212.7,216.86,828069
1748217600,221.0,225.0,213.4,216.21,1002514
1748304000,215.0,219.0,212.1,215.57,428901
1748390400,214.1,224.0,213.0,222.07,985045
1748822400,226.5,231.0,219.7,221.5,800057
1748908800,225.9,225.9,212.3,213.56,513600
1748995200,213.5,214.9,210.0,213.57,380707
1749081600,214.0,223.1,210.0,212.93,553708
1749340800,210.0,217.0,208.0,209.52,496424
1749427200,209.0,211.0,207.5,208.22,205988
1749513600,209.0,214.2,207.4,211.71,311581
1749600000,213.0,213.0,204.9,205.54,790228
1749686400,201.5,209.0,201.5,206.2,628944
1749945600,203.0,207.0,203.0,204.17,395249
1750032000,202.0,208.0,202.0,206.21,258987
1750118400,207.0,208.3,204.0,204.73,209207
1750204800,205.0,206.0,204.0,204.53,177913
1750291200,207.0,207.0,202.1,203.66,218001
1750550400,203.3,205.0,200.0,201.89,258603
1750636800,202.0,203.9,199.0,201.77,232134
1750723200,203.8,205.7,201.6,201.99,127679
1750809600,203.9,203.9,201.0,201.64,155468
1750896000,203.0,204.5,200.0,200.4,148171
1751155200,200.1,207.3,200.0,206.26,254031
1751241600,210.3,210.3,204.8,208.29,252146
1751328000,209.0,211.0,206.0,209.88,181826
1751414400,208.0,213.1,208.0,212.67,326145
1751500800,212.0,213.0,209.3,210.65,198287
1751760000,208.0,212.5,208.0,209.98,319123
1751846400,214.1,214.1,208.6,208.84,319414
1751932800,209.9,209.9,206.2,207.78,103472
1752019200,206.2,213.0,206.0,212.31,238016
1752105600,215.0,221.3,212.6,218.63,833972
1752364800,223.0,230.0,219.5,220.34,980734
1752451200,221.0,221.5,213.6,214.39,713970
1752537600,215.9,221.0,214.0,220.19,581356
1752624000,223.0,224.0,219.0,219.77,620350
1752710400,224.0,226.0,220.1,221.77,684458
1752969600,225.0,225.0,216.8,217.19,1127481
1753056000,218.0,221.0,215.2,219.33,530961
1753142400,223.7,230.5,218.0,226.75,1358885
1753228800,230.0,233.5,223.0,228.69,1025484
1753315200,230.0,231.0,224.0,226.01,542864
1753574400,227.0,230.0,221.5,222.25,697754
1753660800,226.0,226.0,219.0,223.42,687491
1753747200,227.8,232.5,223.4,226.87,1521165
1753833600,226.9,231.0,223.0,223.24,656795
1753920000,222.1,225.0,220.0,220.44,598713
1754179200,221.0,221.0,217.0,217.35,482644
1754265600,221.6,222.0,216.0,220.45,355001
1754352000,224.8,224.8,215.0,215.89,286139
1754438400,220.0,220.0,213.0,215.01,198297
1754524800,219.3,223.6,214.2,216.09,963631
1754870400,218.0,219.9,210.1,211.39,352633
1754956800,215.6,215.6,208.0,208.3,317703
1755043200,208.4,210.5,205.3,205.94,238996
1755129600,208.0,208.0,204.0,204.94,297938
1755388800,203.1,207.0,200.9,201.43,365423
1755475200,202.0,204.5,201.0,201.65,388329
1755561600,203.0,205.0,201.0,203.37,349147
1755648000,204.0,204.0,201.0,202.14,277004
1755734400,203.0,203.0,201.0,201.85,131855
1755993600,202.9,203.9,200.0,200.69,223664
1756080000,202.0,202.4,200.0,201.39,155440
1756166400,205.0,205.0,200.5,201.07,137337
1756252800,205.0,205.0,201.0,203.93,232096
1756339200,204.0,205.4,200.0,200.22,388024
1756598400,200.0,202.0,196.0,196.83,423341
1756684800,200.7,203.5,196.7,201.52,901547
1756771200,202.0,203.8,196.7,197.79,338195
1756857600,199.0,201.4,197.0,197.58,175097
1756944000,197.0,199.5,196.0,197.67,173662
1757203200,198.9,198.9,196.6,197.13,149669
1757289600,197.3,198.0,194.0,194.38,245866
1758153600,190.5,190.5,179.0,179.0,136694
1758412800,175.5,192.6,175.5,189.75,914036
1758585600,192.0,193.9,189.5,193.5,329851
1758672000,197.3,197.3,186.2,187.6,388127
1758758400,190.0,191.0,189.0,190.3,218413
1759017600,192.0,193.0,190.0,192.0,159082
1759795200,192.1,194.0,188.1,188.6,399041
1759881600,189.9,190.0,185.0,187.3,292841
1759968000,191.0,198.6,186.5,189.0,360402
1760227200,189.1,189.1,183.0,185.0,263293
1760313600,188.7,188.7,180.2,186.5,117641
1760400000,187.9,187.9,184.1,185.0,95242
1760486400,181.3,186.0,181.3,181.6,107631
1760572800,183.0,183.0,180.2,181.4,109025
1760832000,183.0,185.0,180.2,184.0,84453
1761436800,184.0,184.6,180.5,183.1,67859
1761609600,184.0,187.9,182.0,187.2,99115
1761696000,187.0,189.0,185.0,185.8,107229
1761782400,186.9,188.7,184.0,187.0,103557
1762041600,190.7,190.7,185.0,189.0,141890
1762128000,187.3,190.2,187.2,187.9,113644
1762214400,186.3,189.0,185.5,185.9,91705
1762300800,185.9,188.2,185.2,187.0,87323
1762387200,189.0,189.0,185.0,185.4,95855
1762646400,185.0,185.0,182.5,183.4,78332
1762732800,185.0,185.0,181.5,181.5,69802
1762819200,183.0,184.0,180.0,183.1,106031
1762905600,184.0,184.0,180.4,181.9,89467
1762992000,178.3,182.5,178.3,180.1,148888
1763251200,180.0,181.5,178.0,178.5,81940
1763337600,178.0,187.0,178.0,179.0,124259
1763424000,179.9,182.0,179.0,179.5,86784
1763510400,179.2,180.8,177.5,177.5,87117
1763596800,176.5,178.9,176.0,176.5,82544
1763856000,178.0,181.0,177.1,180.7,137485
1763942400,181.0,186.5,181.0,185.5,180214
1764028800,185.5,186.0,182.1,183.0,111113
1764115200,183.0,193.0,182.0,185.9,161850
1764201600,188.0,191.0,184.0,190.0,264626
1764460800,191.0,192.0,185.5,185.9,193793
1764547200,185.0,186.9,183.0,184.5,108321
1764633600,182.2,185.0,182.2,183.0,104348
1764720000,185.0,185.0,180.0,180.0,203507
1765065600,180.0,181.5,179.0,180.2,66743
1765152000,178.6,181.7,178.3,179.0,71849
1765238400,179.0,180.9,178.5,179.0,136155
1765324800,181.0,181.0,178.0,179.5,91697
1765411200,179.0,179.9,177.7,179.0,130691
1765670400,179.9,180.9,178.0,178.8,165155
1765756800,178.8,182.9,178.3,181.4,192234
1765843200,182.1,183.3,180.5,183.0,103122
1765929600,184.0,184.0,181.0,182.6,65880
1766016000,186.2,186.2,179.5,180.5,80055
1766275200,181.0,181.0,178.0,178.4,88069
1766361600,178.5,179.6,177.6,178.2,70572
1766448000,179.0,179.0,176.6,178.0,75900
1766534400,177.0,180.5,176.6,178.4,129376
1766880000,180.0,183.0,179.3,183.0,119485
1766966400,186.6,186.6,180.0,180.0,98969
1767139200,180.0,183.4,180.0,180.2,132673
1767225600,181.0,181.0,179.0,179.4,70313
1767484800,180.8,181.0,177.8,178.9,132583
1767571200,182.4,182.4,178.0,179.0,70693
1767657600,180.0,182.5,179.1,179.4,141904
1767744000,179.2,181.0,178.6,179.1,105328
1767830400,180.1,180.1,178.2,179.0,79005
1768176000,180.0,180.9,178.5,179.3,112093
1768262400,180.0,182.2,179.0,179.1,99770
1768348800,180.0,180.0,178.0,179.0,123698
1768694400,180.0,185.5,179.2,184.5,356981
1768867200,186.0,190.0,184.0,186.6,235250
1768953600,189.0,189.0,184.0,185.9,150261
1769040000,188.0,188.0,181.5,184.8,139385
1769299200,186.0,196.0,186.0,195.0,515634
1769385600,196.0,198.1,190.0,194.4,383435
1769472000,192.6,195.4,186.5,188.1,226088
1769558400,188.9,189.0,185.0,188.0,202968
1769644800,190.0,193.8,187.0,189.0,517347
1769904000,190.0,192.5,188.0,189.0,223981
1769990400,186.0,190.6,186.0,186.7,142438
1770076800,188.0,189.0,184.2,185.0,184817
1770163200,182.0,187.6,182.0,184.1,125642
1770249600,184.1,187.0,182.7,185.2,168355
1770508800,188.0,190.5,185.1,185.5,227052
1770595200,184.0,186.8,183.2,184.2,302783
1770681600,187.0,187.0,182.5,183.8,150129
1770768000,187.0,189.0,184.1,185.0,162046
1770854400,186.0,188.5,184.0,188.0,201565
