date,open,high,low,close,volume
1325376000,83.27,83.84,81.17,83.84,799
1325462400,83.84,87.08,84.12,85.84,1002
1325548800,85.84,87.37,85.08,85.08,2653
1325635200,85.08,83.46,80.31,82.5,490
1325721600,82.5,83.46,81.84,81.84,121
1325980800,81.84,80.6,77.64,79.17,4835
1326067200,79.17,80.69,79.17,80.69,195
1326153600,80.69,82.22,80.6,80.6,658
1326240000,80.6,83.36,80.6,83.36,969
1326326400,83.36,86.22,82.03,86.22,773
1326672000,86.22,84.51,82.69,83.84,235
1326758400,83.84,82.5,78.21,82.12,2244
1326844800,82.12,84.12,79.17,84.12,1617
1327190400,84.12,82.98,79.74,79.74,1273
1327276800,79.74,80.4,78.78,79.64,1255
1327449600,79.64,80.12,78.69,80.12,442
1327536000,80.12,79.17,78.78,79.17,408
1327795200,79.17,79.17,78.5,79.17,496
1327968000,79.17,80.6,80.31,80.31,143
1328054400,80.31,80.12,79.36,79.36,250
1328140800,79.36,81.07,79.45,81.07,382
1328400000,81.07,80.12,78.59,79.07,1035
1328486400,79.07,79.07,78.59,78.59,545
1328572800,78.59,79.45,78.21,79.17,816
1328659200,79.17,80.21,79.17,80.21,187
1328745600,80.21,80.12,79.17,80.12,437
1329004800,80.12,80.4,78.97,80.4,1780
1329091200,80.4,83.55,79.36,83.55,885
1329177600,83.55,82.98,82.03,82.03,447
1329264000,82.03,82.03,80.4,80.4,182
1329350400,80.4,81.07,79.45,81.07,1286
1329782400,81.07,81.07,79.74,81.07,170
1329955200,81.07,81.07,80.6,81.07,79
1330214400,81.07,81.64,79.45,80.5,1025
1330300800,80.5,80.79,79.26,80.79,1055
1330387200,80.79,82.69,80.6,82.69,825
1330473600,82.69,82.88,82.03,82.12,602
1330560000,82.12,84.6,82.5,84.6,497
1330819200,84.6,83.55,82.98,83.36,590
1330905600,83.36,84.6,82.6,84.22,571
1330992000,84.22,84.41,83.46,84.12,301
1331424000,84.12,84.41,82.79,84.41,361
1331510400,84.41,84.12,83.93,83.93,256
1331596800,83.93,83.93,82.31,83.93,501
1331683200,83.93,83.46,82.03,82.03,389
1331769600,82.03,81.26,79.74,81.26,446
1332028800,81.26,82.88,81.07,82.69,168
1332115200,82.69,84.12,81.36,84.12,281
1332201600,84.12,83.36,80.79,83.36,307
1332288000,83.36,83.74,81.07,83.74,900
1332633600,83.74,83.74,80.6,83.74,521
1332720000,83.74,82.12,82.12,82.12,50
1332806400,82.12,83.27,81.07,82.69,342
1332892800,82.69,82.69,81.07,82.69,317
1332979200,82.69,82.69,81.07,82.69,64
1333238400,82.69,81.26,79.64,81.26,981
1333324800,81.26,83.93,81.26,83.93,270
1333411200,83.93,84.98,82.69,83.46,145
1333497600,83.46,86.03,83.74,86.03,106
1333843200,86.03,85.36,83.84,85.36,318
1333929600,85.36,85.94,84.32,85.94,906
1334016000,85.94,85.08,84.89,84.89,249
1334102400,84.89,88.23,84.41,86.8,1173
1334188800,86.8,94.24,87.75,94.24,1316
1334448000,94.24,102.53,96.05,102.53,1840
1334620800,102.53,112.74,94.81,95.38,2664
1334707200,95.38,103.11,90.71,103.11,1741
1334793600,103.11,109.11,102.82,107.78,3104
1335052800,107.78,114.46,107.78,114.46,3423
1335225600,114.46,125.9,116.74,125.9,880
1335312000,125.9,138.49,128.38,138.3,3631
1335398400,138.3,147.84,133.53,147.84,6246
1335657600,147.84,146.69,139.35,143.07,4632
1335744000,143.07,140.21,131.62,133.53,2746
1335916800,133.53,130.86,120.18,120.18,956
1336003200,120.18,132.2,122.56,132.2,522
1336348800,132.2,145.36,134.77,145.36,1302
1336435200,145.36,151.18,140.21,145.36,4092
1336521600,145.36,148.22,134.96,139.16,6781
1336608000,139.16,138.59,132.29,135.44,3591
1336867200,135.44,132.77,123.04,124.18,1788
1336953600,124.18,121.7,114.46,116.27,2577
1337040000,116.27,127.81,116.27,127.81,2424
1337126400,127.81,140.59,127.81,140.59,1090
1337212800,140.59,149.08,135.53,138.3,6367
1337472000,138.3,139.06,132.58,138.3,1648
1337558400,138.3,139.25,133.53,137.82,3948
1337644800,137.82,137.16,131.62,137.16,1664
1337731200,137.16,134.49,126.38,126.38,617
1337817600,126.38,133.53,123.99,130.57,3006
1338076800,130.57,138.11,130.86,135.44,4735
1338249600,135.44,132.77,127.62,127.62,30
1338336000,127.62,125.14,114.93,114.93,399
1338422400,114.93,117.13,106.16,114.46,5417
1338681600,114.46,125.9,115.41,125.23,2718
1338768000,125.23,125.23,120.66,123.04,2280
1338854400,123.04,120.66,116.08,118.46,1088
1338940800,118.46,116.46,113.5,115.03,4535
1339027200,115.03,119.99,115.41,116.84,1504
1339286400,116.84,115.41,113.31,114.93,1572
1339372800,114.93,119.51,114.46,114.46,602
1339459200,114.46,115.41,113.98,115.41,1025
1339545600,115.41,116.36,114.55,116.36,197
1339632000,116.36,115.89,114.07,115.6,903
1339891200,115.6,114.93,113.88,114.93,306
1339977600,114.93,116.74,114.46,115.41,320
1340064000,115.41,115.5,113.12,115.5,624
1340150400,115.5,119.99,113.98,115.6,226
1340236800,115.6,115.6,114.46,114.93,730
1340582400,114.93,120.56,114.17,120.56,721
1340668800,120.56,118.18,116.17,116.94,358
1340755200,116.94,120.56,118.27,119.13,1302
1340841600,119.13,123.8,119.22,120.85,1238
1341100800,120.85,120.18,119.22,120.18,1135
1341187200,120.18,119.22,118.46,118.75,790
1341273600,118.75,122.09,119.22,122.09,1302
1341360000,122.09,126.38,122.18,124.18,784
1341446400,124.18,123.33,121.7,123.33,789
1341705600,123.33,122.18,120.66,122.18,1230
1341792000,122.18,122.56,120.18,121.61,907
1341878400,121.61,124.18,122.85,123.99,955
1341964800,123.99,125.52,124.95,124.95,1338
1342051200,124.95,125.81,124.09,125.81,1100
1342310400,125.81,130.19,127.62,129.24,1155
1342396800,129.24,129.05,127.81,128.76,904
1342483200,128.76,130.77,128.76,130.77,2701
1342569600,130.77,133.05,130.48,131.81,2406
1342656000,131.81,137.63,133.53,136.39,1362
1342915200,136.39,140.97,136.39,140.68,4131
1343001600,140.68,143.26,140.97,141.45,3631
1343088000,141.45,141.73,138.01,140.59,3187
1343174400,140.59,142.12,139.44,140.21,2707
1343260800,140.21,139.73,138.3,138.3,1828
1343520000,138.3,138.3,136.49,137.35,943
1343606400,137.35,138.78,135.44,138.3,2028
1343692800,138.3,139.44,137.44,138.3,651
1343779200,138.3,140.21,138.3,139.25,2222
1344124800,139.25,140.21,137.35,140.21,969
1344211200,140.21,141.26,140.21,140.97,897
1344297600,140.97,141.73,140.21,141.16,975
1344384000,141.16,140.68,139.25,140.11,1167
1344729600,140.11,139.25,138.4,138.4,508
1344816000,138.4,143.07,138.78,139.35,3040
1344902400,139.35,140.49,138.3,138.78,1350
1344988800,138.78,139.25,137.82,138.3,2545
1345075200,138.3,140.68,138.01,140.11,2466
1345334400,140.11,138.4,137.44,138.4,385
1345507200,138.4,139.73,136.39,139.73,2488
1345593600,139.73,140.4,138.4,139.44,1036
1345680000,139.44,140.02,137.44,139.73,1546
1345939200,139.73,139.73,136.39,137.25,569
1346025600,137.25,138.3,136.97,138.3,1059
1346112000,138.3,138.4,137.06,137.06,1216
1346198400,137.06,137.35,135.73,137.35,1265
1346284800,137.35,137.06,134.01,137.06,1420
1346544000,137.06,139.64,137.35,139.44,1427
1346630400,139.44,140.11,138.3,139.25,731
1346716800,139.25,139.16,136.58,138.78,683
1346803200,138.78,139.25,137.35,138.4,681
1346889600,138.4,138.4,137.35,137.63,2276
1347148800,137.63,138.2,136.87,138.11,1031
1347235200,138.11,137.44,136.01,136.01,524
1347321600,136.01,144.98,138.68,142.12,7009
1347408000,142.12,143.55,141.16,141.16,5042
1347494400,141.16,142.02,140.97,141.26,1771
1347753600,141.26,142.21,141.16,141.64,1019
1347840000,141.64,141.92,141.26,141.92,1287
1347926400,141.92,143.07,141.73,141.73,897
1348012800,141.73,142.12,141.16,141.35,998
1348099200,141.35,140.21,137.82,140.21,350
1348358400,140.21,139.25,137.54,138.49,921
1348444800,138.49,136.97,134.49,136.97,898
1348531200,136.97,136.77,134.96,136.01,1942
1348617600,136.01,138.49,133.53,134.49,6206
1348704000,134.49,135.44,134.49,135.34,1035
1348963200,135.34,137.73,133.53,133.53,1097
1349049600,133.53,136.2,133.53,133.72,4518
1349136000,133.72,134.77,131.15,132.1,5576
1349222400,158.52,129.45,128.19,128.19,218
1349308800,128.19,128.76,126.02,128.76,723
1349568000,128.76,131.05,129.68,131.05,1039
1349654400,131.05,132.77,131.05,131.62,570
1349740800,131.62,133.0,130.48,133.0,514
1349827200,133.0,131.85,130.82,131.85,224
1349913600,131.85,130.48,129.91,129.91,377
1350172800,129.91,132.42,129.91,132.42,177
1350259200,132.42,132.77,132.77,132.77,26
1350432000,132.77,132.77,132.77,132.77,211
1350518400,132.77,133.34,130.14,133.34,636
1351555200,133.34,140.09,135.63,140.09,291
1351641600,140.09,142.84,140.09,142.73,806
1351728000,142.73,142.95,139.64,142.95,1358
1351987200,142.95,147.65,143.07,144.79,602
1352073600,144.79,149.94,146.5,146.5,521
1352160000,146.5,152.11,148.79,150.62,2280
1352246400,150.62,165.62,153.6,165.62,1661
1352332800,165.62,180.27,168.82,172.14,5562
1352592000,172.14,172.26,157.49,161.38,3220
1352678400,161.38,166.53,160.24,166.53,1858
1353196800,166.53,172.14,166.53,172.03,5211
1353369600,172.03,179.92,175.0,177.41,3483
1353456000,177.41,179.12,174.54,175.69,2159
1353542400,175.69,172.83,169.39,172.83,3477
1353801600,172.83,173.63,169.39,171.8,5926
1353888000,171.8,170.77,168.25,169.17,14328
1353974400,169.17,169.97,167.91,169.97,2331
1354060800,169.97,171.57,167.1,171.57,1685
1354147200,171.57,168.25,166.19,167.1,513
1354406400,167.1,167.22,163.21,165.39,3251
1354492800,165.39,167.1,160.58,167.1,1078
1354579200,167.1,170.42,167.1,167.79,1708
1354665600,167.79,172.83,168.82,172.03,6029
1354752000,172.03,171.68,168.82,171.45,2285
1355011200,171.45,168.82,165.96,165.96,718
1355097600,165.96,165.96,162.53,165.96,1548
1355184000,165.96,167.56,165.39,165.96,742
1355356800,165.96,172.71,167.68,170.54,601
1355616000,170.54,175.57,171.68,174.89,4987
1355702400,174.89,180.73,175.69,178.44,11942
1355788800,178.44,174.89,171.68,174.2,2787
1355875200,174.2,177.98,174.32,177.06,4192
1355961600,177.06,178.44,175.12,178.09,4104
1356220800,178.09,180.27,176.83,180.27,4289
1356307200,180.27,180.73,177.41,179.35,6737
1356480000,179.35,185.76,178.55,184.85,5465
1356566400,184.85,194.69,172.37,194.69,7127
1356912000,194.69,194.0,184.27,193.77,3896
1356998400,193.77,194.35,190.0,190.0,2821
1357084800,190.0,192.74,187.13,190.11,3397
1357171200,190.11,193.43,190.0,193.32,5596
1357430400,193.32,194.35,191.71,191.71,1363
1357516800,191.71,192.63,188.85,190.57,4852
1357603200,190.57,190.57,189.19,189.31,619
1357689600,189.31,188.85,187.71,188.85,1314
1357776000,188.85,188.39,185.42,187.71,2114
1358035200,187.71,190.57,188.39,188.85,1896
1358208000,188.85,190.91,188.85,188.85,1850
1358294400,188.85,190.22,187.71,188.85,1823
1358380800,188.85,187.13,185.07,185.42,2605
1358640000,185.42,181.98,176.26,177.41,2151
1358726400,177.41,184.5,180.95,181.98,468
1358812800,181.98,185.42,181.98,183.13,1194
1358899200,183.13,183.13,180.27,181.18,1800
1358985600,181.18,183.24,180.61,183.24,3866
1359244800,183.24,183.7,181.98,183.7,1580
1359331200,183.7,184.27,182.1,183.7,2032
1359504000,183.7,183.82,180.84,181.41,6011
1359590400,181.41,182.33,180.84,180.84,2399
1359849600,180.84,185.99,182.56,185.42,4537
1359936000,185.42,185.88,183.13,185.65,1449
1360022400,185.65,185.99,183.13,183.7,2714
1360108800,183.7,184.16,182.56,184.04,4577
1360195200,184.04,184.39,183.13,183.82,1056
1360454400,183.82,193.09,187.36,189.42,4707
1360627200,189.42,198.58,193.2,198.01,5007
1360713600,198.01,197.89,192.51,195.83,5548
1360800000,195.83,200.87,198.81,200.18,5508
1361059200,200.18,220.1,204.07,216.32,3388
1361232000,216.32,228.91,213.12,213.57,11302
1361318400,213.57,214.03,207.51,210.6,3753
1361404800,210.6,216.78,208.31,211.74,4683
1361664000,211.74,212.89,210.6,211.86,1719
1361750400,211.86,223.19,211.74,215.75,2323
1361836800,215.75,219.98,215.18,217.35,4719
1361923200,217.35,214.6,213.12,214.03,1777
1362009600,214.03,216.21,213.8,216.09,1426
1362268800,216.09,216.21,214.15,215.98,3654
1362355200,215.98,215.86,214.6,215.18,2969
1362441600,215.18,216.09,212.31,213.8,5639
1362528000,213.8,216.89,212.89,216.32,1309
1362614400,216.32,220.33,211.74,220.33,4043
1362960000,220.33,221.93,215.18,217.47,2354
1363132800,217.47,218.72,214.26,218.38,3412
1363219200,218.38,228.68,217.47,219.87,2905
1363478400,219.87,219.3,217.47,217.92,2533
1363564800,217.92,218.5,213.0,215.18,1067
1363651200,215.18,220.1,212.89,216.32,1872
1363737600,216.32,217.58,214.6,214.95,688
1363824000,214.95,217.47,214.03,215.18,498
1364083200,215.18,211.86,208.88,210.03,2994
1364169600,210.03,211.97,206.02,211.97,2653
1364342400,211.97,216.09,210.71,211.63,2300
1364428800,211.63,211.97,208.88,211.97,4364
1364688000,211.97,209.45,204.3,204.3,2556
1364774400,204.3,207.28,200.3,205.45,3861
1364860800,205.45,212.43,201.44,209.45,2688
1364947200,209.45,210.6,208.31,208.88,1741
1365033600,208.88,208.88,206.13,206.94,2424
1365292800,206.94,206.94,203.73,204.88,1811
1365379200,204.88,208.31,204.53,206.02,785
1365465600,206.02,211.74,206.13,211.74,2545
1365638400,211.74,212.89,210.03,211.17,3477
1365984000,211.17,211.63,207.74,210.03,1900
1366070400,210.03,211.17,207.74,209.45,3250
1366156800,209.45,209.0,206.59,206.59,1167
1366243200,206.59,209.45,206.71,207.74,1755
1366502400,207.74,210.03,206.59,208.31,1114
1366588800,208.31,208.31,200.3,202.01,3818
1366675200,202.01,210.14,204.88,206.48,1983
1366848000,206.48,206.02,203.73,203.73,1273
1367107200,203.73,203.39,202.59,202.59,1757
1367193600,202.59,205.45,202.59,202.59,1506
1367280000,202.59,204.3,202.47,202.59,515
1367452800,202.59,202.7,199.15,202.59,1071
1367712000,202.59,203.73,196.86,198.58,1168
1367798400,198.58,196.29,192.06,192.06,848
1367884800,192.06,198.92,191.71,195.03,3840
1367971200,195.03,194.57,193.43,193.43,234
1368057600,193.43,194.8,192.86,192.86,998
1368316800,192.86,196.63,190.0,192.4,3800
1368403200,192.4,196.63,192.29,196.63,2165
1368489600,196.63,197.09,193.43,193.43,3704
1368576000,193.43,197.21,193.43,194.0,9162
1368662400,194.0,200.3,194.57,200.3,1993
1368921600,200.3,202.01,196.86,197.55,10617
1369008000,197.55,201.44,198.01,199.72,2532
1369094400,199.72,200.64,199.15,200.3,3286
1369180800,200.3,201.78,198.58,199.72,2178
1369267200,199.72,199.72,197.44,199.72,3462
1369526400,199.72,200.3,199.15,199.27,1188
1369612800,199.27,206.48,201.44,206.48,1415
1369699200,206.48,204.3,201.44,201.56,1016
1369872000,201.56,201.56,199.72,199.72,2567
1370131200,199.72,200.75,198.01,198.01,1852
1370217600,198.01,201.44,200.18,200.3,669
1370304000,200.3,200.87,199.15,200.3,590
1370390400,200.3,200.3,199.61,199.61,357
1370476800,199.61,200.3,198.12,199.84,746
1370736000,199.84,199.15,199.15,199.15,1721
1370822400,199.15,199.38,198.58,199.15,3401
1370908800,199.15,200.87,199.61,200.53,630
1370995200,200.53,199.5,198.58,198.69,812
1371081600,198.69,198.58,197.44,197.78,1716
1371340800,197.78,199.15,197.44,198.92,1064
1371427200,198.92,198.12,196.86,196.86,1445
1371513600,196.86,196.98,194.69,196.75,1011
1371600000,196.75,197.09,195.26,196.98,1715
1371686400,196.98,196.29,195.26,195.83,1816
1371945600,195.83,196.63,194.57,196.29,528
1372032000,196.29,196.98,195.15,196.41,812
1372118400,196.41,198.01,195.6,198.01,1982
1372204800,198.01,204.3,198.01,202.01,2051
1372291200,202.01,204.3,200.3,202.93,1651
1372550400,202.93,202.7,198.01,200.3,1692
1372636800,200.3,201.33,199.72,199.95,1948
1372723200,199.95,200.07,199.15,200.07,869
1372809600,200.07,200.64,197.44,199.5,1706
1372896000,199.5,199.84,198.58,199.27,1636
1373155200,199.27,199.95,198.01,199.27,2216
1373241600,199.27,200.75,198.69,200.3,2866
1373328000,200.3,203.62,200.64,203.62,1603
1373414400,203.62,207.05,203.73,206.59,5003
1373500800,206.59,205.45,204.42,204.42,632
1373760000,204.42,206.02,204.65,204.88,1240
1373846400,204.88,208.65,207.16,207.74,553
1373932800,207.74,208.19,205.45,206.02,2427
1374019200,206.02,208.88,206.13,208.88,3409
1374105600,208.88,214.26,207.28,213.46,5092
1374364800,213.46,225.48,216.32,218.61,5250
1374451200,218.61,219.18,215.75,215.75,1031
1374537600,215.75,219.75,214.03,219.75,898
1374624000,219.75,217.47,210.94,216.32,2886
1374710400,216.32,218.04,215.18,216.21,1962
1374969600,216.21,219.53,215.18,218.04,2279
1375056000,218.04,218.61,216.32,217.47,2562
1375142400,217.47,219.18,217.47,218.61,2927
1375228800,218.61,221.47,217.47,220.33,2384
1375315200,220.33,223.19,217.47,218.61,2696
1375574400,218.61,219.18,216.44,219.18,3186
1375660800,219.18,217.58,216.32,216.89,1105
1375747200,216.89,218.04,215.75,217.81,2029
1375833600,217.81,219.75,216.32,216.32,635
1375920000,216.32,220.44,215.18,217.47,2663
1376179200,217.47,214.6,211.74,214.03,867
1376265600,214.03,214.03,210.83,211.74,1648
1376352000,211.74,211.74,207.39,209.45,2663
1376438400,209.45,212.89,208.19,208.19,1105
1376524800,208.19,211.17,208.08,211.17,651
1376784000,211.17,211.17,208.54,208.88,1294
1376870400,208.88,211.74,209.45,210.37,1782
1376956800,210.37,212.31,209.45,212.31,807
1377388800,212.31,214.03,211.74,212.89,1577
1377475200,212.89,212.89,210.6,211.86,1868
1377561600,211.86,212.77,210.6,212.09,1193
1377734400,212.09,212.43,209.45,209.91,1962
1377993600,209.91,210.6,209.45,209.45,787
1378080000,209.45,208.88,208.31,208.31,802
1378166400,208.31,209.22,206.02,208.31,3564
1378252800,208.31,210.6,206.36,208.31,2269
1378339200,208.31,208.31,205.91,208.31,3902
1378598400,208.31,229.14,212.43,229.14,9905
1378684800,229.14,233.37,224.45,224.91,8448
1378771200,224.91,224.91,220.44,222.04,5604
1378857600,222.04,224.1,222.04,224.1,5974
1378944000,224.1,226.05,224.33,224.91,3529
1379203200,224.91,228.34,224.33,227.77,9143
1379289600,227.77,229.14,227.77,228.45,4647
1379376000,228.45,229.25,227.19,228.91,9843
1379548800,228.91,227.88,224.91,226.62,2291
1379808000,226.62,226.62,223.19,226.05,2397
1379894400,226.05,226.05,222.16,225.48,3089
1379980800,225.48,227.77,224.45,226.62,4740
1380067200,226.62,227.31,226.16,226.62,2790
1380153600,226.62,228.91,226.51,226.62,837
1380412800,226.62,227.77,225.48,226.05,2802
1380499200,226.05,226.62,226.05,226.05,1938
1380585600,226.05,230.28,225.94,226.62,2887
1380672000,226.62,227.19,223.19,226.97,1303
1380758400,226.97,226.62,224.33,226.16,2340
1381017600,226.16,226.62,225.48,226.62,1379
1381104000,226.62,228.34,226.62,228.0,1594
1381190400,228.0,230.06,228.34,230.06,2489
1381276800,230.06,230.51,228.91,229.83,2821
1381363200,229.83,232.92,230.63,232.34,1255
1381968000,232.34,236.35,232.92,236.35,3332
1382227200,236.35,246.19,234.63,246.08,8573
1382313600,246.08,256.38,243.1,251.8,6354
1382400000,251.8,251.8,240.36,246.08,7336
1382486400,246.08,247.22,241.62,244.93,2544
1382572800,244.93,247.22,242.42,247.22,3527
1382832000,247.22,251.92,242.3,251.8,3228
1382918400,251.8,255.24,250.77,251.57,5747
1383004800,251.57,252.26,250.66,251.92,2987
1383091200,251.92,252.49,251.23,251.8,8171
1383177600,251.8,252.72,251.23,251.57,5454
1383696000,251.57,251.8,250.77,251.12,1535
1383782400,251.12,251.69,248.94,248.94,3254
1384041600,248.94,251.34,248.37,248.37,1502
1384128000,248.37,252.95,246.08,251.92,10578
1384214400,251.92,257.52,251.8,252.37,3891
1384300800,252.37,256.38,252.37,253.29,8998
1384387200,253.29,258.67,251.8,255.12,9683
1384992000,255.12,280.53,260.16,280.53,10177
1385251200,280.53,293.81,274.69,288.77,7026
1385337600,288.77,283.62,272.4,280.07,4977
1385424000,280.07,279.27,272.4,273.55,5083
1385510400,273.55,273.55,270.69,272.4,1841
1385596800,272.4,272.4,267.02,272.4,3395
1385856000,272.4,285.57,277.78,283.16,5618
1385942400,283.16,286.14,282.71,285.11,5399
1386028800,285.11,298.16,285.11,294.72,6324
1386115200,294.72,311.89,298.73,310.75,6447
1386201600,310.75,320.48,308.46,311.32,9860
1386460800,311.32,319.33,309.03,314.75,18668
1386547200,393.44,343.37,321.05,327.63,5002
1386633600,327.63,327.63,320.48,322.62,1767
1386720000,322.62,329.77,323.34,327.63,2056
1386806400,327.63,329.06,320.48,321.19,1285
1387065600,321.19,329.06,317.04,329.06,1243
1387152000,329.06,341.36,330.49,341.36,716
1387324800,341.36,344.8,341.36,344.8,900
1387411200,344.8,343.37,322.91,343.22,3807
1387670400,343.22,344.08,337.21,337.21,3302
1387756800,337.21,333.35,321.19,321.19,1786
1387843200,321.19,326.2,321.19,323.05,2047
1388016000,323.05,331.92,323.34,324.77,4278
1388275200,324.77,325.48,317.61,321.91,3809
1388448000,321.91,321.91,314.75,316.18,2064
1388534400,316.18,311.89,306.45,307.74,433
1388620800,307.74,307.6,299.01,304.02,10110
1388880000,304.02,304.02,300.45,304.02,5113
1388966400,304.02,303.02,299.73,301.88,3381
1389052800,301.88,305.45,296.15,304.17,4731
1389139200,304.17,311.89,300.45,310.17,2502
1389225600,310.17,310.75,304.02,310.75,1115
1389484800,310.75,318.33,301.16,318.33,1788
1389571200,318.33,323.34,318.33,321.91,1385
1389657600,321.91,321.91,317.61,317.61,287
1389830400,317.61,319.04,314.61,314.61,163
1390089600,314.61,319.04,313.32,316.18,1484
1390176000,316.18,314.75,309.89,312.61,1001
1390262400,312.61,311.46,300.45,304.59,1824
1390348800,304.59,302.59,296.15,299.01,2490
1390435200,299.01,300.45,293.29,297.58,1919
1390694400,297.58,300.45,291.15,298.3,2305
1390780800,298.3,301.16,296.87,296.87,700
1390867200,296.87,298.3,291.86,294.29,3039
1390953600,294.29,294.72,289.72,293.29,1516
1391299200,293.29,294.87,289.0,294.72,3221
1391385600,294.72,289.72,285.42,287.43,1729
1391472000,287.43,289.0,286.14,288.28,701
1391558400,288.28,294.72,287.57,294.72,1667
1391644800,294.72,297.16,293.29,297.16,3009
1391904000,297.16,300.45,296.87,300.45,884
1391990400,300.45,318.62,306.45,308.31,3551
1392076800,308.31,304.74,300.45,304.74,2034
1392163200,304.74,303.88,299.01,300.73,1982
1392249600,300.73,300.87,298.87,299.73,902
1392508800,299.73,300.45,296.87,297.58,1096
1392595200,297.58,300.45,297.58,298.73,687
1392681600,298.73,301.16,298.3,301.16,814
1392854400,301.16,306.17,300.16,300.16,466
1393113600,300.16,307.6,300.45,301.59,4237
1393200000,301.59,306.17,301.45,305.17,2640
1393286400,305.17,304.74,300.45,304.74,1845
1393372800,304.74,311.89,300.45,307.46,1200
1393804800,307.46,304.74,294.58,295.44,1114
1393891200,295.44,295.44,282.56,288.28,2767
1393977600,288.28,299.01,286.14,299.01,1527
1394064000,299.01,293.29,286.28,288.28,1631
1394323200,288.28,294.01,284.71,286.14,1254
1394409600,286.14,286.85,281.13,283.28,904
1394496000,283.28,283.42,280.42,283.13,1671
1394582400,283.13,281.85,267.54,279.7,4854
1394668800,279.7,276.12,271.83,272.83,2402
1395014400,272.83,269.69,263.25,265.39,1944
1395100800,265.39,266.82,257.38,257.38,2968
1395187200,257.38,268.4,256.09,263.96,5212
1395273600,263.96,273.26,263.25,273.26,2633
1395532800,273.26,271.12,269.11,269.83,1880
1395619200,269.83,277.55,273.26,273.98,1043
1395705600,273.98,273.26,268.97,271.83,1319
1395792000,271.83,271.12,267.68,267.83,781
1395878400,267.83,272.55,268.54,271.83,2287
1396224000,271.83,273.41,271.12,271.12,1049
1396310400,271.12,274.69,268.97,271.83,2849
1396396800,271.83,274.69,271.83,271.83,4093
1396483200,271.83,278.99,273.98,278.99,1392
1396742400,278.99,286.14,281.13,281.13,438
1396828800,281.13,278.99,270.83,278.27,3054
1397001600,278.27,280.42,271.83,280.42,1858
1397088000,280.42,286.14,280.56,284.56,2242
1397347200,284.56,287.43,281.85,285.42,4388
1397520000,285.42,286.57,285.42,285.42,572
1397606400,285.42,284.85,281.85,284.71,606
1397692800,284.71,283.28,277.98,277.98,1617
1397952000,277.98,278.99,278.13,278.99,2145
1398038400,278.99,278.99,274.69,276.12,1235
1398124800,276.12,280.42,276.12,276.12,382
1398211200,276.12,277.55,274.41,277.55,699
1398556800,277.55,276.12,270.4,271.83,1374
1398643200,271.83,274.69,270.4,273.26,1057
1398729600,273.26,273.26,273.26,273.26,45
1398816000,273.26,277.55,273.26,277.55,326
1399161600,277.55,277.55,272.4,276.84,3143
1399248000,276.84,281.13,277.55,280.42,1684
1399334400,280.42,297.16,286.0,290.43,2557
1399420800,290.43,302.02,291.86,291.86,2142
1399507200,291.86,289.0,286.14,287.86,1301
1399766400,287.86,291.86,285.42,288.0,1554
1399852800,288.0,291.86,285.42,288.28,2015
1399939200,288.28,290.43,284.71,286.14,1034
1400112000,286.14,290.29,280.42,280.42,1801
1400371200,280.42,281.13,277.7,278.99,3500
1400457600,278.99,278.99,269.26,275.41,4777
1400544000,275.41,277.55,272.26,273.98,3836
1400630400,273.98,275.55,270.4,273.98,3692
1400716800,273.98,275.41,265.97,265.97,21890
1400976000,265.97,278.27,255.81,274.98,27558
1401062400,274.98,284.56,271.83,284.56,8695
1401148800,284.56,280.42,275.41,278.99,5571
1401235200,278.99,284.56,277.55,283.99,3993
1401580800,283.99,293.29,281.85,291.15,6733
1401667200,291.15,295.44,289.0,293.29,8876
1401753600,293.29,299.01,294.29,296.01,5985
1401840000,296.01,296.87,293.29,296.87,5664
1401926400,296.87,296.73,291.15,293.58,4170
1402185600,293.58,300.3,293.29,297.3,4816
1402272000,297.3,302.59,297.3,301.88,6302
1402358400,301.88,307.6,302.59,306.6,6260
1402444800,306.6,313.32,304.74,309.03,7131
1402531200,309.03,312.61,304.31,309.03,5552
1402790400,309.03,339.93,309.03,333.35,9465
1402876800,333.35,340.51,330.78,338.07,11146
1402963200,338.07,345.23,330.49,337.64,6689
1403049600,337.64,339.07,334.07,334.07,2313
1403136000,334.07,327.63,324.05,324.77,3475
1403481600,324.77,319.76,312.75,314.47,7097
1403568000,314.47,322.62,302.88,322.48,4796
1403654400,322.48,330.35,321.91,327.63,2781
1403740800,327.63,334.07,329.2,329.2,1527
1404000000,329.2,334.78,326.2,332.64,4526
1404086400,332.64,334.78,329.06,330.49,2748
1404172800,330.49,336.93,331.92,334.07,3169
1404259200,334.07,336.93,329.06,335.5,4313
1404345600,335.5,343.37,336.21,337.64,3317
1404604800,337.64,346.23,337.64,341.94,4442
1404691200,341.94,350.52,343.37,346.94,3657
1404777600,346.94,350.52,343.37,350.52,7731
1404864000,350.52,351.95,348.8,348.8,1438
1404950400,348.8,357.67,347.66,357.67,3612
1405209600,357.67,380.71,360.53,365.4,4717
1405296000,365.4,372.7,361.97,364.83,1345
1405382400,364.83,363.4,359.82,363.11,2092
1405468800,363.11,368.26,359.82,362.68,1482
1405555200,362.68,365.54,356.24,361.68,4066
1405814400,361.68,376.13,364.83,374.84,3391
1405900800,374.84,376.99,370.55,373.41,6600
1405987200,373.41,380.14,366.11,380.14,11797
1406073600,380.14,383.43,371.98,383.43,2677
1406160000,383.43,382.0,373.41,379.42,2761
1406419200,379.42,374.84,371.98,371.98,856
1406505600,371.98,373.41,366.26,373.41,281
1406678400,373.41,373.41,368.55,369.12,1885
1406764800,369.12,373.7,366.97,367.83,2070
1407024000,367.83,371.98,368.4,369.55,2243
1407110400,369.55,366.26,353.38,354.81,1906
1407196800,354.81,364.83,357.67,357.67,4958
1407283200,357.67,358.39,354.81,356.1,3605
1407369600,356.1,357.67,353.38,353.67,2121
1407801600,353.67,353.38,345.51,345.51,1179
1407888000,345.51,358.39,341.22,350.52,3685
1407974400,350.52,364.83,346.94,359.53,3681
1408320000,359.53,365.54,356.24,358.39,7582
1408406400,358.39,359.25,354.1,354.1,2987
1408492800,354.1,354.81,343.37,345.94,5743
1408579200,345.94,357.96,324.77,349.23,4752
1408838400,349.23,360.53,348.95,353.38,2179
1408924800,353.38,360.39,326.2,337.64,4877
1409011200,337.64,344.37,318.04,318.04,7014
1409097600,318.04,343.37,324.34,338.36,7514
1409184000,338.36,361.97,344.8,345.08,7784
1409443200,345.08,368.83,351.95,352.24,28055
1409529600,352.24,351.95,340.51,343.65,8973
1409702400,343.65,355.96,343.37,346.8,6112
1409788800,346.8,344.8,340.08,342.94,4050
1410048000,342.94,339.79,319.04,319.04,3957
1410220800,319.04,341.51,321.91,338.36,2375
1410307200,338.36,346.94,331.92,331.92,4288
1410393600,331.92,331.92,321.91,323.34,2728
1410652800,323.34,326.91,317.61,325.63,3404
1410739200,325.63,335.64,323.34,329.06,2930
1410825600,329.06,335.64,326.91,332.64,3472
1410912000,332.64,336.21,329.06,329.06,3375
1411257600,321.48,316.9,309.75,313.32,2116
1411344000,313.32,311.18,306.17,311.03,2830
1411430400,311.03,324.77,314.04,316.61,2415
1411516800,316.61,335.64,321.91,335.35,2407
1411862400,335.35,339.79,333.35,335.5,2614
1411948800,335.5,347.23,337.64,343.22,4217
1412035200,343.22,344.37,337.21,342.65,2574
1412726400,342.65,342.51,339.07,339.07,433
1412812800,339.07,340.51,334.78,340.51,704
1413072000,340.51,337.64,331.92,337.64,1152
1413158400,337.64,331.21,321.91,325.05,2487
1413244800,325.05,330.49,326.2,327.63,1237
1413331200,327.63,334.78,328.77,334.78,845
1413417600,334.78,339.79,333.07,334.78,1374
1413676800,334.78,332.49,328.34,331.21,2320
1413763200,331.21,331.92,329.06,331.92,1595
1413849600,331.92,337.79,330.49,332.49,1935
1413936000,332.49,338.5,331.06,336.21,1509
1414281600,336.21,337.5,336.21,336.21,428
1414368000,336.21,339.79,336.07,338.22,185
1414454400,338.22,338.22,334.78,336.21,1392
1414627200,336.21,339.93,329.92,332.64,2519
1414886400,332.64,332.64,326.2,327.63,1073
1414972800,327.63,322.62,314.75,314.75,3592
1415059200,314.75,316.18,309.03,316.18,2684
1415145600,316.18,317.33,310.46,315.61,6995
1415232000,315.61,319.76,313.46,317.61,7739
1415491200,317.61,322.19,314.75,317.18,11263
1415577600,317.18,321.76,311.89,314.75,6328
1415664000,314.75,314.75,311.18,314.75,6449
1415750400,314.75,316.04,310.46,310.46,11776
1415836800,310.4,314.18,309.03,309.03,99
1416096000,309.03,303.02,286.71,293.41,2309
1416182400,293.41,288.08,276.58,280.7,3945
1416268800,280.7,286.2,268.51,286.2,2897
1416355200,286.2,293.58,280.53,293.58,2153
1416441600,293.58,303.02,291.86,298.56,2401
1416700800,298.56,304.39,291.0,299.07,4018
1416787200,299.07,295.98,293.58,294.44,2010
1416873600,294.44,293.58,286.02,291.17,3089
1417305600,291.17,291.86,288.43,288.43,2125
1417392000,288.43,292.03,286.71,290.49,3262
1417478400,290.49,288.43,280.7,288.43,3265
1417564800,288.43,293.58,285.85,285.85,2392
1417651200,285.85,295.3,289.63,294.27,3338
1417910400,294.27,294.95,291.86,292.03,3015
1417996800,292.03,293.06,291.86,293.06,1571
1418083200,293.06,295.3,291.86,294.44,2452
1418169600,294.44,299.59,288.77,295.3,1666
1418256000,295.3,309.03,289.46,309.03,4183
1418515200,309.03,334.27,315.21,333.92,864
1418601600,333.92,343.37,322.94,334.78,3945
1418688000,334.78,334.78,328.77,330.66,3779
1418774400,330.66,328.77,321.91,321.91,2618
1418860800,321.91,332.72,323.62,332.72,701
1419206400,332.72,326.2,313.32,315.21,1715
1419292800,315.21,310.75,309.03,309.03,1178
1419379200,309.03,318.64,309.03,318.64,3276
1419724800,318.64,324.82,318.99,321.05,2045
1419811200,321.05,324.48,315.04,321.56,1493
1419984000,321.56,318.47,312.46,312.46,2162
1420070400,312.46,321.91,315.04,321.91,2383
1420329600,321.91,324.31,320.36,322.76,1918
1420416000,322.76,326.37,318.47,323.79,2264
1420502400,323.79,319.67,317.96,317.96,421
1420588800,317.96,325.85,321.05,323.62,1365
1420675200,323.62,326.37,322.76,324.48,1201
1420934400,324.48,322.94,318.47,318.47,1113
1421020800,318.47,319.16,315.9,318.47,490
1421107200,318.47,324.48,313.32,324.48,1921
1421193600,324.48,324.48,320.36,320.88,643
1421539200,320.88,325.17,320.36,325.17,1573
1421625600,325.17,349.89,318.82,340.28,22822
1421712000,340.28,334.78,331.69,334.78,2981
1421884800,334.78,333.07,318.13,333.07,2851
1422144000,333.07,336.5,322.08,334.78,2272
1422230400,334.78,340.96,334.78,334.78,3083
1422316800,334.78,338.9,334.78,338.9,1708
1422403200,338.9,346.8,338.9,346.8,4973
1422489600,346.8,348.52,341.65,345.43,2342
1422748800,345.43,353.67,328.26,352.12,2215
1422835200,352.12,354.01,349.03,351.95,5873
1422921600,351.95,352.81,344.4,346.97,4156
1423008000,346.97,347.66,343.54,345.08,4416
1423094400,345.08,346.8,342.51,345.43,3419
1423353600,345.43,346.29,343.37,345.08,1634
1423440000,345.08,345.08,339.93,341.65,2813
1423526400,341.65,343.02,341.65,343.02,1360
1423612800,343.02,343.37,343.02,343.02,418
1423699200,343.02,344.22,340.79,344.22,2850
1423958400,344.22,344.05,342.68,343.37,2124
1424044800,343.37,343.37,340.79,342.51,1483
1424304000,342.51,340.79,339.07,340.79,1539
1424563200,340.79,336.5,331.35,334.27,2341
1424649600,334.27,333.07,327.06,332.89,3583
1424736000,332.89,334.78,328.77,334.78,499
1424822400,334.78,335.13,333.07,335.13,1894
1424908800,335.13,336.5,336.5,336.5,65
1425168000,330.66,333.07,326.71,331.35,1809
1425254400,331.35,331.35,329.63,330.49,6343
1425340800,330.49,331.35,329.63,331.35,316
1425427200,331.35,336.67,332.21,333.07,1399
1425859200,333.07,339.07,334.61,336.67,2158
1425945600,336.67,338.56,333.07,333.41,1395
1426032000,333.41,336.5,333.07,336.5,855
1426118400,336.5,333.92,331.35,333.92,504
1426377600,333.92,331.35,328.95,330.49,851
1426464000,330.49,329.63,327.91,328.09,681
1426550400,328.09,329.63,327.06,327.23,1912
1426636800,327.23,329.12,322.76,326.37,1952
1426723200,326.37,330.49,326.2,330.49,803
1426982400,330.49,329.63,326.2,327.74,2388
1427068800,327.74,326.88,324.14,326.2,1911
1427155200,326.2,326.2,322.76,326.2,919
1427241600,326.2,326.37,320.19,323.97,1876
1427328000,323.97,323.97,319.33,321.05,1816
1427587200,321.05,322.76,315.9,322.76,794
1427673600,322.76,323.11,322.59,322.94,1513
1427760000,322.94,324.48,321.91,321.91,808
1427846400,321.91,321.91,319.33,321.91,232
1427932800,321.91,324.31,318.47,324.31,1601
1428192000,324.31,321.05,317.61,320.19,1849
1428278400,320.19,322.76,314.18,322.76,719
1428364800,322.76,321.05,321.05,321.05,134
1428451200,321.05,325.34,320.19,325.34,649
1428537600,325.34,331.35,326.2,327.06,633
1428796800,327.06,336.5,326.2,333.07,1785
1428883200,333.07,331.35,325.34,329.63,1721
1429056000,329.63,331.35,325.34,325.34,738
1429142400,325.34,334.78,323.62,334.78,1399
1429401600,334.78,331.35,325.34,330.49,1956
1429488000,330.49,333.07,326.2,333.07,1739
1429574400,333.07,331.35,326.2,331.35,6138
1429660800,331.35,328.95,328.95,328.95,58
1429747200,326.2,327.06,321.05,326.54,2509
1432512000,326.54,320.02,293.92,293.92,731
1432598400,293.92,291.0,275.21,283.28,7687
1432684800,283.28,281.56,272.12,277.27,2258
1432771200,277.27,280.19,270.4,275.04,4064
1433030400,275.04,295.81,280.53,295.81,2975
1433116800,295.81,316.07,300.45,312.29,2683
1433203200,312.29,317.61,310.75,317.61,1778
1433289600,317.61,327.57,319.33,327.57,1392
1433376000,327.57,331.35,322.76,326.2,2197
1433635200,326.2,328.09,326.2,327.91,1707
1433721600,327.91,333.07,328.77,332.21,478
1433808000,332.21,345.08,337.01,345.08,2923
1433894400,345.08,343.71,339.93,340.28,3961
1433980800,340.28,338.22,333.07,333.07,661
1434240000,333.07,337.36,329.8,330.49,1089
1434412800,330.49,331.35,326.2,326.2,600
1434499200,326.2,326.2,322.94,322.94,2620
1434585600,322.94,322.76,322.76,322.76,332
1434844800,322.76,321.91,319.33,321.91,436
1434931200,321.05,323.62,319.33,321.91,3016
1435017600,319.5,322.76,317.79,322.76,2293
1435104000,322.76,323.62,322.76,322.94,1352
1435190400,323.62,323.62,317.61,323.62,3274
1435449600,325.34,326.37,323.79,326.2,911
1435536000,326.2,329.63,324.48,327.06,3878
1435622400,331.35,331.35,324.82,327.74,2117
1435708800,330.49,330.49,325.51,327.74,2457
1435795200,326.2,327.91,326.2,327.06,2986
1436054400,329.29,329.63,326.37,329.46,2251
1436140800,326.2,330.15,326.2,330.15,902
1436227200,326.88,331.35,326.54,328.09,3906
1436313600,328.95,328.95,327.06,327.91,1567
1436400000,329.63,329.98,326.2,329.63,1628
1436659200,329.63,332.21,326.2,332.21,2796
1436745600,330.49,331.69,327.4,330.32,1398
1436832000,330.32,330.49,327.91,329.63,439
1436918400,328.95,331.35,328.95,331.35,1266
1437004800,331.35,331.35,326.37,327.91,2248
1437523200,327.91,330.49,326.2,326.2,3604
1437609600,326.2,345.08,326.2,345.08,6999
1437868800,345.08,358.99,351.95,358.99,2070
1437955200,358.99,394.87,366.03,394.87,46545
1438041600,394.87,395.73,377.7,386.29,15694
1438128000,386.29,386.29,382.0,384.57,7549
1438214400,384.57,402.77,384.57,394.87,5450
1438473600,394.87,402.77,394.87,396.59,6054
1438560000,396.59,396.59,394.53,396.42,6203
1438646400,396.42,396.59,389.89,392.98,6686
1438732800,392.98,393.15,391.27,392.98,6523
1438819200,391.44,401.74,393.15,394.87,9493
1439078400,394.87,411.7,398.31,411.7,7017
1439164800,411.7,428.01,415.47,427.49,7210
1439251200,427.49,429.21,420.62,424.06,5823
1439337600,423.89,425.77,417.19,424.23,4389
1439424000,423.2,429.21,418.91,429.04,7919
1439683200,432.47,454.96,432.47,445.52,8792
1439769600,454.27,472.13,450.33,461.83,14195
1439856000,463.54,477.97,452.73,463.54,14079
1439942400,463.72,465.09,456.68,461.83,7336
1440028800,470.41,479.68,461.83,462.69,8915
1440288000,460.11,466.81,451.53,458.39,7495
1440374400,460.11,460.11,446.38,448.09,7472
1440460800,446.38,446.38,440.54,442.77,2958
1440547200,442.94,443.8,438.65,438.82,1184
1440633600,444.66,448.95,441.23,442.94,5228
1440979200,442.94,446.38,442.94,446.2,5198
1441065600,446.2,447.41,441.23,442.77,4880
1441152000,437.79,437.79,421.65,425.77,5980
1441238400,425.77,430.07,421.31,423.2,7315
1441497600,418.05,424.92,412.04,420.62,7695
1441584000,425.77,430.92,425.77,429.04,6420
1441670400,437.45,437.45,433.84,434.53,5434
1441756800,436.08,437.79,431.1,431.1,2291
1441843200,431.78,431.78,428.52,429.21,3357
1442102400,434.36,434.36,429.21,430.07,3986
1442188800,438.65,451.53,438.65,442.6,5240
1442275200,451.36,459.08,449.12,459.08,7770
1442361600,465.26,466.98,457.54,459.25,8423
1442448000,468.35,467.84,453.24,453.24,7164
1442880000,446.55,446.55,427.49,430.92,6135
1442966400,439.51,465.26,439.51,446.38,4063
1443052800,448.09,448.09,437.79,442.08,2943
1443398400,433.5,433.33,416.33,427.66,7147
1443484800,436.08,437.79,434.36,436.08,1860
1443571200,439.51,442.94,437.79,439.51,3841
1443657600,439.51,442.77,437.79,437.79,4485
1443916800,442.26,446.38,441.23,441.23,3832
1444003200,432.47,432.47,412.04,418.91,8896
1444089600,412.21,414.61,410.67,411.18,5150
1444176000,410.32,410.32,397.45,403.46,4895
1444262400,403.46,418.91,394.87,418.05,8804
1444521600,422.34,425.77,407.75,407.75,5062
1444780800,411.18,411.7,403.46,407.75,1262
1444867200,405.17,405.17,404.31,405.17,645
1445126400,403.46,404.83,403.46,404.83,635
1445212800,404.31,417.19,402.6,412.04,1322
1445731200,404.49,404.49,404.49,404.49,200
1445904000,401.74,401.74,391.44,392.3,2207
1445990400,383.71,389.72,375.99,384.57,4705
1446076800,384.91,393.15,384.91,391.27,3741
1446336000,391.27,394.87,386.29,390.58,3800
1446422400,393.15,400.02,393.15,396.59,2382
1446508800,394.87,392.98,389.03,389.03,831
1446595200,389.72,391.44,389.72,391.44,1000
1446681600,388.0,388.0,386.29,386.29,1347
1446940800,384.57,386.46,382.0,386.12,1418
1447027200,393.15,398.31,389.72,391.44,2009
1447113600,394.87,398.31,394.87,396.59,850
1447545600,391.44,395.73,390.58,395.73,911
1447632000,393.15,393.15,390.58,392.81,628
1447804800,397.45,397.45,394.87,396.42,1524
1447891200,394.87,394.87,392.81,392.81,1574
1448150400,386.29,387.15,377.7,378.56,2830
1448236800,374.27,379.42,360.53,379.42,1707
1448323200,377.7,379.42,372.55,374.27,3418
1448409600,370.84,370.84,364.83,365.69,1678
1448496000,365.69,365.69,353.67,360.53,4339
1448755200,360.53,360.53,343.37,346.8,7340
1448841600,353.67,358.82,351.26,358.65,3522
1448928000,358.82,381.14,365.86,377.7,2984
1449014400,385.26,386.29,374.44,385.94,6332
1449100800,378.56,394.87,378.56,394.87,9386
1449187200,394.82,410.67,401.52,405.98,2215
1449446400,412.9,435.22,412.9,422.94,3087
1449532800,417.36,424.06,414.68,424.06,670
1449619200,426.29,432.99,426.29,432.99,2083
1449705600,432.99,432.99,424.06,424.06,1769
1449964800,419.82,424.73,419.82,424.73,1240
1450051200,421.83,421.83,419.59,421.83,1024
1450137600,419.59,421.83,415.13,419.59,1870
1450224000,412.9,416.25,412.9,413.79,1084
1450310400,415.13,415.13,403.97,411.11,17060
1450569600,411.11,411.56,405.09,408.43,2620
1450656000,408.43,407.32,401.74,401.74,3696
1450742400,403.3,410.89,401.74,410.67,11125
1450828800,410.67,410.67,401.74,406.43,4272
1450915200,404.19,408.43,403.97,405.09,10147
1451001600,401.74,406.2,401.74,401.74,6169
1451260800,401.74,406.2,401.74,406.2,3102
1451347200,406.2,413.79,406.2,413.57,2077
1451520000,414.01,417.36,414.01,415.13,1657
1451779200,412.9,415.13,407.32,410.67,2053
1451865600,410.67,412.9,401.74,401.74,2496
1451952000,401.74,408.21,401.29,402.19,4394
1452038400,402.19,403.52,400.62,400.62,2708
1452124800,401.96,405.09,401.74,405.09,2329
1452384000,405.09,407.32,403.97,406.2,1164
1452470400,409.55,409.55,406.2,407.54,3689
1452556800,408.43,408.43,406.2,408.43,1925
1452643200,408.43,408.43,404.86,404.86,3603
1452729600,408.43,415.13,406.2,412.9,5613
1452988800,417.36,423.83,417.36,421.83,3703
1453075200,429.41,438.56,428.52,430.08,9726
1453161600,424.06,430.75,419.59,428.52,1608
1453248000,428.52,431.87,427.41,428.74,3643
1453334400,428.74,428.52,425.17,425.17,2078
1453593600,425.17,426.29,420.04,422.94,2193
1453680000,428.3,428.52,424.06,427.41,4535
1453766400,428.52,424.95,421.38,423.61,3551
1453852800,423.61,424.06,420.49,420.71,2929
1453939200,421.83,423.83,419.59,421.83,2050
1454198400,424.06,424.06,419.59,421.83,3302
1454284800,421.83,429.19,422.27,425.17,3476
1454371200,429.64,430.53,421.83,424.06,3778
1454457600,424.06,425.17,422.72,424.06,2036
1454544000,425.17,431.87,425.17,427.85,4192
1454803200,427.85,439.68,430.75,431.87,4515
1454889600,431.87,431.87,427.41,428.3,3886
1455148800,428.3,430.75,424.06,426.74,3387
1455408000,424.28,424.28,421.83,424.06,4307
1455494400,419.59,424.06,418.48,424.06,2053
1455580800,424.06,421.83,419.59,419.59,1449
1455667200,419.59,420.93,419.15,420.93,5273
1455753600,420.93,423.61,421.16,422.5,3228
1456012800,422.5,429.64,422.5,425.62,4217
1456099200,424.06,441.02,424.06,436.33,4212
1456185600,436.33,443.03,432.99,435.22,5681
1456272000,435.22,437.45,427.41,427.41,4195
1456358400,418.92,429.64,418.92,428.74,4285
1456617600,428.74,430.53,428.52,428.52,2725
1456704000,428.52,428.52,424.06,425.4,5612
1456790400,424.06,427.41,424.06,424.06,4458
1456876800,424.95,425.62,424.06,424.06,7900
1456963200,425.17,425.62,422.05,424.06,5331
1457222400,429.64,431.2,426.07,426.07,6376
1457568000,429.64,429.64,421.83,424.06,5309
1457827200,424.06,425.17,422.94,424.95,6881
1457913600,426.29,426.29,422.94,422.94,2691
1458000000,424.06,424.06,419.59,421.83,2344
1458086400,421.83,425.17,420.71,422.94,4862
1458172800,421.16,426.07,421.16,424.06,4783
1458432000,424.06,428.3,424.06,426.29,6955
1458518400,432.54,432.54,426.29,428.3,5128
1458691200,428.52,430.75,428.07,429.64,9561
1458777600,429.64,443.25,430.75,443.03,19150
1459036800,443.03,472.04,444.14,471.15,24872
1459123200,471.15,491.01,471.15,473.16,21421
1459209600,466.46,473.16,461.78,468.47,12316
1459296000,468.47,470.93,466.24,466.46,9623
1459382400,466.46,468.47,457.54,459.77,6321
1459641600,459.77,460.88,448.16,456.2,16615
1459728000,456.2,463.12,456.2,460.88,6426
1459814400,466.46,470.93,464.23,466.69,9382
1459900800,466.69,469.81,464.68,466.91,6587
1460246400,466.91,468.47,464.23,466.46,6121
1460332800,466.46,468.7,463.12,468.7,5118
1460419200,468.7,472.04,467.58,470.93,12264
1460592000,470.93,473.38,470.93,473.16,16535
1460851200,476.06,476.06,472.04,472.94,16462
1460937600,472.94,485.21,473.16,484.32,19064
1461024000,484.32,498.6,490.12,491.01,20539
1461110400,491.01,508.87,499.94,504.41,12612
1461196800,504.41,504.63,495.48,500.16,10389
1461456000,500.16,504.63,498.83,502.4,23129
1461542400,502.4,504.41,497.93,504.41,12157
1461628800,504.41,503.96,497.71,498.83,6028
1461715200,498.83,498.6,492.13,498.16,5481
1461801600,498.16,504.41,499.05,499.27,6911
1462147200,499.27,514.0,502.17,513.78,13851
1462233600,513.78,517.8,509.09,509.09,7205
1462320000,509.09,506.64,502.4,504.41,7234
1462406400,504.41,500.83,491.01,498.16,11076
1462665600,498.16,512.22,504.41,506.64,17095
1462752000,505.52,511.1,505.52,508.87,11426
1462838400,508.87,509.76,504.85,506.41,5672
1462924800,506.41,506.41,500.16,506.41,6580
1463011200,505.52,505.52,502.17,502.62,1994
1463270400,502.17,504.41,499.27,499.27,6561
1463356800,499.27,501.73,496.82,497.04,4570
1463443200,489.9,506.64,489.9,506.64,6183
1463529600,506.64,506.64,504.41,506.64,7071
1463616000,506.64,511.99,504.41,509.09,12779
1463875200,509.09,511.1,506.64,507.31,8195
1463961600,507.31,510.21,507.75,507.75,17102
1464048000,507.75,516.68,503.29,515.56,22878
1464134400,515.56,522.26,503.29,508.87,17473
1464220800,508.87,512.22,497.71,506.86,21199
1464480000,506.86,507.75,502.4,506.19,8274
1464566400,506.19,504.41,498.38,500.16,5929
1464652800,500.16,504.41,493.47,495.48,14443
1464739200,495.48,497.71,491.01,495.48,13154
1464825600,495.48,495.48,488.78,492.8,7999
1465084800,492.8,492.13,479.85,479.85,9695
1465171200,479.85,491.01,484.32,489.9,5723
1465257600,491.01,499.94,491.01,498.83,2553
1465344000,498.83,500.16,496.59,500.16,3432
1465430400,500.16,500.16,497.49,499.72,6121
1465689600,499.72,526.72,491.01,522.48,10137
1465776000,522.48,543.02,509.09,515.56,11973
1465862400,515.79,520.03,508.87,508.87,13714
1465948800,513.33,515.56,508.87,510.88,4013
1466035200,510.88,512.89,508.87,512.22,6768
1466294400,512.22,513.11,504.41,507.75,2634
1466380800,507.75,513.33,507.75,507.98,5110
1466467200,507.98,512.22,507.75,510.21,7090
1466553600,520.03,520.03,511.1,515.12,8859
1466640000,515.12,531.19,509.98,522.26,15451
1466899200,522.26,538.33,524.49,535.65,17602
1466985600,535.65,549.04,535.65,546.81,26477
1467072000,546.81,559.98,546.81,551.5,17785
1467158400,551.5,555.74,546.81,546.81,5774
1467244800,546.81,542.79,531.63,537.88,7877
1467504000,537.88,536.54,533.2,535.65,7898
1467590400,535.65,535.65,531.19,534.54,5504
1467676800,535.65,535.65,529.18,531.19,9924
1467763200,533.42,535.43,528.96,530.07,7384
1468108800,530.07,537.44,531.63,534.54,12007
1468195200,534.54,535.65,526.72,531.19,4852
1468281600,531.19,531.63,502.17,527.39,11880
1468368000,527.39,522.26,509.09,520.03,6603
1468454400,520.03,534.98,518.91,523.15,8541
1468713600,523.15,534.54,523.38,528.96,7199
1468800000,528.96,539.45,528.96,533.2,12061
1468886400,540.12,546.81,533.42,539.0,16715
1468972800,541.23,549.71,538.11,540.12,14158
1469059200,540.12,545.7,535.65,541.23,8852
1469404800,541.23,553.51,543.46,549.04,10227
1469491200,549.04,557.97,545.7,546.81,15494
1469577600,546.81,553.51,546.81,550.38,13182
1469664000,550.38,557.97,543.46,550.16,16728
1469923200,550.16,556.85,528.51,549.71,9411
1470009600,549.71,551.27,540.12,547.03,4693
1470096000,547.03,544.58,535.65,544.58,2757
1470182400,544.58,538.33,530.3,532.3,5966
1470268800,532.3,532.3,517.8,522.71,7256
1470528000,522.71,535.43,522.26,523.38,6957
1470614400,523.38,516.9,499.94,499.94,5806
1470700800,509.76,519.81,509.76,519.81,100
1470787200,530.07,540.12,511.1,524.49,10863
1470873600,534.98,534.98,522.26,526.72,6065
1471132800,526.72,535.65,518.02,519.14,9548
1471219200,512.22,513.33,492.13,505.52,6011
1471305600,502.17,511.1,494.36,509.98,5042
1471392000,511.1,514.45,507.75,511.1,5701
1471737600,513.33,515.56,508.87,511.1,4223
1471824000,508.87,513.33,505.52,508.2,5345
1471910400,513.33,511.1,506.64,510.88,4326
1471996800,513.33,514.45,508.87,513.33,5288
1472342400,522.26,522.26,507.53,518.91,7682
1472428800,521.14,531.19,517.8,517.8,10886
1472515200,524.49,531.19,524.49,528.51,3240
1472601600,524.49,527.62,522.26,526.72,4905
1472688000,526.95,530.52,524.49,527.84,5878
1472947200,529.4,540.12,529.4,537.44,4415
1473033600,548.15,553.28,546.81,551.72,9127
1473120000,551.27,556.85,534.54,546.81,9151
1473206400,557.75,568.68,546.81,550.83,54493
1473292800,549.49,551.05,542.35,544.13,15550
1473552000,540.12,544.58,535.65,537.88,7702
1473638400,536.77,536.77,530.07,533.42,10027
1473811200,543.91,546.81,535.65,538.11,25405
1474156800,542.35,542.35,526.72,528.73,24822
1474329600,533.42,533.42,522.26,524.49,75157
1474502400,524.58,522.26,507.75,512.11,16998
1474761600,524.58,522.26,507.75,512.11,16998
1474848000,490.63,516.75,488.89,516.75,6711
1474934400,517.91,517.91,510.65,512.98,6462
1475020800,513.56,513.56,509.78,511.82,2686
1475107200,512.11,521.68,510.65,519.94,7195
1475366400,522.26,522.26,516.46,516.46,9133
1475452800,520.81,522.26,517.04,518.78,3604
1475539200,520.81,524.87,520.81,522.26,10545
1475625600,525.16,525.16,516.46,519.36,4046
1475712000,519.65,522.26,516.46,516.46,6546
1476576000,516.46,522.26,510.65,513.56,2605
1476662400,505.72,516.46,505.72,514.72,4532
1476748800,514.72,522.26,506.59,519.07,4476
1476835200,519.07,520.81,516.75,519.36,3025
1476921600,516.46,519.36,515.01,517.91,4051
1477180800,517.91,517.91,511.23,512.11,8690
1477267200,513.56,513.56,504.85,504.85,10127
1477353600,504.85,505.14,493.83,501.66,2830
1477440000,506.01,506.01,494.7,504.85,6550
1477526400,501.95,509.2,501.95,509.2,3259
1478131200,510.65,520.81,510.65,510.65,5932
1478476800,510.65,510.65,503.4,504.56,4023
1478563200,504.85,510.07,496.73,500.5,3671
1478649600,491.8,497.89,485.99,495.57,5692
1478736000,493.25,496.15,492.38,493.25,8482
1478995200,490.34,499.05,490.34,494.12,9265
1479081600,494.12,501.95,494.12,499.63,4633
1479168000,496.73,500.5,496.15,497.89,4705
1479254400,499.34,499.34,491.8,491.8,6094
1479340800,494.7,494.7,481.64,484.54,8823
1479600000,474.97,478.74,463.07,473.52,8592
1479686400,470.03,487.44,465.68,474.39,5441
1479772800,474.39,480.19,465.68,472.94,7277
1479859200,471.78,471.78,463.07,464.23,8590
1479945600,465.68,467.13,461.04,462.78,6007
1480204800,459.3,460.75,446.82,451.17,4670
1480291200,442.47,475.84,420.71,474.39,10412
1480377600,476.13,480.19,464.23,480.19,7847
1480464000,475.84,493.25,475.84,490.63,7451
1480550400,493.25,503.11,479.32,485.7,7265
1480809600,481.64,484.54,464.23,484.54,4200
1480896000,481.64,490.34,467.13,475.55,2489
1480982400,472.94,478.74,469.45,475.26,2942
1481068800,475.84,475.84,471.49,474.1,944
1481155200,470.32,474.39,468.87,472.94,2418
1481414400,468.58,468.58,464.23,464.23,2229
1481500800,464.23,465.68,461.33,461.33,3275
1481673600,464.23,465.68,456.98,458.43,3618
1481760000,456.98,463.07,454.08,459.01,3144
1482019200,461.33,461.33,454.08,456.98,2536
1482105600,458.43,458.72,455.82,458.43,6814
1482192000,458.43,458.72,454.08,455.53,4956
1482278400,449.72,452.92,443.92,444.79,2243
1482364800,446.82,446.82,442.18,443.92,4389
1482710400,436.96,440.44,435.22,437.54,5860
1482796800,430.28,435.22,412.3,429.12,3491
1482883200,429.41,430.86,420.71,427.96,6181
1482969600,430.86,440.73,429.7,440.73,3186
1483228800,449.43,449.14,442.47,443.92,3097
1483315200,449.72,449.72,442.47,447.98,10617
1483401600,442.47,449.72,442.47,442.47,5907
1483488000,442.47,443.63,439.57,439.57,1430
1483574400,438.12,441.02,435.22,436.67,4175
1483833600,435.22,438.12,433.77,438.12,2781
1483920000,441.02,443.63,438.12,440.73,1389
1484006400,442.47,450.01,442.47,446.24,3248
1484092800,452.63,454.08,446.82,454.08,4054
1484179200,454.08,454.08,448.56,452.63,1982
1484438400,449.14,449.72,443.92,446.82,2316
1484524800,446.82,446.82,436.67,437.54,5298
1484611200,436.67,442.47,435.22,436.67,3743
1484697600,432.32,438.7,432.32,436.38,5013
1484784000,438.12,439.57,435.22,435.22,3585
1485043200,435.22,439.57,435.22,436.96,2713
1485129600,439.57,439.86,435.22,435.22,2874
1485216000,432.61,435.22,429.7,431.45,2963
1485302400,423.32,423.32,413.75,418.1,7828
1485388800,412.01,419.26,406.2,415.49,4524
1485734400,413.46,413.46,391.7,396.05,6198
1485820800,388.21,403.3,378.35,403.3,7174
1485907200,406.2,420.71,406.2,418.39,5711
1485993600,426.51,430.86,417.81,422.16,5462
1486252800,418.1,429.41,409.68,423.61,4887
1486339200,422.16,422.16,412.01,412.01,3203
1486425600,412.59,412.59,406.2,407.65,7394
1486512000,412.01,412.01,400.98,404.75,6077
1486598400,403.3,403.59,397.5,397.5,4797
1486857600,389.66,389.66,375.74,378.64,11250
1486944000,378.64,400.4,369.93,397.5,10589
1487030400,397.5,398.95,390.53,394.6,8847
1487116800,402.43,409.68,397.5,409.68,6199
1487203200,415.78,423.03,410.55,421.87,7357
1487462400,423.61,435.22,414.04,434.06,7010
1487548800,440.73,449.43,438.12,440.15,6929
1487635200,449.72,449.72,433.77,439.57,7723
1487721600,432.61,436.67,427.96,430.86,1883
1487808000,430.86,430.86,425.06,426.8,2710
1488067200,426.51,426.51,407.65,407.65,4770
1488240000,406.2,406.2,399.53,404.75,4357
1488326400,406.2,408.23,402.72,406.2,8356
1488412800,406.78,412.3,406.49,412.01,3487
1488672000,404.75,423.9,404.75,420.71,5909
1488758400,423.61,426.51,421.0,426.22,3287
1488844800,417.81,420.71,413.17,416.36,4045
1489017600,418.39,424.48,416.65,416.65,3014
1489363200,417.81,423.61,416.36,422.16,2366
1489449600,424.19,425.06,417.81,420.42,1385
1489536000,412.3,420.42,412.3,417.81,1235
1489622400,415.2,420.42,415.2,417.81,3233
1489881600,417.81,419.55,414.91,417.81,4640
1489968000,419.26,425.06,417.81,423.61,10234
1490054400,425.93,427.96,420.71,427.96,7625
1490140800,429.41,446.24,429.41,429.7,12277
1490227200,432.32,434.93,425.06,426.51,8543
1490486400,434.93,443.63,429.41,435.22,14931
1490659200,435.22,458.72,443.63,456.98,9939
1490745600,456.98,465.97,449.72,455.53,18088
1490832000,455.53,455.53,447.11,449.72,9746
1491091200,458.43,461.62,452.63,458.14,8810
1491177600,467.13,497.89,449.72,457.56,15195
1491264000,462.49,462.49,449.72,458.43,8995
1491436800,458.43,458.43,451.47,455.53,5503
1491696000,456.98,459.88,446.53,454.95,4935
1491782400,452.63,456.98,449.72,456.98,8280
1491868800,463.65,472.36,461.91,464.23,9167
1491955200,473.52,474.39,461.91,468.58,8132
1492041600,459.88,464.23,454.08,461.33,4916
1492300800,454.08,461.33,446.82,451.47,2911
1492473600,446.82,451.47,439.57,439.57,2972
1492560000,439.57,448.27,435.22,446.82,3753
1492646400,446.82,455.53,446.82,450.01,4148
1492905600,459.01,478.74,458.43,464.23,7375
1492992000,458.43,464.23,456.98,462.78,4041
1493078400,455.53,463.07,455.53,461.33,3009
1493164800,455.53,458.14,454.08,456.69,2038
1493251200,458.43,458.72,451.76,458.43,3571
1493510400,449.72,458.43,448.27,448.27,6533
1493683200,446.82,448.27,445.37,445.37,2341
1493769600,454.08,463.07,452.63,455.24,3461
1493856000,455.53,455.53,450.3,452.63,2743
1494115200,452.63,452.63,442.47,445.37,3218
1494201600,453.79,453.79,441.02,446.82,2702
1494288000,446.82,458.43,449.72,452.63,2023
1494460800,453.21,455.53,452.63,452.63,2672
1494806400,456.98,457.56,452.63,452.63,3167
1494892800,452.63,452.63,445.66,452.05,1888
1494979200,452.05,452.63,449.72,452.63,2503
1495065600,452.63,454.08,446.82,450.88,5123
1495324800,445.37,452.63,445.37,449.72,1204
1495411200,448.27,452.34,445.37,446.24,1271
1495497600,449.43,452.63,446.82,449.72,3558
1495584000,449.72,451.76,447.11,451.76,3326
1495929600,449.72,450.59,445.37,446.24,4688
1496102400,444.21,448.27,434.93,435.22,4117
1496188800,434.93,439.57,432.32,435.22,5049
1496275200,436.96,442.47,433.77,435.22,8966
1496534400,435.51,435.51,426.51,429.41,8738
1496620800,437.83,437.83,429.41,435.22,3695
1496707200,443.92,443.92,435.22,440.73,8003
1496793600,446.82,446.82,439.28,439.57,10804
1496880000,436.67,439.57,435.22,438.7,3132
1497139200,438.7,438.7,426.51,427.38,6190
1497225600,421.0,429.12,421.0,423.61,9507
1497312000,423.61,429.12,422.16,423.61,5712
1497398400,423.61,423.61,420.71,421.29,10596
1497484800,423.61,436.38,423.03,429.41,4356
1497744000,429.41,429.41,421.58,423.32,3120
1497830400,423.61,423.61,419.26,421.29,6395
1497916800,421.0,422.16,416.65,418.39,4585
1498003200,420.71,423.61,420.71,423.61,3699
1498089600,430.57,430.57,421.0,421.29,3172
1498348800,427.96,432.32,425.06,432.03,3963
1498521600,433.77,434.93,430.86,432.61,3543
1498608000,435.22,435.22,430.86,434.93,4402
1498953600,434.93,434.93,423.61,429.12,3363
1499040000,429.12,429.41,426.51,427.96,2096
1499126400,429.12,429.12,427.09,428.25,2778
1499212800,428.25,430.86,427.96,427.96,2783
1499299200,427.96,435.22,427.96,435.22,3154
1499558400,435.22,442.47,432.32,435.22,6988
1499644800,436.67,436.67,432.32,433.19,6071
1499731200,435.22,438.12,435.22,436.96,3583
1499817600,438.12,441.02,438.12,440.73,2244
1499904000,439.57,442.47,438.7,441.89,2709
1500163200,439.57,443.92,435.22,443.92,2912
1500249600,446.82,463.94,446.82,463.36,11170
1500336000,464.23,478.74,463.94,475.26,12310
1500422400,483.96,484.54,478.74,481.06,12595
1500508800,484.25,484.54,480.48,481.06,6554
1500768000,483.09,483.09,472.94,474.39,4811
1500854400,475.84,478.74,464.23,467.13,4650
1500940800,470.03,470.03,466.26,467.71,5546
1501027200,468.0,476.71,467.71,470.03,3897
1501113600,471.49,475.84,471.49,472.07,4790
1501372800,467.13,472.94,467.13,470.03,3503
1501459200,471.78,472.65,470.03,470.61,3329
1501545600,472.94,476.42,471.49,474.39,3486
1501632000,475.84,475.84,472.94,475.26,4095
1501718400,475.26,485.99,479.32,483.67,15706
1501977600,493.25,502.82,493.25,501.37,18127
1502064000,511.23,514.43,507.75,512.98,17674
1502236800,515.01,521.68,515.01,516.46,12288
1502323200,516.17,516.17,503.69,510.07,10168
1502582400,511.23,513.27,506.3,507.75,9970
1502755200,505.14,507.46,499.05,499.05,5048
1502841600,500.5,503.4,497.02,498.47,7982
1502928000,498.47,508.04,496.15,503.98,10056
1503187200,504.85,510.65,502.53,503.4,5888
1503273600,501.95,501.95,497.6,499.05,3081
1503360000,499.05,501.95,498.18,501.66,5422
1503446400,501.95,504.85,501.95,501.95,4741
1503532800,501.95,501.95,498.47,501.66,4183
1503792000,501.66,525.16,509.2,512.69,31262
1503878400,515.01,521.97,510.07,512.4,20703
1504051200,512.11,513.56,499.63,503.98,11486
1504137600,503.98,507.75,492.96,493.25,13665
1504483200,493.54,493.54,475.84,483.09,13365
1504656000,484.54,497.6,484.54,491.5,19799
1504742400,493.25,493.25,485.99,486.57,28839
1505001600,487.44,489.76,473.52,474.1,29951
1505088000,475.84,478.74,468.0,472.94,63239
1505174400,472.99,465.83,449.23,449.23,16172
1505260800,441.69,448.85,441.31,446.97,6694
1505347200,453.38,456.4,448.48,454.51,9574
1505606400,456.4,473.37,456.4,469.6,8537
1505692800,473.37,479.03,473.37,476.77,6829
1505865600,480.54,480.54,472.99,472.99,5611
1506211200,471.86,475.26,468.47,472.99,8497
1506297600,476.77,477.14,474.5,475.26,2474
1506384000,477.14,477.14,471.86,476.39,6134
1506988800,471.49,477.14,468.84,477.14,1586
1507075200,475.26,478.65,469.6,469.6,5471
1507420800,469.6,469.6,452.63,458.28,5817
1507507200,462.06,462.06,452.63,454.51,6902
1507593600,452.63,456.77,448.85,454.89,2185
1507680000,454.51,456.02,452.25,452.63,5616
1507766400,454.51,454.51,450.74,452.63,6092
1508025600,457.15,459.79,452.63,459.79,1432
1508112000,462.06,484.69,460.17,482.8,6273
1508198400,486.57,486.95,477.14,480.16,6476
1508284800,479.03,482.8,476.77,481.67,4812
1508630400,482.8,484.69,479.03,479.78,1070
1508716800,479.78,482.8,475.26,477.14,1708
1508803200,477.14,479.03,471.86,474.13,2908
1508889600,477.14,477.14,465.83,465.83,2350
1509235200,467.71,467.71,462.06,463.94,2416
1509321600,460.17,465.45,460.17,462.81,5881
1509408000,462.06,462.06,456.4,459.79,4315
1509494400,465.83,465.83,460.17,460.17,3253
1509580800,456.4,463.94,455.64,458.28,7706
1509840000,456.4,456.4,450.36,453.76,7767
1509926400,453.76,452.63,445.08,448.85,5666
1510012800,449.23,450.74,443.2,444.7,9207
1510099200,444.7,445.08,439.42,439.42,4291
1510185600,439.42,439.42,426.22,426.22,18364
1510444800,426.22,433.77,422.83,433.77,10024
1510531200,433.77,439.42,433.77,437.92,10925
1510617600,439.42,452.63,438.67,452.63,11066
1510704000,452.63,455.64,451.49,452.63,8902
1510790400,452.63,452.63,445.08,448.1,4677
1511049600,445.84,452.63,440.56,440.56,2558
1511136000,436.41,436.41,429.99,429.99,11937
1511222400,426.22,438.29,426.22,431.88,4337
1511308800,439.05,440.56,437.54,439.8,3050
1511395200,439.8,443.2,439.8,439.8,5085
1511654400,439.8,445.08,441.31,443.2,7461
1511740800,445.08,446.59,437.54,439.42,7045
1511827200,439.42,445.08,439.42,444.33,5031
1511913600,445.08,448.85,445.08,445.08,11254
1512000000,445.08,448.85,441.31,444.7,8116
1512345600,445.46,445.46,439.8,439.8,4406
1512432000,441.31,441.31,435.65,441.31,4113
1512518400,441.31,445.08,439.42,440.56,4018
1512864000,441.31,443.57,435.65,439.05,9654
1512950400,439.42,440.18,434.52,440.18,2773
1513036800,439.05,441.31,434.9,437.54,950
1513123200,437.54,437.54,435.65,436.03,2013
1513209600,437.54,440.93,437.16,440.93,372
1513468800,437.54,437.54,433.77,436.41,3691
1513555200,437.54,439.05,437.54,437.54,1545
1513641600,435.65,437.92,435.65,435.65,2366
1513728000,433.77,437.54,431.88,435.65,2665
1513814400,439.42,437.54,431.88,433.39,4245
1514073600,433.77,435.65,433.01,433.77,4231
1514246400,433.77,435.65,426.22,431.88,2029
1514332800,426.22,431.13,426.22,427.73,2831
1514419200,424.34,425.85,409.25,411.13,15690
1514678400,411.13,411.13,382.85,384.73,19263
1514764800,384.73,401.71,384.73,401.71,15122
1514851200,401.71,415.28,401.71,407.36,24418
1514937600,414.91,414.91,396.05,397.93,12532
1515024000,399.82,407.74,399.44,407.36,7265
1515283200,405.85,411.13,405.1,407.74,8667
1515369600,410.76,413.78,407.36,410.76,14120
1515456000,410.76,414.91,410.76,411.13,9727
1515542400,412.27,412.27,403.59,403.59,12309
1515888000,402.46,404.72,397.93,401.71,9390
1516060800,402.08,402.08,386.62,388.5,22276
1516147200,386.99,394.16,380.96,391.9,20617
1516492800,390.39,394.16,386.62,391.9,12003
1516579200,392.28,393.41,389.64,391.9,11946
1516665600,388.5,392.28,388.5,388.88,6612
1516752000,389.26,389.26,380.96,382.85,19823
1516838400,384.73,391.9,384.73,391.14,8156
1517097600,394.16,397.93,393.78,395.29,10059
1517184000,394.16,397.93,394.16,396.8,11653
1517356800,400.57,403.59,399.06,403.59,10033
1517443200,405.48,414.15,405.48,411.13,12664
1517702400,411.13,414.53,409.63,409.63,19894
1517788800,411.13,411.89,405.1,406.23,12146
1517875200,403.59,404.72,401.71,404.35,4578
1517961600,401.71,402.08,399.82,402.08,7436
1518048000,402.08,403.59,398.69,401.71,8717
1518307200,402.84,403.59,399.82,403.59,6351
1518393600,404.35,405.1,400.2,400.57,6125
1518566400,405.48,405.48,399.82,402.84,11870
1518652800,405.48,416.42,405.48,416.42,18692
1518912000,416.42,424.71,417.17,419.43,19540
1519084800,422.45,426.22,412.27,414.91,9378
1519171200,413.02,413.4,409.25,413.02,2594
1519257600,414.91,414.91,409.63,411.13,8036
1519516800,411.13,411.13,401.71,405.48,10323
1519603200,407.36,409.25,399.44,399.82,12348
1519689600,399.82,405.48,397.93,402.84,19270
1519776000,399.82,402.46,397.93,399.82,12588
1520121600,394.16,394.16,385.49,390.01,13490
1520294400,390.39,399.82,386.62,396.05,15880
1520380800,396.42,401.71,396.42,399.82,21280
1520726400,399.82,399.82,392.28,393.78,11768
1520812800,393.78,393.41,390.39,393.41,8110
1520899200,391.14,392.65,386.24,388.5,14786
1520985600,392.28,392.28,388.5,388.5,9600
1521072000,388.5,390.39,385.86,386.24,11196
1521331200,386.62,388.13,384.35,386.62,12162
1521417600,388.5,388.5,381.71,382.85,12030
1521504000,380.96,382.85,376.43,382.85,23717
1521590400,377.19,377.57,371.53,371.53,20783
1521676800,368.14,373.42,365.5,367.76,20012
1522022400,367.76,363.99,347.01,348.9,16921
1522108800,348.9,358.33,334.94,354.18,25557
1522195200,358.33,365.12,351.16,365.12,23753
1522281600,367.38,372.28,364.74,365.87,18810
1522540800,367.76,367.76,345.88,356.44,15347
1522627200,356.44,357.95,353.43,356.44,8678
1522713600,356.44,358.33,354.18,358.33,11371
1522800000,359.08,363.99,358.33,363.99,16959
1522886400,365.87,368.89,363.99,365.87,27949
1523145600,366.63,380.96,366.63,376.81,31730
1523232000,382.85,388.5,374.92,375.3,35267
1523318400,373.42,377.19,369.64,371.91,11944
1523404800,370.78,374.92,369.64,372.28,8026
1523491200,376.81,376.81,372.66,372.66,14218
1523750400,373.04,376.81,369.27,373.42,13102
1523836800,373.42,376.81,369.64,375.68,8325
1523923200,375.68,379.07,376.06,377.94,16009
1524009600,379.07,396.05,376.81,392.28,21999
1524096000,396.05,399.82,392.65,397.93,15695
1524355200,397.93,405.85,399.06,401.71,20691
1524441600,407.74,407.74,396.05,396.42,16208
1524528000,397.93,401.33,389.26,389.26,8229
1524614400,392.28,394.16,388.5,392.28,10589
1524700800,396.05,396.05,384.73,388.5,13380
1524960000,382.85,384.73,377.94,382.85,7378
1525219200,382.09,386.62,375.68,380.58,10811
1525305600,381.34,386.62,380.58,380.58,6662
1525564800,379.07,379.45,377.19,379.07,6340
1525651200,380.96,380.96,376.43,376.81,6050
1525737600,379.45,380.96,376.06,380.96,8831
1525824000,380.96,382.47,378.32,378.32,7968
1525910400,378.32,380.96,375.68,378.32,3212
1526256000,378.32,378.7,373.42,377.19,8898
1526342400,377.19,379.83,375.3,377.94,2596
1526428800,377.94,377.94,376.81,377.19,6058
1526515200,379.07,379.07,377.57,377.94,3295
1526774400,385.49,385.49,377.19,378.32,9372
1526860800,377.19,380.96,375.68,376.81,6405
1526947200,377.19,378.32,375.3,375.3,6365
1527033600,375.3,376.81,371.15,372.28,5655
1527120000,372.28,376.81,373.42,373.42,5307
1527379200,373.42,373.42,368.89,372.66,3069
1527465600,373.04,381.71,371.53,381.71,4170
1527552000,379.83,380.96,376.81,376.81,4198
1527638400,377.19,382.09,376.81,377.19,2360
1527724800,379.07,379.07,375.3,377.19,3164
1527984000,377.19,377.19,369.64,369.64,5913
1528070400,365.87,371.53,365.87,369.27,3875
1528243200,376.43,377.19,372.66,373.42,1882
1528329600,373.42,373.42,367.76,367.76,4786
1528588800,365.87,365.87,356.07,360.59,5466
1528675200,360.21,367.76,356.44,360.21,5198
1528761600,362.1,362.1,356.44,360.21,4558
1528848000,362.1,362.1,356.44,360.21,3803
1528934400,362.1,363.23,360.21,361.35,947
1529193600,360.21,361.72,354.56,355.31,3161
1529280000,356.44,360.21,353.43,355.69,2878
1529366400,356.07,356.07,354.56,354.93,1365
1529452800,354.56,356.44,354.56,354.56,3344
1529539200,356.44,356.44,354.56,355.31,2308
1529798400,355.69,355.69,353.05,355.31,4494
1529884800,356.44,356.44,350.78,351.54,4988
1529971200,348.9,351.16,347.77,350.78,1174
1530057600,350.78,352.67,347.39,350.78,5047
1530144000,351.54,360.21,351.16,351.16,2623
1530403200,356.44,356.44,348.9,350.03,4235
1530489600,350.03,350.03,345.88,347.01,2420
1530576000,347.01,349.28,346.26,347.01,5734
1530662400,347.01,347.01,344.37,345.88,6221
1530748800,347.01,350.03,346.64,348.52,12676
1531008000,355.31,359.46,350.03,354.56,12880
1531094400,354.93,354.93,346.26,346.64,11028
1531180800,347.01,349.28,345.88,345.88,3949
1531267200,347.01,350.03,345.88,346.26,9218
1531353600,345.13,347.77,343.62,344.0,5387
1531612800,344.0,347.01,344.0,347.01,5465
1531699200,345.13,347.39,340.6,347.01,10813
1531785600,345.88,345.88,339.09,339.47,64608
1531872000,341.36,341.36,338.34,339.47,28537
1531958400,339.47,341.36,338.71,339.47,36821
1532217600,339.47,339.47,338.34,339.47,6188
1532304000,339.09,339.47,338.71,339.47,11306
1532390400,339.47,341.36,338.71,339.09,20936
1532476800,339.47,339.47,338.34,338.34,7248
1532563200,339.47,342.49,339.09,341.36,13263
1532822400,346.64,346.64,342.86,343.24,5574
1532908800,343.24,344.37,342.11,342.86,5174
1532995200,341.36,343.24,341.36,341.73,5144
1533081600,343.24,343.24,340.98,342.11,5960
1533168000,342.49,342.86,340.98,341.73,5552
1533427200,341.73,342.11,339.47,341.36,6414
1533513600,342.11,342.11,339.47,340.6,6662
1533600000,346.64,346.64,340.98,340.98,2142
1533686400,341.36,343.24,340.6,340.98,2673
1533772800,347.77,347.77,340.98,342.86,3307
1534032000,343.24,343.24,337.21,339.47,6359
1534118400,339.47,342.11,339.47,342.11,5383
1534204800,342.11,342.11,339.47,342.11,6383
1534291200,345.5,354.56,344.37,352.67,17869
1534377600,350.78,364.36,350.78,360.97,17494
1534636800,362.1,363.99,359.84,361.35,11046
1534723200,362.1,362.1,355.31,356.82,9155
1534809600,357.57,357.2,354.56,354.56,4925
1534896000,352.67,356.44,352.67,356.44,2174
1534982400,356.44,356.44,354.93,356.44,4749
1535241600,356.44,357.57,356.07,356.44,5990
1535414400,356.82,358.33,355.69,357.95,6091
1535500800,357.2,357.95,356.44,357.57,3171
1535587200,358.33,359.08,356.44,357.2,5231
1535846400,357.95,359.08,356.82,358.33,7021
1535932800,365.5,365.87,360.21,363.61,7503
1536019200,365.87,366.25,362.48,364.36,8115
1536105600,364.74,367.38,363.99,365.87,10041
1536192000,366.63,371.15,363.23,363.99,16518
1536451200,360.21,367.38,360.21,365.87,7541
1536537600,363.99,364.74,362.1,363.61,7438
1536624000,363.99,365.5,362.1,364.36,6852
1536710400,364.36,364.74,363.99,363.99,4296
1536796800,364.36,365.87,364.36,365.12,5373
1537056000,365.87,367.38,365.12,365.5,9770
1537142400,364.74,365.87,363.99,365.12,1984
1537228800,365.87,365.87,364.36,365.12,5243
1537401600,365.87,365.87,362.1,362.85,6516
1537660800,362.48,363.61,358.33,362.48,3193
1537833600,363.99,363.99,362.1,363.61,4909
1537920000,362.1,365.5,362.1,364.36,9356
1538006400,362.1,365.87,362.1,362.48,3070
1538265600,362.48,362.48,358.33,358.33,7218
1538352000,360.21,360.59,352.29,356.44,2593
1538438400,356.44,358.33,354.56,356.44,3936
1538524800,356.44,356.44,351.54,355.31,5114
1538611200,354.56,361.35,345.5,355.69,5142
1538870400,356.07,356.07,349.65,349.65,5803
1538956800,349.65,356.07,349.65,350.41,3337
1539043200,351.16,354.18,349.65,350.41,2484
1539129600,350.41,351.54,349.65,350.78,4393
1539216000,351.16,353.43,350.41,351.16,5113
1539475200,352.67,354.18,352.67,353.8,1925
1539561600,354.56,360.59,354.56,359.46,1245
1540080000,360.21,360.21,358.33,359.46,193
1540166400,358.71,361.72,358.33,358.71,1928
1540252800,360.21,362.1,358.33,362.1,2006
1540339200,362.1,365.87,360.59,362.85,3191
1540425600,363.23,363.23,360.59,360.59,1044
1540684800,360.59,360.59,354.18,355.31,2511
1540771200,354.18,356.44,354.18,354.56,2862
1540857600,354.56,356.44,354.56,354.56,1768
1540944000,354.93,359.08,354.56,359.08,2427
1541030400,354.56,357.95,354.56,356.82,1572
1541289600,357.2,357.2,353.8,354.56,2099
1541376000,354.18,354.56,352.67,353.8,2736
1542153600,346.64,347.01,345.13,346.64,4373
1542240000,346.64,354.56,346.64,349.28,7548
1542499200,349.65,350.78,345.5,345.5,3113
1542585600,345.88,346.26,342.49,346.26,2568
1542672000,345.88,346.26,340.22,340.22,760
1542758400,340.22,341.73,335.7,341.73,3991
1542844800,341.73,345.13,339.47,339.47,4595
1543104000,339.6,340.98,338.71,338.71,3792
1543190400,339.0,339.0,334.94,334.94,5967
1543276800,335.16,339.09,333.81,335.32,4029
1543363200,335.32,339.47,334.94,335.32,5451
1543449600,335.32,335.7,332.68,332.68,3294
1543708800,332.73,332.73,326.27,326.27,4594
1543795200,326.27,330.04,325.14,325.51,3135
1543881600,325.51,325.51,317.22,324.38,13920
1544054400,320.99,320.99,313.07,320.61,6099
1544313600,320.61,322.87,320.61,321.36,4171
1544400000,321.36,324.38,320.61,321.74,8181
1544486400,321.74,324.38,318.35,322.5,3869
1544572800,322.5,324.38,318.72,320.99,3175
1544659200,320.99,322.5,319.48,319.48,4879
1544918400,319.48,324.0,319.48,321.74,9410
1545004800,321.74,327.78,320.61,325.14,2512
1545091200,325.14,325.14,322.87,323.63,5028
1545177600,323.63,324.38,320.61,320.61,7082
1545264000,320.61,324.38,318.72,320.99,3393
1545523200,320.99,328.15,320.99,328.15,8974
1545609600,328.15,330.42,326.27,327.4,5253
1545696000,327.4,328.15,322.5,325.14,1588
1545782400,325.14,328.15,324.38,325.89,7037
1545868800,325.89,331.93,325.89,326.27,6193
1546128000,326.27,330.79,326.27,326.64,4130
1546214400,326.64,331.55,324.38,324.38,7285
1546300800,324.38,325.51,320.99,320.99,5002
1546387200,320.99,324.0,320.61,320.61,5122
1546473600,320.61,322.5,317.22,317.22,9928
1546732800,317.22,319.86,314.95,315.71,7310
1546905600,314.95,316.46,314.95,315.71,3971
1546992000,315.71,316.84,314.57,314.57,4380
1547078400,314.57,319.86,314.57,314.95,5480
1547337600,314.95,320.99,314.95,316.08,3132
1547424000,316.08,318.35,313.07,315.33,4045
1547510400,315.33,317.59,314.57,317.59,2708
1547596800,317.59,323.63,317.22,318.72,2960
1547683200,318.72,318.72,315.33,318.35,2128
1547942400,318.35,320.61,318.35,320.61,2650
1548028800,320.61,319.86,315.33,317.97,3420
1548115200,317.97,318.72,317.22,317.59,1670
1548201600,317.59,320.61,316.08,316.08,4189
1548288000,316.08,317.97,316.08,316.84,2567
1548547200,316.84,317.22,313.82,316.08,3910
1548633600,316.08,316.08,313.82,314.57,2227
1548720000,314.57,314.95,313.07,313.07,6286
1548806400,313.07,317.22,313.07,315.71,3605
1548892800,315.71,318.35,315.71,317.22,4408
1549152000,317.59,318.72,316.84,317.22,4165
1549238400,315.71,317.22,311.18,312.69,5154
1549324800,312.69,314.95,312.69,313.07,2150
1549411200,311.18,313.07,311.18,312.31,3267
1549497600,312.31,314.95,311.56,313.44,3757
1549756800,313.07,313.44,309.29,310.8,2399
1549843200,313.07,313.07,310.43,311.18,3879
1549929600,311.56,313.07,311.18,311.18,2448
1550016000,313.07,313.07,308.54,310.05,3151
1550102400,309.29,311.18,308.54,308.54,2494
1550361600,312.69,312.69,304.39,304.39,6470
1550448000,307.41,307.41,293.45,295.34,29718
1550534400,299.11,299.86,292.7,299.11,7663
1550620800,299.11,299.11,294.21,297.6,9080
1550707200,298.73,302.88,297.6,302.88,17561
1550966400,305.52,305.52,298.73,299.86,15486
1551052800,299.86,301.37,297.6,299.49,31622
1551139200,295.72,299.49,286.42,290.22,9887
1551225600,289.8,291.07,287.69,290.22,4794
1551571200,291.49,291.91,287.27,288.11,8715
1551744000,288.11,291.49,287.69,288.53,6279
1551830400,288.53,290.65,287.27,289.8,10200
1551916800,291.07,291.49,289.38,290.65,7555
1552089600,291.07,291.49,289.8,291.49,1672
1552176000,291.07,291.49,289.8,291.49,1672
1552262400,293.18,295.72,291.91,294.03,16082
1552348800,297.83,303.74,294.03,303.74,12424
1552435200,306.28,308.81,302.05,302.05,11208
1552521600,303.74,304.16,299.1,302.05,3812
1552780800,302.05,308.39,302.05,305.01,9881
1552867200,306.7,308.39,305.01,305.01,9174
1552953600,305.01,305.85,303.32,305.43,1020
1553126400,305.01,305.01,299.1,299.94,8927
1553385600,304.59,304.59,299.52,300.78,5859
1553472000,299.52,302.47,299.52,300.78,7028
1553558400,299.94,300.78,298.25,300.78,3898
1553644800,300.78,302.05,299.52,299.52,9163
1553731200,299.1,303.74,299.1,301.63,5004
1553990400,302.05,302.9,298.67,300.78,7019
1554076800,301.21,301.63,299.52,300.78,11973
1554163200,301.21,303.32,299.94,302.9,15403
1554249600,308.81,308.81,300.78,305.85,14196
1554336000,305.85,307.54,303.32,307.12,8188
1554595200,308.39,309.23,304.59,309.23,23725
1554681600,309.23,318.95,308.39,312.61,23599
1554768000,313.04,316.84,312.61,313.88,12325
1554854400,316.42,316.42,310.5,312.61,8232
1554940800,313.46,313.88,310.92,310.92,7882
1555286400,310.92,315.15,310.92,315.15,3377
1555372800,316.42,326.55,315.57,323.6,6057
1555459200,323.6,329.51,323.6,326.55,11183
1555545600,331.62,342.18,331.62,342.18,15287
1555804800,344.3,366.26,344.3,365.84,28899
1555891200,371.76,380.21,366.69,371.76,29675
1555977600,369.64,375.98,362.89,372.18,15000
1556064000,372.18,377.67,365.0,370.91,6811
1556150400,375.98,378.09,370.49,371.76,9441
1556409600,373.87,376.4,368.8,368.8,9506
1556496000,369.64,371.76,365.84,366.69,8403
1556582400,367.95,367.95,359.51,361.62,7584
1556755200,359.08,361.2,356.97,357.82,6201
1557014400,356.13,356.55,350.63,352.75,9479
1557100800,356.97,361.2,352.32,359.51,8355
1557187200,361.62,367.11,359.08,359.08,8243
1557273600,361.2,361.2,354.86,357.39,7578
1557360000,364.15,364.15,354.01,355.28,2950
1557619200,355.28,356.97,351.06,355.28,3539
1557705600,356.97,361.2,355.28,356.55,2652
1557792000,354.86,359.08,353.59,358.24,3614
1557878400,358.24,363.31,356.55,359.51,5163
1557964800,359.51,362.46,356.97,356.97,6365
1558224000,361.2,361.2,351.06,356.13,6356
1558310400,358.66,358.66,350.63,350.63,5507
1558396800,350.21,354.86,349.37,354.86,4169
1558483200,361.62,361.62,352.75,355.28,1981
1558569600,356.13,356.97,352.75,355.28,5508
1558828800,362.04,362.04,352.75,354.86,5463
1558915200,352.75,354.86,352.75,354.86,2539
1559001600,350.63,356.55,350.63,353.17,2822
1559088000,354.86,354.86,353.59,354.86,3151
1559174400,361.62,372.6,357.82,357.82,9146
1559433600,358.24,358.24,351.48,352.32,6077
1559520000,352.75,352.75,350.63,351.9,2874
1559606400,356.13,356.13,350.21,350.21,3935
1559779200,351.48,351.48,348.94,349.79,4877
1560124800,346.41,355.7,346.41,348.94,4518
1560211200,348.52,348.94,346.41,347.25,8030
1560297600,345.56,347.68,344.3,346.41,8943
1560384000,346.41,352.32,345.56,349.37,9849
1560643200,346.41,347.25,343.45,343.87,13511
1560729600,343.87,344.72,340.92,344.72,10347
1560816000,344.72,344.72,340.5,343.87,8230
1560902400,350.21,350.21,339.23,343.87,3158
1560988800,343.87,343.87,340.07,343.03,4301
1561248000,346.41,346.41,339.65,340.07,5595
1561334400,340.92,341.34,338.81,341.34,3446
1561420800,340.07,342.18,337.96,342.18,4883
1561507200,342.18,342.18,338.81,339.65,7826
1561593600,340.07,344.3,337.54,337.96,12955
1561852800,340.5,340.5,331.62,331.62,28406
1561939200,330.78,331.62,329.51,331.62,8539
1562025600,329.93,331.62,327.4,331.2,9500
1562112000,332.47,337.54,327.4,335.85,7949
1562198400,336.27,337.96,335.85,337.12,10401
1562457600,337.96,340.07,333.74,333.74,6481
1562544000,333.74,333.74,331.62,332.47,4253
1562630400,332.47,340.5,332.05,340.5,11678
1562716800,339.23,344.3,338.38,342.61,9931
1562803200,343.45,348.1,343.45,347.68,8966
1563062400,348.1,349.37,346.41,348.52,3781
1563148800,348.94,351.9,337.54,337.54,30861
1563235200,354.01,354.01,334.58,337.96,25920
1563321600,337.96,343.87,337.96,343.45,17512
1563408000,346.41,346.41,341.34,343.03,15304
1563667200,341.34,342.18,337.96,338.38,19195
1563753600,342.18,345.99,339.23,340.07,19698
1563840000,342.18,342.18,338.81,341.34,13387
1563926400,344.3,344.3,340.07,343.03,17884
1564012800,340.92,342.61,337.96,340.07,11336
1564272000,341.34,341.34,336.27,336.69,17431
1564358400,337.96,340.07,337.12,339.23,10970
1564444800,339.23,340.07,337.96,338.38,10926
1564531200,337.96,340.07,337.96,337.96,9199
1564617600,338.81,340.07,337.96,338.38,11281
1564876800,338.81,339.23,336.27,337.54,11095
1564963200,335.85,337.96,335.85,337.96,9946
1565049600,335.85,335.85,333.31,333.74,13321
1565136000,333.74,335.85,331.2,333.74,9174
1565222400,335.43,336.27,332.47,333.74,10432
1565481600,332.89,332.89,329.93,331.2,9920
1565568000,330.36,332.89,330.36,330.78,5650
1565654400,331.62,331.62,329.93,330.36,6190
1565740800,331.2,331.2,327.4,329.09,11640
1565827200,330.36,331.62,329.51,331.2,13055
1566086400,333.74,333.74,329.09,329.09,12387
1566172800,323.17,331.2,327.82,328.67,10297
1566259200,330.36,330.36,328.24,328.67,12518
1566345600,328.24,329.09,327.4,328.67,13659
1566432000,328.67,329.93,328.24,328.24,7473
1566691200,325.71,329.51,325.71,327.82,7386
1566777600,327.82,327.82,321.06,327.4,23330
1566864000,326.13,329.51,325.71,328.67,5949
1566950400,329.51,333.74,325.29,325.29,4274
1567036800,325.71,327.4,324.44,325.29,9213
1567296000,325.71,326.13,324.02,324.86,9261
1567382400,324.86,324.86,319.37,320.22,6969
1567468800,320.22,327.4,316.84,326.98,8894
1567555200,329.51,329.93,325.29,328.24,15241
1567641600,334.58,334.58,328.24,329.51,8861
1567900800,328.67,329.93,327.4,327.82,9562
1567987200,327.4,328.67,325.29,327.82,4931
1568073600,326.13,327.4,324.02,324.86,7569
1568160000,323.17,326.13,323.17,326.13,4673
1568246400,325.29,325.71,323.17,325.29,10514
1568505600,325.29,327.4,320.64,320.64,6359
1568592000,319.37,319.37,313.46,313.46,10591
1568678400,314.73,323.6,314.73,316.84,10137
1568764800,323.17,329.51,321.91,327.4,7924
1568851200,331.2,331.2,325.29,325.29,13287
1569110400,324.44,325.29,321.91,323.17,7591
1569196800,321.48,324.44,321.06,321.06,6194
1569283200,321.06,321.06,319.8,321.06,7998
1569456000,321.06,321.91,318.95,320.64,3989
1569715200,321.06,321.06,317.26,317.68,3598
1569801600,321.06,321.06,318.53,321.06,4706
1569888000,322.33,328.24,321.48,326.13,2719
1569974400,328.24,329.51,325.29,326.13,4486
1570060800,328.67,328.67,324.86,324.86,5226
1570665600,323.17,326.55,323.17,325.29,728
1571011200,325.29,325.29,319.8,323.17,16518
1571097600,323.17,323.17,321.06,322.33,4973
1571184000,324.44,324.44,318.53,321.91,4902
1571270400,321.91,323.17,320.64,321.06,8157
1571529600,323.6,323.6,319.37,319.8,4145
1571616000,319.8,322.75,318.95,320.22,6056
1571702400,320.22,321.91,318.53,319.37,17493
1571788800,319.37,323.17,319.37,321.91,3122
1571875200,323.17,324.44,318.95,324.44,8808
1572480000,324.44,324.44,318.11,321.48,6352
1572739200,321.06,321.06,317.68,321.06,8041
1572825600,322.75,329.51,321.91,324.44,25965
1572912000,327.4,328.24,322.33,325.29,16182
1572998400,326.98,326.98,323.17,324.44,13493
1573084800,326.13,326.13,318.95,318.95,23312
1573344000,321.06,322.33,318.11,318.95,10153
1573430400,320.64,323.17,316.84,318.11,15505
1573516800,321.06,323.17,316.42,316.84,21447
1573603200,316.84,318.95,316.84,316.84,6681
1573689600,316.84,318.53,316.42,316.42,3797
1573948800,318.11,318.95,314.73,318.95,7383
1574035200,318.95,319.37,316.84,318.95,23592
1574121600,318.95,318.95,316.84,318.11,18207
1574208000,318.95,321.06,316.84,316.84,29088
1574294400,316.84,316.84,312.19,312.61,7681
1574553600,312.19,313.46,308.39,308.39,12391
1574640000,308.81,309.23,307.12,307.12,10567
1574726400,306.7,310.5,306.28,308.39,8682
1574812800,308.81,310.5,307.97,309.23,18463
1574899200,309.23,309.66,305.85,306.28,15634
1575158400,306.28,308.39,305.43,305.43,24232
1575244800,306.7,306.7,305.43,306.28,6572
1575331200,307.54,308.39,306.28,306.28,9589
1575417600,307.12,307.97,306.28,306.28,9772
1575504000,308.39,311.35,307.54,308.39,13130
1575763200,312.19,312.19,306.28,307.97,11013
1575849600,308.39,316.42,308.39,310.92,5466
1575936000,310.92,314.73,310.92,313.88,4466
1576022400,314.73,316.84,313.88,315.57,8847
1576108800,316.84,317.26,314.3,316.42,16206
1576368000,318.95,318.95,315.99,317.68,9306
1576454400,316.84,316.84,311.35,311.35,11742
1576540800,315.15,315.57,312.19,313.88,9416
1576627200,315.99,316.84,313.46,315.99,15298
1576713600,316.42,318.95,316.42,318.11,15015
1576972800,318.95,321.06,316.84,319.37,34362
1577059200,321.06,321.91,316.84,316.84,66023
1577145600,313.22,317.01,312.28,315.59,22863
1577232000,314.64,316.53,314.64,316.53,12220
1577318400,315.59,320.32,314.64,319.85,14538
1577577600,320.79,321.27,318.43,318.9,14830
1577664000,318.43,325.05,318.43,319.37,17063
1577750400,321.27,322.68,319.85,322.21,15116
1577836800,323.16,326.47,321.74,326.47,10882
1577923200,325.52,326.47,323.63,324.1,20018
1578182400,326.47,330.73,326.47,329.78,17152
1578268800,331.2,338.3,331.2,337.35,23487
1578355200,343.03,347.29,340.19,341.61,24397
1578441600,343.03,343.03,338.3,341.14,17879
1578528000,336.41,342.08,336.41,338.77,9624
1578787200,341.61,344.45,340.66,343.5,30359
1578873600,347.29,354.39,343.5,345.4,40571
1578960000,347.76,347.76,338.77,345.4,12535
1579046400,347.76,351.55,346.82,350.13,11175
1579132800,350.13,359.12,350.13,355.33,26914
1579392000,359.59,362.43,358.17,361.48,22863
1579478400,368.58,369.05,357.22,359.59,25306
1579564800,362.9,362.9,354.39,357.22,18428
1579651200,354.86,357.7,352.49,352.49,12755
1579737600,352.49,352.49,341.61,343.98,19663
1579996800,343.98,343.98,335.46,335.93,20742
1580083200,336.88,344.92,334.04,340.66,17628
1580169600,347.29,347.76,343.03,343.03,15203
1580256000,343.98,346.34,341.14,342.56,10541
1580342400,342.56,348.71,342.56,348.23,14728
1580601600,350.13,356.75,350.13,355.8,37634
1580688000,358.17,358.64,346.82,349.18,33172
1580774400,350.6,352.02,346.34,349.65,27241
1580860800,349.65,349.65,347.29,347.29,20827
1580947200,347.76,350.13,343.5,343.5,15362
1581206400,346.34,346.34,340.66,341.14,18422
1581292800,343.03,343.98,338.77,340.66,23380
1581379200,338.77,345.4,338.3,342.08,27491
1581465600,344.92,344.92,341.14,341.61,11735
1581552000,343.03,343.98,341.14,342.08,16258
1581811200,343.5,343.5,340.19,342.56,17985
1581897600,349.18,358.17,344.45,354.86,51893
1581984000,361.48,361.96,352.02,356.28,47604
1582070400,355.8,356.28,352.97,355.33,23379
1582156800,355.33,357.22,352.97,357.22,21585
1582416000,358.64,380.41,358.64,373.78,65129
1582502400,373.78,388.45,374.26,378.52,93540
1582588800,380.88,385.14,368.58,385.14,37640
1582675200,392.71,414.0,391.76,411.64,83212
1582761600,407.38,451.85,399.81,451.85,167082
1583020800,451.85,473.14,442.86,444.76,163043
1583107200,438.13,444.28,402.17,402.17,68203
1583193600,402.17,430.56,385.61,420.15,150206
1583280000,420.15,420.15,396.5,400.75,107177
1583366400,393.18,403.12,384.67,397.44,78904
1583798400,389.87,389.87,367.16,367.16,60824
1583884800,374.26,388.92,362.43,385.61,83501
1583971200,393.18,393.18,370.95,373.78,65403
1584230400,369.05,372.36,353.91,354.86,70304
1584316800,350.6,361.48,342.08,354.86,55501
1584403200,361.96,361.96,341.14,345.87,46620
1584489600,345.87,349.65,331.2,338.3,43091
1584576000,331.67,350.13,326.47,345.4,55806
1584835200,352.02,352.02,331.2,331.67,15101
1589241600,325.05,325.05,321.74,321.74,2295
1589328000,315.59,315.59,312.28,312.28,435
1593388800,296.66,311.8,281.05,312.28,40720
1593475200,317.01,343.5,317.01,343.03,8769
1593561600,343.03,364.32,343.03,364.32,15536
1593648000,371.42,371.42,332.15,340.66,21024
1593907200,341.61,347.29,330.73,344.92,59244
1593993600,343.03,350.13,338.3,348.71,32963
1594080000,354.86,355.33,350.13,352.02,41752
1594166400,355.8,357.7,345.4,350.6,30143
1594252800,352.49,354.39,343.03,351.07,30119
1594512000,357.7,364.32,352.97,353.44,27529
1594598400,360.06,363.85,350.6,351.07,28339
1594684800,357.7,359.59,351.07,352.49,29973
1594771200,354.86,361.96,352.02,361.96,43439
1594857600,366.69,373.78,366.21,373.78,38787
1595116800,380.88,411.16,380.88,411.16,711
1595203200,431.51,451.85,386.09,415.89,118430
1595289600,418.73,419.21,405.48,409.27,69536
1595376000,406.9,414.0,400.28,400.28,51597
1595462400,400.28,404.07,393.18,402.17,55386
1595721600,406.9,411.64,403.59,407.38,58534
1595808000,411.64,417.31,406.9,407.85,101044
1595894400,412.58,412.58,404.07,404.07,51916
1595980800,404.54,404.54,397.44,399.81,45527
1596067200,398.39,404.07,397.44,402.65,41463
1596326400,397.44,402.17,387.98,387.98,63388
1596412800,382.77,391.76,382.3,389.87,42609
1596585600,389.87,389.87,383.25,389.87,47216
1596672000,406.43,406.43,378.99,385.14,21551
1596931200,385.61,385.61,378.52,384.67,36927
1597017600,390.34,397.44,383.25,393.66,47830
1597104000,400.75,400.75,390.34,392.71,29776
1597190400,399.33,399.33,388.45,395.55,23975
1597276800,414.95,414.95,387.98,390.34,36200
1597536000,395.08,395.08,383.25,388.92,29088
1597622400,388.92,389.87,385.61,388.92,16623
1597708800,394.13,397.44,389.87,392.71,20561
1597795200,385.61,390.34,385.14,388.92,17216
1597881600,384.19,388.92,384.19,386.56,10175
1598140800,389.87,389.87,385.14,389.87,14020
1598227200,394.13,395.08,390.34,392.71,22795
1598313600,396.97,397.44,389.4,392.71,23396
1598400000,396.97,402.17,392.71,397.91,44021
1598486400,397.91,404.54,397.91,399.81,23000
1598745600,399.81,402.17,395.08,396.97,11698
1598832000,397.44,400.28,393.66,396.97,49117
1599004800,396.97,409.74,396.97,405.96,68044
1599091200,407.38,408.8,401.7,406.9,54696
1599350400,427.25,427.25,404.07,404.54,56147
1599436800,408.32,408.32,398.39,401.7,19865
1599523200,405.96,405.96,397.44,400.28,21968
1599609600,400.28,400.28,396.97,399.33,36262
1599696000,401.7,410.69,399.33,399.81,26342
1599955200,404.54,404.54,399.81,401.7,32114
1600041600,404.54,411.64,403.12,405.01,32379
1600128000,396.97,408.8,403.59,405.01,28117
1600214400,405.96,405.96,402.17,403.59,15690
1600300800,403.59,409.27,402.65,406.43,30609
1600560000,414.47,423.46,411.64,416.37,72747
1600646400,422.05,422.05,414.47,417.79,61628
1600732800,420.15,421.1,411.64,412.58,51322
1600819200,409.74,414.95,409.74,413.53,30912
1600905600,409.74,414.95,409.74,414.0,23476
1601164800,416.37,417.79,411.64,413.53,23447
1601251200,418.73,418.73,410.69,412.11,17676
1601337600,414.0,414.0,407.85,408.8,20446
1601424000,408.8,414.0,405.48,406.43,22250
1601510400,406.9,411.16,406.9,410.22,30640
1601769600,421.1,423.46,414.0,416.37,52437
1601856000,418.73,420.63,412.58,414.47,22147
1601942400,415.42,418.73,412.58,414.95,16257
1602028800,416.37,417.31,410.69,412.58,26029
1602115200,416.37,417.31,409.74,411.16,27048
1602374400,410.69,411.64,408.8,409.74,24647
1602460800,406.9,409.27,406.9,408.8,19390
1602547200,409.27,409.27,407.38,408.8,15218
1602633600,408.8,409.27,406.43,406.9,29183
1602720000,386.56,412.58,386.56,406.9,25564
1602979200,406.9,413.53,406.43,406.43,18801
1603065600,406.9,410.69,406.9,408.32,11214
1603152000,409.27,412.58,407.85,410.69,11628
1603238400,411.64,418.26,411.64,416.37,30592
1603324800,421.1,422.52,416.37,418.73,46895
1603843200,423.46,427.25,422.05,427.25,59283
1603929600,448.54,448.54,424.88,426.78,51398
1604188800,426.78,426.78,421.1,422.99,40311
1604275200,421.57,424.41,418.26,419.21,29989
1604361600,424.41,424.41,418.26,420.15,15950
1604448000,418.73,421.1,418.26,420.15,20507
1604534400,421.1,421.1,414.0,416.37,34927
1604793600,416.37,416.37,408.8,411.64,72463
1604880000,409.74,412.58,405.96,407.85,90972
1604966400,411.64,421.1,409.27,415.89,29034
1605052800,423.94,423.94,412.58,417.79,41751
1605139200,421.1,421.57,417.79,419.68,30444
1605657600,421.1,428.2,420.15,426.3,61321
1605744000,428.67,450.91,425.83,428.2,94311
1606003200,435.29,466.05,435.29,456.58,223043
1606089600,458.95,470.31,458.48,462.74,75761
1606176000,473.14,473.14,454.22,459.9,58491
1606262400,464.15,486.39,459.9,484.97,232466
1606348800,496.8,539.86,496.8,534.65,343732
1606608000,544.12,567.77,539.86,560.68,283683
1606694400,588.59,588.59,544.12,548.37,196359
1606780800,544.12,551.21,527.56,529.45,177245
1606867200,529.92,542.7,518.57,532.29,202030
1606953600,523.3,565.88,523.3,539.38,159437
1607212800,531.34,541.75,510.05,510.05,161986
1607299200,506.26,542.7,500.11,528.98,164879
1607385600,539.38,549.79,527.56,531.81,113499
1607472000,532.29,537.02,518.09,520.93,77270
1607558400,527.56,533.23,517.62,529.92,86977
1607817600,503.43,551.21,503.43,548.37,110589
1607904000,554.53,590.48,548.85,580.55,273113
1607990400,572.51,611.78,568.72,586.7,161533
1608076800,586.7,593.32,567.77,590.48,149009
1608163200,591.43,593.8,581.02,584.33,101916
1608422400,586.7,589.54,555.94,570.14,323164
1608508800,558.31,584.81,548.85,582.44,263971
1608595200,611.3,640.64,611.3,640.64,48213
1608681600,662.4,704.51,662.4,704.51,187508
1608768000,733.37,733.37,663.82,674.23,425873
1609027200,674.23,686.06,653.41,654.83,289737
1609113600,652.94,660.04,643.48,652.47,176237
1609200000,652.94,662.4,652.94,655.78,381895
1609286400,682.18,699.87,661.97,695.44,240703
1609372800,701.13,713.76,694.81,694.81,126022
1609632000,694.81,713.76,682.18,710.6,152668
1609718400,716.92,717.55,696.08,701.76,91228
1609804800,701.76,706.18,691.65,692.92,90991
1609891200,692.92,697.34,685.97,692.29,76530
1609977600,658.18,702.39,658.18,689.13,77627
1610236800,691.65,716.29,691.65,711.24,182457
1610323200,746.61,746.61,707.45,710.6,67113
1610409600,682.81,726.4,682.81,720.08,78962
1610496000,713.76,724.5,713.76,715.03,48737
1610841600,720.08,720.08,705.55,712.5,54196
1610928000,745.34,745.34,704.29,712.5,79293
1611014400,745.34,745.34,702.39,705.55,65561
1611100800,740.29,740.29,694.81,696.71,85123
1611187200,694.81,701.13,691.65,700.5,108401
1611446400,707.45,719.45,700.5,704.29,128981
1611532800,704.29,761.14,701.13,742.82,287254
1611619200,751.66,754.19,735.87,737.76,133717
1611705600,711.24,749.13,711.24,746.61,97355
1611792000,746.61,746.61,713.13,723.24,138051
1612051200,687.23,723.24,687.23,701.13,106925
1612137600,672.71,727.03,672.71,707.45,60104
1612224000,713.76,720.08,707.45,713.13,78197
1612310400,726.4,732.71,701.13,707.45,100026
1612396800,726.4,726.4,701.76,704.92,82322
1612656000,704.92,710.6,701.76,703.66,121996
1612742400,713.76,745.34,704.29,735.87,281400
1612828800,699.23,756.08,699.23,734.61,132993
1612915200,732.71,751.03,727.66,742.82,130150
1613001600,745.34,789.56,739.03,766.19,317291
1613260800,776.93,784.51,757.98,771.24,168891
1613347200,776.93,838.83,776.93,834.41,524258
1613433600,840.09,875.46,836.3,862.2,388814
1613520000,905.15,905.15,852.72,878.62,295552
1613606400,884.31,887.47,857.78,863.46,188406
1613865600,906.42,906.42,843.25,855.88,180791
1613952000,859.04,859.04,833.14,833.14,182067
1614038400,821.14,848.94,812.3,843.25,285817
1614124800,852.72,868.52,840.09,852.72,143200
1614211200,859.04,869.78,829.99,835.04,163157
1614470400,835.04,836.93,812.93,818.62,176137
1614556800,795.24,830.62,795.24,829.99,102909
1614643200,833.78,835.67,789.56,804.72,133848
1614729600,794.61,802.19,774.4,785.77,152652
1614816000,800.93,829.99,795.88,821.14,155720
1615161600,821.14,824.3,802.82,811.67,67034
1615248000,821.14,821.14,798.4,805.35,81515
1615334400,845.15,845.15,790.82,792.72,69416
1615680000,789.56,789.56,761.14,767.45,169858
1615766400,763.03,774.4,751.66,761.14,163239
1615852800,723.24,773.77,723.24,762.4,115007
1615939200,767.45,773.14,757.98,769.98,96573
1616025600,807.88,807.88,767.45,785.14,91022
1616284800,789.56,804.72,789.56,795.88,110107
1616371200,802.82,817.98,781.98,785.77,93451
1616457600,786.4,786.4,776.3,779.45,55201
1616544000,789.56,793.98,776.93,782.61,53495
1616630400,787.03,792.72,771.24,775.03,55649
1616976000,775.03,785.14,775.03,778.19,51438
1617062400,778.19,783.24,776.93,780.72,97016
1617148800,782.61,824.3,781.98,817.35,187475
1617235200,817.35,832.51,808.51,810.4,107609
1617494400,850.83,850.83,816.72,831.25,183452
1617580800,830.62,841.36,823.04,830.62,117881
1617667200,829.99,836.3,821.14,828.09,103143
1617753600,827.46,842.62,827.46,831.88,98854
1617840000,836.93,845.78,831.25,840.09,134432
1618185600,843.88,859.04,833.78,851.46,182723
1618272000,809.14,872.31,809.14,871.67,209373
1618444800,915.26,915.26,852.72,865.36,168272
1618704000,865.36,865.36,840.09,843.25,173524
1618790400,849.57,849.57,827.46,832.51,142099
1618876800,832.51,848.94,824.3,830.62,120001
1618963200,871.67,871.67,814.83,817.35,109757
1619049600,817.98,825.56,808.51,819.88,125239
1619308800,859.67,859.67,792.72,802.19,165129
1619395200,789.56,809.14,776.93,780.09,156529
1619481600,777.56,808.51,777.56,807.88,107145
1619568000,788.93,821.14,788.93,798.4,84413
1619654400,799.67,805.35,793.98,802.19,75819
1619913600,817.98,817.98,799.03,805.35,93567
1620000000,821.14,823.67,805.35,811.04,117310
1620086400,820.51,820.51,802.82,804.72,80193
1620172800,814.83,814.83,799.03,799.67,67433
1620259200,804.09,804.09,795.88,799.03,60497
1620518400,799.03,804.72,789.56,795.24,94346
1620604800,798.4,804.09,792.72,795.88,67445
1620691200,793.35,804.72,793.35,799.03,95404
1620777600,799.03,805.35,795.24,797.14,94423
1620864000,802.19,802.19,795.88,800.3,76245
1621123200,799.03,821.14,799.03,813.56,165718
1621209600,820.51,833.78,820.51,826.2,103727
1621296000,867.25,867.25,823.67,826.2,73064
1621382400,867.25,867.25,814.83,822.41,103756
1621468800,846.41,846.41,809.77,821.14,65407
1621728000,805.35,829.35,805.35,828.72,107284
1621814400,869.78,869.78,827.46,833.78,127131
1621900800,812.3,839.46,812.3,824.93,85759
1622073600,821.14,822.41,809.77,817.35,108286
1622332800,817.35,831.25,817.35,821.14,90621
1622419200,821.14,828.72,809.77,811.67,123090
1622505600,811.67,817.98,799.03,816.09,110156
1622592000,856.51,856.51,799.03,816.72,60397
1622678400,792.72,834.41,792.72,826.83,175139
1622937600,867.88,867.88,833.78,840.09,193387
1623024000,852.72,852.72,826.2,831.25,148222
1623110400,825.56,834.41,825.56,830.62,120498
1623196800,871.67,871.67,814.19,827.46,148864
1623283200,837.57,837.57,820.51,823.67,132428
1623542400,824.3,828.72,821.14,823.67,142630
1623628800,823.67,840.09,821.77,826.83,176408
1623715200,867.88,867.88,817.98,828.72,110411
1623801600,828.72,846.41,823.04,826.2,94402
1623888000,826.2,830.62,821.14,826.83,92288
1624147200,828.72,828.72,814.83,819.25,117221
1624233600,821.14,823.67,811.04,811.67,129080
1624320000,811.67,821.14,808.51,819.88,106023
1624406400,860.3,860.3,813.56,815.46,94681
1624492800,821.14,821.14,808.51,812.3,80446
1624752000,789.56,824.93,789.56,819.88,81126
1624838400,842.62,842.62,819.25,822.41,66695
1624924800,827.46,827.46,817.98,818.62,62112
1625011200,778.19,830.62,778.19,818.62,69882
1625097600,818.62,824.3,816.72,819.25,41519
1625356800,821.14,824.3,818.62,819.88,47249
1625443200,859.04,859.04,817.98,819.25,46953
1625529600,796.51,823.04,796.51,821.77,68703
1625616000,826.83,826.83,819.25,820.51,66773
1625702400,852.72,852.72,819.25,831.88,90493
1625961600,831.88,854.62,831.88,849.57,192294
1626048000,884.31,884.31,836.3,845.15,162964
1626134400,805.35,855.88,805.35,850.83,136946
1626220800,852.72,857.78,840.09,852.09,101853
1626307200,852.72,859.67,852.09,858.41,87922
1626566400,864.09,909.57,864.09,909.57,272476
1626652800,927.26,943.05,915.89,916.52,226566
1626739200,934.84,941.16,903.26,918.42,113294
1626912000,918.42,924.1,915.26,921.57,147151
1627171200,939.89,947.47,928.52,947.16,171727
1627257600,947.47,956.95,934.84,942.42,196175
1627344000,923.6,947.47,905.15,940.52,211397
1627430400,947.47,947.47,934.84,936.1,84254
1627516800,936.1,941.16,931.74,932.94,80443
1627776000,943.68,943.68,926.31,934.84,75284
1627862400,934.84,944.31,934.52,939.26,59355
1627948800,947.47,947.47,938.0,941.16,58914
1628035200,947.47,947.47,939.89,940.46,63649
1628121600,941.16,946.84,936.17,939.89,54477
1628380800,940.52,949.37,939.89,943.68,88896
1628467200,946.84,946.84,941.16,943.68,51624
1628553600,944.95,961.37,941.16,955.05,131079
1628640000,960.11,972.74,955.18,956.32,76570
1628726400,956.32,966.42,940.33,959.47,61561
1628985600,960.11,963.26,931.68,950.63,247612
1629072000,969.58,985.37,946.84,952.15,201928
1629158400,958.84,958.84,940.52,944.31,216309
1629244800,947.47,950.63,938.0,944.31,119338
1629331200,947.47,948.1,938.0,941.16,106885
1629763200,946.84,946.84,932.94,932.94,108363
1629849600,934.21,934.21,914.63,921.57,120921
1629936000,922.21,934.9,910.2,915.89,159476
1630195200,903.26,927.89,892.52,905.15,183055
1630368000,905.15,905.15,885.57,896.31,126285
1630454400,906.42,913.36,889.36,896.94,124665
1630540800,897.26,909.57,893.15,895.68,105395
1630800000,896.94,896.94,866.62,876.73,177307
1630886400,877.99,912.73,871.67,910.84,134284
1630972800,919.05,928.52,896.31,903.19,79191
1631059200,903.19,903.26,886.83,893.78,59583
1631145600,890.62,896.94,890.62,890.62,70348
1631404800,893.78,913.99,890.62,909.57,75225
1631491200,927.76,936.1,909.57,919.05,210616
1631577600,930.42,930.42,912.73,917.78,46726
1631664000,928.52,928.52,909.57,912.73,37192
1631750400,903.26,909.57,889.36,899.78,108701
1632096000,904.52,909.57,871.67,879.89,132043
1632182400,879.89,893.78,849.57,877.36,148677
1632268800,893.78,900.1,884.31,899.72,79284
1632355200,910.27,919.05,903.26,908.31,136670
1632614400,915.89,925.36,901.36,903.89,116113
1632700800,906.42,906.42,886.2,893.78,47830
1632787200,893.78,893.78,871.67,881.15,86659
1632873600,896.94,896.94,871.04,889.36,58596
1632960000,892.52,896.31,884.94,888.73,47037
1633219200,903.19,903.19,879.89,881.15,55819
1633305600,879.25,888.73,865.36,882.41,60200
1633392000,890.62,890.62,880.52,890.62,44358
1633478400,890.62,917.78,890.62,912.67,57353
1633824000,923.85,947.47,923.85,931.05,77855
1633910400,949.37,949.37,909.51,915.89,118043
1634428800,934.21,951.89,925.36,936.1,56389
1634515200,936.1,936.1,914.63,927.26,67707
1634601600,912.73,915.89,897.0,903.89,77881
1634688000,921.95,934.21,903.26,922.21,65244
1634774400,922.21,934.84,913.99,929.15,65682
1635033600,929.79,934.21,923.47,929.09,54884
1635120000,947.66,947.66,928.71,945.58,78485
1635206400,950.95,996.74,946.21,991.06,225327
1635292800,991.06,1023.27,984.74,1014.43,270557
1635379200,1016.95,1022.64,1007.48,1009.37,141749
1635638400,1010.64,1029.52,993.58,998.0,176045
1635724800,998.0,1023.27,979.69,1023.27,215086
1635811200,1042.22,1042.22,1006.85,1015.69,131659
1635897600,1035.97,1099.07,1035.97,1044.11,705430
1636329600,1048.54,1048.54,1013.8,1019.92,186984
1636416000,1019.92,1019.92,991.69,997.37,188332
1636588800,997.37,998.0,972.74,979.05,199932
1636848000,991.69,994.85,972.74,977.79,107590
1636934400,980.32,995.48,972.74,972.74,104146
1637020800,979.05,988.53,976.59,984.74,74044
1637107200,991.69,991.69,977.79,982.84,99187
1637193600,1002.49,1002.49,976.53,977.16,89460
1637452800,985.37,988.53,971.47,975.26,75509
1637539200,975.26,982.15,972.74,976.53,80745
1637625600,979.05,979.05,967.68,970.84,62286
1637712000,975.9,979.05,964.53,975.9,54975
1637798400,977.16,979.05,969.58,971.47,64950
1638057600,971.47,971.47,960.11,962.0,85621
1638144000,962.0,966.42,952.53,963.89,60022
1638230400,969.58,969.58,959.28,960.74,52965
1638316800,969.77,969.77,962.0,962.76,36610
1638403200,962.76,966.42,953.16,955.05,60311
1638662400,956.32,956.32,929.15,931.05,108142
1638748800,912.73,944.31,893.78,938.0,118177
1638835200,956.25,956.32,931.68,931.68,60813
1638921600,931.68,934.84,915.89,920.18,47379
1639008000,919.68,921.57,905.78,917.72,56323
1639267200,917.78,925.36,897.26,897.57,80982
1639353600,897.57,897.57,861.57,862.89,130695
1639440000,879.89,922.21,871.67,922.21,64277
1639526400,922.21,947.47,891.89,915.89,90423
1639612800,915.89,922.21,897.57,903.26,43538
1639958400,909.51,909.51,891.89,896.94,58668
1640044800,898.84,917.47,898.84,917.47,98889
1640131200,922.21,942.42,919.05,938.0,79765
1640217600,943.68,946.84,929.15,938.0,51892
1640476800,956.76,992.19,951.26,962.63,209837
1640563200,978.42,979.05,938.0,946.84,201767
1640649600,947.47,947.47,934.33,934.84,170269
1640736000,946.84,947.47,915.89,915.89,326139
1641081600,934.18,971.73,916.46,965.4,263845
1641168000,970.46,978.9,959.49,959.49,130041
1641254400,959.49,961.18,942.78,944.3,116739
1641340800,946.84,960.34,936.71,938.31,75462
1641427200,937.55,947.68,927.93,940.08,67780
1641686400,945.15,952.74,936.71,939.24,126780
1641772800,939.24,945.06,933.42,937.81,120640
1641859200,938.4,942.62,932.91,940.76,102845
1641945600,945.15,945.15,934.18,934.18,105760
1642032000,936.71,938.4,931.65,936.71,92618
1642291200,945.15,967.93,936.71,962.03,176667
1642377600,980.59,994.94,962.03,994.85,113189
1642464000,995.78,1020.25,995.78,1004.22,116223
1642550400,1023.63,1023.63,987.43,993.25,73385
1642636800,997.47,997.47,978.9,994.09,47782
1642896000,994.09,994.09,974.68,979.75,79765
1642982400,983.12,983.12,949.37,951.05,96165
1643068800,957.81,966.24,936.71,952.83,52041
1643155200,952.74,957.72,940.93,945.99,61217
1643241600,945.99,953.59,940.93,942.62,56308
1643500800,961.18,961.18,951.14,957.81,59027
1643587200,969.62,969.62,949.37,951.05,38126
1643673600,953.5,953.5,944.56,946.08,54175
1643846400,963.29,964.98,945.99,946.84,61153
1644105600,953.59,953.59,935.44,935.86,71516
1644192000,938.4,938.4,933.33,935.86,68960
1644278400,951.9,952.74,933.33,934.18,51383
1644364800,936.71,936.71,926.58,929.03,59639
1644451200,929.11,929.11,924.05,925.82,62380
1644710400,924.05,924.05,902.11,902.95,87909
1644796800,902.95,910.55,897.89,897.89,68303
1644883200,915.61,915.61,899.66,907.17,53230
1644969600,924.89,924.89,903.21,911.39,46381
1645056000,912.24,923.21,902.95,910.55,34444
1645315200,902.95,907.17,881.86,896.2,61489
1645401600,902.95,905.49,897.05,900.42,39297
1645488000,911.39,911.39,902.11,903.38,41743
1645574400,914.77,915.61,898.73,900.84,29641
1645660800,898.73,900.42,884.39,886.92,72385
1645920000,886.92,886.92,877.64,878.48,43253
1646006400,886.08,893.67,875.11,877.64,45316
1646179200,877.64,884.39,843.88,848.95,74636
1646524800,831.98,860.76,831.98,846.33,64365
1646611200,852.32,854.01,843.88,853.92,47036
1646784000,853.92,860.76,848.95,850.55,35691
1646870400,834.35,859.07,834.35,859.07,31958
1647129600,874.26,911.39,872.57,910.55,57510
1647216000,928.27,928.69,912.24,921.52,23711
1647302400,928.27,928.27,907.17,910.55,44505
1647388800,910.55,918.99,894.51,897.89,25272
1647734400,911.39,911.39,890.55,894.51,28034
1647820800,907.17,907.17,882.7,887.76,32178
1647907200,894.51,898.73,884.47,886.08,35572
1647993600,894.51,894.51,880.17,883.54,29498
1648080000,891.98,891.98,874.26,877.64,34482
1648339200,890.3,890.3,858.23,860.76,37321
1648425600,868.35,868.35,852.32,858.23,36394
1648512000,843.97,869.2,843.97,851.48,53395
1648598400,839.66,848.95,837.97,848.95,101034
1648684800,856.54,860.68,843.88,845.57,62677
1648944000,852.41,852.41,839.66,841.35,42507
1649030400,843.88,845.57,839.66,841.35,56895
1649116800,843.88,843.88,828.69,830.38,87147
1649203200,828.69,835.44,812.66,814.35,69199
1649289600,814.43,823.63,813.5,817.72,76197
1649635200,827.0,839.66,818.57,819.41,70697
1649721600,835.44,835.44,808.52,810.13,45151
1649808000,818.57,820.25,804.22,819.41,35450
1650153600,827.0,835.44,818.57,819.41,35787
1650240000,820.25,824.47,805.91,806.75,51642
1650326400,801.69,810.97,789.03,800.84,66610
1650412800,800.84,801.69,789.87,793.25,37902
1650499200,797.47,800.84,774.85,789.03,55028
1650758400,794.09,802.95,784.81,802.95,47975
1650844800,814.35,827.0,789.87,794.01,54841
1650931200,794.01,799.16,789.87,791.48,27496
1651017600,792.41,797.13,784.14,788.95,34974
1651104000,788.19,799.16,782.28,783.12,43224
1651449600,791.14,791.14,773.42,776.37,39086
1651622400,776.37,780.59,758.65,767.09,37775
1651708800,767.93,772.15,759.49,761.1,50023
1651968000,759.49,767.93,742.62,750.21,46835
1652054400,750.21,765.4,750.21,756.54,40948
1652140800,769.62,769.62,756.96,767.68,40752
1652227200,772.15,791.56,772.15,787.34,37027
1652313600,801.43,802.53,784.81,784.81,54739
1652745600,784.81,789.03,766.24,767.93,26873
1652832000,772.15,774.68,763.97,771.31,24747
1652918400,783.97,783.97,756.12,766.24,29333
1653004800,760.34,772.15,759.49,764.56,25594
1653264000,764.56,794.09,757.81,758.65,45910
1653350400,758.65,763.71,756.96,757.05,33616
1653436800,772.15,772.15,757.81,759.49,38263
1653523200,774.68,774.68,756.96,758.31,39717
1653609600,759.49,759.49,756.12,757.81,39790
1653868800,759.49,760.34,743.46,751.05,44382
1653955200,751.05,751.05,729.96,738.4,45502
1654041600,739.24,745.15,730.8,731.65,32984
1654128000,745.91,745.91,724.05,727.34,36911
1654214400,721.52,735.78,711.39,713.08,43168
1654473600,713.08,726.16,707.09,713.92,41330
1654560000,717.3,719.83,700.42,701.69,34581
1654646400,698.82,721.52,698.73,711.39,43083
1654732800,721.52,729.11,713.92,714.26,45493
1654819200,717.3,721.52,708.86,715.7,26409
1655078400,717.3,717.3,712.91,713.92,27758
1655164800,713.92,713.92,703.8,707.59,38169
1655251200,707.17,707.17,683.54,696.2,33494
1655337600,692.83,702.95,687.76,696.2,30303
1655424000,704.64,704.64,689.45,689.45,16582
1655596800,689.45,692.41,686.92,688.61,49808
1655683200,686.92,686.92,669.2,670.8,51029
1655769600,670.89,674.26,660.76,668.35,54464
1655856000,674.26,675.02,656.54,659.92,43206
1655942400,654.01,655.7,631.22,632.07,73119
1656028800,632.07,632.91,612.66,624.47,32412
1656201600,636.96,658.23,632.91,654.01,88020
1656288000,666.67,683.54,654.01,658.23,89874
1656374400,670.04,670.04,645.57,656.54,35763
1656460800,658.23,674.26,649.79,670.89,28748
1656547200,675.11,704.64,675.11,704.64,46615
1656633600,717.3,730.8,702.95,722.36,42203
1656806400,722.36,751.05,722.36,750.21,71068
1656892800,759.49,773.0,754.26,755.27,114314
1656979200,755.27,759.49,725.82,735.86,50999
1657065600,746.84,750.21,706.33,729.11,58061
1657152000,729.11,747.68,712.24,713.08,51271
1657238400,713.08,714.77,696.62,697.05,30318
1657497600,701.27,701.27,668.35,668.35,69864
1657584000,671.73,679.24,664.14,672.49,42720
1657670400,675.11,685.23,673.42,684.39,59513
1657756800,697.05,709.87,682.28,689.45,54640
1657843200,700.34,700.34,689.45,695.36,22065
1658016000,698.73,704.64,692.83,700.42,28983
1658102400,702.11,706.33,696.2,702.11,29302
1658188800,713.0,713.08,702.11,707.17,48099
1658275200,714.94,717.3,705.49,713.08,32488
1658361600,714.77,725.57,709.7,721.52,36824
1658448000,721.52,721.52,705.49,708.78,26240
1658620800,719.83,730.8,715.61,725.74,41717
1658707200,734.94,750.04,734.18,746.84,53131
1658793600,755.27,755.27,730.38,730.8,49899
1658880000,730.8,734.18,719.83,730.8,43850
1658966400,742.62,742.62,729.96,730.8,43396
1659052800,730.8,742.62,729.96,734.09,17497
1659225600,741.77,744.3,735.02,743.46,52796
1659312000,755.19,757.38,742.62,744.22,47675
1659398400,743.46,745.99,734.18,740.08,27948
1659484800,742.62,745.15,724.98,727.43,93835
1659571200,741.94,741.94,717.3,717.3,37325
1659657600,717.3,717.3,689.45,691.73,171702
1659830400,691.73,698.73,676.79,689.45,156363
1659916800,691.98,692.83,675.11,677.64,134201
1660003200,681.86,681.86,664.3,665.06,130944
1660089600,664.14,671.73,659.07,666.67,82028
1660176000,675.11,678.48,666.67,669.2,56771
1660435200,675.11,675.11,664.14,665.82,56155
1660521600,669.2,674.6,665.82,674.6,52346
1660608000,680.93,681.86,673.42,674.26,49399
1660694400,674.26,675.95,669.2,670.46,53622
1660780800,675.11,679.32,670.89,676.79,51320
1661040000,676.79,687.76,675.11,675.95,44730
1661126400,679.32,680.17,670.89,674.26,46726
1661212800,675.11,677.64,672.57,676.71,29742
1661299200,680.17,683.54,675.11,676.79,38238
1661385600,681.86,683.46,674.26,675.11,40361
1661472000,675.11,676.79,670.89,671.65,19821
1661644800,670.89,675.02,666.67,669.62,55498
1661731200,669.2,673.42,659.92,666.67,35660
1661817600,665.82,670.89,660.76,666.24,56298
1661904000,666.67,673.42,662.87,663.29,35820
1661990400,666.67,667.51,659.07,661.6,42923
1662076800,663.29,666.67,659.07,662.36,55803
1662249600,660.76,666.58,655.7,658.14,80710
1662336000,662.45,662.45,654.01,654.94,58697
1662422400,661.6,661.6,648.1,648.1,73282
1662508800,647.26,650.63,643.88,644.05,33333
1662595200,644.73,645.57,639.66,641.35,44066
1662854400,641.35,647.26,637.13,640.51,41713
1662940800,637.13,642.19,631.48,637.13,54259
1663027200,645.57,651.48,633.76,649.79,77706
1663113600,654.01,676.79,653.16,674.26,82172
1663200000,685.23,685.91,657.38,659.07,58510
1663286400,648.1,658.14,642.19,651.48,38993
1663459200,658.23,658.23,643.63,644.73,44695
1663632000,645.57,648.95,632.24,632.49,62804
1663718400,634.6,648.27,632.91,643.12,44522
1663804800,645.57,649.79,637.13,640.51,33966
1664064000,640.51,640.51,629.54,635.36,57127
1664236800,632.91,654.85,632.91,649.79,34179
1664323200,655.7,655.7,647.26,647.26,34948
1664409600,655.7,658.23,648.95,658.23,37569
1665273600,659.66,681.86,659.66,681.01,44112
1665360000,694.6,694.6,669.87,672.57,59995
1665446400,675.11,675.11,664.98,668.35,39129
1665532800,672.57,672.57,664.3,670.04,30352
1665619200,670.04,678.48,666.67,671.73,42798
1665878400,671.73,673.42,666.67,670.04,33880
1665964800,670.89,674.68,669.2,670.04,35066
1666137600,670.89,675.11,666.67,673.84,30433
1666224000,675.11,675.95,667.51,672.15,29921
1666483200,675.11,683.46,672.15,681.86,42040
1667174400,683.54,691.14,682.7,688.61,46691
1667260800,690.3,708.52,686.08,704.64,71557
1667347200,704.64,712.24,696.2,700.42,67918
1667433600,700.42,704.64,692.15,695.36,35595
1667692800,700.42,703.8,692.07,701.35,46206
1667779200,710.13,710.55,702.11,703.8,37460
1667865600,697.89,704.64,697.89,702.95,20635
1667952000,703.8,731.22,694.18,694.94,46477
1668038400,706.33,706.33,686.92,687.76,33090
1668297600,688.61,693.67,683.54,684.39,29230
1668384000,687.76,687.76,677.64,686.92,29743
1668470400,697.89,697.89,686.92,690.21,25680
1668556800,692.83,692.83,686.92,691.56,20391
1668643200,692.83,699.58,692.83,698.14,28777
1669075200,698.73,708.86,698.23,699.58,26547
1669161600,700.42,704.64,693.76,695.86,22341
1669248000,700.42,702.11,691.98,701.27,32640
1669507200,702.11,739.24,702.11,739.24,139753
1669593600,751.05,751.05,734.18,737.55,82399
1669680000,739.24,742.62,731.39,740.08,49511
1669766400,740.93,745.57,734.26,744.3,47288
1669852800,729.96,772.15,729.96,770.46,159865
1670112000,778.06,784.81,742.03,744.3,221592
1670198400,730.8,755.27,730.8,745.15,95864
1670284800,760.0,760.0,738.48,749.37,54482
1670371200,745.99,751.05,741.77,743.46,51341
1670716800,742.62,742.62,711.22,713.92,87795
1670803200,713.92,713.92,676.54,687.76,261519
1670889600,688.61,689.37,679.07,681.1,88690
1670976000,681.01,690.3,681.01,681.86,52009
1671062400,687.76,687.76,678.06,678.48,58542
1671321600,683.54,683.54,669.2,670.04,67787
1671408000,670.89,675.11,670.04,672.57,40026
1671494400,675.11,681.01,672.57,675.11,42079
1671580800,688.61,688.61,675.11,681.01,48877
1671667200,682.7,684.39,675.19,683.54,66052
1672012800,684.39,708.86,684.39,707.17,110057
1672099200,714.77,725.74,703.8,710.55,133855
1672185600,713.08,714.77,697.13,704.56,105429
1672272000,708.86,712.24,704.73,711.39,110579
1672531200,724.89,729.96,717.3,721.1,263159
1672617600,735.5,751.0,725.0,739.0,227630
1672704000,743.0,750.0,735.0,736.0,107994
1672790400,750.0,750.0,730.0,736.9,89872
1672876800,744.0,745.0,727.0,727.0,132642
1673136000,738.9,739.0,718.5,719.1,146327
1673222400,733.4,733.4,712.0,719.0,167381
1673308800,720.0,735.0,718.0,719.2,182296
1673481600,733.5,733.5,713.7,714.0,101205
1673913600,724.0,725.0,709.0,711.0,88101
1674000000,712.0,718.0,703.0,703.9,94709
1674086400,705.0,710.0,701.0,703.5,93648
1674432000,717.5,729.0,710.0,710.9,114807
1674518400,711.0,715.0,709.0,713.0,67781
1674604800,717.0,719.0,709.0,709.1,63311
1674691200,714.0,714.5,705.3,705.6,57638
1674950400,707.0,709.0,701.1,702.5,57268
1675036800,688.5,706.0,688.5,698.0,71228
1675123200,700.0,700.0,688.0,690.4,67697
1675209600,695.0,695.0,686.0,690.0,57940
1675296000,692.0,694.5,685.1,688.0,54429
1675555200,690.0,698.0,678.0,681.0,84062
1675641600,682.0,688.0,675.0,677.3,54726
1675728000,677.3,692.0,677.3,691.9,69751
1675814400,705.0,705.7,685.0,688.0,75546
1675900800,690.0,698.0,676.0,693.0,83791
1676160000,689.0,690.0,680.0,683.0,53279
1676332800,683.0,683.0,674.0,675.0,59511
1676419200,675.0,688.5,670.1,674.5,39631
1676505600,675.0,676.0,669.0,670.2,57195
1676851200,670.2,670.2,661.0,662.5,53643
1677024000,674.8,689.5,664.2,678.9,57464
1677110400,678.0,679.0,665.0,669.0,47679
1677369600,668.0,670.0,652.0,663.5,57017
1677456000,672.0,675.1,658.0,661.0,41206
1677542400,665.0,669.0,656.1,657.0,31890
1677628800,657.0,660.0,654.0,655.0,35796
1677715200,652.0,653.0,648.0,649.1,59279
1677974400,650.0,650.0,635.0,637.3,54153
1678147200,640.0,642.0,637.0,639.0,41137
1678320000,641.0,648.9,641.0,647.0,55564
1678579200,650.0,653.0,635.0,636.9,51762
1678665600,624.2,635.0,624.2,629.9,55971
1678752000,634.0,634.0,623.0,625.0,55015
1678838400,625.0,628.0,618.0,618.0,69209
1678924800,623.0,623.0,605.0,613.0,65028
1679184000,625.0,625.0,605.0,606.0,50724
1679270400,607.0,613.7,606.5,613.0,51889
1679443200,615.0,619.9,610.0,613.0,59448
1679529600,610.0,612.0,603.0,605.0,63514
1679788800,605.5,605.5,596.0,596.0,58085
1679875200,596.0,605.0,588.1,604.0,68181
1679961600,607.0,612.5,602.0,606.5,48081
1680048000,610.0,610.0,599.0,609.0,31811
1680134400,612.0,612.0,600.6,603.0,33868
1680393600,603.0,610.0,595.0,597.8,39669
1680480000,600.0,600.0,587.0,589.9,61504
1680566400,595.0,595.0,586.1,589.0,41355
1680652800,595.0,595.0,588.0,590.0,39978
1680739200,595.0,600.0,588.0,592.2,49701
1680998400,590.0,590.0,578.1,580.0,99562
1681084800,580.0,588.0,577.0,582.1,46442
1681171200,593.7,593.7,582.1,592.0,39186
1681257600,603.8,630.9,598.0,629.0,86971
1681344000,641.5,643.8,610.0,618.9,72785
1681603200,618.9,630.0,613.0,617.0,25772
1681689600,617.0,625.0,615.0,616.0,28045
1681776000,604.0,620.0,604.0,616.0,32979
1681862400,603.7,627.0,603.7,620.0,59588
1681948800,608.0,632.0,608.0,620.0,41287
1682208000,620.0,621.0,607.7,609.0,34734
1682294400,610.0,612.0,603.0,605.0,35512
1682380800,606.0,607.0,600.0,605.5,44615
1682467200,607.5,610.0,603.5,604.0,40984
1682553600,602.0,605.5,598.0,600.0,54508
1682812800,605.0,605.0,593.0,597.0,54304
1682985600,585.1,608.0,585.1,599.5,30177
1683072000,600.0,600.0,595.0,598.5,22982
1683158400,600.0,600.0,595.0,598.9,32806
1683417600,600.0,600.0,593.1,595.0,28270
1683504000,595.0,595.0,591.0,593.0,27670
1683590400,581.8,612.0,581.8,595.0,34345
1683676800,600.0,600.0,589.0,590.0,59646
1683763200,590.0,594.0,589.0,590.0,26707
1684022400,590.0,601.0,583.5,584.9,52485
1684108800,584.0,595.0,583.1,583.8,34630
1684195200,592.0,592.0,582.0,584.0,37052
1684281600,590.0,594.0,586.0,590.0,28470
1684368000,590.0,600.0,590.0,590.0,50008
1684627200,601.0,611.0,595.0,595.1,45034
1684713600,600.0,601.0,592.0,599.0,27093
1684800000,605.0,607.0,598.0,605.5,41814
1684886400,605.0,613.9,603.0,606.0,39756
1685232000,610.0,615.0,600.0,601.0,69792
1685404800,600.0,602.0,584.0,587.3,76105
1685491200,585.0,592.0,575.6,581.5,57976
1685577600,584.0,590.0,580.0,587.8,38294
1685836800,587.8,606.9,587.8,595.4,34455
1685923200,599.9,606.0,591.0,591.0,28519
1686009600,590.1,599.0,590.0,591.7,29785
1686096000,591.7,599.0,591.0,591.3,33681
1686182400,590.0,595.0,587.0,590.9,36616
1686441600,585.0,596.7,585.0,594.0,52568
1686528000,600.0,602.0,595.0,597.0,39241
1686614400,599.9,601.0,595.0,597.0,67044
1686700800,603.0,604.0,597.0,599.0,117524
1686787200,610.0,610.0,596.0,598.0,39563
1687046400,600.0,601.0,595.1,596.0,77802
1687132800,598.0,605.2,593.1,594.0,69002
1687219200,599.0,603.0,595.0,595.3,77314
1687305600,600.0,600.0,589.1,590.1,74080
1687392000,595.0,597.0,585.4,588.5,57079
1687651200,594.0,594.0,581.5,587.0,123731
1687737600,593.0,593.0,585.2,586.0,125517
1687824000,593.0,609.9,587.0,608.9,184325
1687910400,620.0,633.0,605.0,606.0,151880
1688256000,615.0,615.0,591.0,594.0,111991
1688342400,594.0,594.0,584.0,584.9,111999
1688428800,585.1,590.0,584.0,586.0,69678
1688515200,574.3,597.1,574.3,582.6,70629
1688601600,584.0,594.0,580.0,582.1,61889
1688860800,590.0,593.6,582.0,583.0,79385
1688947200,593.0,593.0,581.0,583.0,88478
1689033600,584.0,587.0,580.0,583.0,88236
1689120000,585.0,589.9,585.0,586.0,51194
1689206400,574.3,597.9,574.3,590.0,66352
1689465600,595.0,605.9,590.0,599.2,73028
1689552000,607.0,612.0,598.0,611.0,73868
1689638400,620.9,621.6,610.0,613.0,76424
1689724800,619.0,619.0,612.0,616.8,76090
1689811200,620.0,628.9,620.0,624.0,124603
1690070400,630.0,649.6,625.2,649.0,147953
1690156800,650.0,653.0,636.0,639.0,172938
1690243200,640.0,640.0,621.0,623.6,103484
1690329600,629.0,629.5,618.0,623.5,56916
1690416000,625.0,628.0,616.0,618.0,80901
1690675200,623.0,623.9,614.0,616.0,79973
1690761600,605.0,623.0,605.0,615.0,55627
1690848000,620.0,621.0,611.0,611.1,41626
1690934400,619.9,620.0,609.0,613.0,36975
1691020800,618.0,621.0,612.0,613.0,44414
1691280000,625.2,637.7,607.0,612.0,113739
1691366400,612.0,614.9,602.0,610.0,78727
1691452800,610.0,614.0,600.0,600.0,58044
1691539200,604.0,604.0,594.0,603.0,58335
1691625600,604.0,607.3,602.0,606.5,47833
1691884800,608.0,610.0,600.0,603.5,60137
1691971200,591.5,605.0,591.5,602.8,43883
1692057600,601.0,601.0,596.6,599.0,65912
1692144000,599.0,600.0,590.0,592.0,53322
1692230400,602.5,602.7,592.0,593.0,32425
1692489600,595.0,597.0,588.0,591.9,58801
1692576000,590.0,598.9,585.0,591.5,40222
1692662400,592.0,600.0,590.0,594.0,41686
1692748800,594.0,599.9,592.1,599.0,29155
1692835200,595.0,600.0,591.1,592.5,43106
1693094400,592.5,595.0,589.1,590.0,45941
1693180800,596.0,596.0,590.0,590.1,25988
1693267200,592.1,596.0,588.1,590.0,29237
1693353600,596.0,596.0,586.2,587.3,51037
1693699200,587.3,590.0,583.0,584.0,46707
1693785600,584.0,587.0,575.3,584.0,66419
1693872000,586.0,589.9,580.6,581.8,27803
1694044800,585.0,585.0,576.5,577.2,51168
1694304000,578.9,582.0,577.0,580.0,51489
1694390400,587.0,589.0,578.3,588.7,70550
1694476800,598.0,599.0,583.0,584.0,42149
1694563200,581.0,590.0,581.0,588.0,40108
1694908800,599.7,608.0,590.0,593.0,72674
1694995200,592.0,592.0,585.0,591.1,36430
1695081600,592.0,598.0,586.0,589.0,31416
1695254400,591.0,603.0,591.0,593.0,38690
1695513600,593.0,598.0,586.8,592.0,51424
1695600000,591.1,598.9,588.0,595.0,50135
1695686400,603.0,603.0,592.0,594.0,23327
1695772800,600.0,604.0,590.0,591.5,30539
1696118400,590.0,591.5,584.0,585.0,37802
1696204800,583.0,588.4,579.5,583.0,44667
1696291200,585.0,589.0,582.1,584.0,47601
1696377600,586.8,586.8,580.5,583.8,47450
1696464000,580.2,584.6,580.0,581.7,54791
1696723200,593.3,593.3,574.5,575.0,92585
1696809600,579.0,580.0,571.0,571.8,61332
1696896000,572.0,575.0,568.0,569.0,60468
1696982400,570.0,570.9,566.5,567.0,58358
1697068800,570.0,570.0,560.5,566.9,50839
1697414400,578.0,578.0,566.5,568.0,30777
1697500800,579.0,580.0,570.0,572.1,37883
1697587200,583.0,589.9,573.0,589.5,27895
1697673600,596.5,596.5,586.0,590.0,66181
1698537600,590.0,590.4,579.2,581.0,37365
1698624000,575.0,580.0,572.0,580.0,39951
1698710400,579.0,585.0,575.0,578.0,25726
1698796800,575.0,580.0,575.0,577.6,18731
1698883200,582.0,582.0,572.0,572.9,36808
1699142400,572.0,573.0,564.0,566.0,50715
1699228800,570.0,577.0,567.0,568.0,29139
1699315200,577.8,577.8,567.0,569.9,32456
1699401600,571.0,575.0,568.0,571.5,28864
1699488000,571.5,571.5,569.0,569.2,25721
1700438400,572.0,572.5,562.0,565.0,37308
1700524800,566.0,575.0,560.0,561.0,33672
1700611200,563.0,563.0,558.0,561.0,38556
1700697600,549.9,549.9,505.1,515.0,254979
1700956800,510.0,533.4,499.0,533.4,143911
1701043200,540.0,540.0,522.0,526.0,35690
1701129600,529.8,529.8,515.5,517.0,32419
1701216000,517.0,520.0,508.9,511.9,46655
1701302400,512.0,512.0,507.0,508.9,34128
1701561600,516.0,516.0,505.0,506.0,33642
1701648000,498.0,510.0,498.0,502.0,35110
1701734400,504.0,510.0,502.0,502.1,34084
1701820800,508.0,509.0,500.0,505.0,23989
1701907200,513.5,514.0,501.0,507.6,16317
1702166400,516.8,530.0,514.0,528.5,5437
1702252800,539.0,539.0,520.0,522.0,71048
1702339200,528.0,528.0,520.0,521.2,61512
1702425600,530.0,530.0,520.0,521.0,62488
1702512000,525.0,527.9,521.0,522.8,63175
1702771200,515.0,518.9,493.0,513.0,136029
1702857600,513.7,519.5,510.0,513.0,110278
1702944000,523.2,523.2,514.0,518.0,91419
1703030400,525.0,528.0,518.6,520.0,145825
1703116800,520.0,525.0,520.0,523.0,91036
1703376000,523.0,527.0,515.0,515.0,85406
1703635200,520.0,520.0,508.0,508.0,70880
1703721600,499.0,514.0,499.0,506.0,55161
1704067200,513.0,513.0,505.0,505.9,56006
1704153600,506.0,510.0,498.0,499.9,97243
1704240000,500.0,501.5,488.6,496.0,150208
1704326400,498.0,500.9,495.0,495.5,93743
1704585600,500.0,500.0,489.5,490.0,97677
1704672000,495.0,495.0,488.0,488.1,109400
1704758400,488.1,495.0,488.1,490.0,123332
1704844800,495.0,500.0,490.0,492.0,91478
1704931200,499.0,499.9,490.0,493.0,52810
1705190400,500.0,501.0,493.5,494.5,66912
1705363200,500.0,502.0,498.0,501.0,126928
1705449600,503.5,512.0,503.0,504.0,111028
1705536000,507.0,507.0,498.0,498.0,78196
1705795200,504.0,504.0,492.0,493.0,85324
1705881600,495.0,495.0,486.5,489.0,106960
1705968000,489.0,496.0,484.0,484.5,102618
1706054400,492.0,493.0,484.0,484.9,75048
1706140800,492.5,492.5,483.2,488.0,78635
1706400000,497.0,497.0,487.7,491.0,62690
1706486400,492.0,495.0,485.0,488.0,112649
1706572800,485.0,494.0,485.0,487.0,58884
1706659200,489.0,490.0,484.6,484.6,101519
1706745600,494.2,494.2,480.0,480.6,88972
1707004800,480.6,483.9,477.0,477.0,79654
1707091200,481.0,481.0,474.9,475.0,65154
1707177600,479.0,484.0,475.0,475.0,62626
1707264000,484.5,484.5,474.5,475.1,72757
1707350400,476.0,480.0,475.0,476.5,40791
1707609600,486.0,486.0,474.5,475.0,87081
1707696000,476.0,477.0,474.0,477.0,48708
1707782400,477.0,479.9,469.1,471.5,83243
1707868800,471.5,471.5,464.5,465.5,63187
1707955200,465.0,466.0,462.0,462.5,51339
1708214400,456.0,465.0,455.5,457.7,65595
1708387200,456.0,460.0,448.0,449.0,90305
1708473600,450.0,454.8,448.0,449.0,61605
1708560000,450.0,452.9,443.0,445.0,62441
1708819200,445.0,445.0,434.0,436.5,68284
1708905600,436.5,440.0,430.1,434.0,63611
1708992000,434.0,440.0,432.5,437.8,44089
1709078400,442.0,442.0,435.0,435.0,32394
1709164800,435.0,435.0,429.0,429.5,84087
1709424000,429.5,432.0,422.0,424.0,57099
1709510400,432.4,458.3,432.0,458.3,14359
1709596800,459.0,459.0,435.0,446.0,85486
1709683200,448.0,450.0,440.0,442.0,46408
1709769600,450.0,450.0,442.0,445.5,27778
1710028800,448.0,451.0,447.0,449.8,38263
1710201600,458.7,470.0,455.0,469.0,62909
1710288000,477.0,479.9,467.0,473.0,66733
1710374400,480.0,480.0,468.3,471.9,48287
1710633600,478.0,480.0,462.0,464.0,51485
1710720000,473.0,473.0,459.0,461.0,36185
1710806400,460.0,462.0,456.0,460.0,34096
1710892800,463.0,465.0,456.0,457.0,31882
1710979200,459.9,459.9,449.0,451.0,46500
1711324800,458.0,458.0,444.4,445.0,33441
1711411200,445.1,448.0,440.0,441.8,40492
1711497600,442.0,447.0,440.0,440.5,30220
1711584000,442.0,444.0,440.0,442.5,32919
1711843200,443.0,448.0,437.9,440.0,55639
1711929600,437.0,439.0,432.0,439.0,44256
1712016000,437.0,440.0,432.0,436.0,26386
1712102400,439.0,439.0,432.0,434.0,40271
1712188800,434.0,436.0,432.7,434.0,37125
1712448000,434.0,438.0,430.1,438.0,83715
1712620800,446.7,446.7,432.0,439.0,51408
1712707200,440.0,442.0,436.0,438.0,46883
1713052800,438.0,446.0,436.6,438.0,37958
1713139200,438.0,439.0,434.1,435.0,33297
1713225600,435.0,435.0,431.0,433.0,33034
1713398400,434.0,434.0,429.0,429.9,39409
1713657600,437.0,437.0,422.0,428.0,68601
1713744000,428.0,435.0,428.0,429.0,30359
1713916800,430.0,435.0,428.5,429.0,35268
1714003200,429.0,433.0,427.0,427.3,52043
1714262400,435.8,435.8,427.0,427.0,43925
1714348800,435.5,435.5,424.5,429.0,51708
1714435200,437.5,437.5,426.0,431.5,44100
1714608000,440.1,440.1,427.5,429.5,47931
1714867200,430.0,432.0,425.0,426.0,41759
1714953600,427.0,427.0,423.0,424.0,26747
1715040000,422.3,430.7,421.9,422.0,38545
1715126400,427.0,427.0,422.0,424.5,18323
1715212800,428.0,428.0,419.0,422.7,40811
1715472000,421.1,425.0,420.0,422.0,44038
1715558400,426.0,431.5,422.4,430.8,68228
1715644800,435.5,435.5,430.0,433.5,35940
1715731200,440.0,441.0,434.0,434.0,36943
1715817600,442.6,442.6,428.0,431.0,40117
1716076800,439.6,439.6,432.2,437.0,47893
1716163200,443.0,463.4,441.0,458.0,97887
1716249600,460.0,481.0,457.0,480.9,144313
1716336000,480.9,515.0,480.9,514.0,307056
1716681600,515.0,532.0,507.0,517.0,257882
1716768000,523.9,523.9,500.2,507.9,101039
1716940800,505.0,522.0,488.5,489.0,124575
1717027200,485.0,492.0,469.8,478.3,104947
1717286400,476.0,490.5,476.0,490.0,77895
1717372800,496.9,497.0,484.0,484.9,46126
1717459200,493.0,493.0,480.3,483.0,37907
1717545600,483.0,487.6,479.0,480.0,43444
1717632000,480.1,485.0,477.0,477.0,40452
1717891200,486.5,486.5,474.0,474.0,42853
1717977600,483.4,483.4,462.6,468.0,57462
1718064000,477.3,478.1,466.1,478.0,50026
1718150400,480.0,490.0,480.0,483.0,45437
1718236800,490.0,490.0,479.0,479.1,63580
1718496000,488.6,488.6,473.2,475.0,48170
1718668800,483.0,483.0,468.7,469.0,43382
1718755200,469.0,475.0,469.0,472.0,29603
1718841600,481.4,481.4,469.6,470.1,51724
1719100800,469.0,469.0,465.0,466.0,53680
1719187200,464.0,467.0,461.1,461.1,45036
1719273600,462.0,465.0,455.3,458.2,56926
1719360000,458.8,460.0,455.1,456.0,57007
1719446400,456.0,457.0,454.6,456.0,29699
1719705600,456.9,461.0,450.8,452.0,55043
1719792000,457.0,458.8,450.0,458.8,31786
1719878400,467.9,499.3,466.0,477.1,93437
1719964800,477.0,484.0,469.0,484.0,48855
1720051200,485.0,490.0,480.0,487.0,58487
1720310400,487.0,490.0,482.0,487.0,59675
1720396800,487.0,490.0,482.0,490.0,79001
1720483200,490.0,491.9,482.1,490.2,48124
1720569600,500.0,500.0,490.0,497.1,82435
1720656000,507.0,507.0,498.6,507.0,115571
1720915200,517.1,547.0,517.0,529.0,138178
1721001600,539.5,545.0,521.0,524.0,157693
1721088000,534.4,534.4,514.5,532.9,116735
1721174400,539.0,543.0,531.0,538.0,138575
1721260800,538.0,589.0,538.0,567.0,242256
1721520000,578.0,584.0,568.0,577.0,248449
1721606400,580.0,587.0,563.0,574.0,183975
1721692800,574.0,580.0,563.0,579.0,185075
1721779200,576.0,590.0,570.0,579.0,162758
1721865600,579.0,579.0,570.0,575.9,129069
1722124800,587.4,633.4,587.4,633.4,348250
1722211200,646.0,690.0,643.0,649.0,451587
1722297600,658.9,658.9,620.0,644.0,331425
1722384000,656.8,656.8,640.0,649.3,288592
1722470400,649.3,660.0,638.0,645.0,197788
1722816000,657.9,700.0,657.0,660.0,314107
1722902400,668.0,668.0,624.0,625.0,421596
1722988800,613.0,640.0,608.0,631.5,251049
1723075200,644.1,644.1,628.0,630.0,154915
1723334400,640.0,643.0,635.0,639.1,196534
1723420800,645.0,657.9,640.0,646.9,228497
1723507200,648.0,658.9,643.0,647.9,208455
1723593600,650.0,650.0,640.0,645.0,160074
1723680000,657.9,673.0,647.0,660.0,460088
1723939200,670.0,682.0,656.0,662.0,385734
1724198400,675.0,675.0,651.0,658.3,251551
1724284800,658.3,668.0,652.0,654.0,210335
1724544000,654.0,654.0,636.0,636.9,206816
1724716800,625.0,640.0,605.0,605.6,307846
1724803200,617.7,630.0,609.7,616.0,256298
1724889600,625.0,625.0,600.0,605.0,155077
1725148800,614.0,614.0,589.0,595.0,150454
1725235200,600.0,612.0,585.0,611.7,174550
1725321600,615.0,623.0,610.0,610.0,107180
1725408000,622.2,622.2,595.0,595.0,139235
1725494400,596.0,598.0,585.0,592.0,92820
1725753600,603.8,603.8,585.0,586.0,99880
1725840000,588.0,592.0,572.0,573.0,93805
1725926400,583.0,583.0,567.5,569.8,97919
1726012800,577.0,577.5,560.0,561.5,78865
1726099200,572.7,572.7,554.0,569.0,91654
1726358400,574.0,590.0,570.0,571.0,100482
1726444800,571.0,571.0,560.1,561.2,56485
1726617600,562.0,565.0,550.0,556.0,68886
1726963200,556.0,578.0,556.0,562.0,55026
1727049600,573.2,573.2,555.0,568.0,123568
1727136000,567.0,567.0,552.1,553.5,66337
1727222400,550.0,560.0,545.1,555.0,50441
1727308800,555.2,562.0,549.0,550.0,50686
1727568000,550.0,550.0,540.0,541.5,46227
1727654400,540.0,550.5,540.0,550.0,49497
1727740800,550.0,571.0,550.0,568.0,74522
1727827200,571.0,579.3,565.0,565.0,56823
1728172800,565.0,574.0,556.0,574.0,84468
1728259200,584.0,593.2,580.0,591.5,69067
1728345600,592.0,600.0,580.0,591.0,65705
1728432000,595.0,595.0,580.0,593.0,38505
1728950400,593.0,601.0,593.0,600.0,69441
1729036800,608.0,608.0,601.0,608.0,94498
1729123200,615.0,619.0,602.0,607.1,70872
1729382400,600.0,606.0,593.0,597.0,100302
1729468800,595.0,597.0,584.0,585.5,112249
1729555200,581.5,592.0,577.0,591.0,77275
1729641600,591.0,607.2,591.0,594.0,63996
1729728000,590.1,600.0,590.0,591.5,41245
1729987200,588.09,599.0,585.1,587.0,33289
1730073600,585.0,594.9,583.5,585.0,51581
1730160000,595.0,595.0,586.1,591.8,38978
1730246400,580.0,583.0,569.0,576.0,215581
1730764800,570.1,576.0,565.0,567.0,98344
1730851200,565.0,567.0,562.8,564.6,54129
1731196800,565.0,573.0,565.0,570.0,108867
1731283200,573.0,579.0,568.0,569.0,87145
1731369600,570.6,572.0,566.0,566.2,58126
1731456000,566.2,570.0,560.2,561.0,48085
1731542400,566.0,566.0,557.0,562.0,59666
1731801600,562.0,570.0,562.0,562.1,62749
1731974400,560.0,568.0,557.0,559.8,84892
1732060800,560.0,562.0,552.0,557.0,61578
1732147200,565.0,565.0,552.2,553.7,56753
1732406400,564.0,564.7,555.0,558.0,109617
1732492800,569.1,569.1,542.7,547.6,78417
1732579200,547.6,556.0,540.0,545.0,96250
1732665600,545.0,549.5,544.0,548.0,59923
1732752000,545.0,551.0,539.0,540.0,98283
1733011200,537.3,540.0,534.1,536.0,79422
1733097600,546.7,546.7,533.0,534.0,80685
1733184000,544.6,544.6,530.2,532.0,62719
1733270400,542.6,542.6,530.0,530.0,69630
1733356800,540.6,540.6,523.0,525.0,61452
1733616000,526.0,526.0,513.5,514.5,76545
1733702400,505.0,516.9,505.0,510.0,54624
1733788800,510.0,514.0,505.0,508.1,51966
1733875200,508.0,529.8,506.1,528.0,70328
1733961600,535.0,538.5,518.3,520.0,56954
1734307200,520.0,524.0,509.7,512.9,47147
1734393600,513.0,518.0,509.1,512.0,53169
1734480000,501.8,520.4,501.8,511.8,57475
1734566400,512.0,514.0,508.0,508.0,73723
1734825600,497.9,511.0,497.9,502.9,67080
1734912000,502.9,502.9,498.0,501.0,86473
1734998400,503.0,506.0,499.1,501.0,66517
1735171200,511.0,511.0,498.0,502.0,127622
1735430400,504.1,508.9,499.0,502.7,64296
1735603200,512.7,512.7,498.0,502.0,53222
1735689600,502.0,502.9,500.0,501.4,29808
1735776000,502.0,502.0,499.0,499.3,43634
1736035200,502.0,504.0,498.0,499.0,67379
1736121600,501.5,501.5,498.0,499.0,102420
1736208000,499.0,504.0,498.0,500.0,64195
1736294400,510.0,510.0,497.0,498.9,74206
1736380800,499.0,500.0,494.0,495.5,138476
1736640000,505.4,505.4,490.0,490.6,46984
1736726400,491.0,496.0,489.5,489.5,86269
1736899200,492.1,494.0,489.0,489.5,52957
1736985600,490.0,495.0,487.0,489.1,51859
1737244800,489.0,497.0,485.0,488.2,52392
1737331200,490.0,495.0,482.2,484.5,82199
1737417600,484.0,489.0,480.3,483.4,50098
1737504000,483.0,488.8,483.0,486.0,62780
1737590400,490.0,492.0,485.3,488.0,51932
1737849600,492.0,492.0,482.1,482.2,54531
1737936000,481.0,483.0,477.2,479.5,62150
1738022400,478.0,481.0,475.0,476.0,108959
1738454400,479.0,493.4,476.1,491.4,105241
1738540800,492.0,503.0,491.4,495.9,109341
1738627200,500.0,500.0,490.0,493.0,53987
1738713600,491.1,493.0,489.5,490.0,70028
1738800000,494.0,495.0,486.0,486.7,50451
1739059200,495.0,495.0,485.0,486.3,49012
1739145600,486.5,490.0,484.0,490.0,51838
1739232000,492.0,492.0,486.0,487.0,29647
1739318400,487.0,487.0,482.1,485.0,51961
1739404800,488.0,490.0,482.1,485.5,40707
1739664000,486.8,488.3,482.9,487.0,53350
1739750400,487.0,495.9,485.3,494.0,70310
1739836800,500.0,500.0,494.0,496.0,60431
1740009600,486.1,503.8,486.1,494.9,44322
1740268800,485.1,495.0,485.1,489.9,84304
1740355200,490.0,495.0,488.5,489.0,63464
1740441600,490.0,490.0,488.0,489.0,36470
1740614400,498.7,518.0,498.0,501.8,123140
1740873600,511.8,519.0,506.0,519.0,114489
1740960000,523.0,529.2,515.0,515.0,110922
1741046400,520.0,520.0,504.0,507.0,116499
1741132800,509.5,509.5,498.5,499.0,66686
1741219200,502.0,502.0,498.1,498.1,76130
1741478400,498.0,502.0,493.0,495.0,53038
1741564800,496.0,500.0,490.0,491.0,44625
1741651200,492.0,495.0,486.1,491.0,45903
1741737600,494.0,494.0,489.0,491.0,39132
1742083200,494.9,494.9,485.0,491.1,71238
1742169600,491.1,498.0,486.0,490.0,41530
1742256000,499.8,499.8,488.0,491.4,28929
1742342400,495.0,496.0,487.0,488.9,49272
1742428800,489.0,490.0,487.0,487.31,36716
1742688000,488.0,488.0,482.0,482.62,48632
1742774400,484.5,486.0,476.5,484.03,54964
1742860800,485.0,485.0,478.0,480.13,78144
1742947200,485.0,485.0,477.0,481.31,49757
1743033600,490.9,490.9,480.0,485.09,38210
1743292800,485.0,492.0,484.0,485.96,52866
1743465600,490.0,493.0,483.0,484.56,37377
1743552000,494.2,494.2,484.0,485.26,36189
1743638400,491.0,494.0,486.1,488.73,42041
1743984000,490.0,497.0,482.0,486.97,46130
1744070400,485.0,486.0,478.0,484.65,38820
1744156800,494.0,494.0,483.2,486.27,26187
1744243200,491.0,492.4,484.0,485.97,30292
1744502400,495.6,495.6,484.1,486.97,44237
1744675200,496.0,496.0,486.0,487.96,62586
1744761600,497.0,497.0,488.0,489.31,43376
1744848000,490.8,495.6,489.0,494.38,54656
1745107200,500.0,501.2,490.0,492.09,79228
1745193600,494.9,495.0,490.0,490.87,49104
1745280000,490.0,494.0,485.0,487.76,31332
1745366400,487.0,488.0,482.0,486.77,65014
1745452800,483.0,489.9,483.0,485.87,30597
1745712000,490.0,490.0,483.2,485.01,50578
1745798400,485.3,487.9,480.6,481.3,45746
1745884800,480.0,488.0,480.0,481.45,29998
1745971200,480.0,487.0,478.0,478.18,49915
1746316800,480.0,487.4,477.0,478.32,44594
1746403200,478.0,481.0,477.0,478.25,39597
1746489600,478.0,484.0,475.1,476.94,39968
1746576000,477.0,485.0,474.1,483.31,66388
1746662400,490.0,490.0,480.5,482.64,54724
1746921600,490.0,490.0,484.5,485.65,44892
1747094400,488.0,493.6,481.0,487.41,65061
1747180800,490.0,490.0,482.0,483.85,25028
1747267200,485.0,486.0,481.5,482.11,47247
1747526400,483.0,485.0,479.0,480.49,37266
1747612800,488.0,488.0,479.9,482.58,42039
1747699200,482.6,489.0,481.0,488.16,43243
1747785600,497.9,527.0,492.5,494.21,91325
1747872000,499.5,503.0,494.6,499.55,71455
1748131200,509.5,510.0,495.0,496.75,108411
1748217600,506.6,516.0,496.1,498.07,87620
1748304000,498.0,498.1,493.6,496.48,33750
1748390400,501.9,501.9,494.0,500.42,66059
1748822400,510.4,510.4,500.1,500.78,73634
1748908800,505.9,505.9,495.0,497.45,54808
1748995200,499.0,499.0,490.0,491.11,48051
1749081600,498.0,498.0,489.0,492.37,47113
1749340800,490.0,495.0,489.0,489.65,50694
1749427200,489.9,494.9,489.0,490.93,29647
1749513600,494.9,494.9,490.0,491.77,38403
1749600000,495.0,495.0,490.0,490.34,39951
1749686400,493.0,493.0,488.3,489.44,53316
1749945600,495.0,495.0,490.0,490.73,43276
1750032000,497.0,497.0,489.0,490.59,48455
1750118400,490.0,492.0,487.1,488.99,36559
1750204800,490.0,492.0,488.0,489.97,44689
1750291200,494.8,494.8,487.0,489.04,78016
1750550400,493.0,493.0,485.0,488.99,47834
1750636800,489.9,489.9,485.0,487.35,30576
1750723200,489.0,493.0,483.2,487.3,54280
1750809600,488.0,488.9,481.0,486.24,24807
1750896000,486.0,488.5,485.1,485.95,33097
1751155200,482.0,490.0,482.0,489.82,40790
1751241600,490.1,493.1,490.1,491.81,37425
1751328000,496.4,496.4,491.0,491.79,35495
1751414400,494.5,495.8,491.0,494.96,55089
1751500800,491.1,500.0,490.0,498.22,91180
1751760000,506.0,506.8,499.1,500.89,64130
1751846400,500.0,503.0,496.3,497.07,36175
1751932800,500.0,500.0,493.0,495.46,33006
1752019200,500.0,500.0,495.2,499.01,42721
1752105600,503.0,522.0,500.0,511.17,264663
1752364800,521.3,537.5,521.3,535.77,270279
1752451200,538.0,538.0,521.1,522.22,165976
1752537600,524.0,530.0,515.0,529.8,136308
1752624000,530.0,543.6,530.0,541.37,260180
1752710400,545.0,554.0,542.2,548.66,192877
1752969600,550.0,560.0,548.0,549.77,233008
1753056000,550.0,554.0,540.0,545.21,126936
1753142400,545.2,555.5,545.2,554.63,172337
1753228800,543.6,562.0,543.6,551.41,132486
1753315200,552.0,556.0,547.1,548.08,95913
1753574400,550.0,554.0,545.1,547.84,147629
1753660800,545.5,547.0,536.0,540.43,183214
1753747200,547.0,552.0,545.0,548.55,142244
1753833600,550.7,555.0,545.0,545.18,115662
1753920000,540.1,548.2,535.0,536.48,110940
1754179200,536.0,538.0,522.5,524.4,166184
1754265600,524.4,532.0,519.0,527.97,103313
1754352000,517.5,540.0,517.5,527.73,91553
1754438400,530.0,530.0,523.0,525.93,48952
1754524800,534.9,534.9,525.6,527.36,63502
1754870400,533.0,534.0,525.0,526.3,69423
1754956800,530.0,534.5,524.2,524.86,79172
1755043200,523.0,524.9,522.0,523.63,50014
1755129600,524.1,526.5,523.1,523.82,47263
1755388800,525.0,528.0,519.0,521.21,63880
1755475200,520.0,524.0,517.0,518.95,48703
1755561600,525.0,525.0,518.0,518.81,44459
1755648000,518.0,521.0,517.0,518.81,43704
1755734400,524.9,524.9,517.3,518.14,38427
1755993600,520.0,520.0,513.0,513.56,72676
1756080000,512.0,525.0,509.0,522.58,81167
1756166400,514.5,533.0,514.5,529.35,67932
1756252800,539.9,539.9,526.5,533.87,64476
1756339200,532.0,538.9,527.0,528.86,83641
1756598400,535.0,536.9,520.0,520.84,66938
1756684800,531.2,531.2,518.0,527.66,42334
1756771200,538.2,538.2,523.3,523.75,34983
1756857600,520.0,529.0,519.0,519.88,34096
1756944000,528.0,528.0,515.0,517.58,40199
1757203200,507.3,517.8,507.3,514.87,25831
1757289600,515.0,515.0,510.0,513.15,42962
1758153600,502.9,502.9,471.0,483.0,16660
1758412800,474.0,514.0,474.0,510.18,122490
1758585600,516.9,525.0,513.0,523.5,55373
1758672000,525.0,528.0,515.0,522.0,59254
1758758400,523.0,524.9,516.0,521.6,28626
1759017600,524.0,528.0,521.0,527.0,30997
1759795200,530.0,530.0,512.6,521.0,48977
1759881600,523.0,523.0,505.0,514.0,78401
1759968000,523.9,544.0,514.0,519.9,43284
1760227200,530.2,530.2,505.0,510.5,65413
1760313600,519.9,520.0,506.0,510.0,53374
1760400000,518.5,518.5,510.0,510.0,31168
1760486400,518.0,518.0,507.0,508.7,38107
1760572800,517.9,517.9,506.0,509.0,37341
1760832000,512.0,512.0,506.0,507.9,38379
1761436800,508.0,508.0,503.0,505.3,32708
1761609600,505.3,510.0,505.0,509.0,49884
1761696000,509.0,516.3,507.0,507.0,51578
1761782400,503.1,512.0,503.1,506.0,37178
1762041600,516.1,516.1,508.0,511.1,33330
1762128000,515.0,517.0,510.1,513.1,32079
1762214400,515.0,517.9,511.1,511.1,27560
1762300800,513.0,516.9,508.0,513.1,27044
1762387200,515.0,517.0,506.7,507.3,46224
1762646400,510.0,514.9,507.0,508.5,39600
1762732800,509.0,510.0,506.0,509.0,49391
1762819200,510.0,510.0,505.3,507.9,21898
1762905600,508.0,508.9,504.0,504.0,29577
1762992000,505.1,505.1,502.0,503.0,32775
1763251200,503.0,506.9,501.0,503.5,31462
1763337600,504.0,509.9,504.0,508.0,24130
1763424000,508.0,510.0,505.6,507.1,24383
1763510400,511.0,511.0,505.0,507.0,18121
1763596800,508.0,508.0,503.0,506.0,27947
1763856000,505.0,510.5,505.0,509.5,48408
1763942400,508.0,513.9,507.0,513.0,22139
1764028800,518.0,518.0,508.5,510.5,29221
1764115200,510.0,513.0,507.0,511.0,35156
1764201600,511.0,517.0,509.0,514.9,50106
1764460800,518.0,522.0,513.0,513.2,40956
1764547200,519.4,519.4,510.5,512.0,21944
1764633600,512.0,516.8,510.0,512.5,39306
1764720000,515.0,515.0,510.0,510.2,25319
1765065600,502.0,510.0,502.0,503.0,88964
1765152000,503.0,503.0,495.0,495.0,81912
1765238400,500.0,500.0,491.1,496.0,55413
1765324800,500.0,500.0,493.0,494.7,29665
1765411200,492.2,497.5,492.0,495.0,37306
1765670400,500.0,500.0,490.0,492.0,78923
1765756800,492.0,495.0,489.0,494.0,36245
1765843200,494.0,500.0,494.0,499.0,30522
1765929600,503.0,505.0,497.0,499.9,44903
1766016000,500.0,504.0,495.1,499.0,39506
1766275200,500.0,504.4,493.0,497.0,24230
1766361600,500.0,500.0,492.0,497.1,36711
1766448000,499.0,502.0,496.5,497.2,33607
1766534400,498.5,500.0,496.1,498.6,40096
1766880000,499.0,504.0,496.0,503.4,61455
1766966400,508.0,508.9,500.0,506.5,78664
1767139200,500.0,502.0,494.7,496.7,65111
1767225600,495.0,496.0,490.0,492.0,35796
1767484800,491.5,495.0,488.1,490.3,44294
1767571200,492.0,492.0,488.1,489.5,57630
1767657600,490.0,492.0,489.0,489.5,47593
1767744000,493.0,493.9,489.0,489.0,38590
1767830400,492.0,492.0,486.5,489.0,35678
1768176000,490.0,495.0,487.0,487.0,40413
1768262400,496.0,496.0,485.0,488.1,60812
1768348800,490.0,490.0,487.0,487.5,44542
1768694400,488.0,492.0,487.7,490.8,71435
1768867200,490.8,500.0,490.8,496.5,72522
1768953600,502.0,504.0,493.0,496.1,44079
1769040000,498.0,498.0,492.3,493.1,63230
1769299200,496.9,499.0,492.0,497.2,104063
1769385600,501.0,504.0,496.0,497.0,109372
1769472000,497.0,500.0,492.1,494.9,72291
1769558400,492.1,495.0,490.1,492.0,48841
1769644800,500.0,508.0,493.0,497.0,132087
1769904000,500.0,506.0,497.0,498.1,84076
1769990400,488.2,500.0,488.2,498.8,61083
1770076800,500.0,500.0,496.0,498.0,78804
1770163200,489.0,502.0,489.0,496.1,49627
1770249600,499.9,501.0,496.5,499.3,98644
1770508800,497.3,500.9,497.0,498.5,75640
1770595200,499.0,499.0,494.0,495.9,68038
1770681600,496.0,499.8,492.1,496.4,63267
1770768000,500.0,500.0,495.0,496.0,42061
1770854400,495.0,498.7,492.5,495.0,83293
