date,open,high,low,close,volume
869356800,173.26,173.26,173.26,173.26,0.0
869443200,173.25,173.25,173.25,173.25,0.0
869529600,173.03,173.03,173.03,173.03,0.0
869616000,173.03,173.03,173.03,173.03,0.0
869702400,172.66,172.66,172.66,172.66,0.0
869961600,173.15,173.15,173.15,173.15,0.0
870134400,172.88,172.88,172.88,172.88,0.0
870220800,172.12,172.12,172.12,172.12,0.0
870307200,171.7,171.7,171.7,171.7,0.0
870566400,171.52,171.52,171.52,171.52,0.0
870652800,171.36,171.36,171.36,171.36,0.0
870739200,171.16,171.16,171.16,171.16,0.0
870825600,171.1,171.1,171.1,171.1,0.0
870912000,171.24,171.24,171.24,171.24,0.0
871171200,170.39,170.39,170.39,170.39,0.0
871257600,169.38,169.38,169.38,169.38,0.0
871344000,169.28,169.28,169.28,169.28,0.0
871430400,169.28,169.28,169.28,169.28,0.0
871516800,169.52,169.52,169.52,169.52,0.0
871776000,169.57,169.57,169.57,169.57,0.0
872035200,169.76,169.76,169.76,169.76,0.0
872121600,169.57,169.57,169.57,169.57,0.0
872380800,169.91,169.91,169.91,169.91,0.0
872553600,169.57,169.57,169.57,169.57,0.0
872640000,169.87,169.87,169.87,169.87,0.0
872726400,169.98,169.98,169.98,169.98,0.0
872985600,169.64,169.64,169.64,169.64,0.0
873072000,170.13,170.13,170.13,170.13,0.0
873158400,170.2,170.2,170.2,170.2,0.0
873244800,168.74,168.74,168.74,168.74,0.0
873331200,168.63,168.63,168.63,168.63,0.0
873590400,168.49,168.49,168.49,168.49,0.0
873676800,168.84,168.84,168.84,168.84,0.0
873763200,169.18,169.18,169.18,169.18,0.0
873849600,169.17,169.17,169.17,169.17,0.0
873936000,169.99,169.99,169.99,169.99,0.0
874195200,170.1,170.1,170.1,170.1,0.0
874368000,170.45,170.45,170.45,170.45,0.0
874454400,170.6,170.6,170.6,170.6,0.0
874540800,169.67,169.67,169.67,169.67,0.0
874800000,170.31,170.31,170.31,170.31,0.0
874886400,170.06,170.06,170.06,170.06,0.0
874972800,170.43,170.43,170.43,170.43,0.0
875059200,169.96,169.96,169.96,169.96,0.0
875145600,169.97,169.97,169.97,169.97,0.0
875404800,170.71,170.71,170.71,170.71,0.0
875491200,170.64,170.64,170.64,170.64,0.0
875577600,171.23,171.23,171.23,171.23,0.0
875664000,170.2,170.2,170.2,170.2,0.0
876009600,169.8,169.8,169.8,169.8,0.0
876096000,169.7,169.7,169.7,169.7,0.0
876182400,169.68,169.68,169.68,169.68,0.0
876960000,169.43,169.43,169.43,169.43,0.0
877219200,169.51,169.51,169.51,169.51,0.0
877305600,169.55,169.55,169.55,169.55,0.0
877392000,169.29,169.29,169.29,169.29,0.0
877478400,170.33,170.33,170.33,170.33,0.0
877564800,171.04,171.04,171.04,171.04,0.0
877824000,170.61,170.61,170.61,170.61,0.0
877910400,172.96,172.96,172.96,172.96,0.0
877996800,172.0,172.0,172.0,172.0,0.0
878083200,173.43,173.43,173.43,173.43,0.0
878515200,173.44,173.44,173.44,173.44,0.0
878601600,172.68,172.68,172.68,172.68,0.0
878688000,173.03,173.03,173.03,173.03,0.0
878774400,172.07,172.07,172.07,172.07,0.0
879033600,173.02,173.02,173.02,173.02,0.0
879120000,172.46,172.46,172.46,172.46,0.0
879206400,172.08,172.08,172.08,172.08,0.0
879292800,171.96,171.96,171.96,171.96,0.0
879379200,172.02,172.02,172.02,172.02,0.0
879638400,172.02,172.02,172.02,172.02,0.0
879724800,172.8,172.8,172.8,172.8,0.0
879811200,172.68,172.68,172.68,172.68,0.0
879897600,172.35,172.35,172.35,172.35,0.0
879984000,173.01,173.01,173.01,173.01,0.0
880243200,173.28,173.28,173.28,173.28,0.0
880329600,173.1,173.1,173.1,173.1,0.0
880416000,173.28,173.28,173.28,173.28,0.0
880502400,172.39,172.39,172.39,172.39,0.0
880588800,172.14,172.14,172.14,172.14,0.0
880848000,171.64,171.64,171.64,171.64,0.0
880934400,171.77,171.77,171.77,171.77,0.0
881020800,171.19,171.19,171.19,171.19,0.0
881107200,170.08,170.08,170.08,170.08,0.0
881193600,170.22,170.22,170.22,170.22,0.0
881452800,170.68,170.68,170.68,170.68,0.0
881539200,170.54,170.54,170.54,170.54,0.0
881625600,170.24,170.24,170.24,170.24,0.0
881712000,171.14,171.14,171.14,171.14,0.0
881798400,171.19,171.19,171.19,171.19,0.0
882057600,170.56,170.56,170.56,170.56,0.0
882144000,170.16,170.16,170.16,170.16,0.0
882230400,170.11,170.11,170.11,170.11,0.0
882316800,170.9,170.9,170.9,170.9,0.0
882403200,171.7,171.7,171.7,171.7,0.0
882662400,170.83,170.83,170.83,170.83,0.0
882748800,170.57,170.57,170.57,170.57,0.0
882835200,170.52,170.52,170.52,170.52,0.0
882921600,170.94,170.94,170.94,170.94,0.0
883008000,170.74,170.74,170.74,170.74,0.0
883267200,170.83,170.83,170.83,170.83,0.0
883440000,170.7,170.7,170.7,170.7,0.0
883526400,170.93,170.93,170.93,170.93,0.0
883872000,170.21,170.21,170.21,170.21,0.0
883958400,170.23,170.23,170.23,170.23,0.0
884044800,170.39,170.39,170.39,170.39,0.0
884131200,170.32,170.32,170.32,170.32,0.0
884217600,170.69,170.69,170.69,170.69,0.0
884563200,170.73,170.73,170.73,170.73,0.0
884649600,170.6,170.6,170.6,170.6,0.0
887500800,176.6,176.6,176.6,176.6,0.0
887587200,176.62,176.62,176.62,176.62,0.0
887673600,176.11,176.11,176.11,176.11,0.0
887760000,176.12,176.12,176.12,176.12,0.0
888105600,176.5,176.5,176.5,176.5,0.0
888192000,176.57,176.57,176.57,176.57,0.0
888451200,178.68,178.68,178.68,178.68,0.0
888710400,177.58,177.58,177.58,177.58,0.0
888796800,177.86,177.86,177.86,177.86,0.0
888883200,178.04,178.04,178.04,178.04,0.0
888969600,178.56,178.56,178.56,178.56,0.0
889056000,179.42,179.42,179.42,179.42,0.0
889315200,180.31,180.31,180.31,180.31,0.0
889401600,180.29,180.29,180.29,180.29,0.0
889488000,180.22,180.22,180.22,180.22,0.0
889574400,180.36,180.36,180.36,180.36,0.0
889920000,180.84,180.84,180.84,180.84,0.0
890006400,169.71,169.71,169.71,169.71,0.0
890092800,168.91,168.91,168.91,168.91,0.0
890179200,169.49,169.49,169.49,169.49,0.0
890265600,170.23,170.23,170.23,170.23,0.0
890524800,165.87,165.87,165.87,165.87,0.0
890611200,166.06,166.06,166.06,166.06,0.0
890697600,166.34,166.34,166.34,166.34,0.0
890784000,166.62,166.62,166.62,166.62,0.0
890870400,167.4,167.4,167.4,167.4,0.0
891129600,167.83,167.83,167.83,167.83,0.0
891216000,167.06,167.06,167.06,167.06,0.0
891302400,166.62,166.62,166.62,166.62,0.0
891388800,166.37,166.37,166.37,166.37,0.0
891475200,165.87,165.87,165.87,165.87,0.0
891820800,166.47,166.47,166.47,166.47,0.0
891907200,166.64,166.64,166.64,166.64,0.0
891993600,166.06,166.06,166.06,166.06,0.0
892080000,165.82,165.82,165.82,165.82,0.0
892339200,159.38,159.38,159.38,159.38,0.0
892425600,158.86,158.86,158.86,158.86,0.0
895104000,157.97,157.97,157.97,157.97,0.0
895363200,158.01,158.01,158.01,158.01,0.0
895449600,157.69,157.69,157.69,157.69,0.0
895536000,157.57,157.57,157.57,157.57,0.0
895622400,157.29,157.29,157.29,157.29,0.0
895708800,157.57,157.57,157.57,157.57,0.0
895968000,157.68,157.68,157.68,157.68,0.0
896054400,156.84,156.84,156.84,156.84,0.0
896140800,157.05,157.05,157.05,157.05,0.0
896227200,157.56,157.56,157.56,157.56,0.0
896313600,156.86,156.86,156.86,156.86,0.0
896659200,156.86,156.86,156.86,156.86,0.0
896745600,156.43,156.43,156.43,156.43,0.0
896832000,156.91,156.91,156.91,156.91,0.0
896918400,156.77,156.77,156.77,156.77,0.0
897177600,156.78,156.78,156.78,156.78,0.0
897264000,158.05,158.05,158.05,158.05,0.0
897350400,158.32,158.32,158.32,158.32,0.0
897436800,159.56,159.56,159.56,159.56,0.0
897523200,160.16,160.16,160.16,160.16,0.0
897782400,159.95,159.95,159.95,159.95,0.0
897868800,160.23,160.23,160.23,160.23,0.0
897955200,160.38,160.38,160.38,160.38,0.0
898041600,161.13,161.13,161.13,161.13,0.0
898128000,160.72,160.72,160.72,160.72,0.0
898387200,161.02,161.02,161.02,161.02,0.0
898473600,161.34,161.34,161.34,161.34,0.0
898560000,163.01,163.01,163.01,163.01,0.0
898646400,164.07,164.07,164.07,164.07,0.0
898732800,164.68,164.68,164.68,164.68,0.0
898992000,165.92,165.92,165.92,165.92,0.0
899078400,165.65,165.65,165.65,165.65,0.0
899164800,165.87,165.87,165.87,165.87,0.0
899251200,166.03,166.03,166.03,166.03,0.0
899337600,166.05,166.05,166.05,166.05,0.0
899596800,165.41,165.41,165.41,165.41,0.0
899683200,164.33,164.33,164.33,164.33,0.0
899769600,163.73,163.73,163.73,163.73,0.0
899856000,163.44,163.44,163.44,163.44,0.0
899942400,162.59,162.59,162.59,162.59,0.0
900288000,162.49,162.49,162.49,162.49,0.0
900374400,162.85,162.85,162.85,162.85,0.0
900460800,163.77,163.77,163.77,163.77,0.0
900547200,163.35,163.35,163.35,163.35,0.0
900806400,164.01,164.01,164.01,164.01,0.0
900892800,164.04,164.04,164.04,164.04,0.0
900979200,162.41,162.41,162.41,162.41,0.0
901065600,161.57,161.57,161.57,161.57,0.0
901152000,161.52,161.52,161.52,161.52,0.0
901411200,160.14,160.14,160.14,160.14,0.0
901497600,160.96,160.96,160.96,160.96,0.0
901584000,161.21,161.21,161.21,161.21,0.0
901670400,160.97,160.97,160.97,160.97,0.0
901756800,161.29,161.29,161.29,161.29,0.0
902016000,161.85,161.85,161.85,161.85,0.0
902102400,162.07,162.07,162.07,162.07,0.0
902188800,162.16,162.16,162.16,162.16,0.0
902275200,162.37,162.37,162.37,162.37,0.0
902361600,163.76,163.76,163.76,163.76,0.0
902707200,164.25,164.25,164.25,164.25,0.0
902793600,164.77,164.77,164.77,164.77,0.0
902880000,165.43,165.43,165.43,165.43,0.0
902966400,166.02,166.02,166.02,166.02,0.0
903312000,166.28,166.28,166.28,166.28,0.0
903398400,165.75,165.75,165.75,165.75,0.0
903484800,166.47,166.47,166.47,166.47,0.0
903571200,166.08,166.08,166.08,166.08,0.0
903830400,166.83,166.83,166.83,166.83,0.0
903916800,166.19,166.19,166.19,166.19,0.0
904003200,166.82,166.82,166.82,166.82,0.0
904089600,166.66,166.66,166.66,166.66,0.0
904176000,166.21,166.21,166.21,166.21,0.0
904435200,166.59,166.59,166.59,166.59,0.0
904521600,166.54,166.54,166.54,166.54,0.0
904608000,166.56,166.56,166.56,166.56,0.0
904694400,166.17,166.17,166.17,166.17,0.0
904780800,166.36,166.36,166.36,166.36,0.0
905040000,166.37,166.37,166.37,166.37,0.0
905126400,166.21,166.21,166.21,166.21,0.0
905212800,167.3,167.3,167.3,167.3,0.0
905299200,167.49,167.49,167.49,167.49,0.0
905385600,167.74,167.74,167.74,167.74,0.0
905644800,168.06,168.06,168.06,168.06,0.0
905731200,168.21,168.21,168.21,168.21,0.0
905817600,168.51,168.51,168.51,168.51,0.0
905904000,168.42,168.42,168.42,168.42,0.0
905990400,168.53,168.53,168.53,168.53,0.0
906249600,169.01,169.01,169.01,169.01,0.0
906422400,168.18,168.18,168.18,168.18,0.0
906508800,168.28,168.28,168.28,168.28,0.0
906595200,166.72,166.72,166.72,166.72,0.0
906854400,166.22,166.22,166.22,166.22,0.0
907632000,165.75,165.75,165.75,165.75,0.0
907718400,167.35,167.35,167.35,167.35,0.0
907804800,167.48,167.48,167.48,167.48,0.0
908064000,167.95,167.95,167.95,167.95,0.0
908150400,167.95,167.95,167.95,167.95,0.0
908236800,168.42,168.42,168.42,168.42,0.0
908323200,168.69,168.69,168.69,168.69,0.0
908409600,168.75,168.75,168.75,168.75,0.0
908668800,169.61,169.61,169.61,169.61,0.0
909273600,170.07,170.07,170.07,170.07,0.0
909360000,169.71,169.71,169.71,169.71,0.0
909446400,170.6,170.6,170.6,170.6,0.0
909532800,171.39,171.39,171.39,171.39,0.0
909619200,172.0,172.0,172.0,172.0,0.0
909878400,172.41,172.41,172.41,172.41,0.0
910051200,174.98,174.98,174.98,174.98,0.0
910137600,176.81,176.81,176.81,176.81,0.0
910224000,179.29,179.29,179.29,179.29,0.0
910483200,182.06,182.06,182.06,182.06,0.0
910656000,181.67,181.67,181.67,181.67,0.0
910742400,183.58,183.58,183.58,183.58,0.0
910828800,183.77,183.77,183.77,183.77,0.0
911088000,183.78,183.78,183.78,183.78,0.0
911174400,184.17,184.17,184.17,184.17,0.0
911260800,183.61,183.61,183.61,183.61,0.0
911347200,185.56,185.56,185.56,185.56,0.0
911433600,187.3,187.3,187.3,187.3,0.0
911692800,188.34,188.34,188.34,188.34,0.0
911779200,189.46,189.46,189.46,189.46,0.0
911865600,190.74,190.74,190.74,190.74,0.0
911952000,190.75,190.75,190.75,190.75,0.0
912038400,192.9,192.9,192.9,192.9,0.0
912297600,193.45,193.45,193.45,193.45,0.0
912384000,192.93,192.93,192.93,192.93,0.0
912470400,192.66,192.66,192.66,192.66,0.0
912556800,192.85,192.85,192.85,192.85,0.0
912643200,190.55,190.55,190.55,190.55,0.0
912902400,190.47,190.47,190.47,190.47,0.0
912988800,190.52,190.52,190.52,190.52,0.0
913075200,190.68,190.68,190.68,190.68,0.0
913161600,190.47,190.47,190.47,190.47,0.0
913507200,188.87,188.87,188.87,188.87,0.0
913593600,187.67,187.67,187.67,187.67,0.0
913680000,187.16,187.16,187.16,187.16,0.0
913766400,187.45,187.45,187.45,187.45,0.0
913852800,187.55,187.55,187.55,187.55,0.0
914112000,187.82,187.82,187.82,187.82,0.0
914198400,188.35,188.35,188.35,188.35,0.0
914284800,188.41,188.41,188.41,188.41,0.0
914371200,188.85,188.85,188.85,188.85,0.0
914457600,188.44,188.44,188.44,188.44,0.0
914716800,189.72,189.72,189.72,189.72,0.0
914803200,189.57,189.57,189.57,189.57,0.0
914976000,174.97,174.97,174.97,174.97,0.0
915062400,175.46,175.46,175.46,175.46,0.0
915321600,176.49,176.49,176.49,176.49,0.0
915408000,176.74,176.74,176.74,176.74,0.0
915494400,177.78,177.78,177.78,177.78,0.0
915580800,178.8,178.8,178.8,178.8,0.0
915667200,179.22,179.22,179.22,179.22,0.0
915926400,180.8,180.8,180.8,180.8,0.0
916099200,181.35,181.35,181.35,181.35,0.0
916185600,181.7,181.7,181.7,181.7,0.0
916272000,181.67,181.67,181.67,181.67,0.0
916531200,181.05,181.05,181.05,181.05,0.0
916617600,181.23,181.23,181.23,181.23,0.0
916704000,181.68,181.68,181.68,181.68,0.0
916790400,182.31,182.31,182.31,182.31,0.0
916876800,182.68,182.68,182.68,182.68,0.0
917222400,182.89,182.89,182.89,182.89,0.0
917308800,181.76,181.76,181.76,181.76,0.0
917395200,180.59,180.59,180.59,180.59,0.0
917481600,180.03,180.03,180.03,180.03,0.0
917740800,179.6,179.6,179.6,179.6,0.0
917827200,179.16,179.16,179.16,179.16,0.0
917913600,178.61,178.61,178.61,178.61,0.0
918000000,178.46,178.46,178.46,178.46,0.0
918086400,179.1,179.1,179.1,179.1,0.0
918345600,179.36,179.36,179.36,179.36,0.0
918432000,178.66,178.66,178.66,178.66,0.0
918604800,177.61,177.61,177.61,177.61,0.0
918691200,178.48,178.48,178.48,178.48,0.0
919036800,179.38,179.38,179.38,179.38,0.0
919123200,178.94,178.94,178.94,178.94,0.0
919209600,179.38,179.38,179.38,179.38,0.0
919296000,178.94,178.94,178.94,178.94,0.0
919555200,179.89,179.89,179.89,179.89,0.0
919641600,179.65,179.65,179.65,179.65,0.0
919728000,180.03,180.03,180.03,180.03,0.0
919814400,179.88,179.88,179.88,179.88,0.0
919900800,179.18,179.18,179.18,179.18,0.0
920160000,178.94,178.94,178.94,178.94,0.0
920332800,178.81,178.81,178.81,178.81,0.0
920419200,178.17,178.17,178.17,178.17,0.0
920505600,177.83,177.83,177.83,177.83,0.0
920764800,178.34,178.34,178.34,178.34,0.0
920851200,178.3,178.3,178.3,178.3,0.0
920937600,178.37,178.37,178.37,178.37,0.0
921024000,179.02,179.02,179.02,179.02,0.0
921110400,179.36,179.36,179.36,179.36,0.0
921369600,180.17,180.17,180.17,180.17,0.0
921456000,181.4,181.4,181.4,181.4,0.0
921542400,182.4,182.4,182.4,182.4,0.0
921715200,184.24,184.24,184.24,184.24,0.0
921974400,183.96,183.96,183.96,183.96,0.0
922060800,184.49,184.49,184.49,184.49,0.0
922147200,184.27,184.27,184.27,184.27,0.0
922233600,185.07,185.07,185.07,185.07,0.0
922579200,184.58,184.58,184.58,184.58,0.0
922665600,185.55,185.55,185.55,185.55,0.0
922752000,186.76,186.76,186.76,186.76,0.0
922838400,187.37,187.37,187.37,187.37,0.0
922924800,183.3,183.3,183.3,183.3,0.0
923184000,184.97,184.97,184.97,184.97,0.0
923270400,185.64,185.64,185.64,185.64,0.0
923356800,186.04,186.04,186.04,186.04,0.0
923443200,186.8,186.8,186.8,186.8,0.0
923529600,186.05,186.05,186.05,186.05,0.0
923788800,186.74,186.74,186.74,186.74,0.0
923875200,188.1,188.1,188.1,188.1,0.0
923961600,188.38,188.38,188.38,188.38,0.0
924134400,189.01,189.01,189.01,189.01,0.0
924393600,190.88,190.88,190.88,190.88,0.0
924480000,192.59,192.59,192.59,192.59,0.0
924566400,193.55,193.55,193.55,193.55,0.0
924652800,194.07,194.07,194.07,194.07,0.0
924739200,192.6,192.6,192.6,192.6,0.0
924998400,191.83,191.83,191.83,191.83,0.0
925084800,192.88,192.88,192.88,192.88,0.0
925257600,192.17,192.17,192.17,192.17,0.0
925344000,191.82,191.82,191.82,191.82,0.0
925603200,193.27,193.27,193.27,193.27,0.0
925776000,194.07,194.07,194.07,194.07,0.0
925862400,195.53,195.53,195.53,195.53,0.0
925948800,196.07,196.07,196.07,196.07,0.0
926208000,196.1,196.1,196.1,196.1,0.0
926294400,195.9,195.9,195.9,195.9,0.0
926380800,195.65,195.65,195.65,195.65,0.0
926467200,196.95,196.95,196.95,196.95,0.0
926553600,196.98,196.98,196.98,196.98,0.0
926899200,198.36,198.36,198.36,198.36,0.0
926985600,197.72,197.72,197.72,197.72,0.0
927072000,198.58,198.58,198.58,198.58,0.0
927158400,199.7,199.7,199.7,199.7,0.0
927417600,200.36,200.36,200.36,200.36,0.0
927504000,200.88,200.88,200.88,200.88,0.0
927590400,201.52,201.52,201.52,201.52,0.0
927676800,203.2,203.2,203.2,203.2,0.0
927763200,205.32,205.32,205.32,205.32,0.0
928022400,206.18,206.18,206.18,206.18,0.0
928108800,207.77,207.77,207.77,207.77,0.0
928195200,208.3,208.3,208.3,208.3,0.0
928281600,209.14,209.14,209.14,209.14,0.0
928368000,210.0,210.0,210.0,210.0,0.0
928627200,210.96,210.96,210.96,210.96,0.0
928713600,211.94,211.94,211.94,211.94,0.0
928886400,211.85,211.85,211.85,211.85,0.0
928972800,212.3,212.3,212.3,212.3,0.0
929232000,212.51,212.51,212.51,212.51,0.0
929318400,212.39,212.39,212.39,212.39,0.0
929404800,212.14,212.14,212.14,212.14,0.0
929491200,214.14,214.14,214.14,214.14,0.0
929577600,217.99,217.99,217.99,217.99,0.0
929836800,223.3,223.3,223.3,223.3,0.0
929923200,226.19,226.19,226.19,226.19,0.0
930009600,229.08,229.08,229.08,229.08,0.0
930096000,232.64,232.64,232.64,232.64,0.0
930182400,233.13,233.13,233.13,233.13,0.0
930441600,231.32,231.32,231.32,231.32,0.0
930528000,227.37,227.37,227.37,227.37,0.0
930614400,220.78,220.78,220.78,220.78,0.0
930700800,215.15,215.15,215.15,215.15,0.0
930787200,212.15,212.15,212.15,212.15,0.0
931046400,212.54,212.54,212.54,212.54,0.0
931132800,212.93,212.93,212.93,212.93,0.0
931219200,213.2,213.2,213.2,213.2,0.0
931305600,211.95,211.95,211.95,211.95,0.0
931392000,212.16,212.16,212.16,212.16,0.0
931651200,212.72,212.72,212.72,212.72,0.0
931737600,213.72,213.72,213.72,213.72,0.0
931824000,213.17,213.17,213.17,213.17,0.0
931910400,216.23,216.23,216.23,216.23,0.0
931996800,216.92,216.92,216.92,216.92,0.0
932256000,218.32,218.32,218.32,218.32,0.0
932342400,220.03,220.03,220.03,220.03,0.0
932428800,221.92,221.92,221.92,221.92,0.0
932515200,225.06,225.06,225.06,225.06,0.0
932601600,226.15,226.15,226.15,226.15,0.0
932860800,228.41,228.41,228.41,228.41,0.0
932947200,228.34,228.34,228.34,228.34,0.0
933033600,227.27,227.27,227.27,227.27,0.0
933120000,226.31,226.31,226.31,226.31,0.0
933206400,226.31,226.31,226.31,226.31,0.0
933465600,223.09,223.09,223.09,223.09,0.0
933552000,224.79,224.79,224.79,224.79,0.0
933638400,225.26,225.26,225.26,225.26,0.0
933724800,225.57,225.57,225.57,225.57,0.0
933811200,226.2,226.2,226.2,226.2,0.0
934156800,227.41,227.41,227.41,227.41,0.0
934243200,227.26,227.26,227.26,227.26,0.0
934416000,227.1,227.1,227.1,227.1,0.0
934675200,227.62,227.62,227.62,227.62,0.0
934761600,227.79,227.79,227.79,227.79,0.0
934848000,228.19,228.19,228.19,228.19,0.0
934934400,228.19,228.19,228.19,228.19,0.0
935020800,229.12,229.12,229.12,229.12,0.0
935280000,228.17,228.17,228.17,228.17,0.0
935366400,228.4,228.4,228.4,228.4,0.0
935452800,228.93,228.93,228.93,228.93,0.0
935539200,228.94,228.94,228.94,228.94,0.0
935971200,229.33,229.33,229.33,229.33,0.0
936057600,229.62,229.62,229.62,229.62,0.0
936144000,230.41,230.41,230.41,230.41,0.0
936316800,230.99,230.99,230.99,230.99,0.0
936576000,231.39,231.39,231.39,231.39,0.0
936662400,232.01,232.01,232.01,232.01,0.0
936748800,231.62,231.62,231.62,231.62,0.0
936835200,231.08,231.08,231.08,231.08,0.0
936921600,232.4,232.4,232.4,232.4,0.0
937180800,233.39,233.39,233.39,233.39,0.0
937267200,234.73,234.73,234.73,234.73,0.0
937353600,236.45,236.45,236.45,236.45,0.0
937440000,237.5,237.5,237.5,237.5,0.0
937526400,239.35,239.35,239.35,239.35,0.0
937785600,238.55,238.55,238.55,238.55,0.0
937872000,239.95,239.95,239.95,239.95,0.0
937958400,241.09,241.09,241.09,241.09,0.0
938044800,242.72,242.72,242.72,242.72,0.0
938390400,243.18,243.18,243.18,243.18,0.0
938476800,244.5,244.5,244.5,244.5,0.0
938563200,245.75,245.75,245.75,245.75,0.0
938649600,245.75,245.75,245.75,245.75,0.0
938736000,247.45,247.45,247.45,247.45,0.0
938995200,246.09,246.09,246.09,246.09,0.0
939081600,246.02,246.02,246.02,246.02,0.0
939168000,245.32,245.32,245.32,245.32,0.0
939254400,243.64,243.64,243.64,243.64,0.0
939340800,244.87,244.87,244.87,244.87,0.0
939600000,244.87,244.87,244.87,244.87,0.0
939686400,245.64,245.64,245.64,245.64,0.0
939772800,246.2,246.2,246.2,246.2,0.0
939859200,244.16,244.16,244.16,244.16,0.0
939945600,245.41,245.41,245.41,245.41,0.0
940809600,246.65,246.65,246.65,246.65,0.0
940896000,245.85,245.85,245.85,245.85,0.0
940982400,247.61,247.61,247.61,247.61,0.0
941068800,248.35,248.35,248.35,248.35,0.0
941155200,249.72,249.72,249.72,249.72,0.0
941414400,251.27,251.27,251.27,251.27,0.0
941500800,253.93,253.93,253.93,253.93,0.0
941587200,255.01,255.01,255.01,255.01,0.0
941673600,254.05,254.05,254.05,254.05,0.0
941760000,255.44,255.44,255.44,255.44,0.0
942278400,255.64,255.64,255.64,255.64,0.0
942364800,255.44,255.44,255.44,255.44,0.0
942624000,255.02,255.02,255.02,255.02,0.0
942710400,254.58,254.58,254.58,254.58,0.0
942796800,256.15,256.15,256.15,256.15,0.0
942883200,256.88,256.88,256.88,256.88,0.0
942969600,257.55,257.55,257.55,257.55,0.0
943228800,259.97,259.97,259.97,259.97,0.0
943315200,259.18,259.18,259.18,259.18,0.0
943401600,259.06,259.06,259.06,259.06,0.0
943488000,260.74,260.74,260.74,260.74,0.0
943574400,261.38,261.38,261.38,261.38,0.0
943833600,260.89,260.89,260.89,260.89,0.0
943920000,260.56,260.56,260.56,260.56,0.0
944006400,257.99,257.99,257.99,257.99,0.0
944092800,257.1,257.1,257.1,257.1,0.0
944179200,257.91,257.91,257.91,257.91,0.0
944438400,257.24,257.24,257.24,257.24,0.0
944524800,256.09,256.09,256.09,256.09,0.0
944611200,255.94,255.94,255.94,255.94,0.0
944697600,255.53,255.53,255.53,255.53,0.0
944784000,255.49,255.49,255.49,255.49,0.0
945043200,252.07,252.07,252.07,252.07,0.0
945129600,253.19,253.19,253.19,253.19,0.0
945216000,254.3,254.3,254.3,254.3,0.0
945302400,256.4,256.4,256.4,256.4,0.0
945388800,256.9,256.9,256.9,256.9,0.0
945648000,257.74,257.74,257.74,257.74,0.0
945734400,258.58,258.58,258.58,258.58,0.0
945820800,259.71,259.71,259.71,259.71,0.0
945907200,260.23,260.23,260.23,260.23,0.0
945993600,259.46,259.46,259.46,259.46,0.0
946252800,260.61,260.61,260.61,260.61,0.0
946339200,261.21,261.21,261.21,261.21,0.0
946512000,261.82,261.82,261.82,261.82,0.0
946598400,262.52,262.52,262.52,262.52,0.0
946857600,262.5,262.5,262.5,262.5,0.0
946944000,262.94,262.94,262.94,262.94,0.0
947030400,264.52,264.52,264.52,264.52,0.0
947116800,265.76,265.76,265.76,265.76,0.0
947203200,267.88,267.88,267.88,267.88,0.0
947462400,268.65,268.65,268.65,268.65,0.0
947721600,269.92,269.92,269.92,269.92,0.0
947808000,269.88,269.88,269.88,269.88,0.0
948067200,272.55,272.55,272.55,272.55,0.0
948153600,273.94,273.94,273.94,273.94,0.0
948240000,276.67,276.67,276.67,276.67,0.0
948326400,276.95,276.95,276.95,276.95,0.0
948412800,278.33,278.33,278.33,278.33,0.0
948672000,276.49,276.49,276.49,276.49,0.0
948758400,275.78,275.78,275.78,275.78,0.0
948844800,276.39,276.39,276.39,276.39,0.0
948931200,277.16,277.16,277.16,277.16,0.0
949017600,273.76,273.76,273.76,273.76,0.0
949276800,275.78,275.78,275.78,275.78,0.0
949363200,276.15,276.15,276.15,276.15,0.0
949449600,277.21,277.21,277.21,277.21,0.0
949536000,278.16,278.16,278.16,278.16,0.0
949622400,278.96,278.96,278.96,278.96,0.0
949881600,278.74,278.74,278.74,278.74,0.0
949968000,282.37,282.37,282.37,282.37,0.0
950054400,294.36,294.36,294.36,294.36,0.0
950227200,285.3,285.3,285.3,285.3,0.0
950486400,288.53,288.53,288.53,288.53,0.0
950572800,301.88,301.88,301.88,301.88,0.0
950659200,291.77,291.77,291.77,291.77,0.0
950745600,295.06,295.06,295.06,295.06,0.0
950832000,296.35,296.35,296.35,296.35,0.0
951091200,296.43,296.43,296.43,296.43,0.0
951177600,297.62,297.62,297.62,297.62,0.0
951264000,311.42,311.42,311.42,311.42,0.0
951350400,303.61,303.61,303.61,303.61,0.0
951436800,304.55,304.55,304.55,304.55,0.0
951696000,306.79,306.79,306.79,306.79,0.0
951782400,308.19,308.19,308.19,308.19,0.0
951868800,312.56,312.56,312.56,312.56,0.0
951955200,315.97,315.97,315.97,315.97,0.0
952041600,335.07,335.07,335.07,335.07,0.0
952300800,323.78,323.78,323.78,323.78,0.0
952387200,327.01,327.01,327.01,327.01,0.0
952473600,327.3,327.3,327.3,327.3,0.0
952560000,329.81,329.81,329.81,329.81,0.0
952646400,330.9,330.9,330.9,330.9,0.0
952905600,329.2,329.2,329.2,329.2,0.0
952992000,328.15,328.15,328.15,328.15,0.0
953078400,326.7,326.7,326.7,326.7,0.0
953164800,324.95,324.95,324.95,324.95,0.0
953251200,318.93,318.93,318.93,318.93,0.0
953510400,318.54,318.54,318.54,318.54,0.0
953596800,316.53,316.53,316.53,316.53,0.0
953683200,316.33,316.33,316.33,316.33,0.0
953769600,318.31,318.31,318.31,318.31,0.0
953856000,321.67,321.67,321.67,321.67,0.0
954115200,325.14,325.14,325.14,325.14,0.0
954201600,326.8,326.8,326.8,326.8,0.0
954288000,326.78,326.78,326.78,326.78,0.0
954374400,328.75,328.75,328.75,328.75,0.0
954460800,330.06,330.06,330.06,330.06,0.0
954720000,328.36,328.36,328.36,328.36,0.0
954892800,332.2,332.2,332.2,332.2,0.0
954979200,346.78,346.78,346.78,346.78,0.0
955065600,331.88,331.88,331.88,331.88,0.0
955324800,332.93,332.93,332.93,332.93,0.0
955411200,331.76,331.76,331.76,331.76,0.0
955670400,333.61,333.61,333.61,333.61,0.0
955929600,333.4,333.4,333.4,333.4,0.0
956016000,338.41,338.41,338.41,338.41,0.0
956102400,341.58,341.58,341.58,341.58,0.0
956188800,346.67,346.67,346.67,346.67,0.0
956275200,349.71,349.71,349.71,349.71,0.0
956534400,354.37,354.37,354.37,354.37,0.0
956620800,368.91,368.91,368.91,368.91,0.0
956707200,354.6,354.6,354.6,354.6,0.0
956793600,350.88,350.88,350.88,350.88,0.0
956880000,350.7,350.7,350.7,350.7,0.0
957139200,349.54,349.54,349.54,349.54,0.0
957225600,348.79,348.79,348.79,348.79,0.0
957312000,361.28,361.28,361.28,361.28,0.0
957398400,346.64,346.64,346.64,346.64,0.0
957484800,347.22,347.22,347.22,347.22,0.0
957744000,349.2,349.2,349.2,349.2,0.0
957830400,349.8,349.8,349.8,349.8,0.0
957916800,364.46,364.46,364.46,364.46,0.0
958003200,364.81,364.81,364.81,364.81,0.0
958089600,364.22,364.22,364.22,364.22,0.0
958348800,347.7,347.7,347.7,347.7,0.0
958435200,347.2,347.2,347.2,347.2,0.0
958521600,347.15,347.15,347.15,347.15,0.0
958694400,347.73,347.73,347.73,347.73,0.0
958953600,345.09,345.09,345.09,345.09,0.0
959040000,345.1,345.1,345.1,345.1,0.0
959126400,345.07,345.07,345.07,345.07,0.0
959212800,343.98,343.98,343.98,343.98,0.0
959299200,343.88,343.88,343.88,343.88,0.0
959558400,344.09,344.09,344.09,344.09,0.0
959644800,343.99,343.99,343.99,343.99,0.0
959731200,343.49,343.49,343.49,343.49,0.0
959817600,343.41,343.41,343.41,343.41,0.0
959904000,342.73,342.73,342.73,342.73,0.0
960163200,342.2,342.2,342.2,342.2,0.0
960249600,341.48,341.48,341.48,341.48,0.0
960336000,340.86,340.86,340.86,340.86,0.0
960422400,340.54,340.54,340.54,340.54,0.0
960508800,340.07,340.07,340.07,340.07,0.0
960768000,339.2,339.2,339.2,339.2,0.0
960854400,339.4,339.4,339.4,339.4,0.0
960940800,338.76,338.76,338.76,338.76,0.0
961027200,339.24,339.24,339.24,339.24,0.0
961113600,340.38,340.38,340.38,340.38,0.0
961372800,338.46,338.46,338.46,338.46,0.0
961459200,339.02,339.02,339.02,339.02,0.0
961545600,338.48,338.48,338.48,338.48,0.0
961632000,338.21,338.21,338.21,338.21,0.0
961718400,338.1,338.1,338.1,338.1,0.0
961977600,338.05,338.05,338.05,338.05,0.0
962064000,337.78,337.78,337.78,337.78,0.0
962150400,338.16,338.16,338.16,338.16,0.0
962236800,337.82,337.82,337.82,337.82,0.0
962323200,373.46,373.46,373.46,373.46,0.0
962582400,338.9,338.9,338.9,338.9,0.0
962668800,340.47,340.47,340.47,340.47,0.0
962755200,340.76,340.76,340.76,340.76,0.0
962841600,342.47,342.47,342.47,342.47,0.0
962928000,345.12,345.12,345.12,345.12,0.0
963187200,349.26,349.26,349.26,349.26,0.0
963273600,351.62,351.62,351.62,351.62,0.0
963360000,353.85,353.85,353.85,353.85,0.0
963446400,359.11,359.11,359.11,359.11,0.0
963532800,360.7,360.7,360.7,360.7,0.0
963792000,358.06,358.06,358.06,358.06,0.0
963878400,355.91,355.91,355.91,355.91,0.0
963964800,356.47,356.47,356.47,356.47,0.0
964051200,356.67,356.67,356.67,356.67,0.0
964137600,356.11,356.11,356.11,356.11,0.0
964396800,354.81,354.81,354.81,354.81,0.0
964483200,354.84,354.84,354.84,354.84,0.0
964569600,354.39,354.39,354.39,354.39,0.0
964656000,356.03,356.03,356.03,356.03,0.0
964742400,356.44,356.44,356.44,356.44,0.0
965001600,355.56,355.56,355.56,355.56,0.0
965088000,355.49,355.49,355.49,355.49,0.0
965174400,355.41,355.41,355.41,355.41,0.0
965260800,325.26,325.26,325.26,325.26,0.0
965347200,356.07,356.07,356.07,356.07,0.0
965606400,356.81,356.81,356.81,356.81,0.0
965692800,357.35,357.35,357.35,357.35,0.0
965779200,358.66,358.66,358.66,358.66,0.0
965865600,358.98,358.98,358.98,358.98,0.0
965952000,362.67,362.67,362.67,362.67,0.0
966211200,364.24,364.24,364.24,364.24,0.0
966470400,369.29,369.29,369.29,369.29,0.0
966556800,373.99,373.99,373.99,373.99,0.0
966816000,389.03,389.03,389.03,389.03,0.0
966988800,400.09,400.09,400.09,400.09,0.0
967075200,406.06,406.06,406.06,406.06,0.0
967161600,416.94,416.94,416.94,416.94,0.0
967420800,421.11,421.11,421.11,421.11,0.0
967507200,425.27,425.27,425.27,425.27,0.0
967593600,422.74,422.74,422.74,422.74,0.0
967680000,423.63,423.63,423.63,423.63,0.0
967766400,419.86,419.86,419.86,419.86,0.0
968025600,417.92,417.92,417.92,417.92,0.0
968112000,410.6,410.6,410.6,410.6,0.0
968198400,401.43,401.43,401.43,401.43,0.0
968284800,404.65,404.65,404.65,404.65,0.0
968371200,395.27,395.27,395.27,395.27,0.0
968630400,408.91,408.91,408.91,408.91,0.0
968803200,417.24,417.24,417.24,417.24,0.0
968889600,419.74,419.74,419.74,419.74,0.0
968976000,421.18,421.18,421.18,421.18,0.0
969235200,417.35,417.35,417.35,417.35,0.0
969321600,419.6,419.6,419.6,419.6,0.0
969408000,421.6,421.6,421.6,421.6,0.0
969494400,421.7,421.7,421.7,421.7,0.0
969580800,422.01,422.01,422.01,422.01,0.0
969840000,421.38,421.38,421.38,421.38,0.0
969926400,421.56,421.56,421.56,421.56,0.0
970012800,423.7,423.7,423.7,423.7,0.0
970185600,423.9,423.9,423.9,423.9,0.0
970444800,427.76,427.76,427.76,427.76,0.0
970531200,430.22,430.22,430.22,430.22,0.0
971395200,429.46,429.46,429.46,429.46,0.0
971654400,433.92,433.92,433.92,433.92,0.0
971740800,440.97,440.97,440.97,440.97,0.0
971827200,453.46,453.46,453.46,453.46,0.0
971913600,463.71,463.71,463.71,463.71,0.0
972000000,471.12,471.12,471.12,471.12,0.0
972259200,475.38,475.38,475.38,475.38,0.0
972345600,479.66,479.66,479.66,479.66,0.0
972432000,476.9,476.9,476.9,476.9,0.0
972864000,471.55,471.55,471.55,471.55,0.0
972950400,468.76,468.76,468.76,468.76,0.0
973036800,472.02,472.02,472.02,472.02,0.0
973123200,472.48,472.48,472.48,472.48,0.0
973209600,475.43,475.43,475.43,475.43,0.0
973468800,482.93,482.93,482.93,482.93,0.0
973555200,493.94,493.94,493.94,493.94,0.0
973728000,499.11,499.11,499.11,499.11,0.0
973814400,505.91,505.91,505.91,505.91,0.0
974073600,507.51,507.51,507.51,507.51,0.0
974160000,513.7,513.7,513.7,513.7,0.0
974246400,519.33,519.33,519.33,519.33,0.0
974332800,526.9,526.9,526.9,526.9,0.0
974419200,540.28,540.28,540.28,540.28,0.0
974678400,543.44,543.44,543.44,543.44,0.0
974764800,544.14,544.14,544.14,544.14,0.0
974851200,544.94,544.94,544.94,544.94,0.0
974937600,545.82,545.82,545.82,545.82,0.0
975024000,543.85,543.85,543.85,543.85,0.0
975283200,533.96,533.96,533.96,533.96,0.0
975369600,510.86,510.86,510.86,510.86,0.0
975456000,489.32,489.32,489.32,489.32,0.0
975542400,502.85,502.85,502.85,502.85,0.0
975628800,508.58,508.58,508.58,508.58,0.0
975888000,508.98,508.98,508.98,508.98,0.0
975974400,502.75,502.75,502.75,502.75,0.0
976060800,500.48,500.48,500.48,500.48,0.0
976147200,497.24,497.24,497.24,497.24,0.0
976233600,494.22,494.22,494.22,494.22,0.0
976492800,495.65,495.65,495.65,495.65,0.0
976579200,489.74,489.74,489.74,489.74,0.0
976665600,488.01,488.01,488.01,488.01,0.0
976752000,484.53,484.53,484.53,484.53,0.0
976838400,486.05,486.05,486.05,486.05,0.0
977097600,487.4,487.4,487.4,487.4,0.0
977184000,488.5,488.5,488.5,488.5,0.0
977270400,488.5,488.5,488.5,488.5,0.0
977356800,489.74,489.74,489.74,489.74,0.0
977443200,489.07,489.07,489.07,489.07,0.0
977702400,494.71,494.71,494.71,494.71,0.0
977788800,493.4,493.4,493.4,493.4,0.0
977875200,489.03,489.03,489.03,489.03,0.0
978220800,488.01,488.01,488.01,488.01,0.0
978307200,487.26,487.26,487.26,487.26,0.0
978393600,486.09,486.09,486.09,486.09,0.0
978480000,486.58,486.58,486.58,486.58,0.0
978566400,486.56,486.56,486.56,486.56,0.0
978652800,482.2,482.2,482.2,482.2,0.0
978912000,479.23,479.23,479.23,479.23,0.0
978998400,474.52,474.52,474.52,474.52,0.0
979084800,468.4,468.4,468.4,468.4,0.0
979257600,464.76,464.76,464.76,464.76,0.0
979516800,462.59,462.59,462.59,462.59,0.0
979603200,460.86,460.86,460.86,460.86,0.0
979689600,460.29,460.29,460.29,460.29,0.0
979776000,458.82,458.82,458.82,458.82,0.0
979862400,458.37,458.37,458.37,458.37,0.0
980121600,459.28,459.28,459.28,459.28,0.0
980208000,460.79,460.79,460.79,460.79,0.0
980294400,460.5,460.5,460.5,460.5,0.0
980380800,465.37,465.37,465.37,465.37,0.0
980467200,467.35,467.35,467.35,467.35,0.0
980812800,468.41,468.41,468.41,468.41,0.0
980899200,468.07,468.07,468.07,468.07,0.0
980985600,467.02,467.02,467.02,467.02,0.0
981072000,465.39,465.39,465.39,465.39,0.0
981331200,462.52,462.52,462.52,462.52,0.0
981417600,464.01,464.01,464.01,464.01,0.0
981504000,460.85,460.85,460.85,460.85,0.0
981590400,458.73,458.73,458.73,458.73,0.0
981676800,455.34,455.34,455.34,455.34,0.0
981936000,451.57,451.57,451.57,451.57,0.0
982022400,452.53,452.53,452.53,452.53,0.0
982108800,443.35,443.35,443.35,443.35,0.0
982195200,439.41,439.41,439.41,439.41,0.0
982281600,431.45,431.45,431.45,431.45,0.0
982540800,430.77,430.77,430.77,430.77,0.0
982627200,424.92,424.92,424.92,424.92,0.0
982800000,415.1,415.1,415.1,415.1,0.0
982886400,402.55,402.55,402.55,402.55,0.0
983232000,398.0,398.0,398.0,398.0,0.0
983318400,375.29,375.29,375.29,375.29,0.0
983404800,375.17,375.17,375.17,375.17,0.0
983491200,377.2,377.2,377.2,377.2,0.0
983750400,391.59,391.59,391.59,391.59,0.0
983836800,393.6,393.6,393.6,393.6,0.0
983923200,393.24,393.24,393.24,393.24,0.0
984009600,396.26,396.26,396.26,396.26,0.0
984355200,397.61,397.61,397.61,397.61,0.0
984441600,395.85,395.85,395.85,395.85,0.0
984528000,391.88,391.88,391.88,391.88,0.0
984614400,390.88,390.88,390.88,390.88,0.0
984700800,390.2,390.2,390.2,390.2,0.0
984960000,388.4,388.4,388.4,388.4,0.0
985046400,385.45,385.45,385.45,385.45,0.0
985132800,378.49,378.49,378.49,378.49,0.0
985219200,377.48,377.48,377.48,377.48,0.0
985305600,376.98,376.98,376.98,376.98,0.0
985564800,382.58,382.58,382.58,382.58,0.0
985651200,373.97,373.97,373.97,373.97,0.0
985737600,375.07,375.07,375.07,375.07,0.0
985824000,378.01,378.01,378.01,378.01,0.0
985910400,386.87,386.87,386.87,386.87,0.0
986256000,375.95,375.95,375.95,375.95,0.0
986342400,376.97,376.97,376.97,376.97,0.0
986428800,372.86,372.86,372.86,372.86,0.0
986515200,374.58,374.58,374.58,374.58,0.0
986774400,409.56,409.56,409.56,409.56,0.0
986860800,372.62,372.62,372.62,372.62,0.0
986947200,369.99,369.99,369.99,369.99,0.0
987033600,370.31,370.31,370.31,370.31,0.0
987120000,369.05,369.05,369.05,369.05,0.0
987379200,366.6,366.6,366.6,366.6,0.0
987465600,366.21,366.21,366.21,366.21,0.0
987552000,367.37,367.37,367.37,367.37,0.0
987638400,366.39,366.39,366.39,366.39,0.0
987724800,366.78,366.78,366.78,366.78,0.0
987984000,365.58,365.58,365.58,365.58,0.0
988070400,366.13,366.13,366.13,366.13,0.0
988156800,365.84,365.84,365.84,365.84,0.0
988243200,366.52,366.52,366.52,366.52,0.0
988329600,367.98,367.98,367.98,367.98,0.0
988588800,368.38,368.38,368.38,368.38,0.0
988675200,366.73,366.73,366.73,366.73,0.0
988761600,366.98,366.98,366.98,366.98,0.0
988848000,365.2,365.2,365.2,365.2,0.0
988934400,365.25,365.25,365.25,365.25,0.0
989280000,364.63,364.63,364.63,364.63,0.0
989366400,360.81,360.81,360.81,360.81,0.0
989452800,358.28,358.28,358.28,358.28,0.0
989539200,355.6,355.6,355.6,355.6,0.0
989798400,351.08,351.08,351.08,351.08,0.0
989884800,344.02,344.02,344.02,344.02,0.0
989971200,332.84,332.84,332.84,332.84,0.0
990057600,329.8,329.8,329.8,329.8,0.0
990144000,364.19,364.19,364.19,364.19,0.0
990403200,334.26,334.26,334.26,334.26,0.0
990489600,334.26,334.26,334.26,334.26,0.0
990576000,336.98,336.98,336.98,336.98,0.0
990662400,337.46,337.46,337.46,337.46,0.0
990748800,339.24,339.24,339.24,339.24,0.0
991008000,338.99,338.99,338.99,338.99,0.0
991094400,338.73,338.73,338.73,338.73,0.0
991180800,339.49,339.49,339.49,339.49,0.0
991267200,340.43,340.43,340.43,340.43,0.0
991353600,342.25,342.25,342.25,342.25,0.0
992304000,338.05,338.05,338.05,338.05,0.0
992390400,333.18,333.18,333.18,333.18,0.0
992563200,331.3,331.3,331.3,331.3,0.0
992822400,332.81,332.81,332.81,332.81,0.0
992908800,334.5,334.5,334.5,334.5,0.0
992995200,336.22,336.22,336.22,336.22,0.0
993081600,336.87,336.87,336.87,336.87,0.0
993427200,336.34,336.34,336.34,336.34,0.0
993513600,335.17,335.17,335.17,335.17,0.0
993600000,334.39,334.39,334.39,334.39,0.0
993686400,333.8,333.8,333.8,333.8,0.0
993772800,332.69,332.69,332.69,332.69,0.0
994032000,331.05,331.05,331.05,331.05,0.0
994118400,327.94,327.94,327.94,327.94,0.0
994204800,325.94,325.94,325.94,325.94,0.0
994291200,324.75,324.75,324.75,324.75,0.0
994377600,327.28,327.28,327.28,327.28,0.0
994636800,322.94,322.94,322.94,322.94,0.0
994723200,322.74,322.74,322.74,322.74,0.0
994809600,326.14,326.14,326.14,326.14,0.0
994896000,334.75,334.75,334.75,334.75,0.0
994982400,348.43,348.43,348.43,348.43,0.0
995241600,352.25,352.25,352.25,352.25,0.0
995328000,346.8,346.8,346.8,346.8,0.0
995414400,343.13,343.13,343.13,343.13,0.0
995500800,337.88,337.88,337.88,337.88,0.0
995587200,334.64,334.64,334.64,334.64,0.0
995846400,329.77,329.77,329.77,329.77,0.0
995932800,329.89,329.89,329.89,329.89,0.0
996019200,321.16,321.16,321.16,321.16,0.0
996105600,321.16,321.16,321.16,321.16,0.0
996192000,321.96,321.96,321.96,321.96,0.0
996451200,322.45,322.45,322.45,322.45,0.0
996537600,323.64,323.64,323.64,323.64,0.0
996624000,325.21,325.21,325.21,325.21,0.0
996710400,325.6,325.6,325.6,325.6,0.0
996796800,316.92,316.92,316.92,316.92,0.0
997056000,321.12,321.12,321.12,321.12,0.0
997142400,329.51,329.51,329.51,329.51,0.0
997228800,329.09,329.09,329.09,329.09,0.0
997315200,319.9,319.9,319.9,319.9,0.0
997401600,319.49,319.49,319.49,319.49,0.0
997660800,316.39,316.39,316.39,316.39,0.0
997747200,314.04,314.04,314.04,314.04,0.0
997833600,314.95,314.95,314.95,314.95,0.0
997920000,322.13,322.13,322.13,322.13,0.0
998006400,320.32,320.32,320.32,320.32,0.0
998265600,312.41,312.41,312.41,312.41,0.0
998352000,317.34,317.34,317.34,317.34,0.0
998438400,309.91,309.91,309.91,309.91,0.0
998524800,299.34,299.34,299.34,299.34,0.0
998611200,298.85,298.85,298.85,298.85,0.0
998870400,295.17,295.17,295.17,295.17,0.0
998956800,292.53,292.53,292.53,292.53,0.0
999043200,281.13,281.13,281.13,281.13,0.0
999129600,280.37,280.37,280.37,280.37,0.0
999216000,281.04,281.04,281.04,281.04,0.0
999475200,281.83,281.83,281.83,281.83,0.0
999561600,282.95,282.95,282.95,282.95,0.0
999648000,282.78,282.78,282.78,282.78,0.0
999734400,280.93,280.93,280.93,280.93,0.0
999820800,280.93,280.93,280.93,280.93,0.0
1000080000,276.91,276.91,276.91,276.91,0.0
1000166400,274.34,274.34,274.34,274.34,0.0
1000252800,269.17,269.17,269.17,269.17,0.0
1000339200,261.37,261.37,261.37,261.37,0.0
1000425600,265.22,265.22,265.22,265.22,0.0
1000684800,273.01,273.01,273.01,273.01,0.0
1000771200,275.13,275.13,275.13,275.13,0.0
1000857600,279.92,279.92,279.92,279.92,0.0
1001030400,283.38,283.38,283.38,283.38,0.0
1001289600,279.65,279.65,279.65,279.65,0.0
1001376000,277.79,277.79,277.79,277.79,0.0
1001462400,275.23,275.23,275.23,275.23,0.0
1001548800,275.09,275.09,275.09,275.09,0.0
1001635200,276.07,276.07,276.07,276.07,0.0
1001894400,276.46,276.46,276.46,276.46,0.0
1001980800,278.01,278.01,278.01,278.01,0.0
1002067200,281.39,281.39,281.39,281.39,0.0
1002153600,282.11,282.11,282.11,282.11,0.0
1002240000,282.34,282.34,282.34,282.34,0.0
1002499200,282.88,282.88,282.88,282.88,0.0
1002585600,282.16,282.16,282.16,282.16,0.0
1002672000,282.83,282.83,282.83,282.83,0.0
1002758400,281.89,281.89,281.89,281.89,0.0
1002844800,282.05,282.05,282.05,282.05,0.0
1003104000,282.79,282.79,282.79,282.79,0.0
1003190400,281.21,281.21,281.21,281.21,0.0
1003276800,281.5,281.5,281.5,281.5,0.0
1003363200,281.8,281.8,281.8,281.8,0.0
1003449600,282.75,282.75,282.75,282.75,0.0
1003708800,283.06,283.06,283.06,283.06,0.0
1004400000,285.25,285.25,285.25,285.25,0.0
1004486400,287.17,287.17,287.17,287.17,0.0
1004572800,287.79,287.79,287.79,287.79,0.0
1004659200,289.98,289.98,289.98,289.98,0.0
1004918400,290.97,290.97,290.97,290.97,0.0
1005004800,296.35,296.35,296.35,296.35,0.0
1005091200,297.52,297.52,297.52,297.52,0.0
1005264000,297.19,297.19,297.19,297.19,0.0
1005523200,298.13,298.13,298.13,298.13,0.0
1005609600,300.15,300.15,300.15,300.15,0.0
1006128000,300.36,300.36,300.36,300.36,0.0
1006214400,299.55,299.55,299.55,299.55,0.0
1006300800,299.38,299.38,299.38,299.38,0.0
1006387200,297.51,297.51,297.51,297.51,0.0
1006473600,296.01,296.01,296.01,296.01,0.0
1006732800,290.07,290.07,290.07,290.07,0.0
1006819200,283.98,283.98,283.98,283.98,0.0
1006905600,288.83,288.83,288.83,288.83,0.0
1007078400,287.7,287.7,287.7,287.7,0.0
1007337600,288.72,288.72,288.72,288.72,0.0
1007424000,286.18,286.18,286.18,286.18,0.0
1007510400,287.78,287.78,287.78,287.78,0.0
1007596800,288.97,288.97,288.97,288.97,0.0
1007683200,290.57,290.57,290.57,290.57,0.0
1007942400,290.49,290.49,290.49,290.49,0.0
1008028800,288.37,288.37,288.37,288.37,0.0
1008115200,287.42,287.42,287.42,287.42,0.0
1008201600,286.9,286.9,286.9,286.9,0.0
1008288000,284.48,284.48,284.48,284.48,0.0
1008547200,283.33,283.33,283.33,283.33,0.0
1008633600,283.75,283.75,283.75,283.75,0.0
1008720000,282.8,282.8,282.8,282.8,0.0
1008806400,280.62,280.62,280.62,280.62,0.0
1008892800,280.05,280.05,280.05,280.05,0.0
1009152000,277.84,277.84,277.84,277.84,0.0
1009238400,278.21,278.21,278.21,278.21,0.0
1009324800,274.36,274.36,274.36,274.36,0.0
1009411200,273.2,273.2,273.2,273.2,0.0
1009497600,271.43,271.43,271.43,271.43,0.0
1009756800,269.75,269.75,269.75,269.75,0.0
1009843200,266.28,266.28,266.28,266.28,0.0
1009929600,263.03,263.03,263.03,263.03,0.0
1010016000,261.08,261.08,261.08,261.08,0.0
1010361600,260.67,260.67,260.67,260.67,0.0
1010534400,262.82,262.82,262.82,262.82,0.0
1010620800,255.92,255.92,255.92,255.92,0.0
1010966400,258.91,258.91,258.91,258.91,0.0
1011052800,265.62,265.62,265.62,265.62,0.0
1011139200,262.85,262.85,262.85,262.85,0.0
1011225600,260.65,260.65,260.65,260.65,0.0
1011312000,259.75,259.75,259.75,259.75,0.0
1011571200,257.73,257.73,257.73,257.73,0.0
1011657600,255.91,255.91,255.91,255.91,0.0
1011744000,254.98,254.98,254.98,254.98,0.0
1011916800,256.84,256.84,256.84,256.84,0.0
1012176000,254.77,254.77,254.77,254.77,0.0
1012348800,252.73,252.73,252.73,252.73,0.0
1012435200,251.96,251.96,251.96,251.96,0.0
1012521600,251.41,251.41,251.41,251.41,0.0
1012780800,248.72,248.72,248.72,248.72,0.0
1012953600,245.4,245.4,245.4,245.4,0.0
1013040000,240.41,240.41,240.41,240.41,0.0
1013385600,236.06,236.06,236.06,236.06,0.0
1013472000,236.01,236.01,236.01,236.01,0.0
1013558400,236.6,236.6,236.6,236.6,0.0
1013644800,234.97,234.97,234.97,234.97,0.0
1013731200,234.82,234.82,234.82,234.82,0.0
1013990400,233.75,233.75,233.75,233.75,0.0
1014163200,230.5,230.5,230.5,230.5,0.0
1014249600,228.75,228.75,228.75,228.75,0.0
1014336000,226.03,226.03,226.03,226.03,0.0
1014595200,225.11,225.11,225.11,225.11,0.0
1014681600,223.46,223.46,223.46,223.46,0.0
1014768000,222.45,222.45,222.45,222.45,0.0
1014854400,220.28,220.28,220.28,220.28,0.0
1014940800,218.59,218.59,218.59,218.59,0.0
1015200000,215.89,215.89,215.89,215.89,0.0
1015286400,211.76,211.76,211.76,211.76,0.0
1015372800,208.53,208.53,208.53,208.53,0.0
1015459200,204.79,204.79,204.79,204.79,0.0
1015545600,198.37,198.37,198.37,198.37,0.0
1015804800,195.46,195.46,195.46,195.46,0.0
1015977600,193.83,193.83,193.83,193.83,0.0
1016064000,187.88,187.88,187.88,187.88,0.0
1016150400,186.22,186.22,186.22,186.22,0.0
1016409600,186.94,186.94,186.94,186.94,0.0
1016496000,192.71,192.71,192.71,192.71,0.0
1016582400,200.18,200.18,200.18,200.18,0.0
1016668800,204.28,204.28,204.28,204.28,0.0
1016755200,209.07,209.07,209.07,209.07,0.0
1017014400,213.74,213.74,213.74,213.74,0.0
1017100800,213.71,213.71,213.71,213.71,0.0
1017187200,205.52,205.52,205.52,205.52,0.0
1017360000,198.81,198.81,198.81,198.81,0.0
1017619200,201.06,201.06,201.06,201.06,0.0
1017705600,209.7,209.7,209.7,209.7,0.0
1017792000,211.11,211.11,211.11,211.11,0.0
1017878400,208.94,208.94,208.94,208.94,0.0
1017964800,208.93,208.93,208.93,208.93,0.0
1018051200,212.66,212.66,212.66,212.66,0.0
1018310400,214.55,214.55,214.55,214.55,0.0
1018396800,216.45,216.45,216.45,216.45,0.0
1018483200,219.14,219.14,219.14,219.14,0.0
1018569600,216.21,216.21,216.21,216.21,0.0
1018828800,214.94,214.94,214.94,214.94,0.0
1018915200,215.15,215.15,215.15,215.15,0.0
1019001600,216.36,216.36,216.36,216.36,0.0
1019088000,216.94,216.94,216.94,216.94,0.0
1019174400,217.14,217.14,217.14,217.14,0.0
1019433600,215.1,215.1,215.1,215.1,0.0
1019520000,215.45,215.45,215.45,215.45,0.0
1019606400,216.83,216.83,216.83,216.83,0.0
1019692800,218.09,218.09,218.09,218.09,0.0
1019779200,218.55,218.55,218.55,218.55,0.0
1020038400,219.51,219.51,219.51,219.51,0.0
1020124800,220.17,220.17,220.17,220.17,0.0
1020211200,221.43,221.43,221.43,221.43,0.0
1020297600,221.81,221.81,221.81,221.81,0.0
1020384000,224.69,224.69,224.69,224.69,0.0
1020643200,230.77,230.77,230.77,230.77,0.0
1020729600,240.04,240.04,240.04,240.04,0.0
1020816000,243.63,243.63,243.63,243.63,0.0
1020902400,234.72,234.72,234.72,234.72,0.0
1020988800,240.46,240.46,240.46,240.46,0.0
1021248000,238.65,238.65,238.65,238.65,0.0
1021334400,239.09,239.09,239.09,239.09,0.0
1021420800,238.42,238.42,238.42,238.42,0.0
1021507200,237.62,237.62,237.62,237.62,0.0
1021593600,239.54,239.54,239.54,239.54,0.0
1021852800,239.9,239.9,239.9,239.9,0.0
1021939200,241.08,241.08,241.08,241.08,0.0
1022025600,241.45,241.45,241.45,241.45,0.0
1022112000,235.88,235.88,235.88,235.88,0.0
1022198400,233.19,233.19,233.19,233.19,0.0
1022457600,234.04,234.04,234.04,234.04,0.0
1022544000,233.47,233.47,233.47,233.47,0.0
1022630400,234.15,234.15,234.15,234.15,0.0
1022716800,233.89,233.89,233.89,233.89,0.0
1022803200,233.28,233.28,233.28,233.28,0.0
1023062400,232.81,232.81,232.81,232.81,0.0
1023148800,232.59,232.59,232.59,232.59,0.0
1023235200,232.79,232.79,232.79,232.79,0.0
1023321600,231.83,231.83,231.83,231.83,0.0
1023408000,231.17,231.17,231.17,231.17,0.0
1023667200,231.45,231.45,231.45,231.45,0.0
1023753600,231.34,231.34,231.34,231.34,0.0
1023840000,230.69,230.69,230.69,230.69,0.0
1023926400,228.26,228.26,228.26,228.26,0.0
1024012800,226.04,226.04,226.04,226.04,0.0
1024272000,225.29,225.29,225.29,225.29,0.0
1024358400,226.83,226.83,226.83,226.83,0.0
1024444800,227.24,227.24,227.24,227.24,0.0
1024617600,227.67,227.67,227.67,227.67,0.0
1024876800,229.1,229.1,229.1,229.1,0.0
1024963200,229.33,229.33,229.33,229.33,0.0
1025049600,229.36,229.36,229.36,229.36,0.0
1025481600,229.2,229.2,229.2,229.2,0.0
1025568000,229.18,229.18,229.18,229.18,0.0
1025654400,228.27,228.27,228.27,228.27,0.0
1025740800,227.16,227.16,227.16,227.16,0.0
1025827200,226.48,226.48,226.48,226.48,0.0
1026086400,226.23,226.23,226.23,226.23,0.0
1026259200,224.48,224.48,224.48,224.48,0.0
1026345600,223.67,223.67,223.67,223.67,0.0
1026432000,222.86,222.86,222.86,222.86,0.0
1026691200,223.76,223.76,223.76,223.76,0.0
1026777600,227.65,227.65,227.65,227.65,0.0
1026864000,222.06,222.06,222.06,222.06,0.0
1027036800,222.08,222.08,222.08,222.08,0.0
1027296000,221.65,221.65,221.65,221.65,0.0
1027382400,221.49,221.49,221.49,221.49,0.0
1027468800,221.75,221.75,221.75,221.75,0.0
1027555200,224.17,224.17,224.17,224.17,0.0
1027641600,224.47,224.47,224.47,224.47,0.0
1027900800,224.65,224.65,224.65,224.65,0.0
1027987200,224.57,224.57,224.57,224.57,0.0
1028160000,223.86,223.86,223.86,223.86,0.0
1028246400,224.52,224.52,224.52,224.52,0.0
1028505600,223.84,223.84,223.84,223.84,0.0
1028592000,223.84,223.84,223.84,223.84,0.0
1028678400,223.63,223.63,223.63,223.63,0.0
1028764800,223.68,223.68,223.68,223.68,0.0
1028851200,224.03,224.03,224.03,224.03,0.0
1029110400,223.77,223.77,223.77,223.77,0.0
1029196800,224.32,224.32,224.32,224.32,0.0
1029283200,225.39,225.39,225.39,225.39,0.0
1029369600,226.02,226.02,226.02,226.02,0.0
1029456000,226.57,226.57,226.57,226.57,0.0
1029715200,226.37,226.37,226.37,226.37,0.0
1029801600,227.58,227.58,227.58,227.58,0.0
1029888000,228.4,228.4,228.4,228.4,0.0
1029974400,229.02,229.02,229.02,229.02,0.0
1030060800,229.88,229.88,229.88,229.88,0.0
1030320000,230.01,230.01,230.01,230.01,0.0
1030406400,228.96,228.96,228.96,228.96,0.0
1030492800,228.54,228.54,228.54,228.54,0.0
1030579200,227.36,227.36,227.36,227.36,0.0
1030924800,225.38,225.38,225.38,225.38,0.0
1031011200,225.3,225.3,225.3,225.3,0.0
1031097600,225.03,225.03,225.03,225.03,0.0
1031184000,224.86,224.86,224.86,224.86,0.0
1031270400,224.55,224.55,224.55,224.55,0.0
1031529600,223.92,223.92,223.92,223.92,0.0
1031616000,223.71,223.71,223.71,223.71,0.0
1031702400,223.87,223.87,223.87,223.87,0.0
1031788800,223.79,223.79,223.79,223.79,0.0
1031875200,223.03,223.03,223.03,223.03,0.0
1032134400,222.98,222.98,222.98,222.98,0.0
1032220800,222.87,222.87,222.87,222.87,0.0
1032307200,222.77,222.77,222.77,222.77,0.0
1032393600,223.14,223.14,223.14,223.14,0.0
1032739200,222.12,222.12,222.12,222.12,0.0
1032825600,219.97,219.97,219.97,219.97,0.0
1032912000,218.48,218.48,218.48,218.48,0.0
1032998400,218.22,218.22,218.22,218.22,0.0
1033084800,218.19,218.19,218.19,218.19,0.0
1033344000,217.53,217.53,217.53,217.53,0.0
1033516800,217.11,217.11,217.11,217.11,0.0
1033603200,218.03,218.03,218.03,218.03,0.0
1033689600,217.9,217.9,217.9,217.9,0.0
1034035200,218.76,218.76,218.76,218.76,0.0
1034121600,218.88,218.88,218.88,218.88,0.0
1034208000,219.33,219.33,219.33,219.33,0.0
1034294400,219.26,219.26,219.26,219.26,0.0
1034899200,219.38,219.38,219.38,219.38,0.0
1035158400,219.16,219.16,219.16,219.16,0.0
1035244800,219.69,219.69,219.69,219.69,0.0
1035331200,220.03,220.03,220.03,220.03,0.0
1035417600,221.08,221.08,221.08,221.08,0.0
1035504000,220.78,220.78,220.78,220.78,0.0
1035763200,220.97,220.97,220.97,220.97,0.0
1035849600,223.11,223.11,223.11,223.11,0.0
1035936000,224.33,224.33,224.33,224.33,0.0
1036022400,225.4,225.4,225.4,225.4,0.0
1036108800,225.65,225.65,225.65,225.65,0.0
1036627200,224.29,224.29,224.29,224.29,0.0
1036713600,223.94,223.94,223.94,223.94,0.0
1036972800,222.97,222.97,222.97,222.97,0.0
1037059200,222.67,222.67,222.67,222.67,0.0
1037145600,222.49,222.49,222.49,222.49,0.0
1037232000,221.57,221.57,221.57,221.57,0.0
1037318400,220.73,220.73,220.73,220.73,0.0
1037577600,220.59,220.59,220.59,220.59,0.0
1037664000,220.37,220.37,220.37,220.37,0.0
1037750400,220.43,220.43,220.43,220.43,0.0
1037836800,219.25,219.25,219.25,219.25,0.0
1037923200,217.36,217.36,217.36,217.36,0.0
1038182400,217.1,217.1,217.1,217.1,0.0
1038268800,217.11,217.11,217.11,217.11,0.0
1038355200,217.31,217.31,217.31,217.31,0.0
1038441600,217.44,217.44,217.44,217.44,0.0
1038787200,216.98,216.98,216.98,216.98,0.0
1038873600,216.26,216.26,216.26,216.26,0.0
1038960000,216.75,216.75,216.75,216.75,0.0
1039046400,217.2,217.2,217.2,217.2,0.0
1039132800,216.79,216.79,216.79,216.79,0.0
1039392000,216.29,216.29,216.29,216.29,0.0
1039478400,215.97,215.97,215.97,215.97,0.0
1039564800,215.87,215.87,215.87,215.87,0.0
1039651200,214.97,214.97,214.97,214.97,0.0
1039996800,214.27,214.27,214.27,214.27,0.0
1040083200,214.34,214.34,214.34,214.34,0.0
1040169600,208.08,208.08,208.08,208.08,0.0
1040256000,207.35,207.35,207.35,207.35,0.0
1040342400,206.57,206.57,206.57,206.57,0.0
1040601600,206.43,206.43,206.43,206.43,0.0
1040688000,206.8,206.8,206.8,206.8,0.0
1040774400,206.62,206.62,206.62,206.62,0.0
1041206400,204.77,204.77,204.77,204.77,0.0
1041292800,204.44,204.44,204.44,204.44,0.0
1041379200,204.1,204.1,204.1,204.1,0.0
1041465600,203.61,203.61,203.61,203.61,0.0
1041897600,202.37,202.37,202.37,202.37,0.0
1042416000,200.82,200.82,200.82,200.82,0.0
1043193600,198.55,198.55,198.55,198.55,0.0
1043280000,198.78,198.78,198.78,198.78,0.0
1043366400,198.44,198.44,198.44,198.44,0.0
1043625600,199.03,199.03,199.03,199.03,0.0
1043712000,199.52,199.52,199.52,199.52,0.0
1043798400,199.78,199.78,199.78,199.78,0.0
1043971200,203.54,203.54,203.54,203.54,0.0
1044230400,213.3,213.3,213.3,213.3,0.0
1044316800,225.96,225.96,225.96,225.96,0.0
1044403200,227.4,227.4,227.4,227.4,0.0
1044489600,220.59,220.59,220.59,220.59,0.0
1044576000,217.14,217.14,217.14,217.14,0.0
1044835200,215.18,215.18,215.18,215.18,0.0
1044921600,213.7,213.7,213.7,213.7,0.0
1045008000,213.3,213.3,213.3,213.3,0.0
1045094400,211.52,211.52,211.52,211.52,0.0
1045180800,211.21,211.21,211.21,211.21,0.0
1045440000,211.28,211.28,211.28,211.28,0.0
1045526400,211.9,211.9,211.9,211.9,0.0
1045699200,211.3,211.3,211.3,211.3,0.0
1045785600,211.04,211.04,211.04,211.04,0.0
1046044800,211.99,211.99,211.99,211.99,0.0
1046131200,211.53,211.53,211.53,211.53,0.0
1046217600,210.59,210.59,210.59,210.59,0.0
1046304000,209.37,209.37,209.37,209.37,0.0
1046390400,209.26,209.26,209.26,209.26,0.0
1046649600,209.19,209.19,209.19,209.19,0.0
1046736000,208.54,208.54,208.54,208.54,0.0
1047340800,207.15,207.15,207.15,207.15,0.0
1047427200,207.18,207.18,207.18,207.18,0.0
1047513600,207.24,207.24,207.24,207.24,0.0
1047600000,209.66,209.66,209.66,209.66,0.0
1047945600,210.1,210.1,210.1,210.1,0.0
1048032000,212.68,212.68,212.68,212.68,0.0
1048118400,214.09,214.09,214.09,214.09,0.0
1048204800,217.32,217.32,217.32,217.32,0.0
1048464000,217.39,217.39,217.39,217.39,0.0
1048550400,216.72,216.72,216.72,216.72,0.0
1048636800,213.87,213.87,213.87,213.87,0.0
1048723200,212.76,212.76,212.76,212.76,0.0
1048809600,212.36,212.36,212.36,212.36,0.0
1049068800,214.84,214.84,214.84,214.84,0.0
1049155200,216.71,216.71,216.71,216.71,0.0
1049241600,216.69,216.69,216.69,216.69,0.0
1049932800,214.08,214.08,214.08,214.08,0.0
1050364800,213.68,213.68,213.68,213.68,0.0
1050537600,211.37,211.37,211.37,211.37,0.0
1050624000,211.41,211.41,211.41,211.41,0.0
1050883200,210.32,210.32,210.32,210.32,0.0
1050969600,209.43,209.43,209.43,209.43,0.0
1051056000,209.49,209.49,209.49,209.49,0.0
1051142400,208.97,208.97,208.97,208.97,0.0
1051228800,209.69,209.69,209.69,209.69,0.0
1051488000,209.23,209.23,209.23,209.23,0.0
1051574400,209.41,209.41,209.41,209.41,0.0
1051660800,209.17,209.17,209.17,209.17,0.0
1051747200,209.56,209.56,209.56,209.56,0.0
1051833600,209.62,209.62,209.62,209.62,0.0
1052092800,209.51,209.51,209.51,209.51,0.0
1052179200,209.37,209.37,209.37,209.37,0.0
1052265600,209.01,209.01,209.01,209.01,0.0
1052352000,208.48,208.48,208.48,208.48,0.0
1052438400,208.2,208.2,208.2,208.2,0.0
1052697600,207.84,207.84,207.84,207.84,0.0
1052784000,207.8,207.8,207.8,207.8,0.0
1052870400,207.45,207.45,207.45,207.45,0.0
1052956800,208.09,208.09,208.09,208.09,0.0
1053302400,208.31,208.31,208.31,208.31,0.0
1053388800,207.85,207.85,207.85,207.85,0.0
1053475200,207.61,207.61,207.61,207.61,0.0
1053561600,208.04,208.04,208.04,208.04,0.0
1053648000,208.3,208.3,208.3,208.3,0.0
1053907200,208.76,208.76,208.76,208.76,0.0
1053993600,208.8,208.8,208.8,208.8,0.0
1054080000,208.88,208.88,208.88,208.88,0.0
1054166400,209.1,209.1,209.1,209.1,0.0
1054512000,209.74,209.74,209.74,209.74,0.0
1054598400,209.48,209.48,209.48,209.48,0.0
1054684800,209.35,209.35,209.35,209.35,0.0
1054771200,209.09,209.09,209.09,209.09,0.0
1054857600,208.99,208.99,208.99,208.99,0.0
1055116800,208.95,208.95,208.95,208.95,0.0
1055203200,208.49,208.49,208.49,208.49,0.0
1055289600,208.39,208.39,208.39,208.39,0.0
1055376000,207.99,207.99,207.99,207.99,0.0
1055462400,207.65,207.65,207.65,207.65,0.0
1055721600,207.43,207.43,207.43,207.43,0.0
1055808000,206.82,206.82,206.82,206.82,0.0
1055894400,206.47,206.47,206.47,206.47,0.0
1055980800,206.0,206.0,206.0,206.0,0.0
1056067200,205.92,205.92,205.92,205.92,0.0
1056326400,205.48,205.48,205.48,205.48,0.0
1056412800,205.3,205.3,205.3,205.3,0.0
1056499200,204.93,204.93,204.93,204.93,0.0
1056585600,204.86,204.86,204.86,204.86,0.0
1056672000,205.82,205.82,205.82,205.82,0.0
1056931200,205.67,205.67,205.67,205.67,0.0
1057017600,205.12,205.12,205.12,205.12,0.0
1057104000,204.27,204.27,204.27,204.27,0.0
1057190400,204.61,204.61,204.61,204.61,0.0
1057276800,204.4,204.4,204.4,204.4,0.0
1057622400,204.18,204.18,204.18,204.18,0.0
1057708800,203.86,203.86,203.86,203.86,0.0
1057795200,203.78,203.78,203.78,203.78,0.0
1057881600,203.79,203.79,203.79,203.79,0.0
1058140800,204.44,204.44,204.44,204.44,0.0
1058227200,205.46,205.46,205.46,205.46,0.0
1058313600,204.82,204.82,204.82,204.82,0.0
1058400000,204.41,204.41,204.41,204.41,0.0
1058486400,204.31,204.31,204.31,204.31,0.0
1058745600,203.69,203.69,203.69,203.69,0.0
1058832000,203.56,203.56,203.56,203.56,0.0
1058918400,203.54,203.54,203.54,203.54,0.0
1059004800,203.29,203.29,203.29,203.29,0.0
1060560000,205.63,205.63,205.63,205.63,0.0
1060732800,206.21,206.21,206.21,206.21,0.0
1060819200,206.57,206.57,206.57,206.57,0.0
1060905600,207.92,207.92,207.92,207.92,0.0
1061164800,208.52,208.52,208.52,208.52,0.0
1061337600,209.25,209.25,209.25,209.25,0.0
1061424000,210.11,210.11,210.11,210.11,0.0
1061510400,210.42,210.42,210.42,210.42,0.0
1061769600,211.54,211.54,211.54,211.54,0.0
1061856000,211.22,211.22,211.22,211.22,0.0
1061942400,209.81,209.81,209.81,209.81,0.0
1062028800,206.52,206.52,206.52,206.52,0.0
1062115200,205.32,205.32,205.32,205.32,0.0
1062374400,203.18,203.18,203.18,203.18,0.0
1062460800,202.41,202.41,202.41,202.41,0.0
1062547200,201.65,201.65,201.65,201.65,0.0
1062633600,202.45,202.45,202.45,202.45,0.0
1062720000,204.44,204.44,204.44,204.44,0.0
1062979200,204.36,204.36,204.36,204.36,0.0
1063152000,205.02,205.02,205.02,205.02,0.0
1063238400,206.11,206.11,206.11,206.11,0.0
1063324800,207.54,207.54,207.54,207.54,0.0
1063584000,208.0,208.0,208.0,208.0,0.0
1063670400,208.32,208.32,208.32,208.32,0.0
1063756800,208.46,208.46,208.46,208.46,0.0
1063843200,208.07,208.07,208.07,208.07,0.0
1063929600,207.58,207.58,207.58,207.58,0.0
1064188800,207.43,207.43,207.43,207.43,0.0
1064275200,207.41,207.41,207.41,207.41,0.0
1064361600,206.58,206.58,206.58,206.58,0.0
1064448000,206.59,206.59,206.59,206.59,0.0
1064534400,207.08,207.08,207.08,207.08,0.0
1064793600,206.84,206.84,206.84,206.84,0.0
1064880000,206.83,206.83,206.83,206.83,0.0
1064966400,206.96,206.96,206.96,206.96,0.0
1065571200,206.58,206.58,206.58,206.58,0.0
1065657600,207.03,207.03,207.03,207.03,0.0
1065744000,206.93,206.93,206.93,206.93,0.0
1066003200,206.93,206.93,206.93,206.93,0.0
1066089600,207.03,207.03,207.03,207.03,0.0
1066176000,207.06,207.06,207.06,207.06,0.0
1066262400,207.6,207.6,207.6,207.6,0.0
1066348800,207.54,207.54,207.54,207.54,0.0
1066608000,207.61,207.61,207.61,207.61,0.0
1066694400,207.81,207.81,207.81,207.81,0.0
1066780800,207.16,207.16,207.16,207.16,0.0
1066867200,207.31,207.31,207.31,207.31,0.0
1066953600,207.52,207.52,207.52,207.52,0.0
1067385600,207.49,207.49,207.49,207.49,0.0
1067472000,207.46,207.46,207.46,207.46,0.0
1067558400,207.65,207.65,207.65,207.65,0.0
1067817600,207.8,207.8,207.8,207.8,0.0
1067904000,208.1,208.1,208.1,208.1,0.0
1067990400,207.57,207.57,207.57,207.57,0.0
1068076800,207.31,207.31,207.31,207.31,0.0
1068163200,207.28,207.28,207.28,207.28,0.0
1068422400,207.04,207.04,207.04,207.04,0.0
1068508800,207.15,207.15,207.15,207.15,0.0
1068595200,207.23,207.23,207.23,207.23,0.0
1068681600,206.67,206.67,206.67,206.67,0.0
1068768000,206.21,206.21,206.21,206.21,0.0
1069027200,206.33,206.33,206.33,206.33,0.0
1069113600,206.45,206.45,206.45,206.45,0.0
1069200000,206.72,206.72,206.72,206.72,0.0
1069286400,206.4,206.4,206.4,206.4,0.0
1069372800,206.0,206.0,206.0,206.0,0.0
1069632000,205.83,205.83,205.83,205.83,0.0
1069718400,207.01,207.01,207.01,207.01,0.0
1069804800,207.13,207.13,207.13,207.13,0.0
1069891200,206.76,206.76,206.76,206.76,0.0
1069977600,206.52,206.52,206.52,206.52,0.0
1070236800,205.89,205.89,205.89,205.89,0.0
1070323200,205.82,205.82,205.82,205.82,0.0
1070409600,206.22,206.22,206.22,206.22,0.0
1070496000,206.04,206.04,206.04,206.04,0.0
1070582400,205.43,205.43,205.43,205.43,0.0
1070841600,206.28,206.28,206.28,206.28,0.0
1070928000,206.4,206.4,206.4,206.4,0.0
1071014400,206.35,206.35,206.35,206.35,0.0
1071100800,206.42,206.42,206.42,206.42,0.0
1071187200,202.47,202.47,202.47,202.47,0.0
1071446400,201.94,201.94,201.94,201.94,0.0
1071532800,201.88,201.88,201.88,201.88,0.0
1071619200,201.5,201.5,201.5,201.5,0.0
1071705600,201.56,201.56,201.56,201.56,0.0
1071792000,201.54,201.54,201.54,201.54,0.0
1072051200,201.51,201.51,201.51,201.51,0.0
1072137600,201.29,201.29,201.29,201.29,0.0
1072224000,201.22,201.22,201.22,201.22,0.0
1072310400,201.52,201.52,201.52,201.52,0.0
1072396800,201.65,201.65,201.65,201.65,0.0
1072656000,202.23,202.23,202.23,202.23,0.0
1072742400,201.23,201.23,201.23,201.23,0.0
1072828800,201.57,201.57,201.57,201.57,0.0
1072915200,201.88,201.88,201.88,201.88,0.0
1073001600,201.52,201.52,201.52,201.52,0.0
1073260800,201.51,201.51,201.51,201.51,0.0
1073347200,201.82,201.82,201.82,201.82,0.0
1073433600,201.51,201.51,201.51,201.51,0.0
1073520000,201.46,201.46,201.46,201.46,0.0
1073606400,200.84,200.84,200.84,200.84,0.0
1073865600,201.34,201.34,201.34,201.34,0.0
1073952000,202.19,202.19,202.19,202.19,0.0
1074038400,201.95,201.95,201.95,201.95,0.0
1074124800,202.65,202.65,202.65,202.65,0.0
1074211200,204.41,204.41,204.41,204.41,0.0
1074470400,206.02,206.02,206.02,206.02,0.0
1074556800,207.8,207.8,207.8,207.8,0.0
1074643200,207.89,207.89,207.89,207.89,0.0
1074729600,210.13,210.13,210.13,210.13,0.0
1074816000,212.23,212.23,212.23,212.23,0.0
1075075200,212.96,212.96,212.96,212.96,0.0
1075161600,211.77,211.77,211.77,211.77,0.0
1075248000,211.47,211.47,211.47,211.47,0.0
1075334400,211.39,211.39,211.39,211.39,0.0
1075680000,211.11,211.11,211.11,211.11,0.0
1075766400,211.24,211.24,211.24,211.24,0.0
1075852800,211.43,211.43,211.43,211.43,0.0
1075939200,211.28,211.28,211.28,211.28,0.0
1076025600,211.48,211.48,211.48,211.48,0.0
1076284800,211.18,211.18,211.18,211.18,0.0
1076371200,211.07,211.07,211.07,211.07,0.0
1076630400,210.54,210.54,210.54,210.54,0.0
1076889600,210.69,210.69,210.69,210.69,0.0
1076976000,210.6,210.6,210.6,210.6,0.0
1077235200,210.56,210.56,210.56,210.56,0.0
1077494400,210.45,210.45,210.45,210.45,0.0
1077580800,210.04,210.04,210.04,210.04,0.0
1077753600,209.15,209.15,209.15,209.15,0.0
1077840000,208.87,208.87,208.87,208.87,0.0
1078099200,208.68,208.68,208.68,208.68,0.0
1078185600,208.75,208.75,208.75,208.75,0.0
1078272000,208.82,208.82,208.82,208.82,0.0
1078358400,208.76,208.76,208.76,208.76,0.0
1078444800,208.41,208.41,208.41,208.41,0.0
1078704000,208.09,208.09,208.09,208.09,0.0
1078790400,208.26,208.26,208.26,208.26,0.0
1078876800,208.07,208.07,208.07,208.07,0.0
1078963200,207.73,207.73,207.73,207.73,0.0
1079049600,207.8,207.8,207.8,207.8,0.0
1079308800,207.85,207.85,207.85,207.85,0.0
1079395200,207.88,207.88,207.88,207.88,0.0
1079481600,208.16,208.16,208.16,208.16,0.0
1079568000,207.85,207.85,207.85,207.85,0.0
1079654400,207.07,207.07,207.07,207.07,0.0
1080259200,196.25,196.25,196.25,196.25,0.0
1080691200,196.34,196.34,196.34,196.34,0.0
1080777600,195.14,195.14,195.14,195.14,0.0
1080864000,195.17,195.17,195.17,195.17,0.0
1081123200,196.14,196.14,196.14,196.14,0.0
1081209600,197.32,197.32,197.32,197.32,0.0
1081296000,198.87,198.87,198.87,198.87,0.0
1081382400,199.41,199.41,199.41,199.41,0.0
1081468800,199.53,199.53,199.53,199.53,0.0
1081728000,201.22,201.22,201.22,201.22,0.0
1081900800,202.94,202.94,202.94,202.94,0.0
1081987200,202.1,202.1,202.1,202.1,0.0
1082073600,202.45,202.45,202.45,202.45,0.0
1082332800,202.72,202.72,202.72,202.72,0.0
1082419200,203.05,203.05,203.05,203.05,0.0
1082505600,203.16,203.16,203.16,203.16,0.0
1082592000,203.76,203.76,203.76,203.76,0.0
1082678400,204.06,204.06,204.06,204.06,0.0
1082937600,204.38,204.38,204.38,204.38,0.0
1083024000,204.6,204.6,204.6,204.6,0.0
1083110400,204.55,204.55,204.55,204.55,0.0
1083196800,205.26,205.26,205.26,205.26,0.0
1083283200,205.22,205.22,205.22,205.22,0.0
1083542400,205.07,205.07,205.07,205.07,0.0
1083715200,201.0,201.0,201.0,201.0,0.0
1083801600,201.12,201.12,201.12,201.12,0.0
1083888000,201.27,201.27,201.27,201.27,0.0
1084147200,201.49,201.49,201.49,201.49,0.0
1084233600,201.54,201.54,201.54,201.54,0.0
1084406400,204.35,204.35,204.35,204.35,0.0
1084492800,204.41,204.41,204.41,204.41,0.0
1084752000,204.8,204.8,204.8,204.8,0.0
1084838400,205.1,205.1,205.1,205.1,0.0
1084924800,205.02,205.02,205.02,205.02,0.0
1085011200,205.29,205.29,205.29,205.29,0.0
1085097600,205.13,205.13,205.13,205.13,0.0
1085356800,205.58,205.58,205.58,205.58,0.0
1085443200,206.12,206.12,206.12,206.12,0.0
1085529600,206.25,206.25,206.25,206.25,0.0
1085616000,206.9,206.9,206.9,206.9,0.0
1085702400,207.04,207.04,207.04,207.04,0.0
1085961600,207.04,207.04,207.04,207.04,0.0
1086048000,207.04,207.04,207.04,207.04,0.0
1086134400,207.04,207.04,207.04,207.04,0.0
1086220800,207.04,207.04,207.04,207.04,0.0
1086307200,207.04,207.04,207.04,207.04,0.0
1086566400,207.04,207.04,207.04,207.04,0.0
1086652800,207.04,207.04,207.04,207.04,0.0
1086739200,214.27,214.27,214.27,214.27,0.0
1086825600,216.75,216.75,216.75,216.75,0.0
1086912000,216.42,216.42,216.42,216.42,0.0
1087171200,213.12,213.12,213.12,213.12,0.0
1087257600,211.31,211.31,211.31,211.31,0.0
1087344000,211.45,211.45,211.45,211.45,0.0
1087776000,211.51,211.51,211.51,211.51,0.0
1087862400,213.25,213.25,213.25,213.25,0.0
1088035200,216.51,216.51,216.51,216.51,0.0
1088121600,217.46,217.46,217.46,217.46,0.0
1088380800,217.41,217.41,217.41,217.41,0.0
1088467200,217.72,217.72,217.72,217.72,0.0
1088553600,218.65,218.65,218.65,218.65,0.0
1088640000,219.41,219.41,219.41,219.41,0.0
1088726400,220.75,220.75,220.75,220.75,0.0
1088985600,225.15,225.15,225.15,225.15,0.0
1089072000,227.83,227.83,227.83,227.83,0.0
1089244800,226.88,226.88,226.88,226.88,0.0
1089849600,222.04,222.04,222.04,222.04,0.0
1089936000,222.65,222.65,222.65,222.65,0.0
1090195200,223.45,223.45,223.45,223.45,0.0
1090281600,224.41,224.41,224.41,224.41,0.0
1090368000,224.42,224.42,224.42,224.42,0.0
1090454400,223.42,223.42,223.42,223.42,0.0
1090540800,224.09,224.09,224.09,224.09,0.0
1090886400,224.63,224.63,224.63,224.63,0.0
1090972800,224.91,224.91,224.91,224.91,0.0
1091059200,225.52,225.52,225.52,225.52,0.0
1091145600,226.72,226.72,226.72,226.72,0.0
1091404800,227.3,227.3,227.3,227.3,0.0
1091491200,228.77,228.77,228.77,228.77,0.0
1091577600,230.2,230.2,230.2,230.2,0.0
1091664000,231.13,231.13,231.13,231.13,0.0
1091750400,232.39,232.39,232.39,232.39,0.0
1092009600,232.53,232.53,232.53,232.53,0.0
1092096000,233.46,233.46,233.46,233.46,0.0
1092182400,235.7,235.7,235.7,235.7,0.0
1092960000,237.43,237.43,237.43,237.43,0.0
1093219200,236.27,236.27,236.27,236.27,0.0
1093305600,234.02,234.02,234.02,234.02,0.0
1093392000,235.81,235.81,235.81,235.81,0.0
1093564800,237.81,237.81,237.81,237.81,0.0
1093910400,237.43,237.43,237.43,237.43,0.0
1094515200,235.61,235.61,235.61,235.61,0.0
1094601600,234.07,234.07,234.07,234.07,0.0
1094688000,231.78,231.78,231.78,231.78,0.0
1094774400,231.29,231.29,231.29,231.29,0.0
1095033600,230.9,230.9,230.9,230.9,0.0
1095120000,229.99,229.99,229.99,229.99,0.0
1095206400,230.72,230.72,230.72,230.72,0.0
1095292800,234.58,234.58,234.58,234.58,0.0
1095379200,237.22,237.22,237.22,237.22,0.0
1095638400,236.83,236.83,236.83,236.83,0.0
1095724800,235.45,235.45,235.45,235.45,0.0
1095811200,234.12,234.12,234.12,234.12,0.0
1095897600,234.12,234.12,234.12,234.12,0.0
1095984000,234.12,234.12,234.12,234.12,0.0
1096329600,233.05,233.05,233.05,233.05,0.0
1096416000,233.64,233.64,233.64,233.64,0.0
1096502400,234.11,234.11,234.11,234.11,0.0
1096588800,233.99,233.99,233.99,233.99,0.0
1096848000,234.09,234.09,234.09,234.09,0.0
1096934400,234.0,234.0,234.0,234.0,0.0
1097107200,233.92,233.92,233.92,233.92,0.0
1097193600,233.81,233.81,233.81,233.81,0.0
1097452800,233.73,233.73,233.73,233.73,0.0
1097539200,232.37,232.37,232.37,232.37,0.0
1097625600,232.29,232.29,232.29,232.29,0.0
1097712000,232.29,232.29,232.29,232.29,0.0
1098144000,232.36,232.36,232.36,232.36,0.0
1098748800,232.0,232.0,232.0,232.0,0.0
1098835200,232.06,232.06,232.06,232.06,0.0
1098921600,232.13,232.13,232.13,232.13,0.0
1099267200,233.54,233.54,233.54,233.54,0.0
1099353600,232.52,232.52,232.52,232.52,0.0
1099440000,233.6,233.6,233.6,233.6,0.0
1099526400,232.76,232.76,232.76,232.76,0.0
1099612800,232.41,232.41,232.41,232.41,0.0
1099958400,232.35,232.35,232.35,232.35,0.0
1100044800,233.83,233.83,233.83,233.83,0.0
1100131200,234.77,234.77,234.77,234.77,0.0
1100476800,235.08,235.08,235.08,235.08,0.0
1100563200,235.37,235.37,235.37,235.37,0.0
1100649600,236.13,236.13,236.13,236.13,0.0
1100736000,237.24,237.24,237.24,237.24,0.0
1100822400,238.01,238.01,238.01,238.01,0.0
1101081600,239.2,239.2,239.2,239.2,0.0
1101168000,240.4,240.4,240.4,240.4,0.0
1101254400,241.27,241.27,241.27,241.27,0.0
1101340800,241.57,241.57,241.57,241.57,0.0
1101427200,241.6,241.6,241.6,241.6,0.0
1101686400,241.04,241.04,241.04,241.04,0.0
1101772800,238.92,238.92,238.92,238.92,0.0
1101859200,238.92,238.92,238.92,238.92,0.0
1101945600,237.97,237.97,237.97,237.97,0.0
1102032000,237.62,237.62,237.62,237.62,0.0
1102291200,237.68,237.68,237.68,237.68,0.0
1102377600,238.1,238.1,238.1,238.1,0.0
1102464000,235.63,235.63,235.63,235.63,0.0
1102550400,236.52,236.52,236.52,236.52,0.0
1102636800,236.71,236.71,236.71,236.71,0.0
1102982400,236.75,236.75,236.75,236.75,0.0
1103068800,236.38,236.38,236.38,236.38,0.0
1103155200,237.03,237.03,237.03,237.03,0.0
1103241600,237.53,237.53,237.53,237.53,0.0
1103500800,237.99,237.99,237.99,237.99,0.0
1103587200,238.47,238.47,238.47,238.47,0.0
1103673600,238.2,238.2,238.2,238.2,0.0
1103760000,238.17,238.17,238.17,238.17,0.0
1103846400,238.81,238.81,238.81,238.81,0.0
1104105600,239.24,239.24,239.24,239.24,0.0
1104192000,239.41,239.41,239.41,239.41,0.0
1104278400,238.3,238.3,238.3,238.3,0.0
1104364800,238.32,238.32,238.32,238.32,0.0
1104451200,238.29,238.29,238.29,238.29,0.0
1104710400,238.32,238.32,238.32,238.32,0.0
1104796800,235.68,235.68,235.68,235.68,0.0
1104883200,234.93,234.93,234.93,234.93,0.0
1104969600,235.16,235.16,235.16,235.16,0.0
1105574400,239.61,239.61,239.61,239.61,0.0
1105660800,239.94,239.94,239.94,239.94,0.0
1105920000,239.89,239.89,239.89,239.89,0.0
1106092800,240.34,240.34,240.34,240.34,0.0
1106179200,240.72,240.72,240.72,240.72,0.0
1106265600,242.11,242.11,242.11,242.11,0.0
1106524800,243.76,243.76,243.76,243.76,0.0
1106611200,245.25,245.25,245.25,245.25,0.0
1106697600,246.84,246.84,246.84,246.84,0.0
1106784000,247.17,247.17,247.17,247.17,0.0
1106870400,246.98,246.98,246.98,246.98,0.0
1107129600,247.41,247.41,247.41,247.41,0.0
1107216000,247.35,247.35,247.35,247.35,0.0
1107302400,246.94,246.94,246.94,246.94,0.0
1107388800,248.03,248.03,248.03,248.03,0.0
1107475200,250.76,250.76,250.76,250.76,0.0
1107734400,251.02,251.02,251.02,251.02,0.0
1107820800,251.68,251.68,251.68,251.68,0.0
1107907200,251.88,251.88,251.88,251.88,0.0
1107993600,253.94,253.94,253.94,253.94,0.0
1108080000,257.29,257.29,257.29,257.29,0.0
1108339200,259.05,259.05,259.05,259.05,0.0
1108425600,264.73,264.73,264.73,264.73,0.0
1108512000,264.73,264.73,264.73,264.73,0.0
1108598400,265.74,265.74,265.74,265.74,0.0
1108944000,263.72,263.72,263.72,263.72,0.0
1109030400,263.41,263.41,263.41,263.41,0.0
1109116800,264.39,264.39,264.39,264.39,0.0
1109203200,264.98,264.98,264.98,264.98,0.0
1109289600,265.53,265.53,265.53,265.53,0.0
1109548800,265.97,265.97,265.97,265.97,0.0
1109635200,268.42,268.42,268.42,268.42,0.0
1109721600,271.41,271.41,271.41,271.41,0.0
1109808000,273.57,273.57,273.57,273.57,0.0
1109894400,277.62,277.62,277.62,277.62,0.0
1110326400,281.8,281.8,281.8,281.8,0.0
1110412800,283.43,283.43,283.43,283.43,0.0
1110499200,280.65,280.65,280.65,280.65,0.0
1110758400,278.5,278.5,278.5,278.5,0.0
1110844800,276.45,276.45,276.45,276.45,0.0
1110931200,274.67,274.67,274.67,274.67,0.0
1111017600,273.35,273.35,273.35,273.35,0.0
1111104000,274.35,274.35,274.35,274.35,0.0
1111363200,275.57,275.57,275.57,275.57,0.0
1111449600,277.1,277.1,277.1,277.1,0.0
1111536000,278.46,278.46,278.46,278.46,0.0
1111622400,278.86,278.86,278.86,278.86,0.0
1111968000,279.86,279.86,279.86,279.86,0.0
1112054400,281.08,281.08,281.08,281.08,0.0
1112140800,283.72,283.72,283.72,283.72,0.0
1112227200,284.34,284.34,284.34,284.34,0.0
1112313600,284.21,284.21,284.21,284.21,0.0
1112572800,285.51,285.51,285.51,285.51,0.0
1112745600,285.51,285.51,285.51,285.51,0.0
1112832000,289.56,289.56,289.56,289.56,0.0
1113177600,290.65,290.65,290.65,290.65,0.0
1113350400,293.26,293.26,293.26,293.26,0.0
1113782400,293.71,293.71,293.71,293.71,0.0
1113868800,293.71,293.71,293.71,293.71,0.0
1113955200,292.59,292.59,292.59,292.59,0.0
1114041600,293.58,293.58,293.58,293.58,0.0
1114300800,294.03,294.03,294.03,294.03,0.0
1114387200,294.98,294.98,294.98,294.98,0.0
1114473600,294.44,294.44,294.44,294.44,0.0
1114560000,295.33,295.33,295.33,295.33,0.0
1114646400,294.29,294.29,294.29,294.29,0.0
1114905600,294.79,294.79,294.79,294.79,0.0
1114992000,296.11,296.11,296.11,296.11,0.0
1115078400,297.81,297.81,297.81,297.81,0.0
1115164800,298.78,298.78,298.78,298.78,0.0
1115251200,288.89,288.89,288.89,288.89,0.0
1115596800,288.79,288.79,288.79,288.79,0.0
1115683200,288.34,288.34,288.34,288.34,0.0
1115856000,285.42,285.42,285.42,285.42,0.0
1116115200,285.52,285.52,285.52,285.52,0.0
1116201600,284.52,284.52,284.52,284.52,0.0
1116288000,283.12,283.12,283.12,283.12,0.0
1116374400,281.39,281.39,281.39,281.39,0.0
1116460800,280.39,280.39,280.39,280.39,0.0
1116720000,279.73,279.73,279.73,279.73,0.0
1116892800,276.85,276.85,276.85,276.85,0.0
1116979200,275.46,275.46,275.46,275.46,0.0
1117065600,276.35,276.35,276.35,276.35,0.0
1117324800,278.43,278.43,278.43,278.43,0.0
1117411200,279.09,279.09,279.09,279.09,0.0
1117497600,279.9,279.9,279.9,279.9,0.0
1117584000,280.15,280.15,280.15,280.15,0.0
1117670400,280.97,280.97,280.97,280.97,0.0
1117929600,281.61,281.61,281.61,281.61,0.0
1118016000,281.4,281.4,281.4,281.4,0.0
1118188800,280.39,280.39,280.39,280.39,0.0
1118275200,280.08,280.08,280.08,280.08,0.0
1118534400,279.72,279.72,279.72,279.72,0.0
1118620800,278.75,278.75,278.75,278.75,0.0
1118707200,277.79,277.79,277.79,277.79,0.0
1118793600,277.83,277.83,277.83,277.83,0.0
1118880000,277.88,277.88,277.88,277.88,0.0
1119139200,277.87,277.87,277.87,277.87,0.0
1119225600,278.88,278.88,278.88,278.88,0.0
1119312000,280.84,280.84,280.84,280.84,0.0
1119398400,281.15,281.15,281.15,281.15,0.0
1119744000,280.82,280.82,280.82,280.82,0.0
1119830400,280.39,280.39,280.39,280.39,0.0
1119916800,281.06,281.06,281.06,281.06,0.0
1120003200,281.54,281.54,281.54,281.54,0.0
1120089600,281.15,281.15,281.15,281.15,0.0
1120348800,281.28,281.28,281.28,281.28,0.0
1120435200,281.26,281.26,281.26,281.26,0.0
1120521600,282.51,282.51,282.51,282.51,0.0
1120608000,284.29,284.29,284.29,284.29,0.0
1120953600,285.07,285.07,285.07,285.07,0.0
1121040000,285.04,285.04,285.04,285.04,0.0
1121126400,286.21,286.21,286.21,286.21,0.0
1121212800,286.35,286.35,286.35,286.35,0.0
1121299200,286.67,286.67,286.67,286.67,0.0
1121558400,287.9,287.9,287.9,287.9,0.0
1121644800,288.03,288.03,288.03,288.03,0.0
1121731200,289.93,289.93,289.93,289.93,0.0
1121817600,290.88,290.88,290.88,290.88,0.0
1122163200,291.97,291.97,291.97,291.97,0.0
1122249600,292.47,292.47,292.47,292.47,0.0
1122336000,294.3,294.3,294.3,294.3,0.0
1122422400,294.62,294.62,294.62,294.62,0.0
1122508800,295.89,295.89,295.89,295.89,0.0
1122768000,296.78,296.78,296.78,296.78,0.0
1122854400,299.61,299.61,299.61,299.61,0.0
1122940800,300.88,300.88,300.88,300.88,0.0
1123027200,305.2,305.2,305.2,305.2,0.0
1123113600,305.87,305.87,305.87,305.87,0.0
1123372800,305.2,305.2,305.2,305.2,0.0
1123459200,300.55,300.55,300.55,300.55,0.0
1123545600,297.71,297.71,297.71,297.71,0.0
1123632000,297.83,297.83,297.83,297.83,0.0
1123718400,300.8,300.8,300.8,300.8,0.0
1123977600,300.94,300.94,300.94,300.94,0.0
1124064000,300.58,300.58,300.58,300.58,0.0
1124150400,300.06,300.06,300.06,300.06,0.0
1124236800,298.85,298.85,298.85,298.85,0.0
1124582400,295.45,295.45,295.45,295.45,0.0
1124668800,293.65,293.65,293.65,293.65,0.0
1124755200,289.57,289.57,289.57,289.57,0.0
1124841600,292.08,292.08,292.08,292.08,0.0
1124928000,293.58,293.58,293.58,293.58,0.0
1125187200,293.85,293.85,293.85,293.85,0.0
1126137600,296.22,296.22,296.22,296.22,0.0
1126483200,293.75,293.75,293.75,293.75,0.0
1126569600,293.81,293.81,293.81,293.81,0.0
1126656000,293.92,293.92,293.92,293.92,0.0
1126742400,293.35,293.35,293.35,293.35,0.0
1127001600,292.67,292.67,292.67,292.67,0.0
1127088000,293.11,293.11,293.11,293.11,0.0
1127174400,292.85,292.85,292.85,292.85,0.0
1127260800,293.69,293.69,293.69,293.69,0.0
1127347200,294.12,294.12,294.12,294.12,0.0
1127606400,294.89,294.89,294.89,294.89,0.0
1127692800,294.67,294.67,294.67,294.67,0.0
1127779200,296.2,296.2,296.2,296.2,0.0
1127865600,297.17,297.17,297.17,297.17,0.0
1127952000,296.98,296.98,296.98,296.98,0.0
1128211200,296.37,296.37,296.37,296.37,0.0
1128470400,296.55,296.55,296.55,296.55,0.0
1128556800,296.98,296.98,296.98,296.98,0.0
1128816000,297.34,297.34,297.34,297.34,0.0
1129766400,298.35,298.35,298.35,298.35,0.0
1130025600,302.83,302.83,302.83,302.83,0.0
1130112000,306.63,306.63,306.63,306.63,0.0
1130198400,305.32,305.32,305.32,305.32,0.0
1130284800,304.99,304.99,304.99,304.99,0.0
1130371200,305.73,305.73,305.73,305.73,0.0
1130630400,307.57,307.57,307.57,307.57,0.0
1131321600,303.94,303.94,303.94,303.94,0.0
1131580800,307.98,307.98,307.98,307.98,0.0
1131840000,306.15,306.15,306.15,306.15,0.0
1131926400,302.39,302.39,302.39,302.39,0.0
1132099200,300.58,300.58,300.58,300.58,0.0
1132185600,300.64,300.64,300.64,300.64,0.0
1132444800,300.57,300.57,300.57,300.57,0.0
1132531200,302.02,302.02,302.02,302.02,0.0
1132617600,302.23,302.23,302.23,302.23,0.0
1132704000,300.78,300.78,300.78,300.78,0.0
1132790400,301.2,301.2,301.2,301.2,0.0
1133049600,301.13,301.13,301.13,301.13,0.0
1133136000,301.67,301.67,301.67,301.67,0.0
1133222400,300.96,300.96,300.96,300.96,0.0
1133308800,300.54,300.54,300.54,300.54,0.0
1133395200,301.76,301.76,301.76,301.76,0.0
1133654400,301.65,301.65,301.65,301.65,0.0
1133740800,301.97,301.97,301.97,301.97,0.0
1133827200,298.0,298.0,298.0,298.0,0.0
1133913600,297.49,297.49,297.49,297.49,0.0
1134000000,299.1,299.1,299.1,299.1,0.0
1134259200,299.84,299.84,299.84,299.84,0.0
1134345600,299.71,299.71,299.71,299.71,0.0
1134432000,300.71,300.71,300.71,300.71,0.0
1134518400,302.24,302.24,302.24,302.24,0.0
1134604800,303.12,303.12,303.12,303.12,0.0
1134864000,303.98,303.98,303.98,303.98,0.0
1134950400,304.97,304.97,304.97,304.97,0.0
1135036800,306.59,306.59,306.59,306.59,0.0
1135123200,308.13,308.13,308.13,308.13,0.0
1135209600,308.67,308.67,308.67,308.67,0.0
1135468800,300.49,300.49,300.49,300.49,0.0
1135555200,299.93,299.93,299.93,299.93,0.0
1135641600,301.09,301.09,301.09,301.09,0.0
1135728000,301.6,301.6,301.6,301.6,0.0
1135814400,302.78,302.78,302.78,302.78,0.0
1136073600,303.26,303.26,303.26,303.26,0.0
1136160000,304.16,304.16,304.16,304.16,0.0
1136246400,305.42,305.42,305.42,305.42,0.0
1136332800,305.85,305.85,305.85,305.85,0.0
1136419200,305.62,305.62,305.62,305.62,0.0
1136764800,305.44,305.44,305.44,305.44,0.0
1136851200,305.55,305.55,305.55,305.55,0.0
1137024000,305.5,305.5,305.5,305.5,0.0
1137283200,305.66,305.66,305.66,305.66,0.0
1137369600,305.85,305.85,305.85,305.85,0.0
1137456000,305.93,305.93,305.93,305.93,0.0
1137542400,306.17,306.17,306.17,306.17,0.0
1137628800,305.27,305.27,305.27,305.27,0.0
1137888000,305.3,305.3,305.3,305.3,0.0
1137974400,305.72,305.72,305.72,305.72,0.0
1138060800,305.51,305.51,305.51,305.51,0.0
1138147200,306.13,306.13,306.13,306.13,0.0
1138233600,306.28,306.28,306.28,306.28,0.0
1138579200,306.9,306.9,306.9,306.9,0.0
1138665600,309.04,309.04,309.04,309.04,0.0
1138752000,308.25,308.25,308.25,308.25,0.0
1138838400,308.92,308.92,308.92,308.92,0.0
1139097600,309.09,309.09,309.09,309.09,0.0
1139184000,309.09,309.09,309.09,309.09,0.0
1139270400,310.32,310.32,310.32,310.32,0.0
1139443200,312.63,312.63,312.63,312.63,0.0
1139702400,317.69,317.69,317.69,317.69,0.0
1139788800,325.96,325.96,325.96,325.96,0.0
1139875200,329.39,329.39,329.39,329.39,0.0
1139961600,325.9,325.9,325.9,325.9,0.0
1140048000,324.86,324.86,324.86,324.86,0.0
1140393600,325.35,325.35,325.35,325.35,0.0
1140480000,327.48,327.48,327.48,327.48,0.0
1140566400,329.82,329.82,329.82,329.82,0.0
1140652800,333.03,333.03,333.03,333.03,0.0
1140998400,337.58,337.58,337.58,337.58,0.0
1141084800,341.05,341.05,341.05,341.05,0.0
1141171200,343.28,343.28,343.28,343.28,0.0
1141257600,339.58,339.58,339.58,339.58,0.0
1141516800,339.58,339.58,339.58,339.58,0.0
1141603200,334.42,334.42,334.42,334.42,0.0
1141689600,332.28,332.28,332.28,332.28,0.0
1141776000,335.37,335.37,335.37,335.37,0.0
1141862400,337.87,337.87,337.87,337.87,0.0
1142121600,337.32,337.32,337.32,337.32,0.0
1142208000,339.79,339.79,339.79,339.79,0.0
1142726400,339.6,339.6,339.6,339.6,0.0
1142812800,339.98,339.98,339.98,339.98,0.0
1142899200,339.03,339.03,339.03,339.03,0.0
1142985600,338.86,338.86,338.86,338.86,0.0
1143072000,338.7,338.7,338.7,338.7,0.0
1143331200,337.99,337.99,337.99,337.99,0.0
1143417600,337.45,337.45,337.45,337.45,0.0
1143504000,337.57,337.57,337.57,337.57,0.0
1143936000,336.71,336.71,336.71,336.71,0.0
1144022400,334.88,334.88,334.88,334.88,0.0
1144108800,334.15,334.15,334.15,334.15,0.0
1144195200,334.77,334.77,334.77,334.77,0.0
1145145600,334.27,334.27,334.27,334.27,0.0
1145232000,331.88,331.88,331.88,331.88,0.0
1145923200,338.54,338.54,338.54,338.54,0.0
1146009600,343.28,343.28,343.28,343.28,0.0
1146355200,361.58,361.58,361.58,361.58,0.0
1146441600,374.87,374.87,374.87,374.87,0.0
1146528000,372.45,372.45,372.45,372.45,0.0
1146614400,367.99,367.99,367.99,367.99,0.0
1146700800,366.94,366.94,366.94,366.94,0.0
1146960000,368.68,368.68,368.68,368.68,0.0
1147046400,370.95,370.95,370.95,370.95,0.0
1147132800,375.15,375.15,375.15,375.15,0.0
1147219200,377.47,377.47,377.47,377.47,0.0
1148342400,372.48,372.48,372.48,372.48,0.0
1148428800,370.89,370.89,370.89,370.89,0.0
1148515200,368.89,368.89,368.89,368.89,0.0
1148774400,375.64,375.64,375.64,375.64,0.0
1148860800,380.2,380.2,380.2,380.2,0.0
1148947200,372.64,372.64,372.64,372.64,0.0
1149033600,371.74,371.74,371.74,371.74,0.0
1149120000,371.97,371.97,371.97,371.97,0.0
1149379200,372.06,372.06,372.06,372.06,0.0
1149465600,371.47,371.47,371.47,371.47,0.0
1149552000,370.47,370.47,370.47,370.47,0.0
1149638400,369.62,369.62,369.62,369.62,0.0
1149724800,370.84,370.84,370.84,370.84,0.0
1149984000,371.62,371.62,371.62,371.62,0.0
1150070400,371.72,371.72,371.72,371.72,0.0
1150156800,370.79,370.79,370.79,370.79,0.0
1150243200,372.01,372.01,372.01,372.01,0.0
1150329600,372.21,372.21,372.21,372.21,0.0
1150588800,374.05,374.05,374.05,374.05,0.0
1150675200,375.49,375.49,375.49,375.49,0.0
1150761600,377.04,377.04,377.04,377.04,0.0
1150848000,378.68,378.68,378.68,378.68,0.0
1150934400,378.87,378.87,378.87,378.87,0.0
1151193600,378.45,378.45,378.45,378.45,0.0
1151280000,377.55,377.55,377.55,377.55,0.0
1151366400,375.47,375.47,375.47,375.47,0.0
1151452800,374.74,374.74,374.74,374.74,0.0
1151539200,375.14,375.14,375.14,375.14,0.0
1151798400,376.77,376.77,376.77,376.77,0.0
1151884800,378.66,378.66,378.66,378.66,0.0
1151971200,380.43,380.43,380.43,380.43,0.0
1152057600,382.04,382.04,382.04,382.04,0.0
1152144000,383.85,383.85,383.85,383.85,0.0
1152403200,384.6,384.6,384.6,384.6,0.0
1152489600,385.31,385.31,385.31,385.31,0.0
1152662400,386.63,386.63,386.63,386.63,0.0
1152748800,386.45,386.45,386.45,386.45,0.0
1153008000,386.83,386.83,386.83,386.83,0.0
1153094400,388.16,388.16,388.16,388.16,0.0
1153180800,389.74,389.74,389.74,389.74,0.0
1153267200,393.68,393.68,393.68,393.68,0.0
1153353600,395.89,395.89,395.89,395.89,0.0
1153612800,397.95,397.95,397.95,397.95,0.0
1153699200,398.21,398.21,398.21,398.21,0.0
1153785600,397.35,397.35,397.35,397.35,0.0
1153872000,394.86,394.86,394.86,394.86,0.0
1153958400,387.34,387.34,387.34,387.34,0.0
1154217600,386.5,386.5,386.5,386.5,0.0
1154304000,378.76,378.76,378.76,378.76,0.0
1154390400,366.73,366.73,366.73,366.73,0.0
1154476800,358.69,358.69,358.69,358.69,0.0
1154563200,355.6,355.6,355.6,355.6,0.0
1154822400,363.56,363.56,363.56,363.56,0.0
1154908800,383.14,383.14,383.14,383.14,0.0
1154995200,390.86,390.86,390.86,390.86,0.0
1155427200,391.73,391.73,391.73,391.73,0.0
1155513600,390.29,390.29,390.29,390.29,0.0
1155600000,389.23,389.23,389.23,389.23,0.0
1155772800,387.94,387.94,387.94,387.94,0.0
1156032000,384.79,384.79,384.79,384.79,0.0
1156118400,382.91,382.91,382.91,382.91,0.0
1156204800,380.83,380.83,380.83,380.83,0.0
1156377600,379.93,379.93,379.93,379.93,0.0
1156636800,378.81,378.81,378.81,378.81,0.0
1156723200,378.24,378.24,378.24,378.24,0.0
1156809600,379.27,379.27,379.27,379.27,0.0
1156896000,380.73,380.73,380.73,380.73,0.0
1156982400,382.24,382.24,382.24,382.24,0.0
1157241600,382.63,382.63,382.63,382.63,0.0
1157328000,382.5,382.5,382.5,382.5,0.0
1157414400,380.92,380.92,380.92,380.92,0.0
1157587200,381.47,381.47,381.47,381.47,0.0
1157846400,381.42,381.42,381.42,381.42,0.0
1157932800,381.37,381.37,381.37,381.37,0.0
1158019200,383.6,383.6,383.6,383.6,0.0
1158105600,383.17,383.17,383.17,383.17,0.0
1158192000,382.56,382.56,382.56,382.56,0.0
1158537600,387.59,387.59,387.59,387.59,0.0
1158624000,393.02,393.02,393.02,393.02,0.0
1158710400,393.39,393.39,393.39,393.39,0.0
1158796800,392.09,392.09,392.09,392.09,0.0
1158883200,391.62,391.62,391.62,391.62,0.0
1159142400,392.41,392.41,392.41,392.41,0.0
1159228800,392.73,392.73,392.73,392.73,0.0
1159401600,394.25,394.25,394.25,394.25,0.0
1160265600,397.46,397.46,397.46,397.46,0.0
1160352000,399.1,399.1,399.1,399.1,0.0
1160438400,399.45,399.45,399.45,399.45,0.0
1160524800,397.98,397.98,397.98,397.98,0.0
1160611200,398.88,398.88,398.88,398.88,0.0
1160870400,399.22,399.22,399.22,399.22,0.0
1160956800,398.2,398.2,398.2,398.2,0.0
1161043200,398.44,398.44,398.44,398.44,0.0
1161129600,398.14,398.14,398.14,398.14,0.0
1161216000,399.65,399.65,399.65,399.65,0.0
1161820800,401.07,401.07,401.07,401.07,0.0
1162080000,403.02,403.02,403.02,403.02,0.0
1162166400,405.13,405.13,405.13,405.13,0.0
1162252800,408.38,408.38,408.38,408.38,0.0
1162339200,402.11,402.11,402.11,402.11,0.0
1162425600,413.1,413.1,413.1,413.1,0.0
1162684800,415.14,415.14,415.14,415.14,0.0
1162771200,419.56,419.56,419.56,419.56,0.0
1162857600,424.21,424.21,424.21,424.21,0.0
1162944000,435.88,435.88,435.88,435.88,0.0
1163030400,445.01,445.01,445.01,445.01,0.0
1163289600,448.69,448.69,448.69,448.69,0.0
1163376000,441.0,441.0,441.0,441.0,0.0
1163462400,445.03,445.03,445.03,445.03,0.0
1163548800,448.12,448.12,448.12,448.12,0.0
1163635200,447.43,447.43,447.43,447.43,0.0
1163894400,447.79,447.79,447.79,447.79,0.0
1163980800,445.58,445.58,445.58,445.58,0.0
1164067200,446.48,446.48,446.48,446.48,0.0
1164240000,453.03,453.03,453.03,453.03,0.0
1164499200,463.74,463.74,463.74,463.74,0.0
1164585600,469.51,469.51,469.51,469.51,0.0
1164672000,478.01,478.01,478.01,478.01,0.0
1164758400,492.46,492.46,492.46,492.46,0.0
1164844800,486.19,486.19,486.19,486.19,0.0
1165104000,479.83,479.83,479.83,479.83,0.0
1165190400,476.93,476.93,476.93,476.93,0.0
1165276800,475.01,475.01,475.01,475.01,0.0
1165363200,473.31,473.31,473.31,473.31,0.0
1165449600,476.8,476.8,476.8,476.8,0.0
1165708800,480.95,480.95,480.95,480.95,0.0
1165795200,485.71,485.71,485.71,485.71,0.0
1165881600,494.18,494.18,494.18,494.18,0.0
1165968000,503.02,503.02,503.02,503.02,0.0
1166054400,508.58,508.58,508.58,508.58,0.0
1166313600,514.36,514.36,514.36,514.36,0.0
1166400000,517.0,517.0,517.0,517.0,0.0
1166486400,517.45,517.45,517.45,517.45,0.0
1166572800,511.22,511.22,511.22,511.22,0.0
1166659200,515.39,515.39,515.39,515.39,0.0
1166918400,518.64,518.64,518.64,518.64,0.0
1167004800,520.96,520.96,520.96,520.96,0.0
1167091200,520.78,520.78,520.78,520.78,0.0
1167177600,520.02,520.02,520.02,520.02,0.0
1167264000,517.46,517.46,517.46,517.46,0.0
1167523200,514.42,514.42,514.42,514.42,0.0
1167609600,512.72,512.72,512.72,512.72,0.0
1167696000,508.96,508.96,508.96,508.96,0.0
1167782400,505.25,505.25,505.25,505.25,0.0
1167868800,512.32,512.32,512.32,512.32,0.0
1168128000,521.37,521.37,521.37,521.37,0.0
1168214400,525.27,525.27,525.27,525.27,0.0
1168300800,530.45,530.45,530.45,530.45,0.0
1168387200,532.28,532.28,532.28,532.28,0.0
1168473600,532.33,532.33,532.33,532.33,0.0
1168732800,537.09,537.09,537.09,537.09,0.0
1168819200,538.36,538.36,538.36,538.36,0.0
1168992000,538.53,538.53,538.53,538.53,0.0
1169078400,535.94,535.94,535.94,535.94,0.0
1169337600,529.81,529.81,529.81,529.81,0.0
1169424000,527.05,527.05,527.05,527.05,0.0
1169596800,526.33,526.33,526.33,526.33,0.0
1169683200,523.63,523.63,523.63,523.63,0.0
1169942400,519.92,519.92,519.92,519.92,0.0
1170028800,512.7,512.7,512.7,512.7,0.0
1170201600,513.34,513.34,513.34,513.34,0.0
1170288000,519.05,519.05,519.05,519.05,0.0
1170547200,519.77,519.77,519.77,519.77,0.0
1170633600,520.2,520.2,520.2,520.2,0.0
1170720000,520.65,520.65,520.65,520.65,0.0
1170806400,519.69,519.69,519.69,519.69,0.0
1170892800,523.11,523.11,523.11,523.11,0.0
1171152000,524.79,524.79,524.79,524.79,0.0
1171238400,523.94,523.94,523.94,523.94,0.0
1171324800,525.08,525.08,525.08,525.08,0.0
1171411200,525.86,525.86,525.86,525.86,0.0
1171497600,526.97,526.97,526.97,526.97,0.0
1171756800,525.69,525.69,525.69,525.69,0.0
1171929600,523.2,523.2,523.2,523.2,0.0
1172016000,520.46,520.46,520.46,520.46,0.0
1172102400,519.07,519.07,519.07,519.07,0.0
1172361600,517.79,517.79,517.79,517.79,0.0
1172448000,514.66,514.66,514.66,514.66,0.0
1172534400,511.85,511.85,511.85,511.85,0.0
1172620800,511.81,511.81,511.81,511.81,0.0
1172707200,508.89,508.89,508.89,508.89,0.0
1172966400,505.37,505.37,505.37,505.37,0.0
1173052800,498.26,498.26,498.26,498.26,0.0
1173139200,485.98,485.98,485.98,485.98,0.0
1173225600,476.07,476.07,476.07,476.07,0.0
1173312000,486.81,486.81,486.81,486.81,0.0
1173571200,496.64,496.64,496.64,496.64,0.0
1173657600,500.72,500.72,500.72,500.72,0.0
1173744000,500.12,500.12,500.12,500.12,0.0
1173830400,494.06,494.06,494.06,494.06,0.0
1173916800,493.88,493.88,493.88,493.88,0.0
1174435200,492.32,492.32,492.32,492.32,0.0
1174521600,491.47,491.47,491.47,491.47,0.0
1174780800,488.52,488.52,488.52,488.52,0.0
1175040000,482.52,482.52,482.52,482.52,0.0
1175126400,480.99,480.99,480.99,480.99,0.0
1175385600,502.15,502.15,502.15,502.15,0.0
1175472000,507.46,507.46,507.46,507.46,0.0
1175558400,501.67,501.67,501.67,501.67,0.0
1175644800,491.61,491.61,491.61,491.61,0.0
1175731200,488.93,488.93,488.93,488.93,0.0
1175990400,488.22,488.22,488.22,488.22,0.0
1176076800,487.43,487.43,487.43,487.43,0.0
1176163200,487.01,487.01,487.01,487.01,0.0
1176249600,489.03,489.03,489.03,489.03,0.0
1176336000,494.59,494.59,494.59,494.59,0.0
1176595200,497.73,497.73,497.73,497.73,0.0
1176681600,498.02,498.02,498.02,498.02,0.0
1176768000,498.91,498.91,498.91,498.91,0.0
1176854400,501.27,501.27,501.27,501.27,0.0
1176940800,503.29,503.29,503.29,503.29,0.0
1177200000,502.72,502.72,502.72,502.72,0.0
1177286400,501.53,501.53,501.53,501.53,0.0
1177459200,502.6,502.6,502.6,502.6,0.0
1177545600,506.62,506.62,506.62,506.62,0.0
1177804800,509.62,509.62,509.62,509.62,0.0
1177891200,513.69,513.69,513.69,513.69,0.0
1178150400,514.65,514.65,514.65,514.65,0.0
1178409600,514.99,514.99,514.99,514.99,0.0
1178496000,516.14,516.14,516.14,516.14,0.0
1178582400,517.42,517.42,517.42,517.42,0.0
1178668800,518.62,518.62,518.62,518.62,0.0
1178755200,518.28,518.28,518.28,518.28,0.0
1179014400,516.8,516.8,516.8,516.8,0.0
1179100800,513.45,513.45,513.45,513.45,0.0
1179187200,512.38,512.38,512.38,512.38,0.0
1179273600,515.2,515.2,515.2,515.2,0.0
1179360000,518.55,518.55,518.55,518.55,0.0
1179619200,525.64,525.64,525.64,525.64,0.0
1179705600,525.15,525.15,525.15,525.15,0.0
1179792000,522.23,522.23,522.23,522.23,0.0
1179878400,523.46,523.46,523.46,523.46,0.0
1179964800,525.05,525.05,525.05,525.05,0.0
1180224000,524.92,524.92,524.92,524.92,0.0
1180310400,525.94,525.94,525.94,525.94,0.0
1180396800,531.96,531.96,531.96,531.96,0.0
1180483200,540.67,540.67,540.67,540.67,0.0
1180569600,541.38,541.38,541.38,541.38,0.0
1180828800,537.74,537.74,537.74,537.74,0.0
1180915200,542.14,542.14,542.14,542.14,0.0
1181001600,544.14,544.14,544.14,544.14,0.0
1181088000,549.96,549.96,549.96,549.96,0.0
1181174400,552.06,552.06,552.06,552.06,0.0
1181433600,559.15,559.15,559.15,559.15,0.0
1181520000,564.51,564.51,564.51,564.51,0.0
1181606400,572.72,572.72,572.72,572.72,0.0
1181692800,583.55,583.55,583.55,583.55,0.0
1181779200,575.04,575.04,575.04,575.04,0.0
1182038400,569.45,569.45,569.45,569.45,0.0
1182124800,563.49,563.49,563.49,563.49,0.0
1182211200,567.28,567.28,567.28,567.28,0.0
1182297600,578.81,578.81,578.81,578.81,0.0
1182384000,583.44,583.44,583.44,583.44,0.0
1182643200,584.01,584.01,584.01,584.01,0.0
1182729600,588.21,588.21,588.21,588.21,0.0
1182816000,590.29,590.29,590.29,590.29,0.0
1182902400,591.65,591.65,591.65,591.65,0.0
1183248000,593.65,593.65,593.65,593.65,0.0
1183334400,598.52,598.52,598.52,598.52,0.0
1183420800,602.87,602.87,602.87,602.87,0.0
1183507200,611.08,611.08,611.08,611.08,0.0
1183593600,613.47,613.47,613.47,613.47,0.0
1183939200,615.43,615.43,615.43,615.43,0.0
1184025600,620.61,620.61,620.61,620.61,0.0
1184112000,633.02,633.02,633.02,633.02,0.0
1184198400,643.15,643.15,643.15,643.15,0.0
1184457600,657.47,657.47,657.47,657.47,0.0
1184544000,683.95,683.95,683.95,683.95,0.0
1184630400,696.68,696.68,696.68,696.68,0.0
1184716800,677.98,677.98,677.98,677.98,0.0
1184803200,679.99,679.99,679.99,679.99,0.0
1185062400,687.65,687.65,687.65,687.65,0.0
1185148800,695.68,695.68,695.68,695.68,0.0
1185235200,695.38,695.38,695.38,695.38,0.0
1185321600,689.8,689.8,689.8,689.8,0.0
1185408000,687.83,687.83,687.83,687.83,0.0
1185667200,685.36,685.36,685.36,685.36,0.0
1185753600,680.55,680.55,680.55,680.55,0.0
1185840000,678.97,678.97,678.97,678.97,0.0
1185926400,683.36,683.36,683.36,683.36,0.0
1186012800,693.23,693.23,693.23,693.23,0.0
1186272000,702.73,702.73,702.73,702.73,0.0
1186358400,706.11,706.11,706.11,706.11,0.0
1186444800,719.69,719.69,719.69,719.69,0.0
1186531200,725.31,725.31,725.31,725.31,0.0
1186617600,723.32,723.32,723.32,723.32,0.0
1186963200,718.09,718.09,718.09,718.09,0.0
1187049600,712.67,712.67,712.67,712.67,0.0
1187136000,705.05,705.05,705.05,705.05,0.0
1187222400,705.96,705.96,705.96,705.96,0.0
1187481600,710.64,710.64,710.64,710.64,0.0
1187568000,714.06,714.06,714.06,714.06,0.0
1187654400,721.75,721.75,721.75,721.75,0.0
1187740800,722.54,722.54,722.54,722.54,0.0
1187827200,725.51,725.51,725.51,725.51,0.0
1187913600,725.86,725.86,725.86,725.86,0.0
1188086400,723.74,723.74,723.74,723.74,0.0
1188172800,723.04,723.04,723.04,723.04,0.0
1188432000,739.53,739.53,739.53,739.53,0.0
1188691200,756.05,756.05,756.05,756.05,0.0
1188777600,769.07,769.07,769.07,769.07,0.0
1188950400,785.43,785.43,785.43,785.43,0.0
1189036800,796.34,796.34,796.34,796.34,0.0
1189296000,811.98,811.98,811.98,811.98,0.0
1189382400,828.78,828.78,828.78,828.78,0.0
1189468800,833.56,833.56,833.56,833.56,0.0
1189555200,821.44,821.44,821.44,821.44,0.0
1189641600,813.77,813.77,813.77,813.77,0.0
1189900800,818.16,818.16,818.16,818.16,0.0
1189987200,817.08,817.08,817.08,817.08,0.0
1190073600,827.74,827.74,827.74,827.74,0.0
1190160000,837.92,837.92,837.92,837.92,0.0
1190246400,879.96,879.96,879.96,879.96,0.0
1190505600,847.86,847.86,847.86,847.86,0.0
1190592000,848.2,848.2,848.2,848.2,0.0
1190764800,855.13,855.13,855.13,855.13,0.0
1190851200,878.35,878.35,878.35,878.35,0.0
1191110400,885.5,885.5,885.5,885.5,0.0
1191196800,887.45,887.45,887.45,887.45,0.0
1191283200,886.12,886.12,886.12,886.12,0.0
1191369600,890.56,890.56,890.56,890.56,0.0
1191456000,899.42,899.42,899.42,899.42,0.0
1191715200,899.38,899.38,899.38,899.38,0.0
1191801600,873.92,873.92,873.92,873.92,0.0
1191888000,848.12,848.12,848.12,848.12,0.0
1191974400,837.72,837.72,837.72,837.72,0.0
1192060800,866.13,866.13,866.13,866.13,0.0
1192320000,883.42,883.42,883.42,883.42,0.0
1192406400,869.26,869.26,869.26,869.26,0.0
1192492800,863.14,863.14,863.14,863.14,0.0
1192579200,861.37,861.37,861.37,861.37,0.0
1193529600,858.06,858.06,858.06,858.06,0.0
1193616000,859.49,859.49,859.49,859.49,0.0
1193702400,864.89,864.89,864.89,864.89,0.0
1193788800,878.86,878.86,878.86,878.86,0.0
1193875200,887.59,887.59,887.59,887.59,0.0
1194134400,876.6,876.6,876.6,876.6,0.0
1194220800,874.54,874.54,874.54,874.54,0.0
1194307200,877.44,877.44,877.44,877.44,0.0
1194393600,880.06,880.06,880.06,880.06,0.0
1194480000,882.45,882.45,882.45,882.45,0.0
1194825600,889.12,889.12,889.12,889.12,0.0
1194912000,892.28,892.28,892.28,892.28,0.0
1194998400,902.45,902.45,902.45,902.45,0.0
1195084800,915.38,915.38,915.38,915.38,0.0
1195344000,851.55,851.55,851.55,851.55,0.0
1195430400,855.0,855.0,855.0,855.0,0.0
1195516800,852.68,852.68,852.68,852.68,0.0
1195603200,855.56,855.56,855.56,855.56,0.0
1195689600,856.24,856.24,856.24,856.24,0.0
1195948800,861.29,861.29,861.29,861.29,0.0
1196035200,867.61,867.61,867.61,867.61,0.0
1196121600,869.38,869.38,869.38,869.38,0.0
1196208000,879.58,879.58,879.58,879.58,0.0
1196294400,897.29,897.29,897.29,897.29,0.0
1196553600,922.44,922.44,922.44,922.44,0.0
1196640000,942.99,942.99,942.99,942.99,0.0
1196726400,963.79,963.79,963.79,963.79,0.0
1196812800,974.41,974.41,974.41,974.41,0.0
1196899200,992.81,992.81,992.81,992.81,0.0
1197158400,1000.49,1000.49,1000.49,1000.49,0.0
1197244800,992.2,992.2,992.2,992.2,0.0
1197331200,996.29,996.29,996.29,996.29,0.0
1197417600,1000.27,1000.27,1000.27,1000.27,0.0
1197504000,1024.51,1024.51,1024.51,1024.51,0.0
1197763200,1053.02,1053.02,1053.02,1053.02,0.0
1197849600,1064.09,1064.09,1064.09,1064.09,0.0
1197936000,1061.35,1061.35,1061.35,1061.35,0.0
1198022400,1059.86,1059.86,1059.86,1059.86,0.0
1198108800,1055.73,1055.73,1055.73,1055.73,0.0
1198368000,1045.65,1045.65,1045.65,1045.65,0.0
1198454400,1018.16,1018.16,1018.16,1018.16,0.0
1198540800,992.92,992.92,992.92,992.92,0.0
1198627200,967.74,967.74,967.74,967.74,0.0
1198713600,984.53,984.53,984.53,984.53,0.0
1199577600,988.64,988.64,988.64,988.64,0.0
1199664000,969.15,969.15,969.15,969.15,0.0
1199750400,956.82,956.82,956.82,956.82,0.0
1199836800,963.83,963.83,963.83,963.83,0.0
1199923200,982.38,982.38,982.38,982.38,0.0
1200182400,974.97,974.97,974.97,974.97,0.0
1200268800,958.91,958.91,958.91,958.91,0.0
1200441600,931.43,931.43,931.43,931.43,0.0
1200528000,905.38,905.38,905.38,905.38,0.0
1200787200,879.69,879.69,879.69,879.69,0.0
1200873600,891.08,891.08,891.08,891.08,0.0
1200960000,890.25,890.25,890.25,890.25,0.0
1201046400,877.51,877.51,877.51,877.51,0.0
1201132800,878.08,878.08,878.08,878.08,0.0
1201392000,867.61,867.61,867.61,867.61,0.0
1201478400,842.61,842.61,842.61,842.61,0.0
1201564800,817.61,817.61,817.61,817.61,0.0
1201737600,803.69,803.69,803.69,803.69,0.0
1201996800,778.13,778.13,778.13,778.13,0.0
1202083200,752.3,752.3,752.3,752.3,0.0
1202169600,708.9,708.9,708.9,708.9,0.0
1202256000,723.54,723.54,723.54,723.54,0.0
1202342400,750.86,750.86,750.86,750.86,0.0
1202601600,776.74,776.74,776.74,776.74,0.0
1202688000,802.03,802.03,802.03,802.03,0.0
1202774400,814.43,814.43,814.43,814.43,0.0
1202860800,809.59,809.59,809.59,809.59,0.0
1202947200,795.89,795.89,795.89,795.89,0.0
1203206400,769.92,769.92,769.92,769.92,0.0
1203292800,757.08,757.08,757.08,757.08,0.0
1203465600,756.44,756.44,756.44,756.44,0.0
1203552000,758.47,758.47,758.47,758.47,0.0
1203811200,755.89,755.89,755.89,755.89,0.0
1203897600,761.17,761.17,761.17,761.17,0.0
1203984000,759.51,759.51,759.51,759.51,0.0
1204070400,751.81,751.81,751.81,751.81,0.0
1204156800,756.76,756.76,756.76,756.76,0.0
1204416000,772.88,772.88,772.88,772.88,0.0
1204502400,771.21,771.21,771.21,771.21,0.0
1204588800,766.98,766.98,766.98,766.98,0.0
1204675200,758.7,758.7,758.7,758.7,0.0
1205020800,756.74,756.74,756.74,756.74,0.0
1205107200,749.05,749.05,749.05,749.05,0.0
1205193600,741.11,741.11,741.11,741.11,0.0
1205280000,723.28,723.28,723.28,723.28,0.0
1205366400,714.76,714.76,714.76,714.76,0.0
1205625600,712.97,712.97,712.97,712.97,0.0
1205712000,720.92,720.92,720.92,720.92,0.0
1205798400,718.93,718.93,718.93,718.93,0.0
1205884800,715.95,715.95,715.95,715.95,0.0
1205971200,716.72,716.72,716.72,716.72,0.0
1206230400,710.8,710.8,710.8,710.8,0.0
1206316800,704.54,704.54,704.54,704.54,0.0
1206403200,721.24,721.24,721.24,721.24,0.0
1206489600,720.67,720.67,720.67,720.67,0.0
1206576000,716.37,716.37,716.37,716.37,0.0
1206835200,702.97,702.97,702.97,702.97,0.0
1206921600,709.4,709.4,709.4,709.4,0.0
1207008000,712.52,712.52,712.52,712.52,0.0
1207094400,716.56,716.56,716.56,716.56,0.0
1207180800,730.14,730.14,730.14,730.14,0.0
1207440000,746.69,746.69,746.69,746.69,0.0
1208217600,720.24,720.24,720.24,720.24,0.0
1208304000,708.81,708.81,708.81,708.81,0.0
1208390400,734.83,734.83,734.83,734.83,0.0
1208649600,744.04,744.04,744.04,744.04,0.0
1208736000,739.43,739.43,739.43,739.43,0.0
1208822400,734.65,734.65,734.65,734.65,0.0
1208995200,734.85,734.85,734.85,734.85,0.0
1209254400,729.01,729.01,729.01,729.01,0.0
1209340800,730.28,730.28,730.28,730.28,0.0
1209427200,728.72,728.72,728.72,728.72,0.0
1209513600,736.46,736.46,736.46,736.46,0.0
1209859200,740.18,740.18,740.18,740.18,0.0
1209945600,748.92,748.92,748.92,748.92,0.0
1210032000,767.93,767.93,767.93,767.93,0.0
1210118400,776.97,776.97,776.97,776.97,0.0
1210204800,771.33,771.33,771.33,771.33,0.0
1210464000,773.54,773.54,773.54,773.54,0.0
1210550400,785.35,785.35,785.35,785.35,0.0
1210636800,806.26,806.26,806.26,806.26,0.0
1210723200,825.61,825.61,825.61,825.61,0.0
1210809600,812.67,812.67,812.67,812.67,0.0
1211068800,798.56,798.56,798.56,798.56,0.0
1211328000,801.48,801.48,801.48,801.48,0.0
1211414400,817.64,817.64,817.64,817.64,0.0
1211673600,832.14,832.14,832.14,832.14,0.0
1211760000,823.68,823.68,823.68,823.68,0.0
1211846400,833.18,833.18,833.18,833.18,0.0
1212278400,860.62,860.62,860.62,860.62,0.0
1212364800,873.77,873.77,873.77,873.77,0.0
1212451200,858.66,858.66,858.66,858.66,0.0
1212537600,867.93,867.93,867.93,867.93,0.0
1212624000,885.81,885.81,885.81,885.81,0.0
1212883200,910.82,910.82,910.82,910.82,0.0
1212969600,924.65,924.65,924.65,924.65,0.0
1213056000,915.03,915.03,915.03,915.03,0.0
1213142400,923.17,923.17,923.17,923.17,0.0
1213228800,930.65,930.65,930.65,930.65,0.0
1213488000,941.07,941.07,941.07,941.07,0.0
1213574400,957.87,957.87,957.87,957.87,0.0
1213660800,953.84,953.84,953.84,953.84,0.0
1213747200,959.82,959.82,959.82,959.82,0.0
1213833600,960.33,960.33,960.33,960.33,0.0
1214092800,947.12,947.12,947.12,947.12,0.0
1214179200,942.09,942.09,942.09,942.09,0.0
1214265600,940.92,940.92,940.92,940.92,0.0
1214352000,948.56,948.56,948.56,948.56,0.0
1214438400,951.62,951.62,951.62,951.62,0.0
1214697600,948.87,948.87,948.87,948.87,0.0
1214784000,937.46,937.46,937.46,937.46,0.0
1214870400,931.3,931.3,931.3,931.3,0.0
1214956800,906.24,906.24,906.24,906.24,0.0
1215043200,928.42,928.42,928.42,928.42,0.0
1215302400,926.96,926.96,926.96,926.96,0.0
1215388800,929.75,929.75,929.75,929.75,0.0
1215475200,936.49,936.49,936.49,936.49,0.0
1215561600,944.89,944.89,944.89,944.89,0.0
1215648000,949.55,949.55,949.55,949.55,0.0
1215907200,953.48,953.48,953.48,953.48,0.0
1215993600,959.29,959.29,959.29,959.29,0.0
1216080000,963.39,963.39,963.39,963.39,0.0
1216166400,982.12,982.12,982.12,982.12,0.0
1216252800,991.94,991.94,991.94,991.94,0.0
1216512000,985.24,985.24,985.24,985.24,0.0
1216598400,973.33,973.33,973.33,973.33,0.0
1216684800,962.8,962.8,962.8,962.8,0.0
1216771200,972.47,972.47,972.47,972.47,0.0
1217116800,980.81,980.81,980.81,980.81,0.0
1217203200,983.07,983.07,983.07,983.07,0.0
1217289600,1000.93,1000.93,1000.93,1000.93,0.0
1217376000,1020.06,1020.06,1020.06,1020.06,0.0
1217462400,1034.03,1034.03,1034.03,1034.03,0.0
1217721600,1047.67,1047.67,1047.67,1047.67,0.0
1217808000,1075.34,1075.34,1075.34,1075.34,0.0
1217894400,1102.1,1102.1,1102.1,1102.1,0.0
1217980800,1128.13,1128.13,1128.13,1128.13,0.0
1218067200,1101.36,1101.36,1101.36,1101.36,0.0
1218326400,1075.51,1075.51,1075.51,1075.51,0.0
1218412800,1085.03,1085.03,1085.03,1085.03,0.0
1218499200,1088.91,1088.91,1088.91,1088.91,0.0
1218585600,1079.58,1079.58,1079.58,1079.58,0.0
1218672000,1084.76,1084.76,1084.76,1084.76,0.0
1219017600,1075.87,1075.87,1075.87,1075.87,0.0
1219104000,1057.53,1057.53,1057.53,1057.53,0.0
1219190400,1064.28,1064.28,1064.28,1064.28,0.0
1219276800,1062.24,1062.24,1062.24,1062.24,0.0
1219536000,1057.36,1057.36,1057.36,1057.36,0.0
1219622400,1068.17,1068.17,1068.17,1068.17,0.0
1219708800,1087.8,1087.8,1087.8,1087.8,0.0
1219795200,1086.05,1086.05,1086.05,1086.05,0.0
1219881600,1119.65,1119.65,1119.65,1119.65,0.0
1220140800,1175.38,1175.38,1175.38,1175.38,0.0
1220227200,1134.39,1134.39,1134.39,1134.39,0.0
1220313600,1102.39,1102.39,1102.39,1102.39,0.0
1220400000,1064.01,1064.01,1064.01,1064.01,0.0
1220486400,1067.2,1067.2,1067.2,1067.2,0.0
1220745600,1071.08,1071.08,1071.08,1071.08,0.0
1220832000,1058.64,1058.64,1058.64,1058.64,0.0
1220918400,1051.2,1051.2,1051.2,1051.2,0.0
1221004800,1029.85,1029.85,1029.85,1029.85,0.0
1221091200,1028.5,1028.5,1028.5,1028.5,0.0
1221436800,996.09,996.09,996.09,996.09,0.0
1221523200,976.01,976.01,976.01,976.01,0.0
1221609600,985.16,985.16,985.16,985.16,0.0
1221696000,1004.28,1004.28,1004.28,1004.28,0.0
1221955200,976.81,976.81,976.81,976.81,0.0
1222041600,952.64,952.64,952.64,952.64,0.0
1222128000,951.28,951.28,951.28,951.28,0.0
1222214400,945.07,945.07,945.07,945.07,0.0
1222300800,941.12,941.12,941.12,941.12,0.0
1222560000,954.6,954.6,954.6,954.6,0.0
1222646400,960.73,960.73,960.73,960.73,0.0
1222819200,970.23,970.23,970.23,970.23,0.0
1223164800,973.65,973.65,973.65,973.65,0.0
1223769600,969.56,969.56,969.56,969.56,0.0
1223856000,957.33,957.33,957.33,957.33,0.0
1224028800,938.31,938.31,938.31,938.31,0.0
1224115200,933.97,933.97,933.97,933.97,0.0
1224374400,918.62,918.62,918.62,918.62,0.0
1224460800,899.99,899.99,899.99,899.99,0.0
1224547200,907.73,907.73,907.73,907.73,0.0
1224633600,914.0,914.0,914.0,914.0,0.0
1224720000,919.33,919.33,919.33,919.33,0.0
1224979200,918.15,918.15,918.15,918.15,0.0
1225065600,881.86,881.86,881.86,881.86,0.0
1225584000,853.16,853.16,853.16,853.16,0.0
1225670400,849.44,849.44,849.44,849.44,0.0
1225843200,848.18,848.18,848.18,848.18,0.0
1225929600,832.59,832.59,832.59,832.59,0.0
1226188800,810.81,810.81,810.81,810.81,0.0
1226275200,779.78,779.78,779.78,779.78,0.0
1226361600,802.11,802.11,802.11,802.11,0.0
1226448000,815.63,815.63,815.63,815.63,0.0
1226534400,806.9,806.9,806.9,806.9,0.0
1226793600,793.86,793.86,793.86,793.86,0.0
1226880000,774.18,774.18,774.18,774.18,0.0
1226966400,775.99,775.99,775.99,775.99,0.0
1227052800,776.58,776.58,776.58,776.58,0.0
1227139200,770.25,770.25,770.25,770.25,0.0
1227398400,750.51,750.51,750.51,750.51,0.0
1227484800,726.47,726.47,726.47,726.47,0.0
1227571200,698.81,698.81,698.81,698.81,0.0
1227657600,728.57,728.57,728.57,728.57,0.0
1227744000,732.18,732.18,732.18,732.18,0.0
1228003200,750.71,750.71,750.71,750.71,0.0
1228089600,765.76,765.76,765.76,765.76,0.0
1228176000,761.67,761.67,761.67,761.67,0.0
1228262400,758.08,758.08,758.08,758.08,0.0
1228348800,754.91,754.91,754.91,754.91,0.0
1228608000,754.29,754.29,754.29,754.29,0.0
1228694400,747.72,747.72,747.72,747.72,0.0
1228867200,742.41,742.41,742.41,742.41,0.0
1228953600,743.25,743.25,743.25,743.25,0.0
1229212800,742.04,742.04,742.04,742.04,0.0
1229299200,734.85,734.85,734.85,734.85,0.0
1229385600,729.24,729.24,729.24,729.24,0.0
1229472000,728.88,728.88,728.88,728.88,0.0
1229558400,721.13,721.13,721.13,721.13,0.0
1229817600,708.12,708.12,708.12,708.12,0.0
1229904000,701.64,701.64,701.64,701.64,0.0
1229990400,701.85,701.85,701.85,701.85,0.0
1230076800,705.21,705.21,705.21,705.21,0.0
1230422400,699.2,699.2,699.2,699.2,0.0
1230508800,700.57,700.57,700.57,700.57,0.0
1230681600,695.5,695.5,695.5,695.5,0.0
1230768000,693.81,693.81,693.81,693.81,0.0
1231027200,696.21,696.21,696.21,696.21,0.0
1231113600,690.97,690.97,690.97,690.97,0.0
1231200000,687.63,687.63,687.63,687.63,0.0
1231286400,682.29,682.29,682.29,682.29,0.0
1231372800,674.32,674.32,674.32,674.32,0.0
1231632000,664.02,664.02,664.02,664.02,0.0
1231718400,660.4,660.4,660.4,660.4,0.0
1231804800,659.81,659.81,659.81,659.81,0.0
1231977600,651.22,651.22,651.22,651.22,0.0
1232236800,650.73,650.73,650.73,650.73,0.0
1232323200,647.29,647.29,647.29,647.29,0.0
1232409600,641.05,641.05,641.05,641.05,0.0
1232496000,625.79,625.79,625.79,625.79,0.0
1232582400,609.46,609.46,609.46,609.46,0.0
1232841600,616.15,616.15,616.15,616.15,0.0
1232928000,645.32,645.32,645.32,645.32,0.0
1233100800,658.83,658.83,658.83,658.83,0.0
1233446400,638.51,638.51,638.51,638.51,0.0
1233532800,636.31,636.31,636.31,636.31,0.0
1233619200,636.66,636.66,636.66,636.66,0.0
1233705600,641.66,641.66,641.66,641.66,0.0
1233792000,656.07,656.07,656.07,656.07,0.0
1234051200,669.38,669.38,669.38,669.38,0.0
1234137600,668.83,668.83,668.83,668.83,0.0
1234224000,665.16,665.16,665.16,665.16,0.0
1234310400,663.53,663.53,663.53,663.53,0.0
1234396800,671.5,671.5,671.5,671.5,0.0
1234656000,669.76,669.76,669.76,669.76,0.0
1234742400,673.52,673.52,673.52,673.52,0.0
1234828800,690.26,690.26,690.26,690.26,0.0
1235001600,699.6,699.6,699.6,699.6,0.0
1235260800,704.1,704.1,704.1,704.1,0.0
1235433600,694.33,694.33,694.33,694.33,0.0
1235606400,677.35,677.35,677.35,677.35,0.0
1235865600,676.3,676.3,676.3,676.3,0.0
1235952000,673.7,673.7,673.7,673.7,0.0
1236038400,675.77,675.77,675.77,675.77,0.0
1236124800,672.99,672.99,672.99,672.99,0.0
1236211200,670.68,670.68,670.68,670.68,0.0
1236470400,671.35,671.35,671.35,671.35,0.0
1236556800,671.44,671.44,671.44,671.44,0.0
1236729600,670.23,670.23,670.23,670.23,0.0
1236816000,667.2,667.2,667.2,667.2,0.0
1237075200,669.23,669.23,669.23,669.23,0.0
1237161600,670.87,670.87,670.87,670.87,0.0
1237248000,667.66,667.66,667.66,667.66,0.0
1237334400,667.13,667.13,667.13,667.13,0.0
1237420800,666.59,666.59,666.59,666.59,0.0
1237680000,683.5,683.5,683.5,683.5,0.0
1237766400,676.31,676.31,676.31,676.31,0.0
1237852800,678.0,678.0,678.0,678.0,0.0
1237939200,675.3,675.3,675.3,675.3,0.0
1238284800,669.74,669.74,669.74,669.74,0.0
1238371200,665.66,665.66,665.66,665.66,0.0
1238457600,664.13,664.13,664.13,664.13,0.0
1238544000,665.04,665.04,665.04,665.04,0.0
1238630400,661.96,661.96,661.96,661.96,0.0
1238889600,664.73,664.73,664.73,664.73,0.0
1238976000,663.46,663.46,663.46,663.46,0.0
1239062400,659.54,659.54,659.54,659.54,0.0
1239148800,661.28,661.28,661.28,661.28,0.0
1239235200,660.36,660.36,660.36,660.36,0.0
1239494400,660.15,660.15,660.15,660.15,0.0
1239580800,661.27,661.27,661.27,661.27,0.0
1239840000,662.71,662.71,662.71,662.71,0.0
1240099200,659.95,659.95,659.95,659.95,0.0
1240185600,660.01,660.01,660.01,660.01,0.0
1240272000,659.06,659.06,659.06,659.06,0.0
1240358400,657.33,657.33,657.33,657.33,0.0
1240444800,657.02,657.02,657.02,657.02,0.0
1240704000,649.04,649.04,649.04,649.04,0.0
1240790400,640.16,640.16,640.16,640.16,0.0
1240876800,641.64,641.64,641.64,641.64,0.0
1240963200,643.44,643.44,643.44,643.44,0.0
1241049600,647.78,647.78,647.78,647.78,0.0
1241308800,642.04,642.04,642.04,642.04,0.0
1241395200,640.89,640.89,640.89,640.89,0.0
1241481600,648.57,648.57,648.57,648.57,0.0
1241568000,651.16,651.16,651.16,651.16,0.0
1241654400,654.05,654.05,654.05,654.05,0.0
1241913600,660.42,660.42,660.42,660.42,0.0
1242000000,659.17,659.17,659.17,659.17,0.0
1242086400,660.05,660.05,660.05,660.05,0.0
1242172800,661.55,661.55,661.55,661.55,0.0
1242259200,660.95,660.95,660.95,660.95,0.0
1242518400,665.7,665.7,665.7,665.7,0.0
1242604800,683.92,683.92,683.92,683.92,0.0
1242691200,678.61,678.61,678.61,678.61,0.0
1242777600,677.2,677.2,677.2,677.2,0.0
1242864000,676.64,676.64,676.64,676.64,0.0
1243123200,688.07,688.07,688.07,688.07,0.0
1243209600,701.51,701.51,701.51,701.51,0.0
1243296000,714.72,714.72,714.72,714.72,0.0
1243382400,739.89,739.89,739.89,739.89,0.0
1243468800,718.62,718.62,718.62,718.62,0.0
1243728000,707.89,707.89,707.89,707.89,0.0
1243814400,699.95,699.95,699.95,699.95,0.0
1243900800,703.01,703.01,703.01,703.01,0.0
1243987200,699.62,699.62,699.62,699.62,0.0
1244073600,698.88,698.88,698.88,698.88,0.0
1244332800,685.61,685.61,685.61,685.61,0.0
1244419200,679.73,679.73,679.73,679.73,0.0
1244505600,684.88,684.88,684.88,684.88,0.0
1244592000,686.07,686.07,686.07,686.07,0.0
1244678400,684.39,684.39,684.39,684.39,0.0
1244937600,678.74,678.74,678.74,678.74,0.0
1245024000,676.41,676.41,676.41,676.41,0.0
1245110400,681.83,681.83,681.83,681.83,0.0
1245196800,682.8,682.8,682.8,682.8,0.0
1245283200,683.71,683.71,683.71,683.71,0.0
1245542400,679.23,679.23,679.23,679.23,0.0
1245628800,678.52,678.52,678.52,678.52,0.0
1245715200,671.47,671.47,671.47,671.47,0.0
1245801600,670.25,670.25,670.25,670.25,0.0
1245888000,670.61,670.61,670.61,670.61,0.0
1246147200,666.35,666.35,666.35,666.35,0.0
1246233600,663.96,663.96,663.96,663.96,0.0
1246320000,662.63,662.63,662.63,662.63,0.0
1246406400,661.78,661.78,661.78,661.78,0.0
1246492800,667.43,667.43,667.43,667.43,0.0
1246752000,675.16,675.16,675.16,675.16,0.0
1246838400,676.14,676.14,676.14,676.14,0.0
1246924800,685.55,685.55,685.55,685.55,0.0
1247011200,696.16,696.16,696.16,696.16,0.0
1247097600,702.88,702.88,702.88,702.88,0.0
1247356800,711.06,711.06,711.06,711.06,0.0
1247443200,717.46,717.46,717.46,717.46,0.0
1247529600,743.69,743.69,743.69,743.69,0.0
1247616000,749.11,749.11,749.11,749.11,0.0
1247702400,735.87,735.87,735.87,735.87,0.0
1247961600,734.34,734.34,734.34,734.34,0.0
1248048000,739.02,739.02,739.02,739.02,0.0
1248134400,737.97,737.97,737.97,737.97,0.0
1248307200,737.84,737.84,737.84,737.84,0.0
1248566400,708.11,708.11,708.11,708.11,0.0
1248652800,730.64,730.64,730.64,730.64,0.0
1248739200,729.05,729.05,729.05,729.05,0.0
1248825600,721.49,721.49,721.49,721.49,0.0
1248912000,716.01,716.01,716.01,716.01,0.0
1249171200,704.71,704.71,704.71,704.71,0.0
1249257600,700.16,700.16,700.16,700.16,0.0
1249344000,700.01,700.01,700.01,700.01,0.0
1249776000,693.64,693.64,693.64,693.64,0.0
1249862400,690.32,690.32,690.32,690.32,0.0
1249948800,690.22,690.22,690.22,690.22,0.0
1250035200,717.2,717.2,717.2,717.2,0.0
1250380800,721.95,721.95,721.95,721.95,0.0
1250467200,716.01,716.01,716.01,716.01,0.0
1250553600,715.35,715.35,715.35,715.35,0.0
1250640000,714.4,714.4,714.4,714.4,0.0
1250726400,709.82,709.82,709.82,709.82,0.0
1250985600,702.22,702.22,702.22,702.22,0.0
1251072000,693.34,693.34,693.34,693.34,0.0
1251158400,678.87,678.87,678.87,678.87,0.0
1251244800,682.31,682.31,682.31,682.31,0.0
1251331200,681.54,681.54,681.54,681.54,0.0
1251590400,671.15,671.15,671.15,671.15,0.0
1251676800,661.03,661.03,661.03,661.03,0.0
1251763200,654.63,654.63,654.63,654.63,0.0
1251849600,660.4,660.4,660.4,660.4,0.0
1252195200,662.57,662.57,662.57,662.57,0.0
1252281600,657.53,657.53,657.53,657.53,0.0
1252368000,630.11,630.11,630.11,630.11,0.0
1252454400,620.39,620.39,620.39,620.39,0.0
1252540800,614.79,614.79,614.79,614.79,0.0
1252800000,617.34,617.34,617.34,617.34,0.0
1252886400,628.44,628.44,628.44,628.44,0.0
1252972800,629.88,629.88,629.88,629.88,0.0
1253059200,628.34,628.34,628.34,628.34,0.0
1253145600,627.97,627.97,627.97,627.97,0.0
1253404800,628.9,628.9,628.9,628.9,0.0
1253577600,632.7,632.7,632.7,632.7,0.0
1253664000,630.45,630.45,630.45,630.45,0.0
1253750400,630.55,630.55,630.55,630.55,0.0
1254614400,634.44,634.44,634.44,634.44,0.0
1254700800,636.87,636.87,636.87,636.87,0.0
1254787200,613.18,613.18,613.18,613.18,0.0
1254873600,607.86,607.86,607.86,607.86,0.0
1254960000,604.37,604.37,604.37,604.37,0.0
1255219200,599.33,599.33,599.33,599.33,0.0
1255305600,598.37,598.37,598.37,598.37,0.0
1255392000,598.8,598.8,598.8,598.8,0.0
1255478400,599.5,599.5,599.5,599.5,0.0
1255564800,609.55,609.55,609.55,609.55,0.0
1256083200,601.21,601.21,601.21,601.21,0.0
1256169600,601.16,601.16,601.16,601.16,0.0
1256428800,599.22,599.22,599.22,599.22,0.0
1256515200,595.33,595.33,595.33,595.33,0.0
1256601600,590.44,590.44,590.44,590.44,0.0
1256688000,585.04,585.04,585.04,585.04,0.0
1256774400,578.19,578.19,578.19,578.19,0.0
1257033600,567.06,567.06,567.06,567.06,0.0
1257120000,567.27,567.27,567.27,567.27,0.0
1257206400,571.58,571.58,571.58,571.58,0.0
1257292800,581.55,581.55,581.55,581.55,0.0
1257379200,584.64,584.64,584.64,584.64,0.0
1257638400,587.21,587.21,587.21,587.21,0.0
1257724800,583.1,583.1,583.1,583.1,0.0
1257811200,580.23,580.23,580.23,580.23,0.0
1257897600,576.8,576.8,576.8,576.8,0.0
1257984000,565.86,565.86,565.86,565.86,0.0
1258243200,566.94,566.94,566.94,566.94,0.0
1258329600,561.82,561.82,561.82,561.82,0.0
1258416000,564.98,564.98,564.98,564.98,0.0
1258502400,562.22,562.22,562.22,562.22,0.0
1258588800,563.01,563.01,563.01,563.01,0.0
1258848000,562.11,562.11,562.11,562.11,0.0
1258934400,549.03,549.03,549.03,549.03,0.0
1259020800,543.41,543.41,543.41,543.41,0.0
1259107200,541.55,541.55,541.55,541.55,0.0
1259193600,534.32,534.32,534.32,534.32,0.0
1259539200,528.89,528.89,528.89,528.89,0.0
1259625600,521.77,521.77,521.77,521.77,0.0
1259798400,517.45,517.45,517.45,517.45,0.0
1260057600,519.16,519.16,519.16,519.16,0.0
1260144000,524.18,524.18,524.18,524.18,0.0
1260230400,530.35,530.35,530.35,530.35,0.0
1260316800,537.57,537.57,537.57,537.57,0.0
1260403200,545.66,545.66,545.66,545.66,0.0
1260662400,553.4,553.4,553.4,553.4,0.0
1260748800,554.54,554.54,554.54,554.54,0.0
1260835200,548.61,548.61,548.61,548.61,0.0
1260921600,542.1,542.1,542.1,542.1,0.0
1261008000,539.21,539.21,539.21,539.21,0.0
1261267200,538.68,538.68,538.68,538.68,0.0
1261353600,536.93,536.93,536.93,536.93,0.0
1261526400,543.57,543.57,543.57,543.57,0.0
1261612800,545.66,545.66,545.66,545.66,0.0
1261872000,545.27,545.27,545.27,545.27,0.0
1261958400,545.73,545.73,545.73,545.73,0.0
1262044800,547.41,547.41,547.41,547.41,0.0
1262217600,548.11,548.11,548.11,548.11,0.0
1262476800,546.96,546.96,546.96,546.96,0.0
1262563200,540.12,540.12,540.12,540.12,0.0
1262649600,536.18,536.18,536.18,536.18,0.0
1262736000,536.63,536.63,536.63,536.63,0.0
1262822400,535.81,535.81,535.81,535.81,0.0
1263081600,535.41,535.41,535.41,535.41,0.0
1263168000,534.34,534.34,534.34,534.34,0.0
1263254400,532.26,532.26,532.26,532.26,0.0
1263340800,530.81,530.81,530.81,530.81,0.0
1263427200,530.96,530.96,530.96,530.96,0.0
1263686400,528.9,528.9,528.9,528.9,0.0
1263772800,524.19,524.19,524.19,524.19,0.0
1263859200,522.05,522.05,522.05,522.05,0.0
1263945600,520.42,520.42,520.42,520.42,0.0
1264291200,516.77,516.77,516.77,516.77,0.0
1264377600,516.82,516.82,516.82,516.82,0.0
1264464000,513.71,513.71,513.71,513.71,0.0
1264550400,511.7,511.7,511.7,511.7,0.0
1264636800,515.24,515.24,515.24,515.24,0.0
1264896000,512.34,512.34,512.34,512.34,0.0
1264982400,510.1,510.1,510.1,510.1,0.0
1265068800,507.02,507.02,507.02,507.02,0.0
1265155200,502.79,502.79,502.79,502.79,0.0
1265241600,501.4,501.4,501.4,501.4,0.0
1265500800,497.34,497.34,497.34,497.34,0.0
1265587200,489.4,489.4,489.4,489.4,0.0
1265673600,479.73,479.73,479.73,479.73,0.0
1265760000,492.88,492.88,492.88,492.88,0.0
1265846400,497.24,497.24,497.24,497.24,0.0
1266192000,493.02,493.02,493.02,493.02,0.0
1266278400,486.82,486.82,486.82,486.82,0.0
1266364800,485.82,485.82,485.82,485.82,0.0
1266451200,485.14,485.14,485.14,485.14,0.0
1267401600,497.86,497.86,497.86,497.86,0.0
1267488000,503.12,503.12,503.12,503.12,0.0
1267574400,517.0,517.0,517.0,517.0,0.0
1267660800,514.04,514.04,514.04,514.04,0.0
1267920000,504.52,504.52,504.52,504.52,0.0
1268092800,500.71,500.71,500.71,500.71,0.0
1268179200,489.61,489.61,489.61,489.61,0.0
1268265600,486.25,486.25,486.25,486.25,0.0
1268524800,481.19,481.19,481.19,481.19,0.0
1268697600,480.49,480.49,480.49,480.49,0.0
1268784000,477.62,477.62,477.62,477.62,0.0
1268870400,475.8,475.8,475.8,475.8,0.0
1269216000,472.82,472.82,472.82,472.82,0.0
1269302400,469.17,469.17,469.17,469.17,0.0
1269475200,466.09,466.09,466.09,466.09,0.0
1269734400,459.87,459.87,459.87,459.87,0.0
1269820800,454.43,454.43,454.43,454.43,0.0
1269907200,443.73,443.73,443.73,443.73,0.0
1269993600,443.17,443.17,443.17,443.17,0.0
1270080000,452.46,452.46,452.46,452.46,0.0
1270339200,458.13,458.13,458.13,458.13,0.0
1270425600,455.26,455.26,455.26,455.26,0.0
1270512000,449.49,449.49,449.49,449.49,0.0
1270598400,443.89,443.89,443.89,443.89,0.0
1270684800,446.03,446.03,446.03,446.03,0.0
1270944000,443.54,443.54,443.54,443.54,0.0
1271030400,443.66,443.66,443.66,443.66,0.0
1271116800,444.76,444.76,444.76,444.76,0.0
1271289600,449.04,449.04,449.04,449.04,0.0
1271548800,446.05,446.05,446.05,446.05,0.0
1271635200,441.73,441.73,441.73,441.73,0.0
1271721600,438.64,438.64,438.64,438.64,0.0
1271808000,426.54,426.54,426.54,426.54,0.0
1271894400,426.57,426.57,426.57,426.57,0.0
1272153600,423.41,423.41,423.41,423.41,0.0
1272240000,415.47,415.47,415.47,415.47,0.0
1272326400,407.6,407.6,407.6,407.6,0.0
1272412800,405.45,405.45,405.45,405.45,0.0
1272499200,419.28,419.28,419.28,419.28,0.0
1273363200,413.02,413.02,413.02,413.02,0.0
1273449600,418.77,418.77,418.77,418.77,0.0
1273536000,431.56,431.56,431.56,431.56,0.0
1273622400,449.08,449.08,449.08,449.08,0.0
1273708800,457.81,457.81,457.81,457.81,0.0
1273968000,440.54,440.54,440.54,440.54,0.0
1274054400,440.34,440.34,440.34,440.34,0.0
1274140800,448.6,448.6,448.6,448.6,0.0
1274227200,454.12,454.12,454.12,454.12,0.0
1274313600,461.99,461.99,461.99,461.99,0.0
1274572800,462.57,462.57,462.57,462.57,0.0
1274659200,462.63,462.63,462.63,462.63,0.0
1274745600,482.44,482.44,482.44,482.44,0.0
1274832000,479.4,479.4,479.4,479.4,0.0
1275177600,506.35,506.35,506.35,506.35,0.0
1275264000,490.08,490.08,490.08,490.08,0.0
1275350400,479.98,479.98,479.98,479.98,0.0
1275436800,480.48,480.48,480.48,480.48,0.0
1275523200,482.34,482.34,482.34,482.34,0.0
1275782400,478.64,478.64,478.64,478.64,0.0
1275868800,478.61,478.61,478.61,478.61,0.0
1275955200,482.76,482.76,482.76,482.76,0.0
1276041600,486.6,486.6,486.6,486.6,0.0
1276128000,484.82,484.82,484.82,484.82,0.0
1276387200,480.62,480.62,480.62,480.62,0.0
1276473600,476.69,476.69,476.69,476.69,0.0
1276560000,475.65,475.65,475.65,475.65,0.0
1276646400,475.17,475.17,475.17,475.17,0.0
1276732800,474.63,474.63,474.63,474.63,0.0
1276992000,474.99,474.99,474.99,474.99,0.0
1277078400,468.61,468.61,468.61,468.61,0.0
1277164800,470.4,470.4,470.4,470.4,0.0
1277251200,467.6,467.6,467.6,467.6,0.0
1277337600,463.45,463.45,463.45,463.45,0.0
1277683200,459.52,459.52,459.52,459.52,0.0
1277769600,455.48,455.48,455.48,455.48,0.0
1277856000,455.75,455.75,455.75,455.75,0.0
1277942400,470.91,470.91,470.91,470.91,0.0
1278201600,464.69,464.69,464.69,464.69,0.0
1278288000,460.7,460.7,460.7,460.7,0.0
1278374400,463.24,463.24,463.24,463.24,0.0
1278460800,461.87,461.87,461.87,461.87,0.0
1278547200,460.07,460.07,460.07,460.07,0.0
1278806400,460.02,460.02,460.02,460.02,0.0
1278892800,461.62,461.62,461.62,461.62,0.0
1278979200,464.65,464.65,464.65,464.65,0.0
1279065600,467.33,467.33,467.33,467.33,0.0
1279152000,477.73,477.73,477.73,477.73,0.0
1279411200,468.53,468.53,468.53,468.53,0.0
1279497600,466.3,466.3,466.3,466.3,0.0
1279584000,468.78,468.78,468.78,468.78,0.0
1279670400,472.29,472.29,472.29,472.29,0.0
1279756800,469.34,469.34,469.34,469.34,0.0
1280016000,463.94,463.94,463.94,463.94,0.0
1280102400,461.65,461.65,461.65,461.65,0.0
1280188800,462.0,462.0,462.0,462.0,0.0
1280275200,459.79,459.79,459.79,459.79,0.0
1280361600,461.63,461.63,461.63,461.63,0.0
1280620800,462.48,462.48,462.48,462.48,0.0
1280707200,460.77,460.77,460.77,460.77,0.0
1280793600,460.0,460.0,460.0,460.0,0.0
1280880000,460.89,460.89,460.89,460.89,0.0
1280966400,458.41,458.41,458.41,458.41,0.0
1281225600,459.83,459.83,459.83,459.83,0.0
1281312000,457.36,457.36,457.36,457.36,0.0
1281398400,455.71,455.71,455.71,455.71,0.0
1281484800,456.17,456.17,456.17,456.17,0.0
1281571200,454.68,454.68,454.68,454.68,0.0
1281830400,454.24,454.24,454.24,454.24,0.0
1281916800,453.7,453.7,453.7,453.7,0.0
1282003200,447.17,447.17,447.17,447.17,0.0
1282089600,442.74,442.74,442.74,442.74,0.0
1282176000,442.05,442.05,442.05,442.05,0.0
1282435200,431.15,431.15,431.15,431.15,0.0
1282521600,432.5,432.5,432.5,432.5,0.0
1282780800,432.74,432.74,432.74,432.74,0.0
1283040000,428.93,428.93,428.93,428.93,0.0
1283126400,426.74,426.74,426.74,426.74,0.0
1283212800,421.16,421.16,421.16,421.16,0.0
1283385600,420.46,420.46,420.46,420.46,0.0
1283644800,408.64,408.64,408.64,408.64,0.0
1283731200,412.32,412.32,412.32,412.32,0.0
1283817600,416.01,416.01,416.01,416.01,0.0
1283904000,420.25,420.25,420.25,420.25,0.0
1283990400,414.43,414.43,414.43,414.43,0.0
1284249600,413.41,413.41,413.41,413.41,0.0
1284336000,410.65,410.65,410.65,410.65,0.0
1284422400,410.29,410.29,410.29,410.29,0.0
1284508800,407.26,407.26,407.26,407.26,0.0
1284595200,404.43,404.43,404.43,404.43,0.0
1284854400,402.44,402.44,402.44,402.44,0.0
1284940800,401.74,401.74,401.74,401.74,0.0
1285027200,403.94,403.94,403.94,403.94,0.0
1285200000,404.41,404.41,404.41,404.41,0.0
1285459200,406.41,406.41,406.41,406.41,0.0
1285545600,406.92,406.92,406.92,406.92,0.0
1285632000,403.54,403.54,403.54,403.54,0.0
1285718400,403.47,403.47,403.47,403.47,0.0
1285804800,403.15,403.15,403.15,403.15,0.0
1286064000,402.59,402.59,402.59,402.59,0.0
1286150400,403.7,403.7,403.7,403.7,0.0
1286236800,404.47,404.47,404.47,404.47,0.0
1286323200,406.49,406.49,406.49,406.49,0.0
1286409600,411.82,411.82,411.82,411.82,0.0
1286668800,416.86,416.86,416.86,416.86,0.0
1286755200,419.03,419.03,419.03,419.03,0.0
1286841600,419.65,419.65,419.65,419.65,0.0
1286928000,420.3,420.3,420.3,420.3,0.0
1287532800,421.49,421.49,421.49,421.49,0.0
1287619200,420.54,420.54,420.54,420.54,0.0
1287878400,426.33,426.33,426.33,426.33,0.0
1287964800,426.21,426.21,426.21,426.21,0.0
1288051200,425.04,425.04,425.04,425.04,0.0
1288137600,422.47,422.47,422.47,422.47,0.0
1288224000,424.9,424.9,424.9,424.9,0.0
1288483200,423.87,423.87,423.87,423.87,0.0
1288569600,424.9,424.9,424.9,424.9,0.0
1288656000,423.27,423.27,423.27,423.27,0.0
1288742400,423.21,423.21,423.21,423.21,0.0
1288828800,424.96,424.96,424.96,424.96,0.0
1289260800,423.85,423.85,423.85,423.85,0.0
1289347200,423.69,423.69,423.69,423.69,0.0
1289433600,424.79,424.79,424.79,424.79,0.0
1289692800,423.44,423.44,423.44,423.44,0.0
1289779200,423.64,423.64,423.64,423.64,0.0
1289865600,424.93,424.93,424.93,424.93,0.0
1290038400,425.42,425.42,425.42,425.42,0.0
1290297600,423.35,423.35,423.35,423.35,0.0
1290384000,419.81,419.81,419.81,419.81,0.0
1290470400,419.63,419.63,419.63,419.63,0.0
1290556800,419.07,419.07,419.07,419.07,0.0
1290643200,418.15,418.15,418.15,418.15,0.0
1290902400,417.18,417.18,417.18,417.18,0.0
1290988800,415.68,415.68,415.68,415.68,0.0
1291075200,413.85,413.85,413.85,413.85,0.0
1291161600,412.06,412.06,412.06,412.06,0.0
1291248000,408.88,408.88,408.88,408.88,0.0
1291507200,407.85,407.85,407.85,407.85,0.0
1291593600,403.56,403.56,403.56,403.56,0.0
1291680000,401.77,401.77,401.77,401.77,0.0
1291766400,401.42,401.42,401.42,401.42,0.0
1291852800,398.88,398.88,398.88,398.88,0.0
1292112000,395.42,395.42,395.42,395.42,0.0
1292198400,394.04,394.04,394.04,394.04,0.0
1292284800,393.48,393.48,393.48,393.48,0.0
1292371200,394.17,394.17,394.17,394.17,0.0
1292457600,392.04,392.04,392.04,392.04,0.0
1292716800,390.98,390.98,390.98,390.98,0.0
1292803200,391.35,391.35,391.35,391.35,0.0
1292976000,394.84,394.84,394.84,394.84,0.0
1293062400,399.55,399.55,399.55,399.55,0.0
1293321600,406.86,406.86,406.86,406.86,0.0
1293408000,407.72,407.72,407.72,407.72,0.0
1293494400,404.18,404.18,404.18,404.18,0.0
1293580800,404.06,404.06,404.06,404.06,0.0
1293926400,400.62,400.62,400.62,400.62,0.0
1294012800,398.01,398.01,398.01,398.01,0.0
1294099200,399.59,399.59,399.59,399.59,0.0
1294185600,400.76,400.76,400.76,400.76,0.0
1294272000,400.43,400.43,400.43,400.43,0.0
1294531200,398.26,398.26,398.26,398.26,0.0
1294617600,399.47,399.47,399.47,399.47,0.0
1294704000,400.67,400.67,400.67,400.67,0.0
1294790400,400.2,400.2,400.2,400.2,0.0
1294876800,402.75,402.75,402.75,402.75,0.0
1295136000,403.12,403.12,403.12,403.12,0.0
1295222400,403.71,403.71,403.71,403.71,0.0
1295308800,403.46,403.46,403.46,403.46,0.0
1295395200,404.33,404.33,404.33,404.33,0.0
1295481600,406.9,406.9,406.9,406.9,0.0
1295740800,406.34,406.34,406.34,406.34,0.0
1295827200,410.34,410.34,410.34,410.34,0.0
1296432000,410.57,410.57,410.57,410.57,0.0
1296518400,410.48,410.48,410.48,410.48,0.0
1296604800,407.97,407.97,407.97,407.97,0.0
1296691200,406.84,406.84,406.84,406.84,0.0
1296950400,413.76,413.76,413.76,413.76,0.0
1297036800,408.47,408.47,408.47,408.47,0.0
1297123200,406.96,406.96,406.96,406.96,0.0
1297209600,405.44,405.44,405.44,405.44,0.0
1297296000,405.05,405.05,405.05,405.05,0.0
1297555200,404.14,404.14,404.14,404.14,0.0
1297641600,403.71,403.71,403.71,403.71,0.0
1297728000,404.47,404.47,404.47,404.47,0.0
1297814400,405.44,405.44,405.44,405.44,0.0
1297900800,408.19,408.19,408.19,408.19,0.0
1298160000,405.15,405.15,405.15,405.15,0.0
1298246400,404.32,404.32,404.32,404.32,0.0
1298332800,401.2,401.2,401.2,401.2,0.0
1298419200,398.5,398.5,398.5,398.5,0.0
1298505600,397.46,397.46,397.46,397.46,0.0
1298764800,394.19,394.19,394.19,394.19,0.0
1298851200,391.66,391.66,391.66,391.66,0.0
1298937600,391.22,391.22,391.22,391.22,0.0
1299110400,395.43,395.43,395.43,395.43,0.0
1299456000,394.06,394.06,394.06,394.06,0.0
1299628800,392.71,392.71,392.71,392.71,0.0
1299715200,389.81,389.81,389.81,389.81,0.0
1299974400,388.25,388.25,388.25,388.25,0.0
1300060800,384.18,384.18,384.18,384.18,0.0
1300147200,376.75,376.75,376.75,376.75,0.0
1300233600,378.83,378.83,378.83,378.83,0.0
1300320000,377.51,377.51,377.51,377.51,0.0
1300579200,377.6,377.6,377.6,377.6,0.0
1300665600,379.46,379.46,379.46,379.46,0.0
1300752000,379.32,379.32,379.32,379.32,0.0
1300838400,377.63,377.63,377.63,377.63,0.0
1300924800,376.67,376.67,376.67,376.67,0.0
1301011200,377.0,377.0,377.0,377.0,0.0
1301184000,372.0,372.0,372.0,372.0,0.0
1301270400,365.0,365.0,365.0,365.0,0.0
1301356800,358.0,358.0,358.0,358.0,0.0
1301443200,359.0,359.0,359.0,359.0,0.0
1301529600,365.0,365.0,365.0,365.0,0.0
1301875200,365.0,365.0,365.0,365.0,0.0
1301961600,364.0,364.0,364.0,364.0,0.0
1302048000,364.0,364.0,364.0,364.0,0.0
1302134400,365.0,365.0,365.0,365.0,0.0
1302393600,367.0,367.0,367.0,367.0,0.0
1302480000,365.0,365.0,365.0,365.0,0.0
1302652800,373.0,373.0,373.0,373.0,0.0
1302998400,368.0,368.0,368.0,368.0,0.0
1303084800,365.0,365.0,365.0,365.0,0.0
1303171200,364.0,364.0,364.0,364.0,0.0
1303257600,361.0,361.0,361.0,361.0,0.0
1303344000,358.0,358.0,358.0,358.0,0.0
1303689600,357.0,357.0,357.0,357.0,0.0
1303776000,356.0,356.0,356.0,356.0,0.0
1303862400,350.0,350.0,350.0,350.0,0.0
1303948800,348.0,348.0,348.0,348.0,0.0
1304294400,345.0,345.0,345.0,345.0,0.0
1304380800,340.0,340.0,340.0,340.0,0.0
1304467200,339.0,339.0,339.0,339.0,0.0
1304553600,340.0,340.0,340.0,340.0,0.0
1304812800,341.0,341.0,341.0,341.0,0.0
1304899200,341.0,341.0,341.0,341.0,0.0
1304985600,344.0,344.0,344.0,344.0,0.0
1305072000,345.0,345.0,345.0,345.0,0.0
1305158400,346.0,346.0,346.0,346.0,0.0
1305417600,349.0,349.0,349.0,349.0,0.0
1305504000,351.0,351.0,351.0,351.0,0.0
1305676800,347.0,347.0,347.0,347.0,0.0
1305763200,345.0,345.0,345.0,345.0,0.0
1306022400,344.0,344.0,344.0,344.0,0.0
1306108800,342.0,342.0,342.0,342.0,0.0
1306195200,342.0,342.0,342.0,342.0,0.0
1306281600,342.0,342.0,342.0,342.0,0.0
1306368000,345.0,345.0,345.0,345.0,0.0
1306713600,343.0,343.0,343.0,343.0,0.0
1306800000,337.0,337.0,337.0,337.0,0.0
1306886400,336.0,336.0,336.0,336.0,0.0
1306972800,334.0,334.0,334.0,334.0,0.0
1307232000,328.0,328.0,328.0,328.0,0.0
1307318400,323.0,323.0,323.0,323.0,0.0
1307404800,317.0,317.0,317.0,317.0,0.0
1307491200,311.0,311.0,311.0,311.0,0.0
1307577600,309.0,309.0,309.0,309.0,0.0
1307836800,304.0,304.0,304.0,304.0,0.0
1307923200,302.0,302.0,302.0,302.0,0.0
1308009600,298.0,298.0,298.0,298.0,0.0
1308096000,292.0,292.0,292.0,292.0,0.0
1308182400,304.0,304.0,304.0,304.0,0.0
1308441600,319.0,319.0,319.0,319.0,0.0
1308528000,331.0,331.0,331.0,331.0,0.0
1308614400,344.0,344.0,344.0,344.0,0.0
1308787200,364.0,364.0,364.0,364.0,0.0
1309046400,347.0,347.0,347.0,347.0,0.0
1309132800,330.0,330.0,330.0,330.0,0.0
1309305600,333.0,333.0,333.0,333.0,0.0
1309392000,337.0,337.0,337.0,337.0,0.0
1309651200,333.0,333.0,333.0,333.0,0.0
1309737600,334.0,334.0,334.0,334.0,0.0
1309824000,341.0,341.0,341.0,341.0,0.0
1309910400,345.0,345.0,345.0,345.0,0.0
1309996800,341.0,341.0,341.0,341.0,0.0
1310256000,346.0,346.0,346.0,346.0,0.0
1310342400,346.0,346.0,346.0,346.0,0.0
1310428800,352.0,352.0,352.0,352.0,0.0
1310515200,356.0,356.0,356.0,356.0,0.0
1310601600,363.0,363.0,363.0,363.0,0.0
1310860800,378.0,378.0,378.0,378.0,0.0
1310947200,370.0,370.0,370.0,370.0,0.0
1311033600,374.0,374.0,374.0,374.0,0.0
1311120000,380.0,380.0,380.0,380.0,0.0
1311206400,377.0,377.0,377.0,377.0,0.0
1311465600,365.0,365.0,365.0,365.0,0.0
1311552000,360.0,360.0,360.0,360.0,0.0
1311638400,357.0,357.0,357.0,357.0,0.0
1311724800,364.0,364.0,364.0,364.0,0.0
1311811200,361.0,361.0,361.0,361.0,0.0
1312070400,359.0,359.0,359.0,359.0,0.0
1312156800,358.0,358.0,358.0,358.0,0.0
1312243200,358.0,358.0,358.0,358.0,0.0
1312329600,356.0,356.0,356.0,356.0,0.0
1312416000,358.0,358.0,358.0,358.0,0.0
1312675200,354.0,354.0,354.0,354.0,0.0
1312761600,352.0,352.0,352.0,352.0,0.0
1312848000,346.0,346.0,346.0,346.0,0.0
1312934400,352.0,352.0,352.0,352.0,0.0
1313020800,353.0,353.0,353.0,353.0,0.0
1313366400,353.0,353.0,353.0,353.0,0.0
1313452800,354.0,354.0,354.0,354.0,0.0
1313539200,351.0,351.0,351.0,351.0,0.0
1313625600,353.0,353.0,353.0,353.0,0.0
1313971200,350.0,350.0,350.0,350.0,0.0
1314057600,350.0,350.0,350.0,350.0,0.0
1314144000,349.0,349.0,349.0,349.0,0.0
1314230400,347.0,347.0,347.0,347.0,0.0
1314489600,337.0,337.0,337.0,337.0,0.0
1314576000,338.0,338.0,338.0,338.0,0.0
1314662400,340.0,340.0,340.0,340.0,0.0
1314835200,342.0,342.0,342.0,342.0,0.0
1315094400,339.0,339.0,339.0,339.0,0.0
1315180800,336.0,336.0,336.0,336.0,0.0
1315267200,332.0,332.0,332.0,332.0,0.0
1315353600,331.0,331.0,331.0,331.0,0.0
1315440000,330.0,330.0,330.0,330.0,0.0
1315785600,327.0,327.0,327.0,327.0,0.0
1315872000,326.0,326.0,326.0,326.0,0.0
1315958400,319.0,319.0,319.0,319.0,0.0
1316044800,321.0,321.0,321.0,321.0,0.0
1316304000,319.0,319.0,319.0,319.0,0.0
1316390400,317.0,317.0,317.0,317.0,0.0
1316476800,320.0,320.0,320.0,320.0,0.0
1316563200,323.0,323.0,323.0,323.0,0.0
1316649600,328.0,328.0,328.0,328.0,0.0
1316908800,332.0,332.0,332.0,332.0,0.0
1316995200,331.0,331.0,331.0,331.0,0.0
1317081600,331.0,331.0,331.0,331.0,0.0
1317254400,331.0,331.0,331.0,331.0,0.0
1317513600,331.0,331.0,331.0,331.0,0.0
1318118400,331.0,331.0,331.0,331.0,0.0
1318204800,333.0,333.0,333.0,333.0,0.0
1318377600,334.0,334.0,334.0,334.0,0.0
1318464000,333.0,333.0,333.0,333.0,0.0
1318723200,332.0,332.0,332.0,332.0,0.0
1318809600,331.0,331.0,331.0,331.0,0.0
1318896000,330.0,330.0,330.0,330.0,0.0
1318982400,330.0,330.0,330.0,330.0,0.0
1319068800,328.0,328.0,328.0,328.0,0.0
1319328000,326.0,326.0,326.0,326.0,0.0
1319414400,327.0,327.0,327.0,327.0,0.0
1319500800,328.0,328.0,328.0,328.0,0.0
1319932800,328.0,328.0,328.0,328.0,0.0
1320019200,330.0,330.0,330.0,330.0,0.0
1320192000,347.0,347.0,347.0,347.0,0.0
1320278400,344.0,344.0,344.0,344.0,0.0
1320537600,338.0,338.0,338.0,338.0,0.0
1320710400,335.0,335.0,335.0,335.0,0.0
1320796800,332.0,332.0,332.0,332.0,0.0
1320883200,332.0,332.0,332.0,332.0,0.0
1321142400,331.0,331.0,331.0,331.0,0.0
1321228800,331.0,331.0,331.0,331.0,0.0
1321315200,327.0,327.0,327.0,327.0,0.0
1321401600,326.0,326.0,326.0,326.0,0.0
1321488000,329.0,329.0,329.0,329.0,0.0
1321747200,328.0,328.0,328.0,328.0,0.0
1321833600,329.0,329.0,329.0,329.0,0.0
1321920000,327.0,327.0,327.0,327.0,0.0
1322006400,325.0,325.0,325.0,325.0,0.0
1322092800,325.0,325.0,325.0,325.0,0.0
1322352000,325.0,325.0,325.0,325.0,0.0
1322438400,323.0,323.0,323.0,323.0,0.0
1322697600,323.0,323.0,323.0,323.0,0.0
1322956800,322.0,322.0,322.0,322.0,0.0
1323043200,321.0,321.0,321.0,321.0,0.0
1323129600,321.0,321.0,321.0,321.0,0.0
1323216000,321.0,321.0,321.0,321.0,0.0
1323302400,320.0,320.0,320.0,320.0,0.0
1323561600,318.0,318.0,318.0,318.0,0.0
1323648000,315.0,315.0,315.0,315.0,0.0
1323734400,314.0,314.0,314.0,314.0,0.0
1323820800,317.0,317.0,317.0,317.0,0.0
1323907200,316.0,316.0,316.0,316.0,0.0
1324166400,314.0,314.0,314.0,314.0,0.0
1324252800,313.0,313.0,313.0,313.0,0.0
1324339200,314.0,314.0,314.0,314.0,0.0
1324425600,313.0,313.0,313.0,313.0,0.0
1324512000,313.0,313.0,313.0,313.0,0.0
1324857600,312.0,312.0,312.0,312.0,0.0
1324944000,314.0,314.0,314.0,314.0,0.0
1325030400,314.0,314.0,314.0,314.0,0.0
1325116800,316.0,316.0,316.0,316.0,0.0
1325376000,319.0,319.0,319.0,319.0,0.0
1325462400,324.0,324.0,324.0,324.0,0.0
1325548800,324.0,324.0,324.0,324.0,0.0
1325635200,319.0,319.0,319.0,319.0,0.0
1325721600,320.0,320.0,320.0,320.0,0.0
1325980800,317.0,317.0,317.0,317.0,0.0
1326067200,318.0,318.0,318.0,318.0,0.0
1326153600,320.0,320.0,320.0,320.0,0.0
1326240000,321.0,321.0,321.0,321.0,0.0
1326326400,324.0,324.0,324.0,324.0,0.0
1326672000,322.0,322.0,322.0,322.0,0.0
1326758400,322.0,322.0,322.0,322.0,0.0
1326844800,320.0,320.0,320.0,320.0,0.0
1326931200,321.0,321.0,321.0,321.0,0.0
1327190400,320.0,320.0,320.0,320.0,0.0
1327276800,318.0,318.0,318.0,318.0,0.0
1327449600,318.0,318.0,318.0,318.0,0.0
1327536000,317.0,317.0,317.0,317.0,0.0
1327795200,317.0,317.0,317.0,317.0,0.0
1327968000,316.0,316.0,316.0,316.0,0.0
1328054400,317.0,317.0,317.0,317.0,0.0
1328140800,316.0,316.0,316.0,316.0,0.0
1328400000,315.0,315.0,315.0,315.0,0.0
1328486400,314.0,314.0,314.0,314.0,0.0
1328572800,313.0,313.0,313.0,313.0,0.0
1328659200,312.0,312.0,312.0,312.0,0.0
1328745600,312.0,312.0,312.0,312.0,0.0
1329004800,312.0,312.0,312.0,312.0,0.0
1329091200,313.0,313.0,313.0,313.0,0.0
1329177600,312.0,312.0,312.0,312.0,0.0
1329264000,312.0,312.0,312.0,312.0,0.0
1329436800,312.0,312.0,312.0,312.0,0.0
1329782400,312.0,312.0,312.0,312.0,0.0
1329955200,313.0,313.0,313.0,313.0,0.0
1330214400,312.0,312.0,312.0,312.0,0.0
1330300800,312.0,312.0,312.0,312.0,0.0
1330387200,315.0,315.0,315.0,315.0,0.0
1330473600,315.0,315.0,315.0,315.0,0.0
1330560000,317.0,317.0,317.0,317.0,0.0
1330819200,316.0,316.0,316.0,316.0,0.0
1330905600,316.0,316.0,316.0,316.0,0.0
1330992000,316.0,316.0,316.0,316.0,0.0
1331424000,315.0,315.0,315.0,315.0,0.0
1331510400,314.0,314.0,314.0,314.0,0.0
1331596800,314.0,314.0,314.0,314.0,0.0
1331683200,313.0,313.0,313.0,313.0,0.0
1331769600,311.0,311.0,311.0,311.0,0.0
1332028800,303.0,303.0,303.0,303.0,0.0
1332115200,303.0,303.0,303.0,303.0,0.0
1332201600,302.0,302.0,302.0,302.0,0.0
1332288000,304.0,304.0,304.0,304.0,0.0
1332633600,303.0,303.0,303.0,303.0,0.0
1332720000,301.0,301.0,301.0,301.0,0.0
1332806400,300.0,300.0,300.0,300.0,0.0
1332892800,300.0,300.0,300.0,300.0,0.0
1332979200,299.0,299.0,299.0,299.0,0.0
1333238400,299.0,299.0,299.0,299.0,0.0
1333324800,301.0,301.0,301.0,301.0,0.0
1333411200,302.0,302.0,302.0,302.0,0.0
1333497600,302.0,302.0,302.0,302.0,0.0
1333584000,302.0,302.0,302.0,302.0,0.0
1333843200,303.0,303.0,303.0,303.0,0.0
1333929600,304.0,304.0,304.0,304.0,0.0
1334016000,306.0,306.0,306.0,306.0,0.0
1334102400,309.0,309.0,309.0,309.0,0.0
1334188800,320.0,320.0,320.0,320.0,0.0
1334448000,337.0,337.0,337.0,337.0,0.0
1334534400,355.0,355.0,355.0,355.0,0.0
1334620800,336.0,336.0,336.0,336.0,0.0
1334707200,348.0,348.0,348.0,348.0,0.0
1334793600,355.0,355.0,355.0,355.0,0.0
1335052800,369.0,369.0,369.0,369.0,0.0
1335225600,388.0,388.0,388.0,388.0,0.0
1335312000,409.0,409.0,409.0,409.0,0.0
1335398400,425.0,425.0,425.0,425.0,0.0
1335657600,423.0,423.0,423.0,423.0,0.0
1335744000,405.0,405.0,405.0,405.0,0.0
1335916800,384.0,384.0,384.0,384.0,0.0
1336003200,404.0,404.0,404.0,404.0,0.0
1336348800,428.0,428.0,428.0,428.0,0.0
1336435200,433.0,433.0,433.0,433.0,0.0
1336521600,420.0,420.0,420.0,420.0,0.0
1336608000,411.0,411.0,411.0,411.0,0.0
1336867200,391.0,391.0,391.0,391.0,0.0
1336953600,373.0,373.0,373.0,373.0,0.0
1337040000,392.0,392.0,392.0,392.0,0.0
1337126400,412.0,412.0,412.0,412.0,0.0
1337212800,416.0,416.0,416.0,416.0,0.0
1337472000,409.0,409.0,409.0,409.0,0.0
1337558400,414.0,414.0,414.0,414.0,0.0
1337644800,406.0,406.0,406.0,406.0,0.0
1337731200,386.0,386.0,386.0,386.0,0.0
1337817600,399.0,399.0,399.0,399.0,0.0
1338076800,413.0,413.0,413.0,413.0,0.0
1338249600,392.0,392.0,392.0,392.0,0.0
1338336000,373.0,373.0,373.0,373.0,0.0
1338422400,374.0,374.0,374.0,374.0,0.0
1338681600,391.0,391.0,391.0,391.0,0.0
1338768000,382.0,382.0,382.0,382.0,0.0
1338854400,373.0,373.0,373.0,373.0,0.0
1338940800,366.0,366.0,366.0,366.0,0.0
1339027200,370.0,370.0,370.0,370.0,0.0
1339286400,364.0,364.0,364.0,364.0,0.0
1339372800,366.0,366.0,366.0,366.0,0.0
1339459200,368.0,368.0,368.0,368.0,0.0
1339545600,366.0,366.0,366.0,366.0,0.0
1339632000,365.0,365.0,365.0,365.0,0.0
1339891200,361.0,361.0,361.0,361.0,0.0
1339977600,363.0,363.0,363.0,363.0,0.0
1340064000,362.0,362.0,362.0,362.0,0.0
1340150400,364.0,364.0,364.0,364.0,0.0
1340236800,365.0,365.0,365.0,365.0,0.0
1340582400,375.0,375.0,375.0,375.0,0.0
1340668800,368.0,368.0,368.0,368.0,0.0
1340755200,374.0,374.0,374.0,374.0,0.0
1340841600,377.0,377.0,377.0,377.0,0.0
1341100800,375.0,375.0,375.0,375.0,0.0
1341187200,373.0,373.0,373.0,373.0,0.0
1341273600,374.0,374.0,374.0,374.0,0.0
1341360000,377.0,377.0,377.0,377.0,0.0
1341446400,377.0,377.0,377.0,377.0,0.0
1341705600,378.0,378.0,378.0,378.0,0.0
1341792000,380.0,380.0,380.0,380.0,0.0
1341878400,385.0,385.0,385.0,385.0,0.0
1341964800,384.0,384.0,384.0,384.0,0.0
1342051200,383.0,383.0,383.0,383.0,0.0
1342310400,390.0,390.0,390.0,390.0,0.0
1342396800,385.0,385.0,385.0,385.0,0.0
1342483200,386.0,386.0,386.0,386.0,0.0
1342569600,392.0,392.0,392.0,392.0,0.0
1342656000,395.0,395.0,395.0,395.0,0.0
1342915200,405.0,405.0,405.0,405.0,0.0
1343001600,408.0,408.0,408.0,408.0,0.0
1343088000,406.0,406.0,406.0,406.0,0.0
1343174400,405.0,405.0,405.0,405.0,0.0
1343260800,402.0,402.0,402.0,402.0,0.0
1343520000,396.0,396.0,396.0,396.0,0.0
1343606400,401.0,401.0,401.0,401.0,0.0
1343692800,401.0,401.0,401.0,401.0,0.0
1343779200,402.0,402.0,402.0,402.0,0.0
1344124800,403.0,403.0,403.0,403.0,0.0
1344211200,403.0,403.0,403.0,403.0,0.0
1344297600,404.0,404.0,404.0,404.0,0.0
1344384000,402.0,402.0,402.0,402.0,0.0
1344729600,399.0,399.0,399.0,399.0,0.0
1344816000,400.0,400.0,400.0,400.0,0.0
1344902400,397.0,397.0,397.0,397.0,0.0
1344988800,392.0,392.0,392.0,392.0,0.0
1345075200,398.0,398.0,398.0,398.0,0.0
1345334400,396.0,396.0,396.0,396.0,0.0
1345507200,396.0,396.0,396.0,396.0,0.0
1345593600,397.0,397.0,397.0,397.0,0.0
1345680000,398.0,398.0,398.0,398.0,0.0
1345939200,397.0,397.0,397.0,397.0,0.0
1346025600,406.0,406.0,406.0,406.0,0.0
1346112000,406.0,406.0,406.0,406.0,0.0
1346198400,407.0,407.0,407.0,407.0,0.0
1346284800,406.0,406.0,406.0,406.0,0.0
1346544000,412.0,412.0,412.0,412.0,0.0
1346630400,412.0,412.0,412.0,412.0,0.0
1346716800,409.0,409.0,409.0,409.0,0.0
1346803200,407.0,407.0,407.0,407.0,0.0
1346889600,408.0,408.0,408.0,408.0,0.0
1347148800,408.0,408.0,408.0,408.0,0.0
1347235200,408.0,408.0,408.0,408.0,0.0
1347321600,412.0,412.0,412.0,412.0,0.0
1347408000,414.0,414.0,414.0,414.0,0.0
1347494400,419.0,419.0,419.0,419.0,0.0
1347753600,421.0,421.0,421.0,421.0,0.0
1347840000,422.0,422.0,422.0,422.0,0.0
1347926400,425.0,425.0,425.0,425.0,0.0
1348012800,422.0,422.0,422.0,422.0,0.0
1348099200,420.0,420.0,420.0,420.0,0.0
1348358400,415.0,415.0,415.0,415.0,0.0
1348444800,415.0,415.0,415.0,415.0,0.0
1348531200,414.0,414.0,414.0,414.0,0.0
1348617600,414.0,414.0,414.0,414.0,0.0
1348963200,415.0,415.0,415.0,415.0,0.0
1349049600,417.0,417.0,417.0,417.0,0.0
1349136000,417.0,417.0,417.0,417.0,0.0
1349222400,417.0,417.0,417.0,417.0,0.0
1349308800,424.0,424.0,424.0,424.0,0.0
1349568000,428.0,428.0,428.0,428.0,0.0
1349654400,427.0,427.0,427.0,427.0,0.0
1349740800,426.0,426.0,426.0,426.0,0.0
1349827200,425.0,425.0,425.0,425.0,0.0
1349913600,424.0,424.0,424.0,424.0,0.0
1350172800,427.0,427.0,427.0,427.0,0.0
1350259200,427.0,427.0,427.0,427.0,0.0
1350432000,433.0,433.0,433.0,433.0,0.0
1350518400,437.0,437.0,437.0,437.0,0.0
1351555200,448.0,448.0,448.0,448.0,0.0
1351641600,451.0,451.0,451.0,451.0,0.0
1351728000,448.0,448.0,448.0,448.0,0.0
1351987200,452.0,452.0,452.0,452.0,0.0
1352073600,458.0,458.0,458.0,458.0,0.0
1352160000,463.0,463.0,463.0,463.0,0.0
1352246400,475.0,475.0,475.0,475.0,0.0
1352332800,483.0,483.0,483.0,483.0,0.0
1352592000,475.0,475.0,475.0,475.0,0.0
1352678400,481.0,481.0,481.0,481.0,0.0
1353196800,493.0,493.0,493.0,493.0,0.0
1353369600,502.0,502.0,502.0,502.0,0.0
1353456000,499.0,499.0,499.0,499.0,0.0
1353542400,497.0,497.0,497.0,497.0,0.0
1353801600,497.0,497.0,497.0,497.0,0.0
1353888000,495.0,495.0,495.0,495.0,0.0
1353974400,493.0,493.0,493.0,493.0,0.0
1354060800,493.0,493.0,493.0,493.0,0.0
1354147200,489.0,489.0,489.0,489.0,0.0
1354406400,484.0,484.0,484.0,484.0,0.0
1354492800,482.0,482.0,482.0,482.0,0.0
1354579200,490.0,490.0,490.0,490.0,0.0
1354665600,500.0,500.0,500.0,500.0,0.0
1354752000,498.0,498.0,498.0,498.0,0.0
1355011200,488.0,488.0,488.0,488.0,0.0
1355097600,488.0,488.0,488.0,488.0,0.0
1355184000,489.0,489.0,489.0,489.0,0.0
1355270400,493.0,493.0,493.0,493.0,0.0
1355356800,497.0,497.0,497.0,497.0,0.0
1355616000,509.0,509.0,509.0,509.0,0.0
1355702400,513.0,513.0,513.0,513.0,0.0
1355788800,510.0,510.0,510.0,510.0,0.0
1355875200,514.0,514.0,514.0,514.0,0.0
1355961600,518.0,518.0,518.0,518.0,0.0
1356220800,520.0,520.0,520.0,520.0,0.0
1356307200,526.0,526.0,526.0,526.0,0.0
1356480000,537.0,537.0,537.0,537.0,0.0
1356566400,541.0,541.0,541.0,541.0,0.0
1356912000,534.0,534.0,534.0,534.0,0.0
1356998400,531.0,531.0,531.0,531.0,0.0
1357084800,532.0,532.0,532.0,532.0,0.0
1357171200,534.0,534.0,534.0,534.0,0.0
1357430400,532.0,532.0,532.0,532.0,0.0
1357516800,529.0,529.0,529.0,529.0,0.0
1357603200,529.0,529.0,529.0,529.0,0.0
1357689600,525.0,525.0,525.0,525.0,0.0
1357776000,529.0,529.0,529.0,529.0,0.0
1358035200,530.0,530.0,530.0,530.0,0.0
1358208000,530.0,530.0,530.0,530.0,0.0
1358294400,528.0,528.0,528.0,528.0,0.0
1358380800,521.0,521.0,521.0,521.0,0.0
1358640000,508.0,508.0,508.0,508.0,0.0
1358726400,518.0,518.0,518.0,518.0,0.0
1358812800,523.0,523.0,523.0,523.0,0.0
1358899200,517.0,517.0,517.0,517.0,0.0
1358985600,514.0,514.0,514.0,514.0,0.0
1359244800,514.0,514.0,514.0,514.0,0.0
1359331200,514.0,514.0,514.0,514.0,0.0
1359504000,512.0,512.0,512.0,512.0,0.0
1359590400,511.0,511.0,511.0,511.0,0.0
1359849600,516.0,516.0,516.0,516.0,0.0
1359936000,517.0,517.0,517.0,517.0,0.0
1360022400,515.0,515.0,515.0,515.0,0.0
1360108800,513.0,513.0,513.0,513.0,0.0
1360195200,513.0,513.0,513.0,513.0,0.0
1360454400,515.0,515.0,515.0,515.0,0.0
1360627200,533.0,533.0,533.0,533.0,0.0
1360713600,527.0,527.0,527.0,527.0,0.0
1360800000,530.0,530.0,530.0,530.0,0.0
1361059200,556.0,556.0,556.0,556.0,0.0
1361232000,549.0,549.0,549.0,549.0,0.0
1361318400,539.0,539.0,539.0,539.0,0.0
1361404800,544.0,544.0,544.0,544.0,0.0
1361664000,539.0,539.0,539.0,539.0,0.0
1361750400,544.0,544.0,544.0,544.0,0.0
1361836800,546.0,546.0,546.0,546.0,0.0
1361923200,540.0,540.0,540.0,540.0,0.0
1362009600,542.0,542.0,542.0,542.0,0.0
1362268800,542.0,542.0,542.0,542.0,0.0
1362355200,541.0,541.0,541.0,541.0,0.0
1362441600,538.0,538.0,538.0,538.0,0.0
1362528000,541.0,541.0,541.0,541.0,0.0
1362614400,539.0,539.0,539.0,539.0,0.0
1362960000,540.0,540.0,540.0,540.0,0.0
1363132800,546.0,546.0,546.0,546.0,0.0
1363219200,548.0,548.0,548.0,548.0,0.0
1363478400,535.0,535.0,535.0,535.0,0.0
1363564800,531.0,531.0,531.0,531.0,0.0
1363651200,532.0,532.0,532.0,532.0,0.0
1363737600,528.0,528.0,528.0,528.0,0.0
1363824000,528.0,528.0,528.0,528.0,0.0
1364083200,520.0,520.0,520.0,520.0,0.0
1364169600,522.0,522.0,522.0,522.0,0.0
1364342400,521.0,521.0,521.0,521.0,0.0
1364428800,519.0,519.0,519.0,519.0,0.0
1364688000,511.0,511.0,511.0,511.0,0.0
1364774400,514.0,514.0,514.0,514.0,0.0
1364860800,519.0,519.0,519.0,519.0,0.0
1364947200,518.0,518.0,518.0,518.0,0.0
1365033600,513.0,513.0,513.0,513.0,0.0
1365292800,516.0,516.0,516.0,516.0,0.0
1365379200,515.0,515.0,515.0,515.0,0.0
1365465600,519.0,519.0,519.0,519.0,0.0
1365638400,523.0,523.0,523.0,523.0,0.0
1365984000,521.0,521.0,521.0,521.0,0.0
1366070400,521.0,521.0,521.0,521.0,0.0
1366156800,519.0,519.0,519.0,519.0,0.0
1366243200,519.0,519.0,519.0,519.0,0.0
1366502400,514.0,514.0,514.0,514.0,0.0
1366588800,504.0,504.0,504.0,504.0,0.0
1366675200,509.0,509.0,509.0,509.0,0.0
1366848000,508.0,508.0,508.0,508.0,0.0
1367107200,505.0,505.0,505.0,505.0,0.0
1367193600,502.0,502.0,502.0,502.0,0.0
1367280000,501.0,501.0,501.0,501.0,0.0
1367452800,493.0,493.0,493.0,493.0,0.0
1367712000,488.0,488.0,488.0,488.0,0.0
1367798400,482.0,482.0,482.0,482.0,0.0
1367884800,490.0,490.0,490.0,490.0,0.0
1367971200,486.0,486.0,486.0,486.0,0.0
1368057600,486.0,486.0,486.0,486.0,0.0
1368316800,483.0,483.0,483.0,483.0,0.0
1368403200,489.0,489.0,489.0,489.0,0.0
1368489600,491.0,491.0,491.0,491.0,0.0
1368576000,494.0,494.0,494.0,494.0,0.0
1368662400,500.0,500.0,500.0,500.0,0.0
1368921600,498.0,498.0,498.0,498.0,0.0
1369008000,497.0,497.0,497.0,497.0,0.0
1369094400,500.0,500.0,500.0,500.0,0.0
1369180800,499.0,499.0,499.0,499.0,0.0
1369267200,497.0,497.0,497.0,497.0,0.0
1369526400,499.0,499.0,499.0,499.0,0.0
1369612800,504.0,504.0,504.0,504.0,0.0
1369699200,501.0,501.0,501.0,501.0,0.0
1369872000,500.0,500.0,500.0,500.0,0.0
1370131200,497.0,497.0,497.0,497.0,0.0
1370217600,499.0,499.0,499.0,499.0,0.0
1370304000,498.0,498.0,498.0,498.0,0.0
1370390400,498.0,498.0,498.0,498.0,0.0
1370476800,498.0,498.0,498.0,498.0,0.0
1370736000,497.0,497.0,497.0,497.0,0.0
1370822400,496.0,496.0,496.0,496.0,0.0
1370908800,496.0,496.0,496.0,496.0,0.0
1370995200,495.0,495.0,495.0,495.0,0.0
1371081600,494.0,494.0,494.0,494.0,0.0
1371340800,495.0,495.0,495.0,495.0,0.0
1371427200,493.0,493.0,493.0,493.0,0.0
1371513600,491.0,491.0,491.0,491.0,0.0
1371600000,490.0,490.0,490.0,490.0,0.0
1371686400,488.0,488.0,488.0,488.0,0.0
1371945600,488.0,488.0,488.0,488.0,0.0
1372032000,489.0,489.0,489.0,489.0,0.0
1372118400,494.0,494.0,494.0,494.0,0.0
1372204800,498.0,498.0,498.0,498.0,0.0
1372291200,496.0,496.0,496.0,496.0,0.0
1372550400,493.0,493.0,493.0,493.0,0.0
1372636800,494.0,494.0,494.0,494.0,0.0
1372723200,494.0,494.0,494.0,494.0,0.0
1372809600,494.0,494.0,494.0,494.0,0.0
1372896000,494.0,494.0,494.0,494.0,0.0
1373155200,494.0,494.0,494.0,494.0,0.0
1373241600,501.0,501.0,501.0,501.0,0.0
1373328000,506.0,506.0,506.0,506.0,0.0
1373414400,505.0,505.0,505.0,505.0,0.0
1373500800,506.0,506.0,506.0,506.0,0.0
1373760000,511.0,511.0,511.0,511.0,0.0
1373846400,518.0,518.0,518.0,518.0,0.0
1373932800,509.0,509.0,509.0,509.0,0.0
1374019200,512.0,512.0,512.0,512.0,0.0
1374105600,522.0,522.0,522.0,522.0,0.0
1374364800,536.0,536.0,536.0,536.0,0.0
1374451200,533.0,533.0,533.0,533.0,0.0
1374537600,533.0,533.0,533.0,533.0,0.0
1374624000,530.0,530.0,530.0,530.0,0.0
1374710400,529.0,529.0,529.0,529.0,0.0
1374969600,534.0,534.0,534.0,534.0,0.0
1375056000,539.0,539.0,539.0,539.0,0.0
1375142400,546.0,546.0,546.0,546.0,0.0
1375228800,548.0,548.0,548.0,548.0,0.0
1375315200,547.0,547.0,547.0,547.0,0.0
1375574400,547.0,547.0,547.0,547.0,0.0
1375660800,541.0,541.0,541.0,541.0,0.0
1375747200,543.0,543.0,543.0,543.0,0.0
1375833600,542.0,542.0,542.0,542.0,0.0
1375920000,543.0,543.0,543.0,543.0,0.0
1376179200,539.0,539.0,539.0,539.0,0.0
1376265600,539.0,539.0,539.0,539.0,0.0
1376352000,538.0,538.0,538.0,538.0,0.0
1376438400,537.0,537.0,537.0,537.0,0.0
1376524800,536.0,536.0,536.0,536.0,0.0
1376784000,540.0,540.0,540.0,540.0,0.0
1376870400,544.0,544.0,544.0,544.0,0.0
1376956800,548.0,548.0,548.0,548.0,0.0
1377388800,548.0,548.0,548.0,548.0,0.0
1377475200,547.0,547.0,547.0,547.0,0.0
1377561600,552.0,552.0,552.0,552.0,0.0
1377734400,551.0,551.0,551.0,551.0,0.0
1377993600,552.0,552.0,552.0,552.0,0.0
1378080000,550.0,550.0,550.0,550.0,0.0
1378166400,548.0,548.0,548.0,548.0,0.0
1378252800,546.0,546.0,546.0,546.0,0.0
1378339200,546.0,546.0,546.0,546.0,0.0
1378598400,552.0,552.0,552.0,552.0,0.0
1378684800,552.0,552.0,552.0,552.0,0.0
1378771200,548.0,548.0,548.0,548.0,0.0
1378857600,548.0,548.0,548.0,548.0,0.0
1378944000,550.0,550.0,550.0,550.0,0.0
1379203200,550.0,550.0,550.0,550.0,0.0
1379289600,552.0,552.0,552.0,552.0,0.0
1379376000,552.0,552.0,552.0,552.0,0.0
1379548800,549.0,549.0,549.0,549.0,0.0
1379808000,542.0,542.0,542.0,542.0,0.0
1379894400,538.0,538.0,538.0,538.0,0.0
1379980800,542.0,542.0,542.0,542.0,0.0
1380067200,543.0,543.0,543.0,543.0,0.0
1380153600,542.0,542.0,542.0,542.0,0.0
1380412800,542.0,542.0,542.0,542.0,0.0
1380499200,542.0,542.0,542.0,542.0,0.0
1380585600,542.0,542.0,542.0,542.0,0.0
1380672000,543.0,543.0,543.0,543.0,0.0
1380758400,545.0,545.0,545.0,545.0,0.0
1381017600,552.0,552.0,552.0,552.0,0.0
1381104000,556.0,556.0,556.0,556.0,0.0
1381190400,557.0,557.0,557.0,557.0,0.0
1381276800,560.0,560.0,560.0,560.0,0.0
1381363200,567.0,567.0,567.0,567.0,0.0
1381968000,572.0,572.0,572.0,572.0,0.0
1382227200,584.0,584.0,584.0,584.0,0.0
1382313600,588.0,588.0,588.0,588.0,0.0
1382400000,582.0,582.0,582.0,582.0,0.0
1382486400,581.0,581.0,581.0,581.0,0.0
1382572800,580.0,580.0,580.0,580.0,0.0
1382832000,578.0,578.0,578.0,578.0,0.0
1382918400,575.0,575.0,575.0,575.0,0.0
1383004800,576.0,576.0,576.0,576.0,0.0
1383091200,579.0,579.0,579.0,579.0,0.0
1383177600,579.0,579.0,579.0,579.0,0.0
1383696000,579.0,579.0,579.0,579.0,0.0
1383782400,579.0,579.0,579.0,579.0,0.0
1384041600,580.0,580.0,580.0,580.0,0.0
1384128000,591.0,591.0,591.0,591.0,0.0
1384214400,598.0,598.0,598.0,598.0,0.0
1384300800,600.0,600.0,600.0,600.0,0.0
1384387200,600.0,600.0,600.0,600.0,0.0
1384992000,634.0,634.0,634.0,634.0,0.0
1385251200,657.0,657.0,657.0,657.0,0.0
1385337600,648.0,648.0,648.0,648.0,0.0
1385424000,649.0,649.0,649.0,649.0,0.0
1385510400,647.0,647.0,647.0,647.0,0.0
1385596800,644.0,644.0,644.0,644.0,0.0
1385856000,652.0,652.0,652.0,652.0,0.0
1385942400,662.0,662.0,662.0,662.0,0.0
1386028800,678.0,678.0,678.0,678.0,0.0
1386115200,701.0,701.0,701.0,701.0,0.0
1386201600,707.0,707.0,707.0,707.0,0.0
1386460800,702.0,702.0,702.0,702.0,0.0
1386547200,704.0,704.0,704.0,704.0,0.0
1386633600,700.0,700.0,700.0,700.0,0.0
1386720000,711.0,711.0,711.0,711.0,0.0
1386806400,714.0,714.0,714.0,714.0,0.0
1387065600,733.0,733.0,733.0,733.0,0.0
1387152000,771.0,771.0,771.0,771.0,0.0
1387324800,807.0,807.0,807.0,807.0,0.0
1387411200,806.0,806.0,806.0,806.0,0.0
1387670400,795.0,795.0,795.0,795.0,0.0
1387756800,769.0,769.0,769.0,769.0,0.0
1387843200,777.0,777.0,777.0,777.0,0.0
1388016000,787.0,787.0,787.0,787.0,0.0
1388275200,780.0,780.0,780.0,780.0,0.0
1388448000,771.0,771.0,771.0,771.0,0.0
1388534400,754.0,754.0,754.0,754.0,0.0
1388620800,764.0,764.0,764.0,764.0,0.0
1388880000,758.0,758.0,758.0,758.0,0.0
1388966400,757.0,757.0,757.0,757.0,0.0
1389052800,762.0,762.0,762.0,762.0,0.0
1389139200,772.0,772.0,772.0,772.0,0.0
1389225600,773.0,773.0,773.0,773.0,0.0
1389484800,782.0,782.0,782.0,782.0,0.0
1389571200,782.0,782.0,782.0,782.0,0.0
1389657600,787.0,787.0,787.0,787.0,0.0
1389830400,795.0,795.0,795.0,795.0,0.0
1390089600,795.0,795.0,795.0,795.0,0.0
1390176000,790.0,790.0,790.0,790.0,0.0
1390262400,785.0,785.0,785.0,785.0,0.0
1390348800,784.0,784.0,784.0,784.0,0.0
1390435200,786.0,786.0,786.0,786.0,0.0
1390694400,784.0,784.0,784.0,784.0,0.0
1390780800,780.0,780.0,780.0,780.0,0.0
1390867200,782.0,782.0,782.0,782.0,0.0
1390953600,781.0,781.0,781.0,781.0,0.0
1391299200,776.0,776.0,776.0,776.0,0.0
1391385600,770.0,770.0,770.0,770.0,0.0
1391472000,775.0,775.0,775.0,775.0,0.0
1391558400,781.0,781.0,781.0,781.0,0.0
1391644800,786.0,786.0,786.0,786.0,0.0
1391904000,784.0,784.0,784.0,784.0,0.0
1391990400,803.0,803.0,803.0,803.0,0.0
1392076800,797.0,797.0,797.0,797.0,0.0
1392163200,798.0,798.0,798.0,798.0,0.0
1392249600,803.0,803.0,803.0,803.0,0.0
1392508800,801.0,801.0,801.0,801.0,0.0
1392595200,804.0,804.0,804.0,804.0,0.0
1392681600,815.0,815.0,815.0,815.0,0.0
1392854400,823.0,823.0,823.0,823.0,0.0
1393113600,832.0,832.0,832.0,832.0,0.0
1393200000,830.0,830.0,830.0,830.0,0.0
1393286400,829.0,829.0,829.0,829.0,0.0
1393372800,826.0,826.0,826.0,826.0,0.0
1393804800,811.0,811.0,811.0,811.0,0.0
1393891200,800.0,800.0,800.0,800.0,0.0
1393977600,810.0,810.0,810.0,810.0,0.0
1394064000,806.0,806.0,806.0,806.0,0.0
1394323200,797.0,797.0,797.0,797.0,0.0
1394409600,794.0,794.0,794.0,794.0,0.0
1394496000,788.0,788.0,788.0,788.0,0.0
1394582400,781.0,781.0,781.0,781.0,0.0
1394668800,783.0,783.0,783.0,783.0,0.0
1395014400,769.0,769.0,769.0,769.0,0.0
1395100800,755.0,755.0,755.0,755.0,0.0
1395187200,765.0,765.0,765.0,765.0,0.0
1395273600,775.0,775.0,775.0,775.0,0.0
1395532800,775.0,775.0,775.0,775.0,0.0
1395619200,783.0,783.0,783.0,783.0,0.0
1395705600,780.0,780.0,780.0,780.0,0.0
1395792000,781.0,781.0,781.0,781.0,0.0
1395878400,783.0,783.0,783.0,783.0,0.0
1396224000,792.0,792.0,792.0,792.0,0.0
1396310400,801.0,801.0,801.0,801.0,0.0
1396396800,803.0,803.0,803.0,803.0,0.0
1396483200,801.0,801.0,801.0,801.0,0.0
1396742400,797.0,797.0,797.0,797.0,0.0
1396828800,796.0,796.0,796.0,796.0,0.0
1397001600,802.0,802.0,802.0,802.0,0.0
1397088000,811.0,811.0,811.0,811.0,0.0
1397347200,818.0,818.0,818.0,818.0,0.0
1397520000,819.0,819.0,819.0,819.0,0.0
1397606400,811.0,811.0,811.0,811.0,0.0
1397692800,811.0,811.0,811.0,811.0,0.0
1397952000,808.0,808.0,808.0,808.0,0.0
1398038400,808.0,808.0,808.0,808.0,0.0
1398124800,815.0,815.0,815.0,815.0,0.0
1398211200,820.0,820.0,820.0,820.0,0.0
1398556800,818.0,818.0,818.0,818.0,0.0
1398643200,814.0,814.0,814.0,814.0,0.0
1398729600,816.0,816.0,816.0,816.0,0.0
1398816000,823.0,823.0,823.0,823.0,0.0
1399161600,831.0,831.0,831.0,831.0,0.0
1399248000,847.0,847.0,847.0,847.0,0.0
1399334400,862.0,862.0,862.0,862.0,0.0
1399420800,866.0,866.0,866.0,866.0,0.0
1399507200,857.0,857.0,857.0,857.0,0.0
1399766400,850.0,850.0,850.0,850.0,0.0
1399852800,853.0,853.0,853.0,853.0,0.0
1399939200,852.0,852.0,852.0,852.0,0.0
1400112000,853.0,853.0,853.0,853.0,0.0
1400371200,850.0,850.0,850.0,850.0,0.0
1400457600,844.0,844.0,844.0,844.0,0.0
1400544000,844.0,844.0,844.0,844.0,0.0
1400630400,848.0,848.0,848.0,848.0,0.0
1400716800,852.0,852.0,852.0,852.0,0.0
1400976000,861.0,861.0,861.0,861.0,0.0
1401062400,861.0,861.0,861.0,861.0,0.0
1401148800,857.0,857.0,857.0,857.0,0.0
1401235200,867.0,867.0,867.0,867.0,0.0
1401580800,869.0,869.0,869.0,869.0,0.0
1401667200,880.0,880.0,880.0,880.0,0.0
1401753600,885.0,885.0,885.0,885.0,0.0
1401840000,883.0,883.0,883.0,883.0,0.0
1401926400,879.0,879.0,879.0,879.0,0.0
1402185600,883.0,883.0,883.0,883.0,0.0
1402272000,885.0,885.0,885.0,885.0,0.0
1402358400,895.0,895.0,895.0,895.0,0.0
1402444800,900.0,900.0,900.0,900.0,0.0
1402531200,905.0,905.0,905.0,905.0,0.0
1402790400,928.0,928.0,928.0,928.0,0.0
1402876800,939.0,939.0,939.0,939.0,0.0
1402963200,935.0,935.0,935.0,935.0,0.0
1403049600,932.0,932.0,932.0,932.0,0.0
1403136000,927.0,927.0,927.0,927.0,0.0
1403481600,918.0,918.0,918.0,918.0,0.0
1403568000,924.0,924.0,924.0,924.0,0.0
1403654400,932.0,932.0,932.0,932.0,0.0
1403740800,936.0,936.0,936.0,936.0,0.0
1404000000,943.0,943.0,943.0,943.0,0.0
1404086400,946.0,946.0,946.0,946.0,0.0
1404172800,957.0,957.0,957.0,957.0,0.0
1404259200,972.0,972.0,972.0,972.0,0.0
1404345600,973.0,973.0,973.0,973.0,0.0
1404604800,986.0,986.0,986.0,986.0,0.0
1404691200,995.0,995.0,995.0,995.0,0.0
1404777600,1015.0,1015.0,1015.0,1015.0,0.0
1404864000,1017.0,1017.0,1017.0,1017.0,0.0
1404950400,1023.0,1023.0,1023.0,1023.0,0.0
1405209600,1037.0,1037.0,1037.0,1037.0,0.0
1405296000,1029.0,1029.0,1029.0,1029.0,0.0
1405382400,1026.0,1026.0,1026.0,1026.0,0.0
1405468800,1036.0,1036.0,1036.0,1036.0,0.0
1405555200,1046.0,1046.0,1046.0,1046.0,0.0
1405814400,1075.0,1075.0,1075.0,1075.0,0.0
1405900800,1084.0,1084.0,1084.0,1084.0,0.0
1405987200,1078.0,1078.0,1078.0,1078.0,0.0
1406073600,1082.0,1082.0,1082.0,1082.0,0.0
1406160000,1079.0,1079.0,1079.0,1079.0,0.0
1406419200,1074.0,1074.0,1074.0,1074.0,0.0
1406505600,1073.0,1073.0,1073.0,1073.0,0.0
1406678400,1062.0,1062.0,1062.0,1062.0,0.0
1406764800,1066.0,1066.0,1066.0,1066.0,0.0
1407024000,1056.0,1056.0,1056.0,1056.0,0.0
1407110400,1039.0,1039.0,1039.0,1039.0,0.0
1407196800,1045.0,1045.0,1045.0,1045.0,0.0
1407283200,1041.0,1041.0,1041.0,1041.0,0.0
1407369600,1041.0,1041.0,1041.0,1041.0,0.0
1407801600,1022.0,1022.0,1022.0,1022.0,0.0
1407888000,1026.0,1026.0,1026.0,1026.0,0.0
1407974400,1034.0,1034.0,1034.0,1034.0,0.0
1408320000,1013.0,1013.0,1013.0,1013.0,0.0
1408406400,1014.0,1014.0,1014.0,1014.0,0.0
1408492800,996.0,996.0,996.0,996.0,0.0
1408579200,998.0,998.0,998.0,998.0,0.0
1408838400,985.0,985.0,985.0,985.0,0.0
1408924800,948.0,948.0,948.0,948.0,0.0
1409011200,922.0,922.0,922.0,922.0,0.0
1409097600,960.0,960.0,960.0,960.0,0.0
1409184000,972.0,972.0,972.0,972.0,0.0
1409443200,953.0,953.0,953.0,953.0,0.0
1409529600,947.0,947.0,947.0,947.0,0.0
1409702400,934.0,934.0,934.0,934.0,0.0
1409788800,922.0,922.0,922.0,922.0,0.0
1410048000,876.0,876.0,876.0,876.0,0.0
1410220800,920.0,920.0,920.0,920.0,0.0
1410307200,911.0,911.0,911.0,911.0,0.0
1410393600,911.0,911.0,911.0,911.0,0.0
1410652800,902.0,902.0,902.0,902.0,0.0
1410739200,909.0,909.0,909.0,909.0,0.0
1410825600,920.0,920.0,920.0,920.0,0.0
1410912000,913.0,913.0,913.0,913.0,0.0
1410998400,900.0,900.0,900.0,900.0,0.0
1411257600,884.0,884.0,884.0,884.0,0.0
1411344000,882.0,882.0,882.0,882.0,0.0
1411430400,896.0,896.0,896.0,896.0,0.0
1411516800,912.0,912.0,912.0,912.0,0.0
1411862400,917.0,917.0,917.0,917.0,0.0
1411948800,937.0,937.0,937.0,937.0,0.0
1412035200,938.0,938.0,938.0,938.0,0.0
1412726400,925.0,925.0,925.0,925.0,0.0
1412812800,922.0,922.0,922.0,922.0,0.0
1413072000,915.0,915.0,915.0,915.0,0.0
1413158400,909.0,909.0,909.0,909.0,0.0
1413244800,912.0,912.0,912.0,912.0,0.0
1413331200,923.0,923.0,923.0,923.0,0.0
1413417600,924.0,924.0,924.0,924.0,0.0
1413676800,926.0,926.0,926.0,926.0,0.0
1413763200,926.0,926.0,926.0,926.0,0.0
1413849600,924.0,924.0,924.0,924.0,0.0
1413936000,929.0,929.0,929.0,929.0,0.0
1414281600,930.0,930.0,930.0,930.0,0.0
1414368000,935.0,935.0,935.0,935.0,0.0
1414454400,933.0,933.0,933.0,933.0,0.0
1414627200,930.0,930.0,930.0,930.0,0.0
1414886400,921.0,921.0,921.0,921.0,0.0
1414972800,904.0,904.0,904.0,904.0,0.0
1415059200,897.0,897.0,897.0,897.0,0.0
1415145600,905.0,905.0,905.0,905.0,0.0
1415232000,905.0,905.0,905.0,905.0,0.0
1415491200,895.0,895.0,895.0,895.0,0.0
1415577600,885.0,885.0,885.0,885.0,0.0
1415664000,893.0,893.0,893.0,893.0,0.0
1415750400,884.0,884.0,884.0,884.0,0.0
1415836800,881.0,881.0,881.0,881.0,0.0
1416096000,866.0,866.0,866.0,866.0,0.0
1416182400,848.0,848.0,848.0,848.0,0.0
1416268800,844.0,844.0,844.0,844.0,0.0
1416355200,854.0,854.0,854.0,854.0,0.0
1416441600,863.0,863.0,863.0,863.0,0.0
1416700800,869.0,869.0,869.0,869.0,0.0
1416787200,864.0,864.0,864.0,864.0,0.0
1416873600,863.0,863.0,863.0,863.0,0.0
1417305600,857.0,857.0,857.0,857.0,0.0
1417392000,851.0,851.0,851.0,851.0,0.0
1417478400,846.0,846.0,846.0,846.0,0.0
1417564800,850.0,850.0,850.0,850.0,0.0
1417651200,854.0,854.0,854.0,854.0,0.0
1417910400,851.0,851.0,851.0,851.0,0.0
1417996800,848.0,848.0,848.0,848.0,0.0
1418083200,849.0,849.0,849.0,849.0,0.0
1418169600,856.0,856.0,856.0,856.0,0.0
1418256000,871.0,871.0,871.0,871.0,0.0
1418515200,910.0,910.0,910.0,910.0,0.0
1418601600,917.0,917.0,917.0,917.0,0.0
1418688000,910.0,910.0,910.0,910.0,0.0
1418774400,900.0,900.0,900.0,900.0,0.0
1418860800,904.0,904.0,904.0,904.0,0.0
1419120000,897.0,897.0,897.0,897.0,0.0
1419206400,885.0,885.0,885.0,885.0,0.0
1419292800,877.0,877.0,877.0,877.0,0.0
1419379200,888.0,888.0,888.0,888.0,0.0
1419724800,904.0,904.0,904.0,904.0,0.0
1419811200,907.0,907.0,907.0,907.0,0.0
1419984000,902.0,902.0,902.0,902.0,0.0
1420070400,904.0,904.0,904.0,904.0,0.0
1420329600,918.0,918.0,918.0,918.0,0.0
1420416000,920.0,920.0,920.0,920.0,0.0
1420502400,917.0,917.0,917.0,917.0,0.0
1420588800,925.0,925.0,925.0,925.0,0.0
1420675200,931.0,931.0,931.0,931.0,0.0
1420934400,928.0,928.0,928.0,928.0,0.0
1421020800,928.0,928.0,928.0,928.0,0.0
1421107200,937.0,937.0,937.0,937.0,0.0
1421193600,940.0,940.0,940.0,940.0,0.0
1421539200,945.0,945.0,945.0,945.0,0.0
1421625600,975.0,975.0,975.0,975.0,0.0
1421712000,963.0,963.0,963.0,963.0,0.0
1421884800,959.0,959.0,959.0,959.0,0.0
1422144000,969.0,969.0,969.0,969.0,0.0
1422230400,969.0,969.0,969.0,969.0,0.0
1422316800,975.0,975.0,975.0,975.0,0.0
1422403200,988.0,988.0,988.0,988.0,0.0
1422489600,987.0,987.0,987.0,987.0,0.0
1422748800,991.0,991.0,991.0,991.0,0.0
1422835200,991.0,991.0,991.0,991.0,0.0
1422921600,988.0,988.0,988.0,988.0,0.0
1423008000,987.0,987.0,987.0,987.0,0.0
1423094400,984.0,984.0,984.0,984.0,0.0
1423353600,986.0,986.0,986.0,986.0,0.0
1423440000,981.0,981.0,981.0,981.0,0.0
1423526400,981.0,981.0,981.0,981.0,0.0
1423612800,981.0,981.0,981.0,981.0,0.0
1423699200,985.0,985.0,985.0,985.0,0.0
1423958400,990.0,990.0,990.0,990.0,0.0
1424044800,987.0,987.0,987.0,987.0,0.0
1424217600,983.0,983.0,983.0,983.0,0.0
1424563200,971.0,971.0,971.0,971.0,0.0
1424649600,974.0,974.0,974.0,974.0,0.0
1424736000,971.0,971.0,971.0,971.0,0.0
1424822400,971.0,971.0,971.0,971.0,0.0
1424908800,979.0,979.0,979.0,979.0,0.0
1425168000,976.0,976.0,976.0,976.0,0.0
1425254400,985.0,985.0,985.0,985.0,0.0
1425340800,981.0,981.0,981.0,981.0,0.0
1425427200,983.0,983.0,983.0,983.0,0.0
1425859200,989.0,989.0,989.0,989.0,0.0
1425945600,984.0,984.0,984.0,984.0,0.0
1426032000,984.0,984.0,984.0,984.0,0.0
1426118400,978.0,978.0,978.0,978.0,0.0
1426377600,971.0,971.0,971.0,971.0,0.0
1426464000,959.0,959.0,959.0,959.0,0.0
1426550400,963.0,963.0,963.0,963.0,0.0
1426636800,964.0,964.0,964.0,964.0,0.0
1426723200,968.0,968.0,968.0,968.0,0.0
1426982400,964.0,964.0,964.0,964.0,0.0
1427068800,957.0,957.0,957.0,957.0,0.0
1427155200,954.0,954.0,954.0,954.0,0.0
1427241600,951.0,951.0,951.0,951.0,0.0
1427328000,942.0,942.0,942.0,942.0,0.0
1427587200,942.0,942.0,942.0,942.0,0.0
1427673600,939.0,939.0,939.0,939.0,0.0
1427760000,946.0,946.0,946.0,946.0,0.0
1427846400,940.0,940.0,940.0,940.0,0.0
1427932800,940.0,940.0,940.0,940.0,0.0
1428192000,934.0,934.0,934.0,934.0,0.0
1428278400,938.0,938.0,938.0,938.0,0.0
1428364800,936.0,936.0,936.0,936.0,0.0
1428451200,942.0,942.0,942.0,942.0,0.0
1428537600,947.0,947.0,947.0,947.0,0.0
1428796800,952.0,952.0,952.0,952.0,0.0
1428883200,948.0,948.0,948.0,948.0,0.0
1429056000,944.0,944.0,944.0,944.0,0.0
1429142400,950.0,950.0,950.0,950.0,0.0
1429401600,946.0,946.0,946.0,946.0,0.0
1429488000,945.0,945.0,945.0,945.0,0.0
1429574400,945.0,945.0,945.0,945.0,0.0
1429660800,942.0,942.0,942.0,942.0,0.0
1429747200,938.0,938.0,938.0,938.0,0.0
1432425600,910.0,910.0,910.0,910.0,0.0
1432512000,881.0,881.0,881.0,881.0,0.0
1432598400,860.0,860.0,860.0,860.0,0.0
1432684800,838.0,838.0,838.0,838.0,0.0
1432771200,842.0,842.0,842.0,842.0,0.0
1433030400,872.0,872.0,872.0,872.0,0.0
1433116800,890.0,890.0,890.0,890.0,0.0
1433203200,902.0,902.0,902.0,902.0,0.0
1433289600,925.0,925.0,925.0,925.0,0.0
1433376000,927.0,927.0,927.0,927.0,0.0
1433635200,931.0,931.0,931.0,931.0,0.0
1433721600,945.0,945.0,945.0,945.0,0.0
1433808000,967.0,967.0,967.0,967.0,0.0
1433894400,956.0,956.0,956.0,956.0,0.0
1433980800,938.0,938.0,938.0,938.0,0.0
1434240000,928.0,928.0,928.0,928.0,0.0
1434326400,934.0,934.0,934.0,934.0,0.0
1434412800,931.0,931.0,931.0,931.0,0.0
1434499200,928.0,928.0,928.0,928.0,0.0
1434585600,925.0,925.0,925.0,925.0,0.0
1434844800,918.0,918.0,918.0,918.0,0.0
1434931200,922.0,922.0,922.0,922.0,0.0
1435017600,926.0,926.0,926.0,926.0,0.0
1435104000,928.0,928.0,928.0,928.0,0.0
1435190400,930.0,930.0,930.0,930.0,0.0
1435449600,938.0,938.0,938.0,938.0,0.0
1435536000,946.0,946.0,946.0,946.0,0.0
1435622400,949.0,949.0,949.0,949.0,0.0
1435708800,946.0,946.0,946.0,946.0,0.0
1435795200,939.0,939.0,939.0,939.0,0.0
1436054400,938.0,938.0,938.0,938.0,0.0
1436140800,937.0,937.0,937.0,937.0,0.0
1436227200,941.0,941.0,941.0,941.0,0.0
1436313600,943.0,943.0,943.0,943.0,0.0
1436400000,943.0,943.0,943.0,943.0,0.0
1436659200,945.0,945.0,945.0,945.0,0.0
1436745600,944.0,944.0,944.0,944.0,0.0
1436832000,946.0,946.0,946.0,946.0,0.0
1436918400,951.0,951.0,951.0,951.0,0.0
1437004800,961.0,961.0,961.0,961.0,0.0
1437523200,963.0,963.0,963.0,963.0,0.0
1437609600,1003.0,1003.0,1003.0,1003.0,0.0
1437868800,1054.0,1054.0,1054.0,1054.0,0.0
1437955200,1046.0,1046.0,1046.0,1046.0,0.0
1438041600,1028.0,1028.0,1028.0,1028.0,0.0
1438128000,1021.0,1021.0,1021.0,1021.0,0.0
1438214400,1028.0,1028.0,1028.0,1028.0,0.0
1438473600,1034.0,1034.0,1034.0,1034.0,0.0
1438560000,1030.0,1030.0,1030.0,1030.0,0.0
1438646400,1030.0,1030.0,1030.0,1030.0,0.0
1438732800,1034.0,1034.0,1034.0,1034.0,0.0
1438819200,1040.0,1040.0,1040.0,1040.0,0.0
1439078400,1063.0,1063.0,1063.0,1063.0,0.0
1439164800,1081.0,1081.0,1081.0,1081.0,0.0
1439251200,1078.0,1078.0,1078.0,1078.0,0.0
1439337600,1077.0,1077.0,1077.0,1077.0,0.0
1439424000,1088.0,1088.0,1088.0,1088.0,0.0
1439683200,1112.0,1112.0,1112.0,1112.0,0.0
1439769600,1158.0,1158.0,1158.0,1158.0,0.0
1439856000,1160.0,1160.0,1160.0,1160.0,0.0
1439942400,1192.0,1192.0,1192.0,1192.0,0.0
1440028800,1201.0,1201.0,1201.0,1201.0,0.0
1440288000,1185.0,1185.0,1185.0,1185.0,0.0
1440374400,1182.0,1182.0,1182.0,1182.0,0.0
1440460800,1181.0,1181.0,1181.0,1181.0,0.0
1440547200,1176.0,1176.0,1176.0,1176.0,0.0
1440633600,1184.0,1184.0,1184.0,1184.0,0.0
1440979200,1200.0,1200.0,1200.0,1200.0,0.0
1441065600,1191.0,1191.0,1191.0,1191.0,0.0
1441152000,1176.0,1176.0,1176.0,1176.0,0.0
1441238400,1169.0,1169.0,1169.0,1169.0,0.0
1441497600,1167.0,1167.0,1167.0,1167.0,0.0
1441584000,1171.0,1171.0,1171.0,1171.0,0.0
1441670400,1175.0,1175.0,1175.0,1175.0,0.0
1441756800,1173.0,1173.0,1173.0,1173.0,0.0
1441843200,1169.0,1169.0,1169.0,1169.0,0.0
1442102400,1184.0,1184.0,1184.0,1184.0,0.0
1442188800,1194.0,1194.0,1194.0,1194.0,0.0
1442275200,1205.84,1205.84,1205.84,1205.84,0.0
1442361600,1202.81,1202.81,1202.81,1202.81,0.0
1442448000,1196.02,1196.02,1196.02,1196.02,0.0
1442880000,1156.08,1156.08,1156.08,1156.08,0.0
1442966400,1183.36,1183.36,1183.36,1183.36,0.0
1443052800,1176.86,1176.86,1176.86,1176.86,0.0
1443398400,1160.09,1160.09,1160.09,1160.09,0.0
1443484800,1169.3,1169.3,1169.3,1169.3,0.0
1443571200,1181.28,1181.28,1181.28,1181.28,0.0
1443657600,1178.74,1178.74,1178.74,1178.74,0.0
1443916800,1183.48,1183.48,1183.48,1183.48,0.0
1444003200,1171.27,1171.27,1171.27,1171.27,0.0
1444089600,1158.79,1158.79,1158.79,1158.79,0.0
1444176000,1149.45,1149.45,1149.45,1149.45,0.0
1444262400,1162.06,1162.06,1162.06,1162.06,0.0
1444521600,1143.88,1143.88,1143.88,1143.88,0.0
1444780800,1135.09,1135.09,1135.09,1135.09,0.0
1444867200,1134.47,1134.47,1134.47,1134.47,0.0
1445126400,1119.83,1119.83,1119.83,1119.83,0.0
1445212800,1127.42,1127.42,1127.42,1127.42,0.0
1445731200,1121.05,1121.05,1121.05,1121.05,0.0
1445904000,1091.73,1091.73,1091.73,1091.73,0.0
1445990400,1084.37,1084.37,1084.37,1084.37,0.0
1446076800,1092.04,1092.04,1092.04,1092.04,0.0
1446336000,1088.3,1088.3,1088.3,1088.3,0.0
1446422400,1091.83,1091.83,1091.83,1091.83,0.0
1446508800,1085.87,1085.87,1085.87,1085.87,0.0
1446595200,1092.3,1092.3,1092.3,1092.3,0.0
1446681600,1090.68,1090.68,1090.68,1090.68,0.0
1446940800,1086.57,1086.57,1086.57,1086.57,0.0
1447027200,1107.43,1107.43,1107.43,1107.43,0.0
1447113600,1109.29,1109.29,1109.29,1109.29,0.0
1447545600,1100.09,1100.09,1100.09,1100.09,0.0
1447632000,1094.18,1094.18,1094.18,1094.18,0.0
1447804800,1099.25,1099.25,1099.25,1099.25,0.0
1447891200,1094.57,1094.57,1094.57,1094.57,0.0
1448150400,1071.38,1071.38,1071.38,1071.38,0.0
1448236800,1075.8,1075.8,1075.8,1075.8,0.0
1448323200,1066.69,1066.69,1066.69,1066.69,0.0
1448409600,1056.42,1056.42,1056.42,1056.42,0.0
1448496000,1044.01,1044.01,1044.01,1044.01,0.0
1448755200,1022.77,1022.77,1022.77,1022.77,0.0
1448841600,1034.12,1034.12,1034.12,1034.12,0.0
1448928000,1066.38,1066.38,1066.38,1066.38,0.0
1449014400,1062.78,1062.78,1062.78,1062.78,0.0
1449100800,1072.94,1072.94,1072.94,1072.94,0.0
1449360000,1102.84,1102.84,1102.84,1102.84,0.0
1449446400,1107.94,1107.94,1107.94,1107.94,0.0
1449532800,1107.23,1107.23,1107.23,1107.23,0.0
1449619200,1122.79,1122.79,1122.79,1122.79,0.0
1449705600,1119.35,1119.35,1119.35,1119.35,0.0
1449964800,1118.57,1118.57,1118.57,1118.57,0.0
1450051200,1120.18,1120.18,1120.18,1120.18,0.0
1450137600,1121.02,1121.02,1121.02,1121.02,0.0
1450224000,1116.19,1116.19,1116.19,1116.19,0.0
1450310400,1110.68,1110.68,1110.68,1110.68,0.0
1450569600,1118.81,1118.81,1118.81,1118.81,0.0
1450656000,1131.52,1131.52,1131.52,1131.52,0.0
1450742400,1138.18,1138.18,1138.18,1138.18,0.0
1450828800,1133.34,1133.34,1133.34,1133.34,0.0
1450915200,1137.03,1137.03,1137.03,1137.03,0.0
1451174400,1135.47,1135.47,1135.47,1135.47,0.0
1451260800,1131.95,1131.95,1131.95,1131.95,0.0
1451347200,1142.17,1142.17,1142.17,1142.17,0.0
1451520000,1151.38,1151.38,1151.38,1151.38,0.0
1451865600,1154.62,1154.62,1154.62,1154.62,0.0
1451952000,1146.11,1146.11,1146.11,1146.11,0.0
1452038400,1149.89,1149.89,1149.89,1149.89,0.0
1452124800,1164.14,1164.14,1164.14,1164.14,0.0
1452384000,1167.18,1167.18,1167.18,1167.18,0.0
1452470400,1168.81,1168.81,1168.81,1168.81,0.0
1452556800,1173.6,1173.6,1173.6,1173.6,0.0
1452643200,1180.98,1180.98,1180.98,1180.98,0.0
1452729600,1190.16,1190.16,1190.16,1190.16,0.0
1452988800,1212.0,1212.0,1212.0,1212.0,0.0
1453075200,1214.31,1214.31,1214.31,1214.31,0.0
1453161600,1213.71,1213.71,1213.71,1213.71,0.0
1453248000,1213.57,1213.57,1213.57,1213.57,0.0
1453334400,1212.32,1212.32,1212.32,1212.32,0.0
1453593600,1219.62,1219.62,1219.62,1219.62,0.0
1453680000,1222.43,1222.43,1222.43,1222.43,0.0
1453766400,1218.39,1218.39,1218.39,1218.39,0.0
1453852800,1216.96,1216.96,1216.96,1216.96,0.0
1453939200,1216.11,1216.11,1216.11,1216.11,0.0
1454198400,1220.7,1220.7,1220.7,1220.7,0.0
1454284800,1238.02,1238.02,1238.02,1238.02,0.0
1454371200,1240.07,1240.07,1240.07,1240.07,0.0
1454457600,1242.13,1242.13,1242.13,1242.13,0.0
1454544000,1251.42,1251.42,1251.42,1251.42,0.0
1454803200,1262.82,1262.82,1262.82,1262.82,0.0
1454889600,1263.75,1263.75,1263.75,1263.75,0.0
1455148800,1263.72,1263.72,1263.72,1263.72,0.0
1455408000,1259.35,1259.35,1259.35,1259.35,0.0
1455494400,1258.23,1258.23,1258.23,1258.23,0.0
1455580800,1257.34,1257.34,1257.34,1257.34,0.0
1455667200,1266.08,1266.08,1266.08,1266.08,0.0
1455753600,1273.28,1273.28,1273.28,1273.28,0.0
1456012800,1278.92,1278.92,1278.92,1278.92,0.0
1456099200,1291.81,1291.81,1291.81,1291.81,0.0
1456185600,1285.93,1285.93,1285.93,1285.93,0.0
1456272000,1279.9,1279.9,1279.9,1279.9,0.0
1456358400,1283.52,1283.52,1283.52,1283.52,0.0
1456617600,1283.67,1283.67,1283.67,1283.67,0.0
1456704000,1283.94,1283.94,1283.94,1283.94,0.0
1456790400,1289.52,1289.52,1289.52,1289.52,0.0
1456876800,1295.78,1295.78,1295.78,1295.78,0.0
1456963200,1300.76,1300.76,1300.76,1300.76,0.0
1457222400,1306.54,1306.54,1306.54,1306.54,0.0
1457568000,1318.03,1318.03,1318.03,1318.03,0.0
1457827200,1318.88,1318.88,1318.88,1318.88,0.0
1457913600,1312.2,1312.2,1312.2,1312.2,0.0
1458000000,1312.85,1312.85,1312.85,1312.85,0.0
1458086400,1315.77,1315.77,1315.77,1315.77,0.0
1458172800,1326.53,1326.53,1326.53,1326.53,0.0
1458432000,1343.93,1343.93,1343.93,1343.93,0.0
1458518400,1342.07,1342.07,1342.07,1342.07,0.0
1458691200,1345.53,1345.53,1345.53,1345.53,0.0
1458777600,1357.14,1357.14,1357.14,1357.14,0.0
1459036800,1377.33,1377.33,1377.33,1377.33,0.0
1459123200,1374.75,1374.75,1374.75,1374.75,0.0
1459209600,1370.04,1370.04,1370.04,1370.04,0.0
1459296000,1362.98,1362.98,1362.98,1362.98,0.0
1459382400,1355.48,1355.48,1355.48,1355.48,0.0
1459641600,1351.54,1351.54,1351.54,1351.54,0.0
1459728000,1362.53,1362.53,1362.53,1362.53,0.0
1459814400,1375.26,1375.26,1375.26,1375.26,0.0
1459900800,1377.42,1377.42,1377.42,1377.42,0.0
1460246400,1382.42,1382.42,1382.42,1382.42,0.0
1460332800,1383.85,1383.85,1383.85,1383.85,0.0
1460419200,1388.63,1388.63,1388.63,1388.63,0.0
1460592000,1405.78,1405.78,1405.78,1405.78,0.0
1460851200,1409.43,1409.43,1409.43,1409.43,0.0
1460937600,1428.6,1428.6,1428.6,1428.6,0.0
1461024000,1430.81,1430.81,1430.81,1430.81,0.0
1461110400,1440.69,1440.69,1440.69,1440.69,0.0
1461196800,1441.67,1441.67,1441.67,1441.67,0.0
1461456000,1454.35,1454.35,1454.35,1454.35,0.0
1461542400,1461.75,1461.75,1461.75,1461.75,0.0
1461628800,1453.11,1453.11,1453.11,1453.11,0.0
1461715200,1458.38,1458.38,1458.38,1458.38,0.0
1461801600,1464.91,1464.91,1464.91,1464.91,0.0
1462147200,1474.47,1474.47,1474.47,1474.47,0.0
1462233600,1471.95,1471.95,1471.95,1471.95,0.0
1462320000,1468.11,1468.11,1468.11,1468.11,0.0
1462406400,1463.13,1463.13,1463.13,1463.13,0.0
1462665600,1472.69,1472.69,1472.69,1472.69,0.0
1462752000,1482.9,1482.9,1482.9,1482.9,0.0
1462838400,1484.04,1484.04,1484.04,1484.04,0.0
1462924800,1481.18,1481.18,1481.18,1481.18,0.0
1463011200,1481.94,1481.94,1481.94,1481.94,0.0
1463270400,1477.38,1477.38,1477.38,1477.38,0.0
1463356800,1467.51,1467.51,1467.51,1467.51,0.0
1463443200,1483.68,1483.68,1483.68,1483.68,0.0
1463529600,1496.41,1496.41,1496.41,1496.41,0.0
1463616000,1499.32,1499.32,1499.32,1499.32,0.0
1463875200,1509.39,1509.39,1509.39,1509.39,0.0
1463961600,1524.07,1524.07,1524.07,1524.07,0.0
1464048000,1544.53,1544.53,1544.53,1544.53,0.0
1464134400,1524.12,1524.12,1524.12,1524.12,0.0
1464220800,1525.09,1525.09,1525.09,1525.09,0.0
1464480000,1522.25,1522.25,1522.25,1522.25,1152870016.0
1464566400,1526.96,1526.96,1526.96,1526.96,1148169984.0
1464652800,1532.12,1532.12,1532.12,1532.12,1298520064.0
1464739200,1523.56,1523.56,1523.56,1523.56,1196009984.0
1464825600,1518.12,1518.12,1518.12,1518.12,1009539968.0
1465084800,1483.14,1483.14,1483.14,1483.14,1246659968.0
1465171200,1483.21,1516.8,1483.21,1516.8,1078499968.0
1465257600,1516.8,1537.98,1516.8,1531.49,1123600000.0
1465344000,1531.49,1547.65,1529.24,1546.8,1269299968.0
1465430400,1566.7,1566.7,1566.7,1566.7,1867000064.0
1465689600,1566.7,1602.0,1564.45,1597.96,1919480064.0
1465776000,1597.96,1626.03,1595.86,1609.59,1671020032.0
1465862400,1614.15,1614.15,1614.15,1614.15,1676819968.0
1465948800,1620.47,1620.47,1620.47,1620.47,1369689984.0
1466035200,1632.94,1632.94,1632.94,1632.94,1997389952.0
1466294400,1632.94,1637.27,1617.51,1622.27,1463939968.0
1466380800,1632.94,1625.76,1609.38,1615.1,1115449984.0
1466467200,1615.22,1628.92,1615.22,1628.81,1196109952.0
1466553600,1628.81,1651.86,1628.84,1647.51,1751960064.0
1466640000,1648.17,1670.71,1648.17,1666.29,1894710016.0
1466899200,1666.29,1688.48,1665.27,1685.17,1461120000.0
1466985600,1685.17,1721.77,1693.68,1721.77,1508530048.0
1467072000,1712.84,1733.28,1711.68,1724.19,1700720000.0
1467158400,1724.19,1732.68,1721.24,1724.59,1457209984.0
1467244800,1724.59,1734.21,1707.66,1723.23,1599010048.0
1467504000,1723.23,1725.47,1709.34,1719.2,1720080000.0
1467590400,1723.23,1724.02,1714.84,1716.83,1423340032.0
1467676800,1716.83,1717.95,1705.06,1713.03,1160760064.0
1467763200,1713.03,1723.34,1712.94,1715.72,1173100032.0
1468108800,1715.77,1732.22,1715.77,1722.53,1324669952.0
1468195200,1722.53,1727.37,1701.94,1702.27,859897024.0
1468281600,1702.27,1709.48,1654.02,1693.07,1093299968.0
1468368000,1693.07,1696.57,1671.05,1690.43,1018860032.0
1468454400,1690.43,1725.01,1689.52,1718.15,1356649984.0
1468713600,1720.52,1749.96,1715.12,1745.74,1285520000.0
1468800000,1745.74,1786.68,1745.74,1786.57,1839369984.0
1468886400,1786.57,1813.42,1785.33,1800.47,2101240064.0
1468972800,1800.47,1813.44,1782.57,1786.84,2057750016.0
1469059200,1786.84,1804.75,1779.71,1798.83,1429859968.0
1469404800,1798.83,1838.59,1798.83,1838.49,2158749952.0
1469491200,1838.49,1869.08,1837.97,1866.5,2177649920.0
1469577600,1866.5,1888.36,1866.26,1881.45,2178769920.0
1469664000,1881.45,1888.01,1863.32,1877.93,2106669952.0
1469923200,1877.93,1878.02,1861.13,1862.76,1715219968.0
1470009600,1863.05,1866.89,1831.61,1845.41,1496390016.0
1470096000,1845.41,1846.91,1824.66,1826.47,1364979968.0
1470182400,1826.47,1831.7,1795.89,1813.72,1245689984.0
1470268800,1813.72,1814.04,1768.68,1768.6,1403490048.0
1470528000,1768.6,1805.75,1759.24,1764.72,1495219968.0
1470614400,1764.72,1766.14,1675.91,1675.91,854620032.0
1470700800,1675.91,1760.42,1675.92,1760.42,294799008.0
1470787200,1760.74,1789.49,1741.03,1779.57,1933049984.0
1470873600,1779.57,1789.05,1768.02,1774.87,1188630016.0
1471132800,1774.87,1775.03,1730.95,1733.93,1096530048.0
1471219200,1733.93,1735.51,1685.26,1694.81,1126070016.0
1471305600,1694.81,1718.0,1681.67,1717.45,983681984.0
1471392000,1717.45,1742.16,1716.47,1735.06,948409984.0
1471737600,1734.93,1744.84,1719.78,1722.43,618347008.0
1471824000,1722.43,1725.97,1683.12,1683.12,788593984.0
1471910400,1683.12,1704.71,1674.85,1681.86,810753024.0
1471996800,1681.86,1731.07,1682.14,1730.62,949550976.0
1472342400,1730.62,1758.9,1730.48,1748.23,1310380032.0
1472428800,1748.23,1767.6,1747.71,1766.54,1410509952.0
1472515200,1766.54,1790.29,1766.07,1788.08,1400060032.0
1472601600,1788.08,1799.39,1781.43,1797.45,1154460032.0
1472688000,1797.45,1806.13,1797.49,1805.18,1293500032.0
1472947200,1805.18,1821.71,1804.33,1819.83,1607699968.0
1473033600,1819.83,1840.78,1819.5,1838.9,1791680000.0
1473120000,1838.9,1854.69,1818.36,1834.8,1760120064.0
1473206400,1834.8,1838.83,1818.64,1824.83,1533389952.0
1473292800,1824.83,1829.27,1816.9,1823.05,1383559936.0
1473552000,1823.05,1829.2,1815.61,1816.81,1093270016.0
1473638400,1816.81,1819.95,1809.31,1818.69,1076189952.0
1473811200,1818.69,1821.9,1813.27,1815.17,1331490048.0
1474156800,1815.17,1818.7,1801.02,1804.48,2397339904.0
1474329600,1804.48,1807.62,1785.0,1786.5,1259800064.0
1474416000,1786.5,1788.34,1765.09,1779.13,899432000.0
1474502400,1786.5,1780.56,1766.25,1766.91,880014016.0
1474761600,1766.91,1767.82,1725.05,1730.64,1046030016.0
1474848000,1730.67,1758.22,1730.67,1757.1,1011699968.0
1474934400,1757.1,1767.34,1750.3,1753.72,700600000.0
1475020800,1753.81,1756.59,1746.69,1749.1,710563008.0
1475107200,1749.19,1758.16,1744.1,1753.38,768590976.0
1475366400,1753.48,1764.86,1753.21,1763.78,853209984.0
1475452800,1763.9,1784.05,1763.67,1780.4,761833984.0
1475539200,1780.41,1800.5,1780.41,1798.5,1087990016.0
1475625600,1798.5,1806.7,1794.58,1806.6,918851008.0
1475712000,1806.6,1822.41,1806.39,1819.88,991689984.0
1476576000,1806.6,1820.96,1801.41,1803.74,593185984.0
1476662400,1803.74,1805.42,1784.19,1793.36,626633024.0
1476748800,1793.36,1794.67,1782.57,1792.73,500712000.0
1476835200,1792.73,1794.14,1784.79,1787.89,527768992.0
1476921600,1787.89,1795.24,1787.7,1794.47,686382976.0
1477180800,1794.47,1798.33,1780.83,1782.39,954121984.0
1477267200,1782.39,1783.83,1763.77,1768.89,917342976.0
1477353600,1768.89,1769.17,1749.14,1751.0,702017024.0
1477440000,1751.0,1755.74,1736.71,1753.46,771998976.0
1477526400,1753.46,1763.25,1752.62,1759.71,670206976.0
1478131200,1759.71,1762.92,1753.22,1762.21,513843008.0
1478476800,1762.21,1764.26,1748.93,1749.12,669728000.0
1478563200,1749.12,1749.51,1722.51,1724.49,729078976.0
1478649600,1724.49,1724.64,1692.46,1696.86,670987008.0
1478736000,1696.86,1711.91,1689.2,1697.17,702545984.0
1478995200,1697.17,1708.18,1690.79,1700.0,718371968.0
1479081600,1700.0,1708.84,1700.77,1706.28,770372992.0
1479168000,1706.28,1714.6,1699.88,1701.91,802971008.0
1479254400,1701.91,1709.61,1695.94,1698.9,1170429952.0
1479340800,1698.9,1700.95,1657.37,1658.08,1448920064.0
1479600000,1658.08,1658.51,1577.71,1599.62,1225080064.0
1479686400,1599.62,1618.95,1572.17,1606.29,893379008.0
1479772800,1606.29,1606.19,1574.81,1582.47,813587008.0
1479859200,1582.47,1583.0,1539.04,1540.01,1037779968.0
1479945600,1540.01,1572.72,1516.74,1534.03,913265984.0
1480204800,1534.03,1536.53,1468.99,1469.48,891988992.0
1480291200,1469.48,1512.19,1404.2,1510.16,1088150016.0
1480377600,1510.16,1554.59,1468.28,1553.68,1173600000.0
1480464000,1553.68,1608.37,1553.42,1608.33,1348320000.0
1480550400,1608.33,1624.79,1586.47,1600.49,1186850048.0
1480809600,1600.49,1600.63,1569.47,1570.95,702654016.0
1480896000,1570.95,1573.97,1541.21,1544.6,639254976.0
1480982400,1544.6,1559.54,1536.78,1554.51,711153984.0
1481068800,1554.51,1557.42,1548.01,1553.9,488444000.0
1481155200,1553.9,1554.24,1541.52,1544.68,584075008.0
1481414400,1544.68,1546.21,1522.64,1522.8,388068000.0
1481500800,1522.8,1523.98,1495.91,1509.43,519555008.0
1481673600,1509.43,1518.07,1502.1,1516.08,466484992.0
1481760000,1516.08,1531.32,1514.17,1530.06,479159008.0
1482019200,1530.06,1531.43,1518.74,1531.35,566508992.0
1482105600,1531.35,1532.0,1512.79,1514.88,537187008.0
1482192000,1514.88,1515.08,1494.76,1495.99,668400000.0
1482278400,1495.99,1496.23,1469.55,1470.63,475655008.0
1482364800,1470.63,1480.19,1466.75,1475.41,444880992.0
1482710400,1475.41,1476.5,1432.57,1432.57,458576992.0
1482796800,1432.57,1433.6,1394.18,1407.53,546097024.0
1482883200,1407.53,1422.89,1402.81,1413.15,433379008.0
1482969600,1413.15,1454.64,1412.9,1443.38,560499008.0
1483228800,1443.38,1476.82,1443.8,1465.72,561280000.0
1483315200,1465.72,1484.89,1465.72,1482.85,494264992.0
1483401600,1482.85,1484.26,1456.69,1456.82,385836992.0
1483488000,1456.82,1462.83,1442.51,1457.82,320670016.0
1483574400,1457.82,1465.72,1451.36,1454.14,326768000.0
1483833600,1454.14,1453.89,1445.66,1447.45,385014016.0
1483920000,1447.45,1461.23,1447.5,1458.97,261236992.0
1484006400,1458.97,1477.81,1460.6,1476.9,356823008.0
1484092800,1476.9,1484.57,1473.71,1476.51,290327008.0
1484179200,1476.51,1481.77,1476.26,1479.86,257332992.0
1484438400,1479.86,1484.43,1476.25,1477.72,267938000.0
1484524800,1477.72,1480.07,1465.53,1466.09,260408992.0
1484611200,1466.09,1467.38,1454.99,1463.04,333654016.0
1484697600,1463.04,1463.66,1456.95,1462.23,291684992.0
1484784000,1462.23,1468.86,1461.42,1462.56,297208992.0
1485043200,1462.56,1468.72,1462.41,1465.84,231915008.0
1485129600,1465.84,1467.01,1457.85,1457.88,298895008.0
1485216000,1457.88,1460.37,1432.99,1432.99,317612992.0
1485302400,1432.99,1433.63,1395.91,1396.61,398868000.0
1485388800,1396.61,1396.61,1357.31,1375.14,490808000.0
1485734400,1375.14,1375.93,1307.62,1309.7,512318016.0
1485820800,1309.7,1335.23,1292.98,1326.6,469633984.0
1485907200,1326.6,1390.56,1326.6,1389.83,564668032.0
1485993600,1389.83,1416.93,1377.19,1382.45,516676000.0
1486252800,1382.45,1384.0,1353.76,1364.5,255400992.0
1486339200,1364.5,1364.86,1346.19,1348.84,222291008.0
1486425600,1348.84,1350.96,1338.06,1344.6,297356992.0
1486512000,1344.6,1346.26,1321.23,1322.98,324199008.0
1486598400,1322.98,1323.32,1296.2,1296.23,411400992.0
1486857600,1296.23,1297.3,1252.42,1252.5,451153984.0
1486944000,1252.5,1278.98,1218.86,1278.98,462281984.0
1487030400,1278.98,1284.04,1260.84,1274.97,390963008.0
1487116800,1274.97,1316.81,1275.06,1316.8,520287008.0
1487203200,1316.8,1345.33,1314.08,1343.85,621523968.0
1487462400,1343.85,1369.41,1326.71,1369.35,628798016.0
1487548800,1369.35,1394.06,1361.05,1365.11,798889024.0
1487635200,1365.11,1385.9,1346.59,1357.57,577590016.0
1487721600,1357.57,1358.91,1338.45,1344.11,319015008.0
1487808000,1344.11,1344.07,1335.68,1337.46,269056000.0
1488067200,1337.46,1338.49,1313.01,1313.01,245987008.0
1488240000,1313.01,1313.01,1294.19,1299.29,528111008.0
1488326400,1299.29,1316.96,1299.1,1316.8,314716000.0
1488412800,1316.8,1329.41,1316.8,1329.41,400524992.0
1488672000,1329.41,1358.27,1328.0,1354.34,558435968.0
1488758400,1354.34,1371.53,1353.47,1358.41,732656000.0
1488844800,1358.41,1358.48,1339.27,1341.56,402360992.0
1489017600,1341.56,1353.45,1341.48,1347.53,452680992.0
1489363200,1347.53,1359.49,1347.56,1355.23,335582016.0
1489449600,1355.23,1360.37,1346.7,1347.09,309343008.0
1489536000,1347.09,1358.24,1340.3,1356.13,287448992.0
1489622400,1356.13,1359.65,1354.75,1357.34,417496000.0
1489881600,1357.34,1382.3,1357.08,1382.19,640144000.0
1489968000,1382.19,1424.78,1381.87,1424.38,1205650048.0
1490054400,1424.38,1463.09,1412.97,1462.23,1313200000.0
1490140800,1462.23,1513.19,1462.23,1481.08,1306419968.0
1490227200,1481.08,1495.58,1469.57,1486.04,961484032.0
1490486400,1486.04,1546.48,1486.04,1533.83,1511490048.0
1490659200,1533.83,1610.67,1533.83,1610.62,1339960064.0
1490745600,1610.62,1644.77,1587.21,1588.29,2043980032.0
1490832000,1588.29,1600.57,1569.43,1587.64,1447270016.0
1491091200,1587.64,1667.11,1587.64,1667.11,903900032.0
1491177600,1667.11,1746.82,1648.21,1660.52,2442589952.0
1491264000,1660.52,1675.95,1635.22,1657.02,1566310016.0
1491436800,1657.02,1666.91,1642.91,1651.04,1351320064.0
1491696000,1651.04,1665.55,1644.31,1651.6,1194230016.0
1491782400,1651.6,1677.18,1651.28,1676.22,1542029952.0
1491868800,1676.22,1710.74,1676.25,1709.82,1860470016.0
1491955200,1709.82,1737.91,1702.7,1703.07,1986259968.0
1492041600,1703.07,1709.08,1679.68,1697.13,1391820032.0
1492300800,1697.13,1704.02,1651.1,1651.61,1163069952.0
1492473600,1651.61,1651.74,1603.59,1612.04,1458509952.0
1492560000,1612.04,1662.02,1609.8,1662.02,1037200000.0
1492646400,1662.02,1684.33,1653.62,1658.34,1299580032.0
1492905600,1658.34,1724.54,1659.46,1693.72,1515859968.0
1492992000,1693.72,1696.85,1673.08,1675.78,941086976.0
1493078400,1675.78,1682.91,1668.71,1672.38,1036600000.0
1493164800,1672.38,1677.9,1666.09,1670.3,856094976.0
1493251200,1670.3,1679.31,1656.68,1670.62,1063420032.0
1493510400,1670.62,1670.69,1648.11,1650.78,747966016.0
1493683200,1650.78,1667.97,1642.37,1658.33,874723968.0
1493769600,1658.33,1679.82,1658.88,1662.38,864366976.0
1493856000,1662.38,1668.3,1652.21,1653.18,752230976.0
1494115200,1653.18,1655.72,1625.76,1628.98,668144000.0
1494201600,1628.98,1647.21,1627.02,1637.3,560332032.0
1494288000,1637.3,1651.09,1637.21,1650.81,597118976.0
1494460800,1650.81,1659.05,1650.72,1658.58,840556032.0
1494806400,1658.58,1675.57,1658.16,1659.23,596112000.0
1494892800,1659.23,1660.52,1647.63,1649.24,447912000.0
1494979200,1649.24,1655.09,1644.25,1644.26,574614976.0
1495065600,1644.26,1646.04,1635.65,1643.87,757734976.0
1495324800,1643.87,1648.35,1625.49,1627.24,641156992.0
1495411200,1627.24,1629.38,1612.07,1616.4,513321984.0
1495497600,1616.4,1636.14,1611.61,1626.51,754849024.0
1495584000,1626.51,1632.11,1615.18,1629.58,629254976.0
1495929600,1629.58,1629.9,1611.22,1615.58,723315968.0
1496102400,1615.58,1616.07,1592.4,1594.43,732868992.0
1496188800,1594.43,1612.8,1582.72,1608.11,649315968.0
1496275200,1608.11,1614.85,1604.2,1604.31,562675968.0
1496534400,1604.31,1606.13,1590.67,1593.81,527332000.0
1496620800,1593.81,1610.3,1593.9,1602.65,546643008.0
1496707200,1602.65,1637.39,1602.65,1637.37,896185024.0
1496793600,1637.37,1651.29,1622.27,1623.13,752364032.0
1496880000,1623.13,1623.5,1610.02,1615.19,474460992.0
1497139200,1615.19,1618.98,1589.71,1590.49,646574976.0
1497225600,1590.49,1593.39,1577.75,1580.52,482025984.0
1497312000,1580.52,1592.02,1576.46,1585.15,468572000.0
1497398400,1585.15,1586.92,1581.41,1584.49,530158016.0
1497484800,1584.49,1605.01,1578.66,1589.59,612854976.0
1497744000,1589.59,1591.9,1574.73,1575.98,533216000.0
1497830400,1575.98,1576.82,1554.09,1555.16,614467968.0
1497916800,1555.16,1560.35,1542.06,1551.07,552184000.0
1498003200,1551.07,1559.07,1548.04,1554.69,425968000.0
1498089600,1554.69,1565.56,1554.43,1559.49,494652000.0
1498348800,1559.49,1569.94,1559.3,1567.72,582424000.0
1498521600,1567.72,1571.72,1563.04,1565.09,578462976.0
1498608000,1565.09,1566.35,1559.61,1563.81,450164992.0
1498953600,1563.81,1563.93,1539.75,1541.82,520582016.0
1499040000,1541.82,1551.98,1541.06,1544.29,402097984.0
1499126400,1544.29,1546.13,1540.62,1541.28,354695008.0
1499212800,1541.28,1551.07,1537.99,1551.06,455596992.0
1499299200,1551.06,1582.52,1550.77,1582.11,712723008.0
1499558400,1582.11,1605.39,1561.79,1584.15,1042430016.0
1499644800,1584.15,1584.34,1572.0,1575.22,642406976.0
1499731200,1575.22,1586.35,1571.75,1585.01,544070976.0
1499817600,1585.01,1590.61,1582.06,1587.56,561254016.0
1499904000,1587.56,1589.16,1578.94,1582.67,716166976.0
1500163200,1582.67,1584.38,1580.08,1583.57,430724000.0
1500249600,1583.57,1604.31,1582.48,1604.15,599289984.0
1500336000,1604.15,1638.41,1603.76,1638.41,1102710016.0
1500422400,1638.41,1652.73,1634.97,1637.27,1107469952.0
1500508800,1637.27,1640.34,1633.6,1635.75,907945984.0
1500768000,1635.75,1640.3,1633.82,1635.56,1021249984.0
1500854400,1635.56,1636.01,1625.09,1629.08,1008200000.0
1500940800,1629.08,1645.57,1627.76,1636.19,808281984.0
1501027200,1636.19,1649.53,1636.19,1645.03,1109970048.0
1501113600,1645.03,1653.2,1637.67,1646.53,1120790016.0
1501372800,1646.53,1649.93,1635.42,1643.28,932892992.0
1501459200,1643.28,1657.01,1643.28,1652.69,978681024.0
1501545600,1652.69,1661.73,1652.36,1660.25,1013820032.0
1501632000,1660.25,1668.55,1659.19,1662.74,1019910016.0
1501718400,1662.74,1669.0,1658.88,1660.58,1081469952.0
1501977600,1660.58,1670.01,1659.99,1665.05,962364992.0
1502064000,1665.05,1671.46,1663.26,1667.94,868548992.0
1502236800,1667.94,1675.31,1661.25,1661.72,824171008.0
1502323200,1661.72,1664.11,1650.2,1653.53,869953984.0
1502582400,1653.53,1661.18,1640.84,1642.13,743803008.0
1502755200,1642.13,1644.74,1628.04,1629.16,701028992.0
1502841600,1629.16,1644.52,1625.01,1632.66,631038976.0
1502928000,1632.66,1633.9,1624.05,1629.75,629568000.0
1503187200,1629.75,1633.72,1617.06,1617.97,705353984.0
1503273600,1617.97,1619.32,1609.41,1611.57,474737984.0
1503360000,1611.57,1622.68,1607.18,1614.05,662060032.0
1503446400,1614.05,1617.58,1609.89,1611.27,574001024.0
1503532800,1611.27,1618.03,1608.96,1617.81,555446976.0
1503792000,1617.81,1627.98,1617.86,1622.32,718817984.0
1503878400,1622.32,1627.35,1611.91,1612.91,870353984.0
1504051200,1612.91,1614.75,1595.92,1598.36,848014976.0
1504137600,1598.36,1599.03,1577.68,1580.03,789476992.0
1504483200,1580.03,1580.86,1553.87,1554.56,809582016.0
1504656000,1554.56,1580.4,1554.56,1566.5,702812032.0
1504742400,1566.5,1571.01,1553.99,1554.55,653435008.0
1505001600,1554.55,1556.77,1519.12,1519.66,877347968.0
1505088000,1519.66,1530.23,1510.23,1523.26,727353984.0
1505174400,1523.26,1523.26,1499.55,1502.2,540275008.0
1505260800,1502.2,1509.24,1483.96,1493.2,591177984.0
1505347200,1493.2,1530.31,1489.4,1530.31,591177984.0
1505606400,1530.31,1549.11,1528.94,1547.94,576883008.0
1505692800,1547.94,1556.34,1541.31,1543.7,450840992.0
1505865600,1543.7,1546.89,1530.23,1539.81,414631008.0
1506211200,1539.81,1540.38,1534.61,1536.92,271105984.0
1506297600,1536.92,1545.65,1536.85,1545.44,255570000.0
1506384000,1545.44,1553.44,1545.34,1549.46,303448000.0
1506988800,1549.46,1556.35,1546.1,1556.35,129759000.0
1507075200,1556.35,1558.61,1539.89,1542.65,272360992.0
1507420800,1542.65,1542.53,1492.2,1510.01,389966016.0
1507507200,1510.01,1513.06,1493.83,1501.89,308187008.0
1507593600,1501.89,1507.82,1493.97,1502.63,297796000.0
1507680000,1502.63,1513.38,1499.38,1505.99,274908000.0
1507766400,1505.99,1512.3,1505.52,1510.02,386200992.0
1508025600,1510.02,1518.47,1507.95,1518.28,498376000.0
1508112000,1518.28,1564.99,1518.28,1564.9,545788032.0
1508198400,1564.9,1573.91,1552.12,1559.18,554140032.0
1508284800,1559.18,1568.52,1548.32,1568.35,350052000.0
1508630400,1568.35,1586.89,1567.96,1571.92,346168992.0
1508716800,1571.92,1575.67,1564.48,1568.3,377179008.0
1508803200,1568.3,1572.4,1562.56,1567.64,377179008.0
1508889600,1567.64,1568.06,1552.91,1553.72,409729984.0
1509235200,1553.72,1555.21,1539.41,1540.23,373524000.0
1509321600,1540.23,1542.91,1534.2,1536.72,389572000.0
1509408000,1536.72,1539.94,1528.12,1533.53,339512992.0
1509494400,1533.53,1535.88,1523.52,1526.51,368937984.0
1509580800,1526.51,1527.08,1519.77,1522.81,360876000.0
1509840000,1522.81,1524.43,1489.17,1496.46,581257024.0
1509926400,1496.46,1503.43,1480.32,1493.42,486160000.0
1510012800,1493.42,1503.32,1483.92,1484.45,377729984.0
1510099200,1484.45,1484.54,1459.4,1466.62,446584992.0
1510185600,1466.62,1475.83,1452.24,1460.73,444492992.0
1510444800,1460.73,1477.19,1456.66,1477.14,323486016.0
1510531200,1477.14,1492.02,1476.86,1490.88,514395008.0
1510617600,1490.88,1521.87,1490.82,1516.02,681294016.0
1510704000,1516.02,1521.01,1503.97,1504.79,584502016.0
1510790400,1504.79,1506.81,1488.52,1489.06,416516000.0
1511049600,1489.06,1494.2,1475.04,1475.72,424575008.0
1511136000,1475.72,1476.53,1467.07,1469.16,354720000.0
1511222400,1469.16,1481.3,1465.89,1472.24,290092000.0
1511308800,1469.16,1482.05,1470.97,1480.26,295387008.0
1511395200,1480.26,1494.1,1480.26,1493.29,426372000.0
1511654400,1493.29,1516.73,1493.29,1514.34,588665984.0
1511740800,1514.34,1521.15,1508.22,1513.74,640464000.0
1511827200,1513.74,1524.01,1510.23,1523.86,542232000.0
1511913600,1523.86,1548.67,1523.86,1536.12,1009910016.0
1512000000,1536.12,1540.84,1527.14,1537.67,714825984.0
1512345600,1537.67,1544.93,1524.54,1526.77,525312992.0
1512432000,1526.77,1528.63,1517.99,1524.87,490348992.0
1512518400,1524.87,1537.51,1524.36,1536.54,608851968.0
1512864000,1536.54,1556.84,1529.12,1530.49,807576000.0
1512950400,1530.49,1533.01,1520.19,1527.75,379048000.0
1513036800,1527.75,1530.84,1509.86,1510.21,556129984.0
1513123200,1510.21,1520.81,1504.13,1520.74,430999008.0
1513209600,1520.74,1524.39,1515.16,1520.15,404048000.0
1513468800,1520.15,1520.95,1505.84,1509.14,479945984.0
1513555200,1509.14,1516.9,1507.68,1508.25,518272992.0
1513641600,1508.25,1510.96,1493.0,1493.76,490559008.0
1513728000,1493.76,1494.06,1482.52,1484.47,391591008.0
1513814400,1484.47,1487.16,1470.64,1472.15,447976000.0
1514073600,1472.15,1481.06,1466.46,1467.68,500308000.0
1514246400,1467.68,1470.84,1445.25,1447.04,523652992.0
1514332800,1447.04,1447.3,1421.29,1425.51,643049984.0
1514419200,1425.51,1427.47,1409.31,1414.78,732625984.0
1514678400,1414.78,1414.87,1382.33,1390.58,422227008.0
1514764800,1390.58,1434.95,1390.59,1434.8,462478016.0
1514851200,1434.8,1453.85,1429.85,1437.24,603081984.0
1514937600,1437.24,1439.24,1414.96,1416.61,435828992.0
1515024000,1416.61,1423.83,1414.74,1423.83,365937984.0
1515283200,1423.83,1435.23,1422.31,1431.8,316608992.0
1515369600,1431.8,1448.78,1431.8,1443.8,444126016.0
1515456000,1443.8,1457.9,1441.88,1456.07,459059008.0
1515542400,1456.07,1457.89,1439.87,1440.29,356148000.0
1515888000,1440.29,1442.03,1426.45,1431.1,316456000.0
1516060800,1431.1,1431.17,1408.88,1413.71,340700992.0
1516147200,1413.71,1413.77,1399.39,1406.52,398921984.0
1516492800,1406.52,1413.45,1402.31,1402.67,381268992.0
1516579200,1402.67,1407.28,1400.6,1402.09,336096000.0
1516665600,1402.09,1402.94,1392.09,1393.04,301217984.0
1516752000,1393.04,1397.1,1391.35,1394.73,218552000.0
1516838400,1394.73,1404.53,1394.28,1404.53,271240000.0
1517097600,1404.53,1411.68,1403.46,1405.95,341291008.0
1517184000,1405.95,1407.86,1397.73,1402.23,261374000.0
1517356800,1402.23,1405.99,1399.67,1404.49,291264000.0
1517443200,1404.49,1415.18,1403.15,1411.52,396398016.0
1517702400,1404.49,1418.21,1409.62,1410.51,440143008.0
1517788800,1404.49,1413.14,1399.2,1400.05,287900992.0
1517875200,1400.05,1401.58,1393.16,1394.03,222879008.0
1517961600,1394.03,1395.25,1380.99,1382.02,255580000.0
1518048000,1382.02,1391.12,1378.58,1391.03,256940000.0
1518307200,1391.03,1394.37,1383.95,1384.71,194698000.0
1518393600,1384.71,1385.87,1378.64,1380.29,218002000.0
1518566400,1380.29,1389.04,1376.18,1388.94,277982016.0
1518652800,1388.94,1426.56,1388.94,1424.95,628467008.0
1518912000,1424.95,1444.94,1413.07,1413.9,567721984.0
1519084800,1413.9,1424.38,1396.59,1396.72,310777984.0
1519171200,1396.72,1397.66,1386.0,1387.08,244471008.0
1519257600,1387.08,1395.4,1382.04,1386.98,330896992.0
1519516800,1386.98,1389.31,1374.08,1374.73,252644000.0
1519603200,1374.73,1379.78,1356.64,1358.95,446529984.0
1519689600,1358.95,1377.62,1358.69,1364.81,437884992.0
1519776000,1364.81,1364.96,1343.8,1345.99,491740992.0
1520121600,1345.99,1345.79,1291.42,1304.43,440904000.0
1520208000,1304.43,1319.54,1286.19,1287.74,371527008.0
1520294400,1287.74,1306.1,1267.23,1296.44,430979008.0
1520380800,1296.44,1315.13,1295.83,1315.13,422131008.0
1520726400,1315.13,1315.51,1283.85,1284.09,303252992.0
1520812800,1284.09,1289.52,1273.03,1277.01,297712992.0
1520899200,1277.01,1281.9,1276.68,1281.9,226427008.0
1520985600,1281.9,1285.96,1279.28,1285.96,168392000.0
1521072000,1285.96,1298.68,1284.75,1288.36,221290000.0
1521331200,1288.36,1292.72,1277.53,1278.96,266955008.0
1521417600,1278.96,1281.34,1269.25,1270.52,256922000.0
1521504000,1270.52,1271.13,1249.6,1255.47,302363008.0
1521590400,1255.47,1257.52,1224.39,1231.07,360376992.0
1521676800,1231.07,1238.61,1207.56,1220.44,431647008.0
1522022400,1220.44,1220.44,1166.01,1168.55,453727008.0
1522108800,1168.55,1217.39,1134.92,1207.71,468104000.0
1522195200,1207.71,1222.95,1187.04,1204.81,493057984.0
1522281600,1204.81,1222.58,1204.69,1220.29,321771008.0
1522540800,1204.81,1222.63,1185.51,1196.24,293590016.0
1522627200,1196.24,1199.78,1191.24,1192.96,184803008.0
1522713600,1192.96,1200.35,1188.51,1199.0,213594000.0
1522800000,1199.0,1227.97,1199.06,1226.45,318393984.0
1522886400,1226.45,1250.49,1226.45,1250.39,605590976.0
1523145600,1250.39,1303.3,1250.19,1294.65,885886976.0
1523232000,1294.65,1316.6,1286.76,1287.78,796424000.0
1523318400,1287.78,1292.0,1266.85,1270.23,333681984.0
1523404800,1270.23,1273.35,1257.92,1273.33,250412000.0
1523491200,1273.33,1285.54,1273.37,1277.55,404896992.0
1523750400,1277.55,1280.9,1259.21,1280.15,292868992.0
1523836800,1280.15,1302.1,1277.01,1297.57,560924992.0
1523923200,1297.57,1334.45,1297.58,1331.18,916345984.0
1524009600,1331.18,1392.16,1327.78,1363.01,1064979968.0
1524096000,1363.01,1391.74,1361.18,1388.31,1044529984.0
1524355200,1388.31,1438.57,1388.66,1438.49,1154540032.0
1524441600,1438.49,1461.21,1398.41,1410.85,1457789952.0
1524528000,1410.85,1413.99,1391.19,1394.86,688872000.0
1524614400,1394.86,1399.46,1384.59,1386.47,529377984.0
1524700800,1386.47,1392.63,1354.19,1357.22,567923968.0
1524960000,1357.22,1362.66,1337.93,1349.01,378035008.0
1525219200,1349.01,1360.87,1335.39,1360.38,362500000.0
1525305600,1360.38,1376.68,1360.41,1366.15,710668992.0
1525564800,1366.15,1366.67,1353.4,1353.64,345672992.0
1525651200,1353.64,1353.79,1344.0,1345.37,406921984.0
1525737600,1345.37,1361.02,1344.32,1361.02,476043008.0
1525824000,1361.02,1365.62,1352.67,1356.15,331771008.0
1525910400,1356.15,1356.93,1348.45,1348.45,332507008.0
1526256000,1348.45,1350.14,1337.44,1338.17,395136992.0
1526342400,1338.17,1341.18,1332.41,1333.85,136671008.0
1526428800,1333.85,1338.45,1333.54,1338.01,213126000.0
1526515200,1338.01,1348.12,1337.65,1339.65,276532000.0
1526774400,1339.65,1356.94,1335.94,1339.19,322665984.0
1526860800,1339.19,1340.72,1332.27,1337.13,300710016.0
1526947200,1337.15,1338.29,1331.81,1332.82,310732992.0
1527033600,1332.82,1333.05,1326.28,1328.27,290099008.0
1527120000,1328.27,1331.02,1317.34,1318.22,364064992.0
1527379200,1318.22,1318.3,1300.13,1300.41,368198016.0
1527465600,1300.41,1336.71,1291.34,1336.39,397385984.0
1527552000,1336.39,1340.6,1322.34,1327.21,407628992.0
1527638400,1327.21,1341.71,1318.24,1322.27,428747008.0
1527724800,1327.21,1323.11,1305.61,1307.66,327692000.0
1527984000,1307.66,1307.63,1273.02,1273.95,496812000.0
1528070400,1273.95,1281.98,1258.58,1268.84,403524992.0
1528243200,1268.84,1295.82,1268.91,1282.75,189312992.0
1528329600,1282.75,1285.84,1256.75,1257.07,413830016.0
1528588800,1257.07,1259.04,1231.06,1231.64,427745984.0
1528675200,1231.64,1252.7,1223.78,1241.19,371065984.0
1528761600,1241.19,1244.85,1230.42,1239.26,271081984.0
1528848000,1239.26,1243.1,1235.01,1242.07,189940992.0
1528934400,1239.26,1252.87,1241.85,1247.3,269468000.0
1529193600,1247.3,1248.62,1232.41,1233.23,226919008.0
1529280000,1233.23,1235.15,1221.92,1235.15,188058000.0
1529366400,1235.15,1236.48,1223.93,1226.18,189708992.0
1529452800,1226.18,1226.83,1217.46,1217.84,242912992.0
1529539200,1217.84,1225.43,1211.31,1218.46,170062000.0
1529798400,1218.46,1227.74,1216.21,1219.81,173104992.0
1529884800,1219.81,1220.76,1209.02,1210.09,178132000.0
1529971200,1210.09,1211.17,1194.35,1194.8,208990000.0
1530057600,1194.8,1205.53,1190.95,1199.42,159571008.0
1530144000,1199.42,1203.96,1197.34,1198.54,219600992.0
1530403200,1198.54,1199.05,1183.52,1184.53,187736992.0
1530489600,1184.53,1187.04,1174.83,1179.71,196692992.0
1530576000,1179.71,1183.03,1174.56,1180.36,180480000.0
1530662400,1180.36,1190.17,1175.88,1188.4,226062000.0
1530748800,1188.4,1224.41,1188.37,1224.41,445847008.0
1531008000,1224.41,1240.93,1224.37,1224.39,453251008.0
1531094400,1224.39,1226.09,1204.95,1206.43,381536000.0
1531180800,1206.43,1214.45,1202.79,1205.93,252370000.0
1531267200,1205.93,1221.75,1204.29,1205.64,353544992.0
1531353600,1205.64,1210.6,1190.09,1191.98,372244992.0
1531612800,1191.98,1200.31,1192.0,1200.09,160974000.0
1531699200,1200.09,1212.36,1197.06,1212.36,93616400.0
1531785600,1212.36,1214.85,1202.85,1204.31,192836992.0
1531872000,1204.31,1205.15,1196.21,1198.77,163767008.0
1531958400,1198.77,1199.54,1192.78,1193.39,239239008.0
1532217600,1193.39,1194.0,1181.12,1181.66,198144992.0
1532304000,1181.66,1194.9,1181.4,1194.5,178876992.0
1532390400,1194.5,1213.15,1194.09,1199.27,281844992.0
1532476800,1194.5,1200.0,1192.26,1194.35,148591008.0
1532563200,1194.35,1197.0,1188.15,1191.2,179884992.0
1532822400,1191.2,1196.79,1191.2,1194.82,175888992.0
1532908800,1194.82,1198.56,1193.17,1194.38,271272992.0
1532995200,1194.38,1196.56,1189.77,1191.47,162706000.0
1533081600,1191.47,1194.61,1190.04,1193.87,166588000.0
1533168000,1193.87,1195.94,1191.13,1191.31,185231008.0
1533427200,1191.31,1192.53,1188.44,1189.88,158752992.0
1533513600,1189.88,1192.97,1188.05,1189.67,156654000.0
1533600000,1189.67,1192.06,1186.26,1188.21,171795008.0
1533686400,1188.21,1190.3,1186.09,1187.32,139159008.0
1533772800,1187.32,1189.23,1179.25,1180.63,185994000.0
1534032000,1180.63,1181.58,1163.41,1163.94,240828992.0
1534118400,1163.94,1174.62,1161.96,1174.37,162339008.0
1534204800,1174.37,1181.39,1170.09,1180.98,179439008.0
1534291200,1180.98,1210.09,1180.99,1209.71,315848000.0
1534377600,1209.71,1218.71,1203.14,1210.32,410744992.0
1534636800,1210.32,1210.75,1195.7,1196.29,281052992.0
1534723200,1196.29,1196.84,1185.82,1188.07,193962000.0
1534809600,1188.08,1188.27,1181.98,1183.89,173720000.0
1534896000,1183.89,1185.34,1180.26,1182.42,105630000.0
1534982400,1182.42,1183.13,1175.35,1178.5,261260992.0
1535241600,1178.5,1178.67,1175.5,1175.72,131823000.0
1535414400,1175.72,1177.09,1172.78,1177.09,176827008.0
1535500800,1177.09,1177.79,1171.0,1172.3,177668000.0
1535587200,1172.3,1181.69,1170.69,1181.69,214779008.0
1535846400,1181.69,1191.93,1178.59,1190.28,283239008.0
1535932800,1190.28,1213.86,1190.27,1206.26,519075008.0
1536019200,1206.26,1214.2,1202.68,1210.24,405795008.0
1536105600,1210.24,1243.61,1210.3,1234.13,690163008.0
1536192000,1234.15,1247.35,1224.25,1229.77,695782016.0
1536451200,1229.77,1230.37,1217.33,1218.98,298512992.0
1536537600,1218.98,1220.25,1206.88,1210.88,234584000.0
1536624000,1210.88,1224.6,1210.88,1217.65,314528000.0
1536710400,1217.65,1230.96,1215.62,1230.71,399812000.0
1536796800,1230.71,1246.24,1230.8,1244.84,687436992.0
1537056000,1244.84,1270.19,1244.99,1256.53,886097024.0
1537142400,1256.55,1261.19,1247.9,1256.4,579804992.0
1537228800,1256.4,1261.61,1251.25,1258.81,440420000.0
1537401600,1258.81,1260.96,1249.78,1255.07,528860992.0
1537660800,1255.09,1260.39,1250.9,1257.68,618721024.0
1537833600,1257.68,1283.45,1257.74,1280.05,1051049984.0
1537920000,1280.05,1288.52,1270.05,1277.74,890030016.0
1538006400,1277.74,1278.71,1266.18,1267.18,492740992.0
1538265600,1267.18,1267.76,1253.44,1256.71,561558976.0
1538352000,1256.71,1258.26,1237.97,1238.67,524752000.0
1538438400,1238.67,1247.44,1237.53,1241.36,440748992.0
1538524800,1241.36,1242.27,1230.6,1230.6,365169984.0
1538611200,1230.6,1231.84,1221.33,1227.37,365169984.0
1538870400,1227.37,1227.37,1212.88,1214.36,378448000.0
1538956800,1214.36,1222.78,1213.36,1220.52,360992992.0
1539043200,1220.52,1227.07,1217.06,1217.93,336793984.0
1539129600,1217.93,1218.86,1213.58,1218.33,218171008.0
1539216000,1218.33,1228.28,1214.77,1228.28,231244000.0
1539475200,1228.28,1242.43,1228.16,1242.43,265802000.0
1539561600,1242.43,1246.14,1241.48,1241.63,306736992.0
1540080000,1241.63,1248.51,1241.15,1246.52,136048000.0
1540166400,1246.52,1248.09,1240.58,1244.54,167090000.0
1540252800,1244.54,1246.22,1238.63,1241.84,192782000.0
1540339200,1241.84,1250.45,1239.01,1249.93,218378000.0
1540425600,1249.93,1250.3,1240.58,1241.11,270716000.0
1540684800,1241.11,1241.82,1225.38,1227.49,300731008.0
1540771200,1227.49,1227.49,1215.82,1216.93,214403008.0
1540857600,1216.93,1224.36,1216.0,1224.36,213728000.0
1540944000,1224.36,1224.99,1218.83,1221.46,158274000.0
1541030400,1221.46,1223.76,1217.46,1220.98,241964000.0
1541289600,1220.98,1221.22,1206.48,1207.28,280206016.0
1541376000,1207.28,1219.75,1205.81,1219.2,239046000.0
1541462400,1222.53,1222.53,1222.53,1222.53,33213900.0
1541894400,1224.39,1224.39,1205.22,1205.22,98566496.0
1541980800,1204.64,1204.64,1192.22,1193.34,132057000.0
1542067200,1192.87,1209.1,1191.72,1207.57,166104000.0
1542153600,1208.28,1209.23,1203.58,1208.89,178260736.0
1542240000,1208.89,1213.63,1205.2,1205.02,236074000.0
1542499200,1203.94,1204.79,1194.18,1195.45,319399008.0
1542585600,1196.08,1196.15,1187.96,1190.2,207570000.0
1542672000,1189.97,1190.15,1181.66,1181.75,171414000.0
1542758400,1182.17,1182.74,1176.45,1182.55,227711008.0
1542844800,1184.01,1184.92,1181.34,1181.24,248907008.0
1543104000,1181.96,1182.44,1166.01,1166.63,244220992.0
1543190400,1166.59,1167.19,1159.31,1159.82,293713984.0
1543276800,1159.75,1167.17,1159.75,1161.49,218848992.0
1543363200,1161.5,1162.98,1158.75,1159.08,396228000.0
1543449600,1159.07,1160.42,1148.13,1148.36,314926016.0
1543708800,1148.29,1148.36,1129.89,1130.89,451952000.0
1543795200,1130.31,1144.0,1128.91,1131.73,622254976.0
1543881600,1133.0,1142.01,1131.15,1142.01,363332992.0
1543968000,1140.99,1142.06,1117.45,1118.13,329556992.0
1544054400,1117.97,1126.0,1109.32,1120.84,338912992.0
1544313600,1121.16,1128.45,1121.1,1131.7,218708992.0
1544400000,1131.43,1145.61,1131.43,1144.19,386500000.0
1544486400,1143.85,1145.75,1139.95,1141.1,370360992.0
1544572800,1140.83,1143.7,1137.67,1141.18,208110000.0
1544659200,1141.25,1153.17,1140.54,1148.78,298800000.0
1544918400,1149.23,1168.59,1149.23,1167.67,437036992.0
1545004800,1167.55,1182.81,1166.06,1182.78,360561984.0
1545091200,1183.12,1185.36,1165.59,1168.17,512580992.0
1545177600,1168.29,1171.58,1158.88,1162.7,342703008.0
1545264000,1162.65,1173.8,1162.65,1165.97,393798016.0
1545523200,1166.33,1198.18,1166.33,1198.18,756868992.0
1545609600,1198.26,1207.88,1190.86,1191.74,695494976.0
1545696000,1192.61,1192.95,1182.41,1186.03,337190016.0
1545782400,1186.11,1216.27,1184.3,1216.27,679681024.0
1545868800,1216.57,1232.74,1211.72,1215.16,1097720064.0
1546128000,1215.14,1219.29,1204.24,1204.54,433888992.0
1546214400,1204.68,1207.25,1188.19,1188.19,390624000.0
1546300800,1187.3,1196.18,1183.84,1185.91,227166000.0
1546387200,1185.91,1186.9,1180.43,1180.43,246231008.0
1546473600,1180.47,1184.95,1178.06,1178.87,262468000.0
1546732800,1178.25,1181.58,1170.11,1170.79,298870016.0
1546819200,1170.72,1181.17,1170.36,1177.46,322203008.0
1546905600,1177.87,1180.85,1177.15,1177.07,332627008.0
1546992000,1177.87,1177.07,1183.12,1179.36,275980992.0
1547078400,1179.36,1183.19,1179.36,1180.84,344812992.0
1547337600,1181.53,1182.44,1173.46,1175.05,353560000.0
1547424000,1175.05,1179.0,1175.0,1178.03,259270000.0
1547510400,1180.98,1195.54,1180.78,1195.54,391993984.0
1547596800,1195.54,1200.32,1187.97,1187.97,474423008.0
1547683200,1190.66,1190.66,1186.52,1187.77,281347008.0
1547942400,1190.67,1191.41,1177.02,1179.17,361756992.0
1548028800,1175.68,1175.68,1167.69,1167.69,335558016.0
1548115200,1164.56,1172.03,1163.58,1168.83,277291008.0
1548201600,1168.14,1172.98,1167.99,1172.98,238475008.0
1548288000,1172.27,1175.42,1170.54,1172.78,306295008.0
1548547200,1171.35,1171.72,1160.84,1160.84,306070016.0
1548633600,1162.94,1164.89,1161.48,1164.89,203579008.0
1548720000,1164.91,1165.09,1160.1,1160.99,259283008.0
1548806400,1160.53,1163.27,1159.35,1160.59,190572992.0
1548892800,1162.34,1163.86,1160.26,1161.63,268244992.0
1549152000,1160.57,1161.22,1152.16,1153.06,321743008.0
1549238400,1152.98,1155.08,1144.27,1144.27,322760992.0
1549324800,1143.58,1149.4,1143.39,1147.1,221967008.0
1549411200,1147.23,1147.31,1139.09,1139.72,226248992.0
1549497600,1139.29,1140.62,1137.14,1139.57,242260000.0
1549756800,1138.62,1138.86,1125.83,1127.53,228292000.0
1549843200,1126.46,1132.37,1124.51,1128.86,191024000.0
1549929600,1131.32,1132.5,1126.42,1128.19,156376000.0
1550016000,1129.86,1132.39,1121.08,1121.08,230651008.0
1550102400,1120.19,1120.3,1112.15,1112.87,231671008.0
1550361600,1117.7,1122.1,1107.92,1109.72,194344992.0
1550448000,1110.27,1111.14,1101.81,1102.51,208487008.0
1550534400,1103.35,1124.23,1102.3,1124.23,202684000.0
1550620800,1128.97,1128.97,1112.33,1112.23,154584000.0
1550707200,1113.6,1114.14,1110.15,1113.07,157692000.0
1550966400,1115.2,1115.25,1102.32,1102.32,193956992.0
1551052800,1102.45,1109.73,1100.13,1109.73,182428992.0
1551139200,1109.77,1110.22,1101.59,1102.56,149262000.0
1551225600,1103.65,1111.04,1103.17,1105.53,204516992.0
1551571200,1108.26,1108.84,1100.58,1100.58,221026000.0
1551744000,1100.95,1104.61,1098.95,1102.64,213340992.0
1551830400,1103.17,1111.76,1100.97,1111.76,211804992.0
1551916800,1112.45,1127.77,1112.45,1127.77,283819008.0
1552176000,1127.29,1129.41,1118.21,1128.71,102317000.0
1552262400,1129.51,1142.93,1125.94,1142.93,382284992.0
1552348800,1148.69,1163.26,1143.99,1163.26,513876992.0
1552435200,1157.85,1166.24,1150.1,1150.1,407008000.0
1552521600,1149.64,1156.19,1142.89,1155.5,263186000.0
1552780800,1156.18,1165.19,1156.18,1161.45,316537984.0
1552867200,1161.05,1164.62,1153.98,1153.98,279032000.0
1552953600,1155.72,1158.78,1147.15,1147.15,129145000.0
1553126400,1148.61,1150.3,1140.0,1140.6,248614000.0
1553385600,1141.33,1142.14,1131.14,1134.8,211912992.0
1553472000,1134.65,1139.71,1132.06,1138.67,216906000.0
1553558400,1138.86,1140.9,1136.7,1140.72,190316992.0
1553644800,1140.69,1142.81,1140.16,1142.61,208898000.0
1553731200,1142.0,1144.53,1140.56,1144.53,215416992.0
1553990400,1145.95,1149.81,1139.68,1143.09,241951008.0
1554076800,1142.65,1152.05,1142.06,1149.99,326448992.0
1554163200,1153.89,1164.41,1153.89,1163.82,472344992.0
1554249600,1163.71,1172.4,1158.79,1165.84,524422016.0
1554336000,1165.85,1169.87,1159.9,1165.2,386452000.0
1554595200,1164.94,1182.36,1161.66,1182.36,518228000.0
1554681600,1183.46,1197.88,1179.47,1191.68,864142976.0
1554768000,1191.78,1194.62,1180.0,1181.1,622529984.0
1554854400,1181.72,1187.98,1174.88,1184.61,358990016.0
1554940800,1184.29,1189.98,1180.18,1184.02,387624000.0
1555286400,1184.22,1188.71,1181.95,1188.71,289871008.0
1555372800,1187.73,1212.05,1187.73,1212.05,723990016.0
1555459200,1212.34,1223.42,1210.35,1217.04,803244992.0
1555545600,1217.11,1232.26,1214.95,1232.26,732081024.0
1555804800,1232.53,1264.2,1230.22,1264.2,1004000000.0
1555891200,1264.77,1280.08,1247.65,1256.94,1000550016.0
1555977600,1256.61,1268.32,1248.5,1260.68,561851008.0
1556064000,1265.11,1280.84,1261.69,1279.29,921345984.0
1556150400,1279.67,1296.92,1279.67,1292.12,1335980032.0
1556409600,1293.77,1322.88,1293.77,1314.51,1616089984.0
1556496000,1318.44,1322.95,1299.09,1310.31,1160230016.0
1556582400,1310.65,1316.53,1296.07,1298.6,913017984.0
1556755200,1298.8,1300.43,1282.95,1294.39,573145024.0
1557014400,1293.71,1293.71,1276.73,1277.68,628641024.0
1557100800,1278.0,1299.41,1270.06,1299.41,619564992.0
1557187200,1298.35,1311.18,1295.73,1301.28,699849024.0
1557273600,1301.39,1304.15,1295.32,1297.6,494902016.0
1557360000,1297.57,1302.62,1290.11,1291.96,605086976.0
1557619200,1292.12,1295.03,1284.17,1295.03,672155008.0
1557705600,1295.99,1301.68,1295.99,1301.34,775121984.0
1557792000,1307.84,1321.0,1307.84,1315.45,1007529984.0
1557878400,1316.79,1334.06,1316.21,1321.0,1302630016.0
1557964800,1322.68,1326.69,1313.93,1318.71,881396992.0
1558224000,1319.33,1322.09,1312.81,1316.84,1055840000.0
1558310400,1319.21,1322.85,1305.43,1307.71,1164889984.0
1558396800,1308.4,1317.79,1304.59,1312.14,796716992.0
1558483200,1314.94,1322.47,1314.82,1319.63,918484992.0
1558569600,1321.69,1324.15,1309.12,1314.55,913235968.0
1558828800,1315.97,1317.86,1301.32,1302.61,603897024.0
1558915200,1302.98,1309.9,1298.36,1302.96,499910016.0
1559001600,1304.22,1307.08,1300.45,1305.49,749068992.0
1559088000,1307.3,1315.16,1307.13,1313.88,884201024.0
1559174400,1328.62,1349.38,1317.67,1319.47,1504460032.0
1559433600,1317.91,1317.91,1304.53,1305.68,735995008.0
1559520000,1306.88,1308.63,1291.02,1292.84,664590016.0
1559606400,1292.86,1297.91,1286.37,1289.28,694590976.0
1559779200,1296.5,1296.8,1284.59,1284.59,579563008.0
1560124800,1285.49,1289.54,1274.62,1275.82,553347008.0
1560211200,1276.26,1281.32,1274.82,1275.99,459071008.0
1560297600,1276.09,1277.04,1267.17,1272.49,399464992.0
1560384000,1272.91,1274.83,1264.46,1269.55,418750016.0
1560643200,1271.18,1271.27,1256.85,1258.27,472520800.0
1560729600,1259.38,1264.97,1254.52,1260.9,403538144.0
1560816000,1261.04,1263.56,1258.36,1258.66,359411296.0
1560902400,1258.25,1262.11,1256.72,1258.46,304189632.0
1560988800,1258.9,1266.33,1257.93,1264.36,375315200.0
1561248000,1264.53,1264.53,1253.43,1254.35,481859744.0
1561334400,1254.67,1260.1,1253.01,1260.1,481492832.0
1561420800,1260.23,1264.52,1259.35,1261.07,364773344.0
1561507200,1261.1,1261.49,1255.45,1258.29,570123456.0
1561593600,1259.16,1260.43,1256.63,1257.15,627908800.0
1561852800,1258.31,1258.85,1244.81,1244.89,645099008.0
1561939200,1245.58,1245.68,1237.43,1241.61,364343808.0
1562025600,1242.83,1253.06,1238.77,1253.06,429477280.0
1562112000,1253.52,1270.04,1249.5,1268.68,550247808.0
1562198400,1269.48,1272.79,1258.87,1260.47,670169920.0
1562457600,1262.98,1263.82,1255.01,1256.04,540529472.0
1562544000,1256.15,1257.57,1245.62,1247.35,591053824.0
1562630400,1247.41,1252.2,1244.36,1250.27,468263776.0
1562716800,1250.43,1251.89,1246.15,1249.15,573447488.0
1562803200,1249.46,1251.09,1247.63,1248.53,460036576.0
1563062400,1248.94,1253.09,1248.59,1249.49,285214560.0
1563148800,1250.09,1254.56,1249.17,1254.56,430525920.0
1563235200,1285.48,1285.5,1256.46,1259.01,347289280.0
1563321600,1258.94,1274.86,1258.81,1274.86,426743456.0
1563408000,1275.71,1283.63,1272.49,1272.49,411369312.0
1563667200,1276.29,1276.31,1265.6,1268.74,298157120.0
1563753600,1268.77,1272.38,1267.92,1271.23,316643424.0
1563840000,1271.24,1279.42,1271.22,1277.17,368980864.0
1563926400,1277.48,1284.99,1276.07,1284.07,443481376.0
1564012800,1284.41,1284.41,1269.35,1269.92,550532160.0
1564272000,1266.63,1266.63,1250.18,1252.8,492673664.0
1564358400,1252.72,1259.69,1252.72,1255.98,350812576.0
1564444800,1256.01,1262.16,1256.01,1259.37,294305024.0
1564531200,1259.53,1267.73,1257.91,1265.57,370002048.0
1564617600,1265.52,1270.88,1262.55,1263.84,590588224.0
1564876800,1263.87,1266.37,1258.27,1259.64,474151744.0
1564963200,1260.3,1261.63,1253.5,1255.09,443205472.0
1565049600,1255.74,1255.74,1243.74,1245.73,450755168.0
1565136000,1245.2,1249.98,1239.55,1248.48,368645664.0
1565222400,1248.91,1248.91,1237.7,1238.56,454629568.0
1565481600,1236.62,1237.97,1229.69,1233.71,311756864.0
1565568000,1234.68,1236.82,1232.11,1233.85,314228928.0
1565654400,1234.59,1236.47,1229.06,1231.07,481629760.0
1565740800,1230.97,1231.49,1224.43,1225.9,257285008.0
1565827200,1225.11,1226.06,1221.8,1224.03,424323136.0
1566086400,1224.03,1226.07,1214.33,1214.83,329527904.0
1566172800,1214.96,1229.5,1210.8,1222.06,389625280.0
1566259200,1222.04,1222.87,1212.1,1213.63,272509024.0
1566345600,1213.96,1216.3,1209.77,1214.05,292641728.0
1566432000,1214.37,1220.9,1212.43,1213.06,261670203.0
1566691200,1212.76,1213.23,1201.71,1209.62,350269509.0
1566777600,1209.7,1210.24,1199.31,1203.13,380596571.0
1566864000,1203.42,1212.3,1203.4,1208.0,244668209.0
1566950400,1209.7,1213.46,1197.32,1197.75,371022592.0
1567036800,1198.49,1201.23,1194.09,1196.41,277359659.0
1567296000,1196.6,1198.51,1184.06,1184.78,297398003.0
1567382400,1184.93,1190.88,1167.81,1170.34,407569712.0
1567468800,1170.87,1190.9,1156.72,1190.9,510552041.0
1567555200,1192.21,1198.48,1183.4,1194.77,436444688.0
1567641600,1195.89,1196.92,1189.05,1191.07,290177357.0
1567900800,1192.07,1192.33,1176.41,1178.46,305310719.0
1567987200,1178.47,1180.28,1166.09,1168.91,299200764.0
1568073600,1168.91,1172.82,1161.2,1166.67,237959653.0
1568160000,1166.68,1168.06,1161.95,1163.21,341745136.0
1568246400,1163.71,1164.09,1156.37,1157.88,376184491.0
1568505600,1157.68,1160.55,1140.01,1140.01,288099912.0
1568592000,1140.49,1140.55,1122.02,1123.83,343918221.0
1568678400,1127.26,1152.51,1127.26,1150.74,383957426.0
1568764800,1150.65,1173.14,1150.65,1172.15,455311885.0
1568851200,1173.44,1178.28,1155.3,1155.3,399930871.0
1569110400,1155.3,1157.79,1135.18,1139.25,226950238.0
1569196800,1139.92,1147.85,1137.87,1140.98,177279039.0
1569283200,1140.99,1141.62,1132.72,1134.56,218278449.0
1569369600,1134.56,1135.26,1130.88,1131.53,166921799.0
1569456000,1131.52,1133.8,1128.61,1129.8,212541352.0
1569715200,1129.81,1131.87,1123.66,1125.14,241498554.0
1569801600,1125.49,1135.56,1121.09,1135.56,168828923.0
1569888000,1135.05,1146.11,1134.82,1145.69,311488652.0
1569974400,1145.69,1149.7,1140.07,1140.71,203287237.0
1570060800,1142.44,1149.4,1138.58,1149.4,176633514.0
1570665600,1149.03,1151.81,1148.13,1149.01,63845411.0
1571011200,1149.01,1151.52,1135.04,1136.96,218635691.0
1571097600,1138.38,1142.04,1135.86,1142.04,222452078.0
1571184000,1142.39,1142.71,1136.0,1137.03,196618963.0
1571270400,1137.03,1140.38,1135.87,1137.75,182994905.0
1571529600,1137.69,1138.99,1132.58,1133.71,113359956.0
1571616000,1133.73,1135.84,1130.14,1132.4,164349536.0
1571702400,1132.45,1134.81,1130.21,1134.79,165296005.0
1571788800,1135.4,1142.82,1135.4,1142.6,163757847.0
1571875200,1142.41,1150.47,1141.39,1149.34,327632258.0
1572480000,1149.74,1151.48,1143.07,1146.17,254312462.0
1572739200,1145.83,1146.88,1136.39,1139.29,175544472.0
1572825600,1139.57,1141.13,1135.96,1140.26,191854333.0
1572912000,1140.21,1141.86,1138.66,1139.45,284472501.0
1572998400,1139.49,1141.08,1136.74,1138.02,206253847.0
1573084800,1138.27,1139.36,1131.33,1131.97,374150571.0
1573344000,1132.47,1135.9,1129.89,1131.8,293149044.0
1573430400,1132.7,1147.74,1132.7,1145.57,549998241.0
1573516800,1146.14,1147.06,1138.57,1139.96,379849435.0
1573603200,1140.65,1140.65,1133.49,1135.16,275427886.0
1573689600,1135.15,1139.41,1133.67,1135.95,228357493.0
1573948800,1135.73,1137.25,1129.15,1131.36,355159768.0
1574035200,1131.4,1133.43,1128.0,1131.12,356861857.0
1574121600,1131.13,1132.4,1127.91,1129.99,259330595.0
1574208000,1130.01,1139.74,1127.63,1128.34,303724204.0
1574294400,1128.34,1128.69,1118.1,1120.6,297797071.0
1574553600,1120.62,1121.94,1108.76,1110.08,280534415.0
1574640000,1110.11,1112.15,1102.46,1110.08,288858484.0
1574726400,1110.08,1111.76,1107.57,1109.16,295869180.0
1574812800,1109.09,1117.46,1108.02,1117.46,212363736.0
1574899200,1117.64,1119.63,1112.79,1112.79,243391320.0
1575158400,1112.79,1114.31,1109.97,1112.85,206314323.0
1575244800,1112.87,1113.73,1110.98,1111.99,232259331.0
1575331200,1112.06,1117.82,1111.19,1115.74,266801558.0
1575417600,1116.12,1128.0,1116.12,1124.47,308214465.0
1575504000,1124.47,1134.93,1124.44,1131.92,358839860.0
1575763200,1131.92,1135.37,1125.81,1135.37,287527825.0
1575849600,1135.36,1155.06,1132.88,1148.89,464220392.0
1575936000,1149.09,1158.11,1147.43,1151.36,500328915.0
1576022400,1155.05,1166.15,1153.14,1161.47,551377852.0
1576108800,1162.25,1175.3,1159.91,1172.64,675173000.0
1576368000,1172.44,1181.7,1167.86,1167.86,686076111.0
1576454400,1167.82,1170.56,1153.23,1154.11,407900555.0
1576540800,1154.86,1158.36,1150.66,1155.37,279244135.0
1576627200,1155.32,1158.15,1150.14,1152.07,294709858.0
1576713600,1152.06,1154.28,1148.35,1149.64,419088133.0
1576972800,1149.62,1151.3,1147.67,1150.81,374466465.0
1577059200,1150.92,1168.79,1150.92,1168.58,595764544.0
1577145600,1169.32,1176.7,1164.85,1166.21,721642965.0
1577232000,1166.56,1173.14,1165.77,1168.03,538340829.0
1577318400,1167.74,1170.45,1165.94,1167.41,588677887.0
1577577600,1166.86,1167.24,1159.23,1162.43,422453909.0
1577664000,1161.82,1167.95,1159.25,1167.95,622363488.0
1577750400,1168.61,1171.48,1163.02,1166.03,442256156.0
1577836800,1166.52,1169.5,1163.99,1169.5,372988301.0
1577923200,1168.63,1169.27,1165.24,1166.21,532211211.0
1578182400,1166.49,1187.33,1163.39,1182.31,712425827.0
1578268800,1183.35,1200.69,1183.35,1200.69,842582150.0
1578355200,1200.65,1218.14,1200.65,1216.92,1102736748.0
1578441600,1217.82,1223.66,1207.26,1209.6,732169261.0
1578528000,1209.87,1216.23,1206.49,1213.11,837035757.0
1578787200,1213.19,1255.72,1213.19,1255.72,1335747967.0
1578873600,1260.01,1285.5,1259.34,1270.86,1665520000.0
1578960000,1271.11,1274.86,1254.3,1263.38,1026443666.0
1579046400,1263.32,1287.2,1263.32,1284.23,893677000.0
1579132800,1284.28,1313.19,1284.28,1310.23,1682330000.0
1579392000,1310.26,1349.1,1310.26,1343.65,2090877917.0
1579478400,1342.7,1359.32,1308.62,1317.11,1953780000.0
1579564800,1318.65,1331.28,1309.14,1320.47,1519976760.0
1579651200,1324.32,1325.69,1310.64,1313.42,1581381364.0
1579737600,1314.16,1320.76,1295.8,1297.47,1384209412.0
1579996800,1298.67,1299.46,1275.52,1276.68,965018662.0
1580083200,1276.68,1300.62,1274.03,1300.62,917359865.0
1580169600,1300.65,1316.44,1300.65,1306.15,1400467805.0
1580256000,1306.16,1311.74,1302.14,1305.88,1293711383.0
1580342400,1306.29,1331.83,1306.29,1325.38,1966219749.0
1580601600,1325.62,1349.68,1331.87,1346.64,2077987799.0
1580688000,1348.12,1355.27,1339.6,1349.13,1611719203.0
1580774400,1351.01,1353.27,1334.09,1337.04,1570166163.0
1580860800,1338.5,1342.62,1335.72,1342.36,1082483909.0
1580947200,1341.03,1346.6,1331.02,1333.69,1049345436.0
1581206400,1332.91,1333.85,1316.1,1319.99,950402584.0
1581292800,1320.77,1329.84,1315.37,1324.26,932086055.0
1581379200,1324.31,1342.91,1323.69,1341.38,1532250440.0
1581465600,1341.07,1353.29,1340.87,1345.97,1509784311.0
1581552000,1346.45,1354.88,1342.9,1344.59,1773805746.0
1581811200,1344.73,1363.97,1344.73,1363.97,1978108701.0
1581897600,1364.34,1403.21,1364.34,1398.24,2687533442.0
1581984000,1399.47,1416.87,1387.68,1400.01,2125977034.0
1582070400,1399.29,1406.25,1389.12,1405.25,1628841389.0
1582156800,1405.51,1434.57,1405.51,1434.57,2785004908.0
1582416000,1435.87,1509.92,1435.87,1504.14,3608526354.0
1582502400,1507.98,1536.83,1499.04,1502.18,3410516278.0
1582588800,1504.8,1544.07,1480.24,1545.19,2992160524.0
1582675200,1548.32,1596.13,1548.32,1596.13,4154883092.0
1582761600,1598.81,1635.51,1558.65,1632.17,4460536251.0
1583020800,1639.87,1667.74,1591.36,1591.36,4847437505.0
1583107200,1593.08,1593.5,1495.3,1495.3,2154428215.0
1583193600,1491.23,1540.59,1439.53,1509.67,3851622996.0
1583280000,1511.41,1513.43,1439.38,1441.2,2908472603.0
1583366400,1442.92,1464.62,1408.82,1435.7,2457093463.0
1583798400,1435.86,1436.66,1349.31,1349.31,1076696300.0
1583884800,1349.86,1423.09,1349.86,1423.09,2221081690.0
1583971200,1424.6,1430.77,1371.56,1377.18,2206662182.0
1584230400,1362.25,1362.25,1310.71,1313.04,2101417292.0
1584316800,1312.69,1334.12,1291.67,1316.39,1615341877.0
1584403200,1316.74,1321.26,1266.44,1272.06,1465184656.0
1584489600,1272.1,1286.46,1234.16,1255.8,1184416878.0
1584576000,1249.26,1278.93,1223.04,1269.3,1903142008.0
1584835200,1269.08,1275.42,1246.2,1251.45,194642984.0
1589241600,1250.95,1250.95,1226.15,1226.15,104372646.0
1589328000,1225.68,1225.68,1201.57,1201.57,3613523.0
1593388800,1197.09,1200.64,1149.73,1188.7,347771833.0
1593475200,1187.25,1260.75,1185.72,1260.75,227212194.0
1593561600,1261.54,1336.52,1261.54,1336.52,407352247.0
1593648000,1351.89,1362.35,1256.11,1256.11,476654971.0
1593907200,1256.18,1280.93,1246.8,1265.45,1033390231.0
1593993600,1266.08,1298.73,1259.94,1298.73,927841329.0
1594080000,1299.72,1345.96,1299.72,1336.66,1199041859.0
1594166400,1338.54,1343.59,1319.1,1326.53,1078462141.0
1594252800,1327.13,1333.25,1312.01,1331.27,908086197.0
1594512000,1331.31,1351.82,1331.31,1340.29,1111090272.0
1594598400,1342.59,1352.69,1334.17,1342.4,1088716118.0
1594684800,1344.42,1349.24,1340.66,1347.44,994545109.0
1594771200,1347.88,1367.82,1347.88,1362.34,1160491522.0
1594857600,1364.24,1395.82,1362.62,1394.77,1041770867.0
1595116800,1408.51,1479.03,1408.51,1479.03,62566293.0
1595203200,1539.37,1556.19,1460.15,1464.94,2802233715.0
1595289600,1472.19,1479.3,1444.5,1449.94,1872220447.0
1595376000,1452.78,1461.29,1429.65,1432.44,1532511716.0
1595462400,1434.08,1440.32,1417.32,1442.61,1327135218.0
1595721600,1445.6,1464.88,1444.77,1465.1,1942679380.0
1595808000,1467.89,1475.2,1456.47,1462.48,1793915286.0
1595894400,1463.81,1466.04,1449.86,1454.89,1259751557.0
1595980800,1452.07,1452.07,1431.46,1431.52,1687093091.0
1596067200,1433.14,1444.06,1421.07,1439.06,1320266678.0
1596326400,1441.26,1441.26,1396.02,1396.28,1841242332.0
1596412800,1395.08,1411.13,1384.86,1403.86,1290252213.0
1596585600,1403.88,1403.88,1374.13,1382.66,1189526408.0
1596672000,1387.44,1388.68,1365.66,1381.37,920997056.0
1596931200,1383.98,1392.68,1363.22,1392.68,977895525.0
1597017600,1394.78,1430.41,1394.34,1430.41,1555518923.0
1597104000,1433.35,1441.31,1421.17,1423.81,1271738914.0
1597190400,1426.55,1427.15,1413.55,1425.32,951960208.0
1597276800,1431.89,1431.89,1407.43,1408.79,1048911791.0
1597536000,1407.85,1407.85,1381.89,1391.46,1259320850.0
1597622400,1391.79,1402.21,1385.7,1402.21,1074932597.0
1597708800,1403.98,1414.29,1400.81,1407.89,1239017426.0
1597795200,1409.44,1409.44,1388.17,1391.29,976235059.0
1597881600,1392.89,1403.75,1392.89,1397.57,393129068.0
1598140800,1399.48,1410.34,1394.09,1410.34,1108053597.0
1598227200,1413.09,1431.6,1413.09,1431.6,2139202075.0
1598313600,1435.21,1440.94,1428.74,1440.94,1855180510.0
1598400000,1445.47,1468.03,1445.47,1462.03,2656163730.0
1598486400,1467.07,1472.73,1454.96,1458.04,1981761050.0
1598745600,1459.16,1462.67,1444.92,1462.67,1614554300.0
1598832000,1466.57,1489.01,1466.57,1484.99,3462586125.0
1599004800,1509.4,1519.78,1499.72,1510.57,4181036115.0
1599091200,1524.19,1524.67,1497.47,1510.42,2634886231.0
1599350400,1538.42,1538.42,1494.97,1499.97,2782377887.0
1599436800,1503.37,1503.37,1483.65,1487.81,2164930214.0
1599523200,1491.33,1500.15,1477.25,1495.15,1798363063.0
1599609600,1501.86,1511.93,1495.11,1508.2,2563415186.0
1599696000,1514.13,1532.48,1512.53,1520.69,2170068283.0
1599955200,1528.15,1537.25,1522.28,1537.25,3386859972.0
1600041600,1545.68,1553.56,1538.43,1540.51,3134135908.0
1600128000,1544.71,1548.35,1531.05,1536.03,1800197903.0
1600214400,1537.35,1543.98,1530.67,1541.4,1845634030.0
1600300800,1555.86,1577.99,1547.13,1572.18,3315664319.0
1600560000,1595.47,1605.12,1574.08,1575.18,2742795692.0
1600646400,1587.82,1587.99,1561.49,1569.06,2637376216.0
1600732800,1576.55,1577.19,1541.75,1546.15,2810425268.0
1600819200,1543.37,1555.52,1535.03,1555.52,1727821707.0
1600905600,1565.31,1565.31,1554.38,1561.27,2233489024.0
1601164800,1569.06,1575.43,1562.11,1565.55,3138243371.0
1601251200,1566.44,1569.31,1557.42,1560.83,1690154525.0
1601337600,1564.92,1564.92,1552.77,1553.62,1829872968.0
1601424000,1561.58,1563.4,1542.57,1550.43,1953636694.0
1601510400,1553.95,1572.94,1553.95,1571.04,2807708137.0
1601769600,1577.77,1588.05,1577.77,1585.75,3178853719.0
1601856000,1587.31,1594.89,1580.65,1582.12,2578607088.0
1601942400,1588.01,1588.01,1581.75,1586.29,2510585332.0
1602028800,1593.04,1602.14,1587.59,1600.97,3358506296.0
1602115200,1607.52,1614.04,1586.96,1589.63,2862712521.0
1602374400,1594.01,1594.36,1574.62,1576.27,2395432599.0
1602460800,1580.14,1580.8,1566.7,1578.01,1949060194.0
1602547200,1583.29,1584.28,1567.23,1568.59,1819638977.0
1602633600,1572.35,1573.08,1560.45,1561.17,1496387992.0
1602720000,1564.69,1579.55,1560.69,1562.46,1425890738.0
1602979200,1565.9,1567.89,1554.14,1556.8,1252748181.0
1603065600,1556.85,1570.38,1555.46,1570.38,954656107.0
1603152000,1576.62,1583.6,1573.06,1583.6,1271829990.0
1603238400,1591.04,1597.71,1588.78,1597.71,1633246148.0
1603324800,1609.11,1609.52,1596.22,1606.25,1994543919.0
1603843200,1612.5,1647.45,1612.37,1647.45,2725994069.0
1603929600,1661.64,1663.41,1640.48,1645.67,3037694845.0
1604188800,1654.15,1654.15,1634.63,1640.95,2930939007.0
1604275200,1644.01,1646.9,1635.64,1637.63,2453954688.0
1604361600,1636.2,1644.61,1635.15,1643.03,2237964572.0
1604448000,1645.53,1645.7,1638.69,1640.64,1757423745.0
1604534400,1644.94,1645.08,1634.38,1636.17,2842469177.0
1604793600,1643.29,1648.58,1637.8,1648.58,3526777261.0
1604880000,1648.75,1661.32,1648.75,1652.8,3699879726.0
1604966400,1660.37,1678.79,1659.18,1678.79,4096190256.0
1605052800,1681.82,1707.67,1681.82,1707.67,4099604742.0
1605139200,1713.71,1722.32,1702.7,1718.49,4256475891.0
1605657600,1714.86,1741.81,1708.87,1741.81,4791041649.0
1605744000,1750.42,1779.21,1750.42,1778.12,6116730071.0
1606003200,1791.21,1811.63,1761.75,1782.81,6878787665.0
1606089600,1789.35,1792.41,1772.11,1780.43,4762704611.0
1606176000,1790.19,1813.86,1786.71,1810.11,5442950189.0
1606262400,1820.87,1874.81,1820.87,1874.81,5131886488.0
1606348800,1894.78,1926.91,1879.0,1893.24,7613030091.0
1606608000,1912.11,1971.42,1912.11,1968.27,9227348348.0
1606694400,2000.0,2028.45,1971.24,1997.05,8867714682.0
1606780800,2009.46,2022.25,1966.18,2000.4,7404154007.0
1606867200,2016.82,2077.7,2016.82,2071.02,7463482972.0
1606953600,2090.79,2118.41,2040.99,2055.45,8026023798.0
1607212800,2051.51,2051.51,1932.11,1932.11,7209180213.0
1607299200,1929.46,2004.39,1914.42,2004.39,6667956831.0
1607385600,2033.97,2047.35,1982.07,1995.35,5719436384.0
1607472000,2006.4,2009.81,1948.98,1955.75,4745649292.0
1607558400,1954.6,1974.12,1938.92,1964.02,4146321050.0
1607817600,1973.75,2010.45,1967.44,2010.45,4899484131.0
1607904000,2022.72,2069.06,2022.72,2067.17,7204136923.0
1607990400,2085.56,2100.96,2050.9,2061.41,6069331687.0
1608076800,2097.2,2097.2,2041.85,2055.22,5144675578.0
1608163200,2058.72,2059.8,2025.19,2032.51,6769890815.0
1608422400,2046.57,2046.57,1935.4,1935.63,8612857317.0
1608508800,1919.05,1977.42,1874.07,1965.96,6698874354.0
1608595200,1987.47,2061.41,1987.47,2061.41,6740744432.0
1608681600,2094.27,2127.22,2063.13,2068.45,6862445215.0
1608768000,2091.59,2091.59,2025.65,2038.63,5369046322.0
1609027200,2047.12,2047.19,1994.8,1998.65,4623452312.0
1609113600,1998.81,2013.51,1981.5,2007.29,3850320045.0
1609200000,2016.26,2031.47,2009.38,2012.89,4092227802.0
1609286400,2023.59,2062.06,2023.4,2062.06,4446222579.0
1609372800,2079.37,2112.59,2073.8,2087.27,5703469837.0
1609632000,2104.85,2175.39,2104.85,2175.39,6344017889.0
1609718400,2207.05,2216.44,2154.0,2169.04,5961733122.0
1609804800,2167.82,2182.39,2149.74,2165.49,4566381178.0
1609891200,2170.82,2185.2,2170.31,2178.57,4425472339.0
1609977600,2181.27,2204.97,2179.09,2194.48,5874708279.0
1610236800,2201.38,2238.24,2201.38,2235.72,6326646806.0
1610323200,2264.27,2266.44,2229.13,2239.42,5524832993.0
1610409600,2243.16,2267.73,2233.61,2267.73,4982391897.0
1610496000,2279.04,2296.17,2277.26,2286.54,5914389261.0
1610841600,2299.33,2316.8,2297.5,2315.0,6374267782.0
1610928000,2333.87,2340.57,2319.58,2332.31,6314664167.0
1611014400,2361.99,2362.86,2304.98,2326.9,7467439848.0
1611100800,2361.52,2362.99,2322.72,2342.76,6210966026.0
1611187200,2372.86,2376.13,2354.7,2374.64,7798528433.0
1611446400,2396.74,2429.11,2396.74,2424.84,9376053220.0
1611532800,2447.01,2456.22,2408.87,2440.87,8903538731.0
1611619200,2461.42,2462.28,2419.89,2423.09,8279701077.0
1611705600,2433.74,2449.42,2416.62,2441.85,8006238770.0
1611792000,2460.83,2460.83,2420.64,2425.29,9898456128.0
1612051200,2425.53,2425.53,2366.46,2370.54,8973206450.0
1612137600,2372.04,2413.18,2372.04,2408.24,6972936529.0
1612224000,2434.48,2473.73,2429.9,2473.73,8593472987.0
1612310400,2490.53,2519.85,2457.99,2466.92,9531716496.0
1612396800,2479.6,2481.59,2443.68,2475.26,7615071093.0
1612656000,2486.79,2524.0,2486.79,2524.0,10441951304.0
1612742400,2553.78,2563.29,2538.83,2561.47,10619163869.0
1612828800,2562.43,2585.15,2524.44,2532.46,8146269193.0
1612915200,2544.8,2547.76,2511.03,2543.03,7649411398.0
1613001600,2552.33,2565.13,2524.81,2526.92,8411732003.0
1613260800,2536.47,2536.47,2482.24,2493.59,6927668931.0
1613347200,2517.46,2586.01,2538.22,2586.01,10384197669.0
1613433600,2615.36,2631.37,2584.14,2601.51,10035454955.0
1613520000,2619.8,2623.64,2596.19,2611.45,8035510844.0
1613606400,2634.47,2642.47,2619.17,2636.68,8762146785.0
1613865600,2667.27,2667.59,2619.58,2640.34,8834603967.0
1613952000,2665.86,2676.16,2603.05,2607.67,8406310671.0
1614038400,2627.33,2627.33,2519.41,2586.51,8561539426.0
1614124800,2600.32,2620.45,2498.58,2599.07,6701872439.0
1614211200,2622.7,2622.77,2547.84,2554.13,6098188414.0
1614470400,2557.79,2559.43,2474.39,2474.39,8355289814.0
1614556800,2488.33,2524.4,2442.6,2515.03,5692316831.0
1614643200,2523.45,2529.64,2437.25,2455.33,6119638669.0
1614729600,2449.23,2453.67,2391.14,2416.01,6254809441.78
1614816000,2425.2,2507.09,2422.5,2506.68,6058104316.76
1615075200,2519.97,2527.09,2473.08,2485.1,5005466480.04
1615248000,2494.05,2494.41,2453.38,2461.88,4752708147.0
1615334400,2476.93,2479.63,2446.09,2458.49,4100406336.64
1615680000,2466.27,2469.43,2397.3,2407.26,4952722195.34
1615766400,2418.51,2432.95,2379.78,2389.19,4248424066.1
1615852800,2400.05,2417.47,2369.52,2391.75,3375699339.03
1615939200,2399.21,2432.4,2390.05,2432.15,3374552177.73
1616025600,2448.72,2476.61,2441.17,2475.09,4661792186.86
1616284800,2494.48,2538.47,2492.27,2538.47,5919824569.16
1616371200,2562.37,2568.36,2509.21,2514.4,5351337289.75
1616457600,2524.43,2531.46,2495.97,2528.96,5141897169.2
1616544000,2549.55,2570.67,2546.05,2570.31,6674423940.6
1616630400,2584.79,2595.88,2543.56,2548.97,6500806040.03
1616976000,2558.23,2562.6,2537.67,2543.52,4410345029.57
1617062400,2545.54,2576.33,2544.96,2575.67,6185679497.56
1617148800,2596.66,2619.15,2592.8,2619.03,6166900815.53
1617235200,2645.5,2645.5,2615.26,2631.9,7250924123.6
1617494400,2658.31,2658.73,2646.05,2657.61,9006858557.96
1617580800,2679.39,2682.27,2639.67,2658.75,7296760155.82
1617667200,2678.96,2678.96,2641.8,2674.47,7477795737.92
1617753600,2694.54,2694.98,2667.91,2671.62,7266972569.76
1617840000,2690.28,2690.28,2672.24,2674.36,6556616679.95
1618185600,2674.5,2694.38,2671.74,2691.56,7610828049.72
1618272000,2698.07,2715.53,2688.18,2714.79,7143151000.27
1618444800,2735.4,2755.3,2731.82,2735.4,8636668659.43
1618704000,2759.9,2760.02,2696.3,2699.51,8801803214.97
1618790400,2716.24,2716.87,2656.58,2661.94,6766801223.82
1618876800,2673.24,2684.77,2645.56,2664.62,5538617640.49
1618963200,2674.82,2675.41,2624.7,2632.21,5772251202.75
1619049600,2647.11,2651.53,2609.02,2648.01,5915139887.96
1619308800,2664.7,2665.56,2563.78,2572.21,7284194901.09
1619395200,2571.5,2579.41,2500.74,2506.62,6590928202.41
1619481600,2506.52,2599.37,2504.23,2599.08,5109096957.06
1619568000,2606.56,2622.66,2563.95,2585.28,3990431235.93
1619654400,2601.21,2612.29,2582.35,2611.11,4357019248.68
1619913600,2627.82,2665.11,2610.81,2665.11,7360800500.33
1620000000,2676.46,2694.0,2645.71,2652.58,7529290146.0
1620086400,2652.27,2663.64,2640.54,2654.03,5894773562.0
1620172800,2675.95,2676.57,2648.52,2649.6,6216814313.04
1620259200,2657.2,2659.09,2626.08,2637.13,6810091452.53
1620518400,2652.58,2652.6,2613.32,2618.63,6148966772.34
1620604800,2613.18,2647.07,2607.78,2645.85,4203832788.74
1620691200,2647.48,2680.91,2645.77,2673.32,5810673070.66
1620777600,2685.41,2688.75,2664.04,2673.88,5326052801.48
1620864000,2701.92,2702.74,2679.03,2684.01,7126885280.36
1621123200,2693.91,2738.59,2693.91,2738.3,10403879000.34
1621209600,2748.83,2771.22,2747.82,2759.22,9576361139.17
1621296000,2784.6,2794.96,2766.71,2793.81,11359360091.96
1621382400,2816.26,2822.23,2769.2,2780.81,11958097410.72
1621468800,2807.53,2807.53,2775.89,2787.19,9305222003.6
1621728000,2768.87,2820.6,2737.43,2820.0,11695034728.26
1621814400,2840.21,2850.73,2807.33,2823.05,13175353187.83
1621900800,2828.07,2836.24,2803.72,2816.6,11133398107.56
1622073600,2784.59,2836.06,2760.86,2815.4,14768808492.24
1622332800,2836.11,2854.8,2814.72,2827.93,17028432244.91
1622419200,2842.28,2851.18,2781.0,2782.86,13604619431.2
1622505600,2790.72,2799.85,2751.65,2771.15,8598160117.0
1622592000,2793.22,2827.29,2770.83,2827.13,11351815356.0
1622678400,2833.84,2876.11,2833.63,2856.77,16907020286.0
1622937600,2884.07,2920.21,2880.47,2906.91,17271787524.5
1623024000,2928.09,2933.54,2892.23,2906.7,15818659062.5
1623110400,2931.18,2960.29,2925.49,2960.14,16951320640.0
1623196800,2995.08,3005.9,2933.62,2946.58,16997092703.41
1623283200,2968.09,2971.89,2925.74,2944.78,16100412435.5
1623542400,2965.77,2984.24,2957.13,2983.11,19550166636.0
1623628800,3009.46,3051.02,3009.15,3025.83,18884031518.5
1623715200,3061.81,3064.07,3012.95,3022.11,16528749738.5
1623801600,2989.55,3031.73,2943.3,2969.72,15484479318.5
1623888000,2982.97,2990.01,2944.89,2968.42,10904958935.0
1624147200,2975.25,2980.27,2880.57,2905.32,11819428288.5
1624233600,2924.07,2924.48,2828.62,2834.41,11619035673.5
1624320000,2844.7,2914.43,2824.04,2913.84,10286269957.0
1624406400,2939.05,2940.03,2856.84,2859.96,8362671680.5
1624492800,2871.66,2873.76,2833.06,2843.0,7033603739.5
1624752000,2856.05,2883.02,2834.42,2870.18,7167432728.0
1624838400,2898.42,2901.99,2861.55,2871.7,7725594965.5
1624924800,2880.34,2890.16,2823.21,2828.0,6726361869.27
1625011200,2835.67,2844.19,2782.01,2823.88,5838551435.49
1625097600,2833.56,2867.25,2831.11,2843.0,6707775484.14
1625356800,2852.24,2857.83,2831.95,2834.52,5053538256.95
1625443200,2845.51,2847.43,2814.33,2822.74,4582212578.61
1625529600,2829.98,2835.31,2812.96,2818.11,4224018255.09
1625616000,2815.49,2826.41,2793.9,2801.13,4585861976.21
1625702400,2815.29,2832.73,2793.23,2825.11,4815520294.15
1625961600,2845.43,2900.18,2845.15,2899.82,8061382496.39
1626048000,2915.58,2930.41,2842.3,2854.84,9980026526.96
1626134400,2867.16,2884.75,2846.78,2871.03,5546356224.1
1626220800,2882.07,2883.25,2857.63,2872.05,5654576205.11
1626307200,2885.4,2890.34,2876.85,2883.38,8143614302.19
1626566400,2892.47,2980.61,2892.31,2980.61,11638126492.62
1626652800,3003.47,3032.84,2981.92,2994.42,11813754606.6
1626912000,2990.9,3018.76,2987.29,3004.33,11114121615.71
1627171200,3017.56,3058.85,3017.51,3058.64,14232417472.15
1627257600,3072.93,3076.13,3041.81,3050.43,14139785431.16
1627344000,3030.51,3085.81,2999.2,3076.37,14711703854.5
1627430400,3088.45,3113.59,3075.93,3094.95,13291954535.44
1627516800,3103.53,3107.91,3076.39,3079.82,10905830064.17
1627776000,3088.45,3099.13,3075.54,3081.07,12103871861.91
1627862400,3087.91,3101.3,3079.04,3085.07,10983682606.43
1627948800,3094.24,3111.16,3091.92,3111.09,11529217774.66
1628035200,3126.99,3140.38,3120.78,3123.15,15595794271.04
1628121600,3130.54,3138.61,3101.79,3107.45,14316249964.69
1628380800,3117.03,3121.43,3099.07,3108.13,14308136886.78
1628467200,3113.95,3122.56,3098.6,3109.6,14137338880.86
1628553600,3120.3,3164.61,3114.06,3161.56,17846147278.6
1628640000,3172.54,3198.26,3158.17,3162.41,15455941753.79
1628726400,3172.75,3189.66,3166.68,3178.91,17513276115.01
1628985600,3170.65,3187.48,3104.86,3154.34,21647600654.5
1629072000,3165.09,3171.2,3136.47,3160.09,15930897937.5
1629158400,3165.69,3177.14,3154.76,3160.32,18204939237.0
1629244800,3172.3,3220.86,3153.42,3198.19,21313489269.0
1629331200,3208.53,3227.11,3178.25,3180.86,20499210766.5
1629763200,3186.47,3188.57,3121.68,3125.01,16124468059.5
1629849600,3126.02,3126.02,3068.04,3076.45,12092103503.5
1629936000,3085.04,3108.06,3069.72,3094.05,13421974791.5
1630195200,3105.75,3116.82,3038.78,3044.87,15483687944.5
1630368000,3047.26,3047.59,2969.75,2975.84,13259696107.21
1630454400,2977.29,3019.69,2961.0,2977.02,9351799654.65
1630540800,2976.18,2994.35,2915.98,2926.74,9505970822.34
1630800000,2928.8,2929.32,2779.03,2818.73,11240391044.63
1630886400,2816.93,2981.27,2804.53,2980.79,9826222806.9
1630972800,2999.62,3004.23,2912.99,2936.61,7495812161.43
1631059200,2940.91,2940.91,2873.64,2876.59,6646623426.91
1631145600,2880.55,2912.38,2865.96,2875.98,7050770070.49
1631404800,2887.5,2947.5,2887.47,2947.42,9440035243.87
1631491200,2962.81,2984.31,2939.79,2947.7,9290554155.32
1631577600,2950.37,2964.54,2915.62,2929.29,5195295443.22
1631664000,2933.23,2936.89,2881.53,2889.03,5358097250.54
1631750400,2889.21,2889.21,2795.24,2812.39,9033900623.09
1632096000,2817.98,2821.13,2696.81,2698.25,8493401009.27
1632182400,2693.42,2766.45,2613.87,2712.07,7364798651.77
1632268800,2719.91,2819.03,2719.89,2816.95,6179300157.62
1632355200,2833.52,2883.13,2804.16,2819.66,7726371029.49
1632614400,2836.36,2846.29,2756.33,2758.48,6500117780.43
1632700800,2762.6,2769.79,2678.14,2685.42,5120973095.93
1632787200,2683.6,2695.35,2602.19,2615.4,5745488178.57
1632873600,2616.78,2666.19,2578.76,2665.94,5028555092.03
1632960000,2667.45,2687.59,2629.95,2633.42,3700029507.49
1633219200,2637.36,2640.84,2572.96,2577.5,4113814245.94
1633305600,2577.36,2596.67,2542.09,2570.81,3627799935.4
1633392000,2569.79,2620.32,2569.78,2612.65,2996819683.01
1633478400,2614.74,2681.39,2614.52,2681.11,4500658141.61
1633824000,2687.19,2720.36,2654.35,2662.58,4498043580.96
1633910400,2667.59,2670.34,2616.4,2639.38,3639468092.85
1634428800,2644.42,2670.34,2616.4,2656.97,1497375370.87
1634515200,2656.04,2656.04,2582.26,2587.45,2966899790.82
1634601600,2588.24,2588.37,2481.85,2510.73,3777793666.35
1634688000,2522.2,2590.89,2522.0,2571.66,2679028155.23
1634774400,2573.05,2585.79,2542.65,2556.96,2635390459.84
1635033600,2557.0,2587.85,2545.5,2584.53,2773420134.9
1635120000,2588.75,2672.25,2588.24,2672.25,4308895574.87
1635206400,2678.86,2751.41,2678.01,2751.07,6318340931.64
1635292800,2753.4,2806.71,2716.99,2769.13,6612648839.92
1635379200,2768.88,2783.77,2746.23,2782.17,5395268627.81
1635638400,2785.95,2838.09,2775.54,2837.62,7823226492.71
1635724800,2852.32,2866.44,2804.31,2819.87,7777510777.74
1635811200,2824.83,2845.89,2789.2,2843.62,6073716888.38
1635897600,2858.74,2878.2,2837.59,2848.84,6553059152.26
1636329600,2854.38,2863.8,2821.64,2829.65,4420719103.13
1636416000,2831.0,2833.05,2730.21,2749.86,6527729547.47
1636588800,2750.03,2750.28,2687.68,2690.29,5119602539.69
1636848000,2694.05,2704.47,2667.34,2688.92,4096219525.4
1636934400,2688.06,2728.91,2685.67,2715.35,4734651443.84
1637020800,2720.59,2784.63,2716.0,2784.58,5521650856.75
1637107200,2795.19,2825.98,2795.19,2801.52,7379446819.65
1637193600,2806.13,2810.64,2760.2,2769.13,6271867229.84
1637452800,2771.76,2780.04,2749.83,2757.53,4357309319.33
1637539200,2758.99,2778.28,2758.64,2765.44,3929261627.44
1637625600,2765.68,2765.68,2719.99,2733.14,4165896577.73
1637712000,2737.09,2743.22,2694.06,2735.01,4217415336.52
1637798400,2736.85,2746.55,2720.84,2731.78,3789709330.9
1638057600,2731.78,2733.35,2644.6,2651.49,5835135054.76
1638144000,2650.54,2677.87,2621.8,2629.98,4008937133.19
1638230400,2630.32,2648.04,2603.9,2628.37,3089041990.69
1638316800,2628.69,2649.99,2628.48,2633.66,2742085704.34
1638403200,2633.64,2645.57,2580.6,2584.61,3413589126.02
1638662400,2586.83,2587.57,2504.69,2513.89,4090765324.93
1638748800,2508.96,2549.5,2438.86,2546.09,4542345271.36
1638835200,2549.36,2590.76,2505.86,2508.91,3128341700.27
1638921600,2508.29,2511.69,2448.78,2455.81,2663909619.74
1639008000,2454.42,2465.08,2428.33,2449.97,2673308791.68
1639267200,2448.66,2455.72,2359.95,2361.27,3382509520.17
1639353600,2351.93,2351.93,2259.51,2282.01,3995604177.84
1639440000,2283.67,2418.84,2283.67,2418.85,1842647144.18
1639526400,2433.2,2493.07,2379.09,2414.62,4588390677.73
1639612800,2415.77,2418.87,2371.73,2376.74,2301751967.91
1639958400,2390.81,2390.81,2346.6,2358.81,2464689862.61
1640044800,2360.33,2415.55,2360.32,2415.55,2383259846.99
1640131200,2425.05,2509.27,2424.38,2507.7,4523338143.26
1640217600,2522.51,2542.29,2485.38,2520.23,4490266410.23
1640476800,2531.43,2596.43,2531.15,2591.42,5173200503.38
1640563200,2600.21,2616.27,2518.16,2521.65,5607439670.68
1640649600,2523.87,2533.63,2486.05,2518.99,3125575631.56
1640736000,2520.55,2538.78,2512.41,2524.5,3623480291.76
1641081600,2538.25,2585.01,2528.75,2584.91,4126980067.53
1641168000,2595.22,2634.86,2593.92,2616.94,4533017178.58
1641254400,2619.22,2679.95,2593.9,2679.95,4320269827.53
1641340800,2687.75,2700.29,2640.97,2649.2,4621598582.71
1641427200,2647.76,2692.76,2633.31,2692.47,3676846349.3
1641686400,2699.88,2770.55,2699.88,2765.47,7101831591.11
1641772800,2772.09,2806.74,2755.79,2784.95,7123424035.13
1641859200,2792.64,2848.26,2771.15,2834.13,6724526197.51
1641945600,2839.87,2874.89,2796.61,2803.62,8033212742.0
1642032000,2808.8,2858.2,2802.49,2857.75,6669748567.76
1642291200,2873.42,2940.13,2873.41,2926.74,9676317059.06
1642377600,2944.92,2956.11,2907.19,2947.38,7901890668.04
1642464000,2953.11,2981.92,2915.56,2936.66,8443419561.86
1642550400,2945.63,2952.57,2889.18,2898.31,6021311881.03
1642636800,2901.51,2936.58,2884.0,2931.34,5773120409.18
1642896000,2942.97,2962.44,2906.19,2920.51,7030508262.97
1642982400,2926.12,2926.21,2803.72,2820.65,8888513177.57
1643068800,2827.75,2857.91,2781.01,2815.06,5395672627.02
1643155200,2817.17,2819.74,2760.88,2776.65,4313154042.17
1643241600,2778.89,2804.07,2776.74,2779.98,3343413684.03
1643500800,2805.01,2885.62,2805.01,2885.53,6324274038.57
1643587200,2895.77,2909.13,2860.7,2871.05,5154177598.09
1643673600,2875.74,2897.18,2855.95,2891.3,6574842418.11
1643846400,2898.61,2925.05,2870.64,2876.74,8612174162.02
1644105600,2877.04,2877.04,2829.1,2836.17,5836414510.47
1644192000,2834.26,2853.78,2822.52,2851.86,5022017180.72
1644278400,2877.58,2921.35,2825.96,2835.58,6287217985.34
1644364800,2837.33,2837.35,2799.96,2813.52,3471109182.03
1644451200,2813.33,2825.34,2790.9,2801.56,3829533349.64
1644710400,2783.89,2784.19,2696.65,2700.89,5977214730.64
1644796800,2697.37,2729.26,2694.31,2700.98,3684009915.07
1644883200,2703.35,2754.5,2703.27,2754.29,3233318614.48
1644969600,2759.37,2772.11,2725.16,2734.44,3026330784.14
1645056000,2735.33,2745.37,2723.17,2732.52,2278173660.06
1645315200,2713.52,2715.82,2669.32,2693.1,4086474828.32
1645401600,2695.26,2719.07,2693.83,2718.51,2997681072.21
1645488000,2719.89,2750.3,2719.88,2735.93,3212887822.12
1645574400,2732.48,2747.56,2715.91,2720.43,3131210281.89
1645660800,2715.44,2715.82,2654.37,2661.44,4293864191.66
1645920000,2660.39,2680.39,2638.01,2653.7,3273065909.76
1646006400,2662.26,2683.75,2606.62,2610.6,3660189867.56
1646179200,2612.51,2612.5,2542.1,2547.04,3621143979.33
1646524800,2542.57,2568.62,2527.97,2543.39,2493241272.52
1646611200,2542.66,2566.63,2538.28,2544.93,2600930402.62
1646784000,2542.42,2557.55,2504.37,2514.58,2352317142.04
1646870400,2512.04,2566.9,2498.45,2566.9,2780216427.2
1647129600,2575.27,2667.97,2575.21,2667.97,4870715387.13
1647216000,2677.97,2683.41,2650.23,2668.11,1342232838.5
1647302400,2673.55,2677.36,2637.15,2650.97,3364229175.36
1647388800,2653.57,2661.28,2625.96,2631.32,2570401188.09
1647734400,2634.11,2644.46,2607.74,2616.58,2274626190.52
1647820800,2620.13,2634.66,2600.92,2634.65,2592718131.45
1647907200,2634.42,2658.05,2634.41,2650.7,2518894178.3
1647993600,2651.41,2654.48,2622.69,2630.36,2046352547.24
1648080000,2630.93,2639.01,2611.18,2613.67,3248943824.65
1648339200,2623.2,2642.32,2567.75,2572.23,4989514415.78
1648425600,2574.12,2580.3,2538.42,2541.84,2545321813.94
1648512000,2542.65,2562.4,2519.89,2527.58,1750628199.3
1648598400,2527.77,2568.25,2515.8,2568.25,2250117296.35
1648684800,2568.76,2584.54,2538.13,2544.3,1890164686.4
1648944000,2544.48,2547.04,2509.76,2513.41,1460773729.18
1649030400,2517.41,2525.54,2495.84,2497.47,1584671562.02
1649116800,2507.77,2507.77,2434.27,2452.06,2671232388.39
1649203200,2451.81,2458.35,2416.38,2428.75,1995964384.22
1649289600,2427.97,2476.37,2427.71,2464.31,2121511279.53
1649635200,2471.81,2510.13,2415.9,2419.71,2260786628.14
1649721600,2424.71,2428.8,2379.48,2385.02,1524364418.11
1649808000,2385.24,2415.35,2366.94,2415.24,1476318104.45
1650153600,2422.34,2437.67,2379.53,2385.64,1440723182.32
1650240000,2386.66,2387.51,2341.92,2343.87,1530692955.68
1650326400,2347.21,2372.32,2314.42,2357.24,1326865931.84
1650412800,2364.47,2367.25,2316.69,2320.51,1458737755.46
1650499200,2327.08,2333.93,2286.6,2325.45,1629168847.9
1650758400,2331.51,2430.28,2331.51,2420.91,2531275592.85
1650844800,2423.74,2444.55,2381.93,2386.01,2042253182.3
1650931200,2386.04,2402.23,2358.76,2370.99,1046014417.21
1651017600,2373.1,2376.63,2348.57,2376.17,1089992035.93
1651104000,2380.16,2390.27,2351.48,2356.17,1496246808.2
1651449600,2358.24,2359.4,2303.26,2307.44,1423498292.37
1651622400,2310.51,2312.07,2269.73,2275.68,1269219421.49
1651708800,2275.43,2275.42,2225.79,2238.62,1654561472.54
1651968000,2238.81,2256.64,2204.37,2256.57,1326421671.7
1652054400,2263.06,2289.84,2255.45,2268.84,1390607701.94
1652140800,2269.36,2314.63,2268.76,2313.0,1356687468.5
1652227200,2313.28,2369.17,2313.28,2369.06,2163990743.33
1652313600,2373.38,2389.07,2343.33,2350.42,2328434272.93
1652745600,2350.43,2350.43,2263.3,2265.52,1644096192.86
1652832000,2262.99,2281.96,2237.98,2274.42,1326320346.01
1652918400,2274.8,2282.88,2247.6,2250.91,1300981996.44
1653004800,2251.49,2258.51,2231.33,2235.09,932206084.34
1653264000,2241.26,2249.62,2191.03,2200.88,1369513191.5
1653350400,2203.14,2227.87,2190.52,2217.19,1088833541.73
1653436800,2222.49,2243.57,2222.01,2231.57,1044626939.46
1653523200,2240.61,2245.42,2222.89,2239.6,889834908.6
1653609600,2242.46,2250.69,2214.64,2223.78,1298905589.58
1653868800,2227.43,2233.54,2173.44,2173.44,1338856282.37
1653955200,2172.02,2172.01,2126.39,2137.92,1317699089.63
1654041600,2138.06,2154.58,2119.41,2130.71,1078484181.95
1654128000,2130.35,2142.65,2107.77,2112.47,1161514168.66
1654214400,2113.13,2117.4,2071.93,2078.7,1307359540.81
1654473600,2079.6,2093.95,2054.13,2065.82,1273385276.83
1654560000,2065.19,2065.19,2016.78,2020.23,1312806562.65
1654646400,2019.54,2096.18,2017.25,2080.44,1640356608.05
1654732800,2082.45,2115.6,2058.28,2062.8,1472690554.25
1654819200,2067.76,2070.01,2036.55,2048.16,894124114.1
1655078400,2049.31,2052.47,2027.05,2032.34,998674262.44
1655164800,2032.53,2034.81,1990.32,1996.26,1185546179.44
1655251200,1999.05,1999.08,1945.42,1966.37,1491758817.38
1655337600,1966.89,1993.95,1950.76,1978.94,1187145518.65
1655424000,1981.21,1991.58,1966.85,1971.36,736312157.99
1655596800,1971.84,1974.22,1928.19,1934.11,1134091212.36
1655683200,1934.03,1934.64,1879.69,1884.81,1750600171.42
1655769600,1884.25,1931.91,1877.8,1924.74,1253757714.92
1655856000,1925.46,1926.99,1889.7,1893.53,843773459.03
1655942400,1889.4,1889.4,1835.88,1848.28,1499709634.92
1656028800,1848.38,1879.45,1806.95,1862.06,1151208031.19
1656201600,1863.47,1957.09,1863.43,1956.98,2196141848.83
1656288000,1967.3,1987.59,1931.17,1933.13,2044831947.71
1656374400,1935.54,1936.01,1908.74,1921.31,1058263522.26
1656460800,1924.91,1963.77,1915.19,1962.71,1431400640.64
1656547200,1966.86,2037.64,1966.85,2037.64,2458619494.89
1656633600,2041.94,2053.98,2015.56,2028.77,1459312015.14
1656806400,2028.79,2086.38,2020.96,2086.38,2480473998.9
1656892800,2095.62,2148.61,2059.0,2076.67,4349273593.21
1656979200,2078.63,2091.88,2025.57,2030.59,2968485223.95
1657065600,2036.46,2047.37,1994.54,2043.92,2178655700.71
1657152000,2051.5,2080.96,2023.01,2027.32,1806204764.99
1657238400,2031.87,2033.4,1988.43,1992.61,1168451395.02
1657497600,1993.33,1993.55,1912.49,1915.61,2325641022.26
1657584000,1916.41,1947.54,1908.59,1927.28,1707752977.83
1657670400,1928.5,1986.82,1928.5,1986.82,2044443007.47
1657756800,1987.32,2012.16,1977.14,2001.53,2411834599.35
1657843200,2002.96,2009.89,1989.19,2009.46,1456259832.87
1658016000,2010.92,2018.97,1994.75,2011.39,1232488082.72
1658102400,2011.71,2029.46,2000.14,2029.43,1312962959.62
1658188800,2029.71,2062.36,2028.17,2045.63,2299316326.29
1658275200,2046.21,2061.56,2033.28,2050.59,1731832270.05
1658361600,2052.95,2066.07,2038.33,2044.72,1642648586.5
1658448000,2046.62,2047.29,2013.46,2017.46,1443432770.47
1658620800,2027.8,2078.51,2027.66,2078.51,2730937196.52
1658707200,2081.98,2134.62,2081.65,2132.96,4106818941.37
1658793600,2134.14,2141.61,2085.83,2088.16,3704998398.24
1658880000,2089.01,2112.11,2065.96,2111.99,3161455141.99
1658966400,2113.35,2156.39,2105.7,2127.42,4976433105.03
1659052800,2130.32,2147.63,2117.31,2140.39,2191619914.28
1659225600,2142.31,2195.35,2142.3,2195.1,4609971271.66
1659312000,2205.77,2224.48,2183.22,2196.25,4670798756.4
1659398400,2198.06,2202.88,2170.25,2193.43,3293234705.73
1659484800,2196.13,2214.05,2183.09,2186.77,4029931439.76
1659571200,2191.49,2193.35,2147.7,2148.16,3768079173.01
1659657600,2150.47,2150.58,2108.34,2113.3,2626154947.8
1659830400,2109.41,2133.62,2107.49,2123.82,2673338232.36
1659916800,2128.19,2140.26,2102.25,2106.15,2857072961.4
1660003200,2109.79,2112.71,2060.31,2062.8,2815144598.32
1660089600,2064.39,2074.92,2042.62,2056.88,1935520146.52
1660176000,2059.83,2074.73,2036.8,2037.92,1761023038.84
1660435200,2035.32,2043.03,2007.68,2010.01,1873281897.06
1660521600,2007.19,2065.9,2007.19,2065.89,2432984611.9
1660608000,2069.38,2088.23,2035.47,2041.06,2734853057.66
1660694400,2043.62,2053.09,2035.38,2040.7,1405974256.3
1660780800,2041.71,2072.37,2041.71,2068.26,2057980056.55
1661040000,2070.06,2089.25,2055.78,2060.55,2047093688.57
1661126400,2061.03,2065.81,2043.72,2053.13,1726287429.59
1661212800,2053.35,2060.21,2048.8,2054.95,1333560857.3
1661299200,2054.99,2073.54,2052.13,2057.85,1526186217.86
1661385600,2058.01,2068.55,2035.69,2039.55,1717469670.13
1661472000,2040.47,2040.46,2018.18,2022.62,1294832820.01
1661644800,2022.32,2022.76,1987.04,1989.26,2059737103.36
1661731200,1989.37,1995.78,1975.07,1993.02,1266619150.42
1661817600,1993.47,2012.18,1987.39,1995.21,1019516696.19
1661904000,1993.38,1996.89,1968.41,1973.38,1126217861.98
1661990400,1972.98,1982.34,1953.58,1972.29,1383462162.06
1662076800,1970.78,1984.88,1964.8,1970.62,698805950.93
1662249600,1971.86,1988.38,1969.48,1977.3,1071615922.48
1662336000,1978.3,1987.57,1970.68,1973.01,909904751.02
1662422400,1974.13,1978.0,1947.21,1951.79,1190765612.99
1662508800,1951.21,1955.97,1933.29,1939.88,826230582.9
1662595200,1940.19,1947.91,1925.22,1937.74,1044440646.77
1662854400,1938.2,1946.42,1922.0,1926.28,747226625.36
1662940800,1926.45,1928.71,1906.75,1912.74,831603650.57
1663027200,1913.41,1940.85,1913.2,1934.04,922574409.66
1663113600,1936.37,1984.12,1936.34,1981.48,1453824649.96
1663200000,1983.26,1989.84,1920.38,1924.48,2125655787.39
1663286400,1921.05,1921.05,1886.72,1910.38,908186487.98
1663459200,1910.2,1911.57,1874.14,1876.41,1601822954.98
1663632000,1875.41,1877.65,1833.55,1837.6,1229669722.27
1663718400,1838.4,1862.48,1838.14,1848.82,721259884.68
1663804800,1848.79,1856.02,1836.17,1838.96,655705169.42
1664064000,1838.0,1838.67,1811.32,1815.13,1072480097.24
1664236800,1814.71,1842.05,1814.68,1831.05,663013000.45
1664323200,1831.24,1845.69,1831.23,1837.46,485408767.82
1664409600,1836.84,1853.8,1835.95,1853.76,632407627.67
1665273600,1854.57,1898.45,1854.54,1898.38,836873139.83
1665360000,1901.25,1908.58,1866.83,1871.22,971767714.44
1665446400,1871.28,1871.28,1849.8,1855.16,552809984.5
1665532800,1854.57,1872.86,1848.13,1866.48,691737893.98
1665619200,1866.54,1878.16,1860.85,1870.63,829646920.43
1665878400,1871.09,1872.52,1852.74,1860.94,803525533.18
1665964800,1861.55,1864.74,1854.24,1858.33,515818989.83
1666137600,1858.03,1861.93,1840.5,1845.51,643607975.26
1666224000,1845.38,1849.86,1834.31,1844.14,507689560.53
1666483200,1844.5,1858.57,1843.8,1858.49,516803483.6
1667174400,1860.39,1874.88,1856.93,1874.87,697317611.31
1667260800,1876.55,1931.54,1871.77,1930.99,1290664641.8
1667347200,1933.24,1956.61,1916.32,1938.3,1467914875.04
1667433600,1939.5,1940.61,1918.84,1922.16,898907829.98
1667692800,1924.2,1965.7,1919.24,1965.36,1548032561.21
1667779200,1968.07,1987.32,1955.28,1958.94,2109163383.69
1667865600,1959.22,1966.41,1948.35,1956.36,1053137466.97
1667952000,1957.76,1967.8,1914.27,1917.22,1407395436.87
1668038400,1919.1,1929.01,1889.64,1893.7,1119461411.4
1668297600,1892.94,1901.31,1879.58,1883.16,774911706.65
1668384000,1883.58,1904.5,1879.36,1904.45,946089521.22
1668470400,1905.21,1919.8,1895.89,1897.86,1023609960.42
1668556800,1898.7,1914.38,1898.7,1911.26,859468158.3
1668643200,1912.24,1939.59,1912.04,1936.83,1715419286.42
1669075200,1938.47,1961.28,1926.39,1929.7,1352885779.65
1669161600,1931.01,1933.93,1913.09,1921.99,1022293552.83
1669248000,1922.72,1933.55,1916.35,1933.55,925174380.45
1669507200,1934.45,1965.98,1934.41,1965.98,2025489052.14
1669593600,1968.93,1980.26,1947.37,1950.37,1494394613.66
1669680000,1951.31,1957.88,1933.64,1953.35,957060225.96
1669766400,1953.07,1955.6,1942.95,1949.85,842695301.99
1669852800,1949.48,1969.02,1941.58,1961.06,1322972185.65
1670112000,1961.07,1973.55,1957.18,1963.22,1561702992.01
1670198400,1964.79,1965.77,1935.65,1938.76,1670455034.63
1670284800,1941.08,1944.11,1922.13,1933.88,965210899.14
1670371200,1935.08,1936.39,1916.19,1917.28,1654662550.99
1670716800,1916.04,1918.51,1883.09,1885.31,1103404045.08
1670803200,1884.22,1902.42,1868.65,1902.27,1366010464.02
1670889600,1900.23,1904.75,1888.82,1899.7,777089165.15
1670976000,1900.61,1906.04,1893.01,1897.08,727877897.36
1671062400,1897.34,1899.0,1880.16,1882.6,1192616187.82
1671321600,1883.65,1883.82,1850.96,1855.06,1157155099.09
1671408000,1855.19,1865.18,1849.19,1858.89,886098568.38
1671494400,1859.72,1881.21,1858.57,1873.11,930839901.14
1671580800,1874.85,1883.09,1864.7,1867.22,863816561.06
1671667200,1864.41,1867.21,1850.58,1867.21,1119797921.31
1672012800,1868.18,1924.09,1866.37,1924.09,2097049941.35
1672099200,1928.81,1999.01,1928.81,1983.95,3884396997.98
1672185600,1991.81,1994.33,1961.57,1972.15,2153547207.91
1672272000,1973.18,2029.11,1962.42,2029.03,2860345781.68
1672531200,2037.21,2083.19,2030.25,2046.26,4048879510.19
1672617600,2047.46,2070.58,2028.32,2064.09,2960927440.67
1672704000,2066.02,2081.53,2050.57,2061.06,3458089787.92
1672790400,2069.34,2126.04,2066.57,2125.84,3501142097.43
1672876800,2134.88,2160.73,2113.32,2143.93,5040740937.09
1673136000,2148.93,2191.69,2126.47,2164.61,5459925001.19
1673222400,2171.46,2211.77,2161.03,2211.76,5314307853.43
1673308800,2215.35,2277.61,2178.19,2190.42,7658823579.86
1673481600,2203.84,2237.37,2143.97,2149.39,5477624724.37
1673913600,2152.05,2187.79,2136.38,2182.11,3724794587.76
1674000000,2185.73,2214.78,2166.35,2173.1,4928714602.65
1674086400,2175.3,2192.71,2163.14,2178.81,3044529329.67
1674432000,2184.77,2203.13,2162.83,2165.1,3864008973.69
1674518400,2166.05,2173.24,2139.89,2173.25,3003230039.44
1674604800,2175.67,2199.93,2175.13,2183.62,3466508338.64
1674691200,2186.5,2201.64,2177.99,2183.21,2860082839.03
1674950400,2185.46,2192.85,2163.89,2168.53,3017063956.47
1675036800,2166.31,2174.66,2124.83,2127.52,3302201825.93
1675123200,2130.29,2136.44,2107.77,2111.68,2824540406.61
1675209600,2111.44,2124.3,2104.48,2116.65,1767051916.0
1675296000,2118.56,2126.14,2090.14,2094.54,2096419161.88
1675555200,2096.7,2118.27,2087.69,2096.08,1931719103.93
1675641600,2096.32,2102.7,2087.2,2100.7,1474161645.6
1675728000,2100.12,2177.75,2099.03,2177.34,3362267078.75
1675814400,2181.62,2213.89,2161.0,2170.21,3691972817.15
1675900800,2171.17,2183.75,2153.31,2182.61,2062058749.14
1676160000,2181.2,2181.2,2117.67,2121.75,3047739812.93
1676332800,2122.41,2122.56,2100.57,2105.46,1787016372.71
1676419200,2105.03,2117.84,2086.78,2091.56,1732575202.79
1676505600,2090.49,2099.43,2066.78,2070.41,1684942096.45
1676851200,2069.67,2069.78,2040.18,2046.81,1947623993.42
1677024000,2049.65,2084.04,2048.11,2080.38,1803282180.68
1677110400,2078.48,2078.48,2014.6,2022.64,2522713153.88
1677369600,2016.54,2029.66,1961.24,2027.19,2525071806.13
1677456000,2029.23,2043.99,1990.27,2023.54,1893736365.84
1677542400,2024.82,2033.7,2013.25,2019.93,1387865515.75
1677628800,2020.72,2024.7,1994.46,1995.49,1288363424.63
1677715200,1995.34,1996.47,1966.91,1967.45,1303055315.8
1677974400,1967.49,1975.93,1935.21,1938.25,1392354893.48
1678147200,1937.43,1964.08,1937.43,1952.66,1204409411.62
1678320000,1955.57,2002.99,1955.55,2002.7,1565558802.91
1678579200,2008.26,2017.3,1970.67,1975.89,1666931510.75
1678665600,1975.43,1977.52,1944.42,1951.21,1162503515.16
1678752000,1950.41,1965.19,1939.32,1953.06,1135925357.91
1678838400,1953.96,1956.37,1926.57,1938.62,1202141882.65
1678924800,1938.62,1946.77,1919.93,1933.31,1141455062.5
1679184000,1933.23,1939.43,1922.22,1926.4,1069804825.13
1679270400,1926.28,1949.17,1925.41,1949.06,1298583988.29
1679443200,1952.19,1962.94,1929.49,1933.29,1333719929.67
1679529600,1933.11,1933.56,1905.96,1915.14,1413172802.5
1679788800,1915.32,1915.41,1881.07,1888.27,1289371531.03
1679875200,1885.65,1907.04,1864.91,1906.0,1382767991.84
1679961600,1910.35,1936.48,1906.4,1918.1,1443713878.31
1680048000,1920.09,1922.04,1901.62,1919.42,816219129.76
1680134400,1920.01,1932.68,1905.12,1908.55,899532139.4
1680393600,1910.49,1928.66,1883.2,1888.55,1207122600.13
1680480000,1888.61,1892.03,1865.96,1871.88,920249011.54
1680566400,1872.65,1880.46,1856.35,1866.68,917610296.04
1680652800,1866.83,1878.77,1857.54,1875.07,816046790.0
1680739200,1875.88,1889.07,1863.66,1866.79,920686094.33
1680998400,1867.47,1869.43,1833.68,1838.48,1159448411.72
1681084800,1837.65,1851.49,1833.08,1844.02,911976049.12
1681171200,1845.65,1872.11,1844.41,1871.33,945249179.36
1681257600,1871.46,1963.89,1871.46,1963.55,1976076732.34
1681344000,1973.09,1981.87,1928.93,1934.47,1653334665.77
1681603200,1934.51,1945.05,1918.52,1931.68,974599061.51
1681689600,1931.84,1937.65,1904.39,1908.04,920078571.12
1681776000,1905.96,1911.51,1892.82,1904.98,870448151.88
1681862400,1903.36,1924.4,1903.28,1920.12,872141116.12
1681948800,1918.49,1928.76,1902.15,1904.4,983367311.0
1682208000,1904.94,1906.66,1881.15,1885.6,828534036.34
1682294400,1885.77,1891.87,1875.14,1888.32,751330393.7
1682380800,1887.3,1905.73,1885.17,1905.68,885578270.76
1682467200,1907.54,1913.28,1888.89,1892.0,847028219.41
1682553600,1892.94,1895.17,1880.25,1889.73,739650247.5
1682812800,1889.41,1890.34,1867.73,1870.65,954322377.94
1682985600,1871.63,1878.96,1860.43,1866.4,692271755.19
1683072000,1866.68,1868.35,1852.35,1857.23,620266016.88
1683158400,1856.97,1875.26,1846.67,1869.73,732689811.89
1683417600,1870.41,1872.22,1848.8,1850.61,608135094.13
1683504000,1850.73,1854.21,1825.61,1833.69,824217001.85
1683590400,1831.64,1856.07,1828.99,1844.36,774760647.07
1683676800,1845.64,1852.05,1835.61,1841.93,589100077.12
1683763200,1840.05,1843.44,1831.2,1838.59,578841593.52
1684022400,1840.82,1849.56,1818.08,1821.64,900563856.25
1684108800,1821.81,1826.65,1807.53,1818.31,724969980.4
1684195200,1817.87,1827.77,1810.1,1821.6,640117260.52
1684281600,1821.54,1846.72,1821.02,1845.01,857624318.46
1684368000,1846.69,1883.2,1844.5,1877.32,1474765388.21
1684627200,1878.68,1903.06,1874.4,1883.2,1600492731.53
1684713600,1883.45,1898.91,1866.08,1891.31,1278704726.38
1684800000,1891.37,1942.64,1891.37,1942.63,2200023945.87
1684886400,1943.81,1962.66,1928.16,1959.12,1873018024.09
1685232000,1960.95,1977.57,1938.12,1941.74,2639659499.7
1685404800,1944.03,1944.06,1884.91,1888.61,2341777844.61
1685491200,1884.49,1893.84,1844.32,1849.79,2315169571.94
1685577600,1850.79,1877.0,1837.24,1866.34,1654648922.34
1685836800,1866.35,1925.11,1865.73,1919.37,1656340391.57
1685923200,1922.13,1935.8,1899.54,1901.99,1973491107.31
1686009600,1902.75,1927.66,1893.61,1927.65,1981012701.99
1686096000,1929.16,1950.81,1928.13,1932.33,2368815635.92
1686182400,1933.4,1947.45,1920.65,1939.61,2305888931.72
1686441600,1941.52,1983.98,1941.24,1980.09,3454344563.91
1686528000,1984.36,2003.25,1972.0,1987.87,2886509415.69
1686614400,1989.43,2034.8,1977.52,2020.64,4126695943.97
1686700800,2020.15,2067.1,2015.19,2037.06,5017807682.8
1686787200,2040.58,2050.03,2017.7,2042.07,3162810843.58
1687046400,2045.06,2094.33,2037.9,2094.33,4869184016.02
1687132800,2097.53,2107.6,2075.21,2091.39,4740608880.28
1687219200,2093.56,2117.3,2057.03,2064.83,4110606953.97
1687305600,2067.21,2082.97,2043.84,2050.78,3496822260.78
1687392000,2054.62,2074.38,2042.28,2055.53,3444862501.6
1687651200,2057.37,2119.8,2057.37,2117.73,6490412665.89
1687737600,2124.01,2154.86,2120.42,2129.42,5312422087.27
1687824000,2132.61,2186.68,2132.48,2186.36,5476287740.48
1687910400,2193.51,2205.97,2146.06,2150.99,5972286481.45
1688256000,2154.8,2160.24,2094.07,2097.29,5081976179.39
1688342400,2096.72,2113.74,2069.6,2075.97,4051078375.44
1688428800,2079.42,2104.38,2067.22,2088.7,2576140128.5
1688515200,2090.38,2101.59,2046.55,2049.44,3073992136.78
1688601600,2050.28,2064.57,2033.43,2049.38,3077498315.3
1688860800,2050.36,2085.23,2049.69,2077.76,3042543961.01
1688947200,2081.75,2102.09,2067.85,2076.96,3797986583.25
1689033600,2078.25,2084.92,2064.52,2072.24,2859490490.47
1689120000,2072.24,2099.71,2072.24,2097.55,3187695774.34
1689206400,2095.72,2121.83,2080.42,2084.93,3390660605.31
1689465600,2085.68,2105.67,2079.18,2097.09,2376427573.77
1689552000,2097.99,2144.6,2089.16,2144.16,2560191288.71
1689638400,2147.69,2171.13,2146.52,2154.07,3548829029.13
1689724800,2154.02,2174.63,2141.82,2165.24,3348679900.45
1689811200,2165.7,2179.72,2152.82,2163.92,3052410659.63
1690070400,2166.47,2228.74,2166.44,2227.16,4375196232.8
1690156800,2227.21,2244.13,2194.16,2200.5,4737608810.44
1690243200,2202.99,2206.46,2162.55,2164.31,2910732418.71
1690329600,2168.46,2186.49,2152.54,2156.2,2432508769.57
1690416000,2155.49,2165.97,2124.32,2126.48,2425780564.1
1690675200,2126.85,2138.67,2091.5,2100.34,2502886527.87
1690761600,2097.85,2126.57,2094.06,2106.18,1858002175.73
1690848000,2106.06,2124.32,2070.33,2077.58,1924434899.9
1690934400,2078.6,2086.84,2062.0,2086.84,1812473856.13
1691020800,2088.56,2109.29,2083.92,2089.84,1781941701.81
1691280000,2095.43,2101.9,2041.69,2051.47,2687148234.55
1691366400,2051.57,2069.73,2030.19,2048.26,2333573297.98
1691452800,2047.72,2055.31,2013.37,2019.85,1737014499.56
1691539200,2018.72,2061.08,2000.23,2060.91,1888326469.62
1691625600,2058.96,2080.81,2045.98,2066.05,2156583945.68
1691884800,2065.4,2087.93,2057.7,2080.86,3018460512.26
1691971200,2079.25,2094.04,2073.49,2077.24,2091390638.3
1692057600,2077.03,2078.76,2041.12,2045.44,2157312369.51
1692144000,2044.05,2044.05,2014.0,2025.12,1679980623.09
1692230400,2025.98,2043.01,2025.4,2033.13,1541367398.79
1692489600,2033.2,2034.88,2008.03,2011.14,1447408942.67
1692576000,2012.46,2019.51,1991.81,1998.28,1408981601.68
1692662400,1998.14,2016.18,1990.29,2015.98,1332564769.51
1692748800,2016.8,2048.26,2015.8,2045.45,1510488984.6
1692835200,2045.86,2052.2,2009.09,2013.93,1550582685.37
1693094400,2014.21,2016.11,1989.22,1993.38,1262767876.55
1693180800,1994.03,2009.7,1989.37,1998.48,988628562.24
1693267200,1999.01,2002.81,1988.51,1993.42,865120452.4
1693353600,1994.63,2001.72,1985.1,1990.59,1130008041.15
1693699200,1990.82,1991.11,1958.83,1960.78,1186618410.87
1693785600,1960.79,1977.96,1946.62,1967.83,1099139697.16
1693872000,1966.8,1974.11,1954.19,1961.37,796870408.05
1694044800,1960.72,1960.78,1929.66,1932.45,1150920607.6
1694304000,1933.25,1946.75,1933.06,1942.68,1072212418.6
1694390400,1942.98,1986.99,1941.86,1986.99,1518343397.24
1694476800,1987.17,1998.54,1962.71,1967.57,1135057515.51
1694563200,1967.26,2007.48,1967.25,2007.06,1495521905.77
1694908800,2009.99,2010.86,1961.05,1964.91,2028465610.94
1694995200,1965.45,1974.98,1952.88,1969.18,870444156.82
1695081600,1970.42,1986.72,1960.62,1985.43,1176680757.5
1695254400,1988.71,2040.28,1988.67,2029.78,3293921368.32
1695513600,2029.42,2037.02,2003.83,2010.35,2326895206.99
1695600000,2012.21,2015.56,1999.62,2004.45,1565573471.78
1695686400,2006.64,2030.51,2005.42,2022.91,2093809518.54
1695772800,2023.52,2027.19,1993.46,2004.3,1814359022.2
1696118400,2004.58,2005.32,1964.44,1971.1,1830486743.11
1696204800,1970.28,1982.51,1954.35,1976.29,1737314092.32
1696291200,1977.83,1978.27,1954.13,1958.72,1199101324.81
1696377600,1958.87,1976.19,1957.23,1967.97,1189931385.37
1696464000,1967.58,1970.15,1954.02,1956.92,1106519418.2
1696723200,1963.8,1964.02,1917.69,1921.24,1801766294.08
1696809600,1919.97,1926.72,1902.87,1908.66,1170172722.08
1696896000,1908.29,1913.58,1885.37,1889.59,1283182145.32
1696982400,1890.04,1905.05,1884.4,1894.76,1088547980.13
1697068800,1896.18,1897.6,1870.19,1874.6,1700129815.0
1697414400,1874.13,1876.62,1846.79,1851.43,1253291070.96
1697500800,1851.18,1884.67,1851.03,1864.62,1008437860.61
1697587200,1864.28,1908.4,1864.25,1907.89,934894218.15
1697673600,1908.66,1915.98,1893.94,1903.84,970612892.03
1698537600,1903.59,1903.91,1867.09,1875.65,742925392.56
1698624000,1876.47,1878.83,1856.9,1878.7,694222217.37
1698710400,1878.29,1878.98,1860.47,1864.4,571483276.48
1698796800,1864.19,1872.19,1853.49,1858.56,812089291.31
1698883200,1858.27,1859.48,1842.73,1847.7,964477711.41
1699142400,1846.75,1846.77,1817.76,1826.23,972367278.92
1699228800,1826.68,1850.58,1824.56,1847.54,938929040.59
1699315200,1848.06,1864.85,1847.1,1858.76,996586291.9
1699401600,1858.11,1869.01,1851.19,1863.94,782743264.94
1699488000,1864.4,1866.93,1847.85,1852.08,836005656.08
1700438400,1852.29,1873.34,1846.52,1853.48,1099318029.7
1700524800,1853.17,1853.87,1821.38,1829.65,950479583.91
1700611200,1830.11,1850.54,1816.4,1850.33,1087098495.59
1700697600,1847.69,1864.59,1826.49,1860.2,1348347430.3
1700956800,1859.24,1908.19,1852.67,1907.95,2011763358.52
1701043200,1909.97,1926.52,1889.71,1896.67,1754750755.82
1701129600,1896.4,1902.63,1885.23,1894.53,1280228971.86
1701216000,1894.79,1907.07,1871.93,1876.6,1014195575.01
1701302400,1874.24,1876.4,1851.32,1858.53,1323519357.21
1701561600,1858.47,1861.67,1837.85,1851.23,964010431.27
1701648000,1848.71,1859.32,1843.37,1847.81,1197257894.69
1701734400,1849.01,1857.35,1833.02,1837.71,1544935438.34
1701820800,1837.24,1841.8,1830.31,1841.04,1141812382.78
1701907200,1840.42,1861.22,1834.64,1852.77,2799146433.95
1702166400,1866.12,1963.98,1866.12,1963.98,482482239.14
1702252800,1989.54,1989.71,1928.76,1948.57,4842774386.84
1702339200,1952.19,1990.39,1940.15,1985.44,4309019196.26
1702425600,1990.36,2017.22,1976.04,1988.04,3909198570.27
1702512000,1989.53,1997.12,1973.42,1994.6,3151635750.12
1702771200,1986.06,2022.82,1951.02,2022.35,5157846979.05
1702857600,2025.73,2070.59,2025.68,2060.49,6868177565.83
1702944000,2065.06,2107.32,2053.27,2106.48,5984699175.73
1703030400,2113.94,2150.98,2110.76,2141.87,7009575176.13
1703116800,2148.16,2154.51,2102.79,2109.1,6274324811.9
1703376000,2113.69,2132.63,2082.93,2088.07,7111733829.8
1703635200,2089.89,2109.35,2055.35,2070.84,5248782611.37
1703721600,2072.09,2085.36,2059.49,2068.9,4290932297.6
1704067200,2072.45,2096.44,2056.87,2060.15,4483982461.34
1704153600,2060.47,2061.92,2024.14,2030.1,4044659922.73
1704240000,2030.95,2058.31,2023.76,2058.0,4048857454.59
1704326400,2058.57,2072.08,2046.05,2049.28,5581107804.7
1704585600,2049.9,2056.49,2019.77,2022.92,5241408379.85
1704672000,2025.89,2059.66,2025.62,2059.49,4675224906.28
1704758400,2063.56,2098.04,2063.42,2080.12,6118317866.67
1704844800,2084.59,2116.44,2084.44,2089.62,5134848789.38
1704931200,2091.28,2106.43,2082.49,2088.99,4307763277.27
1705190400,2093.48,2121.67,2093.44,2120.62,5450421806.4
1705363200,2125.2,2178.37,2125.11,2175.17,8023862406.69
1705449600,2181.8,2215.54,2154.02,2163.06,9768969868.61
1705536000,2163.39,2167.43,2133.12,2155.82,8174986282.97
1705795200,2156.52,2165.67,2123.86,2130.18,7677740058.04
1705881600,2128.56,2134.81,2090.64,2098.69,6366070003.35
1705968000,2096.99,2112.15,2087.22,2098.29,4294566751.66
1706054400,2098.97,2120.46,2083.45,2088.04,3897022598.98
1706140800,2088.49,2096.75,2072.78,2084.09,3764505450.98
1706400000,2084.64,2098.14,2075.37,2094.46,3833776580.76
1706486400,2097.48,2114.79,2097.23,2104.72,4566522230.82
1706572800,2105.87,2128.11,2105.46,2119.61,5544217593.12
1706659200,2119.17,2131.28,2088.48,2097.93,5295605057.48
1706745600,2103.2,2103.22,2063.68,2067.01,4180632139.37
1707004800,2067.47,2072.9,2053.46,2061.7,3216727221.79
1707091200,2063.93,2084.8,2060.55,2076.27,2438058254.56
1707177600,2073.83,2087.24,2067.59,2085.71,2591534907.76
1707264000,2095.1,2107.57,2086.76,2090.64,2842550237.47
1707350400,2094.18,2097.97,2082.72,2096.38,3212283453.63
1707609600,2101.28,2109.32,2083.6,2085.82,4085678472.16
1707696000,2085.81,2103.91,2081.81,2101.16,3586984128.48
1707782400,2101.56,2101.55,2064.84,2070.59,4667179304.14
1707868800,2071.71,2081.62,2064.34,2076.5,4252722895.26
1707955200,2075.62,2077.1,2055.72,2062.03,3869118741.98
1708214400,2060.68,2062.32,2030.29,2034.82,3775422196.17
1708387200,2034.79,2043.5,2025.89,2033.06,3113556978.43
1708473600,2034.39,2044.44,2020.88,2026.59,2241961799.37
1708560000,2027.57,2030.4,2000.55,2005.83,3206167025.37
1708819200,2006.89,2011.81,1976.68,1979.02,3086951070.51
1708905600,1980.9,1997.52,1973.3,1992.3,2017739060.68
1708992000,1992.7,2007.85,1980.43,2001.64,1869813526.21
1709078400,2002.94,2009.5,1992.46,2000.77,2038100977.42
1709164800,2001.02,2007.57,1970.04,1972.09,2598737228.86
1709424000,1972.63,1975.39,1946.42,1960.3,2082786089.08
1709510400,1976.14,2078.16,1976.14,2078.0,375209978.32
1709596800,2094.71,2095.19,2003.77,2007.69,4113676958.02
1709683200,2008.93,2036.32,1992.34,2017.03,3450838357.2
1709769600,2020.95,2040.9,2017.0,2030.55,3199205820.35
1710028800,2032.58,2061.2,2032.58,2052.65,2922771558.91
1710201600,2065.63,2111.24,2064.08,2111.24,4551632347.82
1710288000,2123.91,2124.08,2093.89,2108.72,4248523332.22
1710374400,2110.55,2110.55,2074.05,2080.87,3943592302.13
1710633600,2082.41,2086.03,2064.32,2070.25,3387980384.33
1710720000,2073.59,2075.62,2060.08,2073.53,2885637818.91
1710806400,2074.54,2091.52,2064.44,2067.29,3633936554.87
1710892800,2072.48,2084.59,2058.78,2063.95,3496284036.16
1710979200,2065.52,2074.97,2045.11,2048.57,4313017713.5
1711324800,2050.68,2051.67,2027.77,2031.55,2489118485.08
1711411200,2033.0,2048.74,2032.13,2041.7,2354348503.01
1711497600,2042.09,2053.71,2025.1,2030.86,2235485534.3
1711584000,2033.42,2039.34,2023.13,2035.64,2653349468.51
1711843200,2034.71,2040.48,2014.32,2018.33,3205332324.76
1711929600,2017.18,2019.76,2006.96,2012.07,2874754305.75
1712016000,2014.55,2018.07,2004.28,2010.21,2291645585.49
1712102400,2011.66,2017.21,1999.85,2006.78,2536233986.67
1712188800,2007.13,2011.37,2000.33,2004.05,3037267307.85
1712448000,2009.05,2026.82,2000.36,2026.81,4256676333.56
1712620800,2035.2,2046.61,2030.44,2036.01,4143783989.11
1712707200,2038.11,2045.46,2016.34,2025.3,3485660640.32
1713052800,2025.7,2031.9,2017.88,2023.35,3063772652.62
1713139200,2022.32,2026.99,2002.21,2006.52,2797577432.68
1713225600,2004.97,2004.96,1988.19,1991.71,2103019218.58
1713398400,1992.37,1992.37,1967.39,1972.14,2093612792.78
1713657600,1972.92,1984.46,1953.29,1984.43,2259959456.89
1713744000,1984.08,1992.78,1964.42,1969.02,2058305185.19
1713916800,1969.41,1979.57,1963.34,1969.17,2536431998.5
1714003200,1971.36,1974.91,1960.92,1965.93,2366975594.12
1714262400,1973.54,1981.55,1965.14,1980.27,2682586955.82
1714348800,1990.32,1990.31,1974.52,1980.34,2959458501.43
1714435200,1991.51,2016.61,1979.31,2006.28,4800044601.66
1714608000,2025.79,2026.62,1995.49,1998.96,4133362726.23
1714867200,1998.45,1999.17,1969.96,1974.37,3795748296.39
1714953600,1980.23,1980.81,1952.63,1958.75,2891319979.88
1715040000,1959.91,1970.71,1955.16,1960.81,2140502621.77
1715126400,1961.28,1968.25,1954.22,1960.6,2547030825.5
1715212800,1963.45,1970.55,1955.15,1966.23,3121286362.59
1715472000,1973.79,1981.79,1961.89,1974.5,3155142168.43
1715558400,1979.68,2000.55,1970.54,1998.89,3408608157.91
1715644800,2000.7,2027.59,1999.14,2027.51,4088853664.8
1715731200,2030.87,2048.29,2012.56,2017.97,3708430055.17
1715817600,2029.1,2029.1,2009.35,2018.76,4233816403.71
1716076800,2044.81,2068.91,2028.07,2064.45,5251024786.63
1716163200,2069.88,2121.01,2069.52,2092.0,5854354212.19
1716249600,2095.57,2118.34,2081.07,2115.94,5206208111.56
1716336000,2116.74,2140.24,2108.37,2131.49,5687680912.8
1716681600,2135.25,2142.58,2106.36,2109.34,4441538471.7
1716768000,2111.67,2124.57,2096.83,2113.27,3893764143.93
1716940800,2133.73,2153.39,2086.44,2089.42,4575063274.39
1717027200,2091.03,2100.11,2065.59,2069.53,4217494195.65
1717286400,2073.06,2086.44,2068.08,2083.04,4311015629.95
1717372800,2087.8,2096.57,2073.02,2079.07,4004070243.6
1717459200,2087.03,2092.71,2077.56,2085.3,4084715877.41
1717545600,2087.74,2091.88,2072.31,2079.71,3992976492.79
1717632000,2080.56,2089.1,2073.47,2077.78,4388278720.38
1717891200,2093.71,2093.71,2068.84,2073.19,5189079522.44
1717977600,2088.14,2089.15,2072.23,2082.09,5490609782.28
1718064000,2099.77,2115.27,2086.81,2115.24,5555361739.06
1718150400,2116.91,2134.12,2116.33,2121.62,5894089245.13
1718236800,2125.31,2127.09,2106.25,2112.29,6443029208.11
1718496000,2116.03,2117.15,2090.13,2095.25,5472253551.85
1718668800,2098.6,2099.02,2073.91,2076.49,4055737884.32
1718755200,2077.75,2086.85,2073.34,2078.76,3404372632.64
1718841600,2095.13,2095.38,2063.9,2068.31,3870744903.34
1719100800,2068.71,2079.76,2057.34,2062.94,4374597458.65
1719187200,2063.09,2079.36,2058.81,2066.16,5077255116.15
1719273600,2067.32,2077.63,2067.03,2071.77,4187796833.89
1719360000,2075.75,2077.26,2055.2,2060.16,4058047734.22
1719446400,2059.61,2059.97,2046.95,2051.92,3715903824.54
1719705600,2051.73,2059.79,2034.5,2037.09,3607198407.66
1719792000,2038.7,2053.38,2030.38,2053.38,2999965021.53
1719878400,2085.83,2162.49,2085.82,2100.43,4576831720.09
1719964800,2101.84,2104.38,2076.95,2104.22,5083528935.17
1720051200,2107.78,2129.37,2105.83,2119.69,6482546980.64
1720310400,2122.0,2147.12,2121.26,2140.97,6002931854.71
1720396800,2143.95,2149.19,2128.72,2136.35,4569836106.0
1720483200,2138.61,2152.24,2129.71,2152.14,5535958885.31
1720569600,2162.87,2176.6,2160.63,2175.4,5744083391.51
1720656000,2188.64,2205.15,2185.02,2204.61,7080698146.05
1720915200,2239.41,2290.95,2230.5,2257.59,7620498520.87
1721001600,2277.86,2288.16,2231.69,2240.41,8731436037.15
1721088000,2243.07,2310.84,2231.83,2310.59,9114401552.61
1721174400,2323.68,2364.76,2311.93,2364.63,12059266113.47
1721260800,2373.53,2459.94,2355.59,2424.32,15548800738.21
1721520000,2431.49,2494.71,2408.25,2485.94,15238271290.98
1721606400,2491.17,2504.53,2441.56,2488.09,13915535440.98
1721692800,2493.92,2563.45,2469.56,2563.43,14116330995.76
1721779200,2573.23,2600.41,2513.43,2536.11,16208577314.53
1721865600,2540.14,2572.88,2518.47,2568.11,14137899049.28
1722124800,2606.42,2708.58,2606.4,2681.56,15810596235.45
1722211200,2706.73,2737.68,2655.15,2661.09,19609177106.29
1722297600,2669.41,2709.89,2609.02,2696.65,17266391542.97
1722384000,2708.25,2791.02,2707.57,2760.9,21911503161.06
1722470400,2772.24,2805.57,2742.53,2755.62,21713431007.74
1722816000,2770.39,2806.69,2744.1,2796.38,21864992277.64
1722902400,2802.04,2815.94,2644.85,2651.32,23716716874.1
1722988800,2644.73,2759.67,2630.86,2759.67,17950918627.83
1723075200,2772.84,2811.15,2744.86,2766.38,20070434103.38
1723334400,2780.09,2860.96,2779.24,2860.91,25779453509.9
1723420800,2876.48,2937.4,2876.46,2931.65,27242034765.89
1723507200,2947.7,2971.69,2891.43,2923.46,21515010633.31
1723593600,2936.62,2959.19,2883.81,2957.75,23430581150.48
1723680000,2979.6,3036.64,2975.11,3000.81,29958519216.95
1723939200,3017.2,3048.15,2945.49,2966.33,28836997376.12
1724198400,2981.03,3002.74,2943.61,2968.44,18906373792.01
1724284800,2974.78,3018.93,2967.47,2974.46,19160652085.56
1724544000,2987.06,2990.04,2885.39,2894.57,19740593800.64
1724716800,2899.8,2902.75,2770.39,2782.6,18649533170.35
1724803200,2791.09,2860.89,2761.02,2786.4,13727368393.64
1724889600,2791.3,2800.28,2727.57,2749.57,12243601365.9
1725148800,2749.68,2781.75,2686.61,2695.93,10517682349.32
1725235200,2698.0,2823.7,2678.91,2823.25,13104631802.67
1725321600,2834.42,2860.43,2802.92,2830.16,13577105289.17
1725408000,2860.07,2860.39,2732.4,2739.46,12925688215.22
1725494400,2740.21,2758.92,2686.62,2727.36,9651513246.31
1725753600,2732.83,2760.45,2697.84,2701.9,10122408249.12
1725840000,2702.57,2706.54,2637.71,2646.03,9439106425.54
1725926400,2648.07,2688.26,2616.98,2632.94,7245568421.39
1726012800,2636.3,2651.19,2601.91,2610.21,6851179051.18
1726099200,2625.46,2688.52,2604.83,2688.38,8169274612.81
1726358400,2698.52,2734.58,2630.11,2637.79,10339235957.45
1726444800,2635.97,2637.52,2570.62,2580.76,7361988383.74
1726617600,2584.35,2606.04,2551.4,2576.76,5669194961.88
1726963200,2601.29,2643.51,2570.27,2588.35,5092948690.69
1727049600,2607.86,2608.43,2517.79,2529.33,5660302683.5
1727136000,2529.14,2547.47,2462.61,2470.39,5689561356.69
1727222400,2473.06,2519.97,2443.28,2519.57,4813223004.49
1727308800,2519.04,2541.69,2479.65,2486.76,4841407720.14
1727568000,2483.91,2494.57,2442.63,2464.4,4050658036.94
1727654400,2466.6,2508.86,2462.79,2508.86,3715359935.12
1727740800,2510.35,2623.56,2510.11,2623.56,7616522258.0
1727827200,2629.73,2643.76,2582.72,2597.49,6778195881.11
1728172800,2597.51,2653.63,2583.25,2653.58,6138206705.7
1728259200,2656.8,2707.16,2656.35,2690.72,7095953027.17
1728345600,2692.49,2699.55,2652.66,2663.32,4593727244.34
1728432000,2661.8,2672.65,2643.12,2668.17,3761512706.84
1728950400,2668.08,2700.23,2667.82,2699.66,3062337799.24
1729036800,2704.79,2748.8,2704.04,2742.88,5660237737.6
1729123200,2747.69,2780.97,2734.19,2745.36,7192792166.86
1729382400,2733.35,2748.78,2689.46,2697.91,8180262572.12
1729468800,2698.71,2700.82,2635.43,2639.92,5900791044.48
1729555200,2640.12,2669.38,2632.62,2665.81,4171665619.7
1729641600,2675.2,2684.66,2637.54,2645.39,6278951853.73
1729728000,2646.3,2650.18,2614.65,2627.14,5419104157.29
1729987200,2629.84,2632.94,2610.14,2617.95,4732487864.93
1730073600,2620.91,2647.23,2620.66,2645.36,5344800912.48
1730160000,2648.37,2692.11,2647.99,2692.05,6128264580.33
1730246400,2693.81,2705.24,2671.3,2677.62,5953950787.59
1730764800,2678.97,2696.85,2670.12,2677.4,4205505237.61
1730851200,2679.47,2684.81,2669.19,2675.51,5222486851.24
1731196800,2681.59,2738.12,2680.7,2738.06,9771124073.55
1731283200,2740.12,2782.43,2734.41,2760.21,11315207127.09
1731369600,2765.7,2788.35,2741.63,2748.96,7859740798.91
1731456000,2754.56,2757.38,2728.11,2734.83,7911976449.08
1731542400,2738.91,2762.51,2729.67,2748.78,10320331436.2
1731801600,2753.43,2788.12,2748.29,2753.76,11726756904.61
1731974400,2758.42,2759.54,2696.42,2702.65,10468320521.9
1732060800,2705.17,2713.93,2683.79,2711.75,7092879946.39
1732147200,2711.56,2722.59,2676.25,2680.44,8257643886.83
1732406400,2690.52,2698.76,2661.22,2667.4,7728861250.73
1732492800,2682.29,2694.67,2661.21,2683.24,6345809597.84
1732579200,2704.58,2719.84,2685.64,2716.66,7449898987.89
1732665600,2721.52,2755.98,2721.35,2755.47,9312934840.36
1732752000,2757.13,2774.14,2738.8,2748.05,8545525373.13
1733011200,2762.3,2764.85,2707.94,2738.06,8832225892.82
1733097600,2749.27,2773.47,2746.47,2758.04,10541746564.07
1733184000,2772.74,2793.03,2751.31,2775.85,8521219299.67
1733270400,2795.98,2795.78,2747.65,2750.87,9132468906.77
1733356800,2752.38,2764.29,2717.34,2734.93,8369687402.72
1733616000,2735.65,2735.67,2675.92,2689.0,7460304999.55
1733702400,2687.75,2709.58,2662.36,2676.15,5629945822.09
1733788800,2676.11,2694.85,2660.36,2669.82,4413320290.81
1733875200,2671.36,2715.71,2662.72,2715.71,5050654450.1
1733961600,2730.24,2730.31,2678.09,2682.29,6144065744.0
1734307200,2684.0,2684.32,2622.76,2630.91,5935604847.04
1734393600,2633.18,2648.55,2611.89,2633.87,4343234740.52
1734480000,2634.49,2656.08,2621.0,2628.26,4270082575.91
1734566400,2626.62,2634.57,2593.18,2596.82,4760267483.48
1734825600,2587.3,2614.28,2569.0,2583.29,4518385107.17
1734912000,2582.29,2612.2,2580.49,2612.2,4430024603.33
1734998400,2615.67,2645.2,2612.94,2626.31,5202263038.57
1735171200,2625.44,2639.08,2607.75,2630.71,5329274454.77
1735430400,2631.98,2641.17,2601.84,2609.58,5474868764.77
1735603200,2613.7,2613.95,2545.34,2576.5,5674686091.49
1735689600,2577.43,2589.42,2567.97,2581.6,3597445334.37
1735776000,2583.94,2586.23,2566.27,2586.23,4603282379.17
1736035200,2586.08,2592.91,2574.43,2591.56,4860201974.98
1736121600,2601.09,2640.73,2594.34,2640.68,6305431854.5
1736208000,2654.34,2656.52,2625.24,2646.84,5384672295.67
1736294400,2670.51,2672.14,2642.59,2653.38,6407614174.11
1736380800,2656.5,2656.61,2629.06,2635.09,7305342581.67
1736640000,2651.68,2654.82,2602.46,2609.67,3997909323.87
1736726400,2610.05,2615.55,2580.74,2594.13,6650883103.54
1736899200,2596.83,2611.38,2589.99,2595.96,5824904134.7
1736985600,2598.66,2616.97,2580.4,2588.62,5933711674.74
1737244800,2590.14,2604.01,2580.01,2601.21,6257235624.3
1737331200,2602.89,2623.61,2600.77,2607.99,6570477886.37
1737417600,2608.27,2618.99,2597.61,2613.08,6190141891.18
1737504000,2616.89,2667.23,2614.37,2665.45,9203088349.68
1737590400,2670.23,2681.49,2644.79,2654.35,7857792326.04
1737849600,2656.75,2662.36,2638.65,2643.93,9128673514.8
1737936000,2642.3,2650.71,2625.58,2633.32,8924065888.67
1738022400,2635.07,2657.96,2634.69,2657.77,9402678033.94
1738454400,2662.42,2727.58,2662.01,2727.58,12955764136.99
1738540800,2728.65,2764.17,2720.42,2730.0,11875967538.34
1738627200,2733.58,2745.15,2707.37,2715.91,8919697775.36
1738713600,2719.59,2726.07,2704.24,2711.45,8958007305.37
1738800000,2713.88,2720.48,2691.56,2699.81,9247375287.27
1739059200,2697.52,2725.95,2683.28,2688.31,8398660628.97
1739145600,2684.96,2699.79,2665.72,2677.32,6960292235.03
1739232000,2678.13,2691.91,2673.03,2683.86,7246221260.29
1739318400,2687.17,2697.41,2679.78,2685.73,8717847062.68
1739404800,2686.77,2697.34,2673.88,2678.47,7921300982.67
1739664000,2676.92,2698.31,2675.9,2698.03,9470308266.5
1739750400,2701.27,2738.0,2700.53,2727.91,10049654832.64
1739836800,2735.94,2757.3,2726.43,2739.82,10437006214.82
1740009600,2738.91,2752.35,2720.69,2743.74,8627687599.86
1740268800,2724.09,2768.9,2690.42,2755.4,11548337612.87
1740355200,2754.55,2785.1,2746.0,2758.75,11085464758.61
1740441600,2759.08,2781.95,2758.84,2765.88,9909386227.97
1740614400,2786.65,2827.15,2785.98,2815.04,11392401815.91
1740873600,2829.12,2890.28,2826.86,2890.28,14250475736.95
1740960000,2900.23,2929.21,2867.46,2876.66,14284510595.52
1741046400,2877.22,2894.62,2842.78,2846.3,12946493939.18
1741132800,2846.92,2850.16,2808.75,2821.13,10972654473.07
1741219200,2822.74,2834.07,2811.37,2818.43,10101817681.95
1741478400,2819.88,2819.92,2766.08,2772.1,10093654129.61
1741564800,2770.17,2791.03,2743.65,2751.42,8378055057.57
1741651200,2752.31,2762.25,2712.74,2719.2,8391149050.0
1741737600,2718.13,2745.58,2717.29,2736.48,8235268755.31
1742083200,2735.97,2739.55,2693.55,2714.85,6836640407.59
1742169600,2715.94,2732.51,2699.2,2704.7,5408314075.31
1742256000,2721.82,2723.89,2690.58,2697.04,4346632263.57
1742342400,2699.26,2706.58,2676.3,2682.15,5143997643.36
1742428800,2679.97,2685.87,2666.69,2669.31,4561311282.77
1742688000,2667.61,2669.0,2614.09,2614.68,6320141365.6
1742774400,2610.46,2645.99,2592.32,2640.78,4483599004.49
1742860800,2652.87,2652.87,2581.32,2582.73,5180718708.1
1742947200,2580.19,2625.6,2579.45,2621.86,4204408894.9
1743033600,2632.13,2666.17,2621.46,2663.3,5223083340.93
1743292800,2661.63,2718.95,2657.88,2693.12,7568226197.37
1743465600,2691.6,2696.5,2654.57,2676.17,5797791700.14
1743552000,2693.13,2712.25,2669.06,2700.04,5444435901.36
1743638400,2700.23,2732.85,2700.23,2703.39,7844642487.27
1743984000,2702.09,2710.13,2667.56,2670.06,5658973766.4
1744070400,2671.62,2674.88,2631.68,2666.61,5309568997.49
1744156800,2681.8,2701.12,2671.65,2676.28,4484619740.83
1744243200,2677.58,2687.92,2667.0,2670.7,5637981250.23
1744502400,2673.01,2676.7,2657.32,2662.08,6280296245.03
1744675200,2678.52,2704.58,2669.22,2689.22,8544357887.81
1744761600,2702.46,2704.97,2685.36,2696.23,7265122241.8
1744848000,2701.23,2740.13,2697.63,2722.73,10797363282.32
1745107200,2724.51,2731.81,2700.85,2706.04,8433589785.29
1745193600,2704.19,2716.7,2691.07,2698.28,8775720293.64
1745280000,2695.15,2707.86,2682.8,2688.32,8321282188.84
1745366400,2687.69,2687.69,2653.74,2655.94,7575517246.76
1745452800,2656.49,2668.06,2641.88,2658.02,7879381268.28
1745712000,2657.75,2684.51,2657.37,2661.6,10875991144.35
1745798400,2661.01,2676.05,2645.24,2647.07,8912843919.7
1745884800,2648.99,2666.54,2630.3,2631.98,7575206278.35
1745971200,2631.91,2642.07,2622.72,2623.83,9374122655.9
1746316800,2627.96,2645.67,2619.26,2620.39,9245583315.99
1746403200,2618.33,2630.36,2604.79,2610.4,7634193693.73
1746489600,2608.6,2625.7,2608.57,2611.43,8747668846.35
1746576000,2613.78,2676.25,2611.71,2673.69,10518406352.64
1746662400,2674.7,2687.38,2655.79,2661.64,11650017851.57
1746921600,2661.56,2692.5,2648.48,2649.11,10202701344.0
1747094400,2650.54,2669.28,2632.29,2634.23,9634812612.57
1747180800,2635.21,2642.96,2619.64,2620.27,8736570105.44
1747267200,2623.28,2628.67,2605.89,2611.85,7083348240.63
1747526400,2608.26,2625.26,2606.09,2609.05,8509221312.61
1747612800,2606.73,2639.69,2605.03,2628.36,7358855085.18
1747699200,2627.68,2681.58,2617.46,2677.45,7312790196.17
1747785600,2712.26,2771.47,2667.85,2669.51,10698651680.7
1747872000,2674.07,2705.56,2669.58,2688.55,9822070682.42
1748131200,2693.04,2703.78,2665.48,2679.98,7609542212.0
1748217600,2712.69,2745.89,2670.35,2674.76,7585022590.92
1748304000,2674.15,2684.77,2655.29,2675.62,6527839581.54
1748390400,2675.61,2696.78,2666.5,2693.06,8586004334.25
1748822400,2715.95,2726.6,2686.93,2694.66,9226322933.09
1748908800,2694.04,2699.28,2656.34,2658.93,6679561324.54
1748995200,2660.22,2664.59,2641.07,2646.95,5163334522.54
1749081600,2643.85,2661.77,2635.3,2640.96,7970886663.46
1749340800,2639.27,2645.22,2626.39,2629.89,9137414918.93
1749427200,2629.23,2657.34,2627.76,2653.09,8689350319.62
1749513600,2654.31,2683.25,2653.57,2678.17,10160981076.17
1749600000,2677.53,2686.45,2660.86,2664.47,9907005575.08
1749686400,2665.23,2672.42,2654.69,2655.38,12515308961.61
1749945600,2654.61,2667.68,2653.43,2655.85,11443272636.94
1750032000,2652.18,2679.74,2652.13,2658.66,13186945742.16
1750118400,2659.28,2670.25,2649.6,2654.75,7653249312.89
1750204800,2654.51,2662.69,2649.78,2653.68,9085886877.1
1750291200,2650.96,2661.33,2628.27,2628.91,11231489964.8
1750550400,2628.81,2631.82,2594.01,2595.97,9145858510.44
1750636800,2598.63,2608.56,2584.47,2600.76,6471952678.0
1750723200,2603.47,2629.26,2599.72,2600.53,5767895001.15
1750809600,2601.11,2607.71,2594.34,2600.2,5942852256.21
1750896000,2599.7,2617.65,2594.71,2595.74,7780242243.42
1751155200,2594.94,2626.21,2594.23,2622.28,7121736114.18
1751241600,2627.93,2638.72,2622.5,2631.48,6387207015.18
1751328000,2633.06,2663.24,2632.19,2660.39,7033050286.61
1751414400,2667.9,2696.13,2661.37,2694.82,9744843375.86
1751500800,2700.17,2716.93,2685.77,2703.96,9645550680.17
1751760000,2708.24,2722.33,2697.32,2706.36,9500003268.96
1751846400,2715.4,2718.1,2680.45,2684.01,8377327147.78
1751932800,2683.77,2690.13,2662.59,2683.86,6574166814.73
1752019200,2679.37,2707.91,2679.16,2705.9,7451877102.1
1752105600,2709.09,2743.09,2706.89,2731.8,9682488739.83
1752364800,2767.53,2798.75,2757.89,2760.8,11416428467.0
1752451200,2761.96,2765.91,2723.82,2725.71,8172143326.07
1752537600,2725.63,2763.27,2724.9,2760.17,9419165807.84
1752624000,2759.58,2803.78,2759.11,2794.78,14034839880.49
1752710400,2797.41,2878.77,2796.58,2870.63,16592105455.17
1752969600,2878.39,2922.84,2861.06,2870.95,21464994133.02
1753056000,2874.29,2902.94,2856.88,2892.72,16327115238.99
1753142400,2895.07,2975.77,2894.48,2973.7,20085367293.76
1753228800,2976.27,2992.26,2947.86,2978.88,19575270557.67
1753315200,2982.86,2990.45,2963.79,2982.64,18490428794.07
1753574400,2984.92,3013.17,2958.34,2964.2,26577438237.51
1753660800,2967.51,2976.92,2917.51,2971.31,19360873034.29
1753747200,2976.0,3028.79,2976.0,3002.07,18529322885.93
1753833600,3008.33,3020.17,2947.71,2954.14,16441354408.52
1753920000,2961.8,2967.03,2915.47,2922.63,15988911994.36
1754179200,2923.87,2923.88,2856.95,2858.9,13075004920.34
1754265600,2857.27,2890.05,2832.6,2875.36,10822449402.92
1754352000,2875.57,2906.24,2831.63,2834.0,9333988481.84
1754438400,2840.03,2856.63,2826.86,2832.06,7631375952.79
1754524800,2831.28,2861.34,2831.27,2850.37,8537581254.96
1754870400,2852.72,2875.45,2820.05,2822.46,10210142308.44
1754956800,2824.01,2828.57,2796.24,2796.24,6918983507.82
1755043200,2799.06,2813.59,2784.49,2785.74,6161894734.55
1755129600,2789.54,2802.14,2784.15,2788.36,7464177704.29
1755388800,2789.85,2803.25,2761.22,2761.22,7735195094.63
1755475200,2760.67,2779.68,2755.88,2770.39,6179855209.52
1755561600,2769.37,2796.68,2769.23,2776.9,5636548038.26
1755648000,2773.37,2783.02,2766.64,2767.2,5200753868.02
1755734400,2767.52,2775.34,2756.85,2757.97,5020104816.55
1755993600,2754.44,2770.8,2737.85,2739.95,6548638335.92
1756080000,2740.31,2764.95,2730.74,2761.26,5753219652.78
1756166400,2764.3,2775.09,2760.73,2766.09,4185315734.37
1756252800,2781.38,2822.79,2767.77,2819.1,7683386441.7
1756339200,2820.01,2824.85,2778.92,2781.0,8095610445.99
1756598400,2784.11,2784.56,2745.69,2749.83,6061822379.1
1756684800,2768.4,2773.69,2741.39,2761.86,5105746657.65
1756771200,2777.52,2791.67,2741.46,2741.97,4438251812.71
1756857600,2744.41,2749.88,2724.99,2726.33,4728052860.98
1756944000,2723.81,2732.75,2702.25,2719.77,5144322258.75
1757203200,2714.23,2727.47,2705.77,2708.25,4402767271.72
1757289600,2707.03,2711.84,2663.78,2672.25,5233766698.24
1758153600,2634.85,2634.85,2511.91,2511.91,728702830.7
1758412800,2487.56,2634.55,2483.15,2623.62,9179573079.96
1758585600,2631.16,2682.28,2630.97,2682.25,5292773925.39
1758672000,2683.46,2689.67,2645.3,2654.35,4124821863.78
1758758400,2653.84,2661.42,2637.37,2652.0,3260440604.18
1759017600,2655.86,2671.68,2647.96,2663.51,2935914910.74
1759795200,2662.51,2664.99,2596.04,2604.96,4629042656.66
1759881600,2610.28,2610.31,2535.3,2559.59,5762701110.82
1759968000,2585.73,2677.09,2575.51,2582.18,5273221479.76
1760227200,2583.97,2584.24,2493.16,2503.35,6707245266.37
1760313600,2521.01,2547.81,2478.39,2547.6,4975408545.45
1760400000,2547.77,2553.57,2523.58,2528.16,3366198262.35
1760486400,2527.92,2528.59,2498.87,2505.58,3101830945.46
1760572800,2505.73,2522.59,2478.56,2487.17,3270054864.16
1760832000,2489.08,2507.12,2482.94,2503.85,2791189909.04
1761436800,2503.44,2509.08,2469.37,2509.04,2615556435.54
1761609600,2506.96,2576.41,2503.98,2571.34,4573943405.5
1761696000,2570.59,2602.98,2557.74,2566.16,5459767681.9
1761782400,2568.41,2605.5,2548.39,2600.38,7513938473.45
1762041600,2614.19,2638.12,2593.67,2631.14,9203146429.51
1762128000,2629.67,2650.61,2610.96,2622.89,6052226903.77
1762214400,2623.76,2627.56,2587.28,2595.24,5150768938.98
1762300800,2597.0,2612.53,2576.83,2607.42,4681922814.96
1762387200,2609.72,2622.44,2589.63,2596.12,5416939357.23
1762646400,2598.4,2599.27,2560.92,2566.09,4907624328.4
1762732800,2570.66,2576.85,2544.1,2561.94,4514408236.34
1762819200,2563.87,2569.99,2548.01,2565.16,3626175110.67
1762905600,2565.78,2569.52,2540.24,2544.59,3848586411.67
1762992000,2538.63,2559.01,2530.32,2545.73,3499821671.82
1763251200,2550.18,2550.18,2533.03,2540.57,3893975793.73
1763337600,2543.89,2555.32,2534.97,2550.36,3946074358.89
1763424000,2549.19,2579.12,2547.42,2566.07,4105406134.02
1763510400,2570.92,2580.09,2550.62,2561.08,3778632771.31
1763596800,2559.89,2563.92,2549.82,2560.29,4688868299.24
1763856000,2562.34,2600.93,2562.34,2600.22,6286733916.88
1763942400,2601.2,2650.66,2601.11,2650.66,7035480136.98
1764028800,2654.29,2658.19,2635.55,2655.99,5823028663.97
1764115200,2661.7,2671.91,2647.39,2665.6,6692971095.05
1764201600,2670.11,2678.29,2658.12,2676.03,6662383143.47
1764460800,2674.69,2694.89,2644.13,2649.52,7085449433.6
1764547200,2648.34,2658.42,2630.66,2645.24,4716383580.86
1764633600,2640.9,2652.52,2638.17,2644.7,4481394149.97
1764720000,2647.41,2658.97,2622.88,2631.17,5235699337.33
1765065600,2629.69,2636.97,2602.95,2609.69,5334415331.06
1765152000,2609.67,2618.22,2601.38,2606.67,4669548742.62
1765238400,2607.36,2620.57,2605.6,2614.07,3755027795.93
1765324800,2613.84,2618.53,2596.7,2609.03,3738772373.24
1765411200,2608.11,2611.99,2601.5,2607.37,3497979756.57
1765670400,2607.05,2614.31,2587.88,2594.87,4007455077.0
1765756800,2593.58,2602.89,2587.23,2601.61,3441903770.18
1765843200,2601.81,2619.99,2600.86,2619.99,3294227122.34
1765929600,2622.33,2632.81,2619.14,2625.69,4053720782.1
1766016000,2629.77,2631.09,2608.89,2615.03,4577827903.2
1766275200,2614.64,2616.25,2588.73,2595.1,4528715671.15
1766361600,2595.08,2597.16,2574.84,2581.21,3515930718.5
1766448000,2579.33,2584.72,2568.94,2584.49,3429893942.07
1766534400,2585.6,2593.57,2577.63,2585.87,3224664663.45
1766880000,2586.82,2633.8,2586.41,2633.42,5531370061.58
1766966400,2640.17,2642.67,2618.19,2622.88,4774786034.55
1767139200,2622.29,2643.64,2622.1,2633.76,5134850052.24
1767225600,2634.81,2637.1,2613.5,2620.92,4713905470.5
1767484800,2616.87,2618.62,2604.42,2610.63,5017587294.34
1767571200,2610.65,2639.56,2609.51,2639.37,6473736099.27
1767657600,2640.77,2662.66,2639.88,2649.3,7123365296.18
1767744000,2650.95,2654.62,2630.86,2635.94,5175091991.6
1767830400,2633.87,2640.56,2626.88,2640.54,4908094092.74
1768176000,2643.19,2651.76,2628.98,2635.0,6472607801.61
1768262400,2633.31,2653.66,2631.78,2639.91,6990484039.45
1768348800,2636.57,2648.98,2633.0,2641.43,6209438906.37
1768694400,2640.53,2672.73,2640.13,2672.55,8402797775.59
1768867200,2678.81,2726.74,2678.81,2714.81,11858421070.67
1768953600,2717.43,2728.05,2695.1,2705.38,8923650346.99
1769040000,2706.44,2714.67,2693.04,2714.61,9073978098.79
1769299200,2716.28,2772.22,2715.78,2772.17,13785729645.05
1769385600,2776.78,2788.09,2746.87,2769.09,16355730466.82
1769472000,2768.97,2782.96,2718.85,2726.51,14167179442.72
1769558400,2728.22,2735.55,2702.56,2731.59,11493989185.27
1769644800,2731.85,2742.53,2710.04,2714.05,14563138865.71
1769904000,2714.77,2719.62,2688.08,2694.2,9109457278.45
1769990400,2680.43,2706.98,2679.86,2695.73,8223965669.86
1770076800,2695.12,2709.89,2675.16,2683.15,8631512542.17
1770163200,2660.98,2702.9,2659.86,2681.5,7499742098.46
1770249600,2681.13,2709.0,2679.75,2708.7,11582893800.91
1770508800,2712.34,2728.43,2695.2,2698.45,11659752143.11
1770595200,2701.61,2702.75,2665.02,2672.39,10773915289.22
1770681600,2671.09,2682.41,2655.3,2662.14,8616410132.46
