date,open,high,low,close,volume
1325376000,61.46,61.46,60.89,61.46,6400
1325462400,61.46,61.46,61.46,61.46,1500
1325548800,61.46,62.02,61.46,62.02,3110
1325635200,62.02,61.46,60.33,60.33,3000
1325980800,60.33,60.89,60.33,60.89,403500
1326067200,60.89,61.46,59.77,61.46,648225
1326153600,61.46,62.02,61.46,62.02,8000
1326240000,62.02,63.14,62.58,63.14,70
1326326400,63.14,62.58,62.58,62.58,500
1326672000,62.58,62.02,62.02,62.02,1000
1326758400,62.02,62.02,61.46,61.46,3000
1327190400,61.46,62.02,61.46,61.46,2000
1327536000,61.46,60.89,60.89,60.89,2000
1327795200,60.89,60.89,60.33,60.89,6000
1328054400,60.89,60.33,60.33,60.33,1200
1328400000,60.33,59.77,59.21,59.21,2000
1328572800,59.21,59.77,59.21,59.21,2500
1328659200,59.21,59.21,58.64,58.64,1860
1328745600,58.64,60.89,59.21,60.89,1050
1329004800,60.89,60.33,60.33,60.33,1000
1329091200,60.33,62.02,60.33,62.02,781
1329350400,62.02,61.46,61.46,61.46,190
1329782400,61.46,61.46,61.46,61.46,1000
1330214400,61.46,60.89,60.89,60.89,250
1330387200,60.89,60.89,60.89,60.89,60
1330905600,60.89,61.46,61.46,61.46,100
1331424000,61.46,60.89,60.33,60.33,300
1331510400,60.33,59.77,59.77,59.77,300
1331596800,59.77,59.77,59.77,59.77,400
1332115200,59.77,59.77,59.77,59.77,100
1332979200,59.77,59.21,58.64,58.64,2300
1333238400,58.64,58.08,56.39,56.39,12800
1333324800,56.39,56.39,55.27,56.39,20100
1333411200,56.39,57.52,55.83,57.52,5400
1333497600,57.52,58.08,56.39,56.96,9000
1333584000,56.96,56.96,56.39,56.39,4000
1333843200,56.39,56.39,55.83,55.83,25000
1333929600,55.83,56.96,55.83,56.96,15000
1334016000,56.96,58.64,57.52,58.08,6200
1334102400,58.08,59.21,56.96,56.96,5600
1334188800,56.96,58.08,56.39,58.08,4400
1334448000,58.08,60.33,58.64,59.77,29800
1334534400,59.77,60.33,60.33,60.33,100
1334620800,60.33,61.46,60.89,60.89,11600
1334707200,60.89,63.14,60.33,63.14,10505
1334793600,63.14,64.83,62.02,63.14,24800
1335052800,63.14,65.96,63.71,65.39,63050
1335225600,65.39,67.64,65.96,67.64,1800
1335312000,67.64,69.33,68.21,69.33,34020
1335398400,69.33,72.71,69.33,72.71,84660
1335657600,72.71,76.64,73.27,76.64,23280
1335744000,76.64,81.14,77.21,80.02,64618
1335916800,80.02,84.52,75.52,75.52,55215
1336003200,75.52,76.64,76.08,76.64,150
1336348800,76.64,80.58,78.33,80.58,14380
1336435200,80.58,83.96,81.14,83.39,13110
1336521600,83.39,83.96,80.58,81.14,3750
1336608000,81.14,80.58,76.64,76.64,56480
1336867200,76.64,76.64,76.08,76.08,420
1336953600,76.08,75.52,73.83,73.83,1050
1337040000,73.83,77.77,74.39,77.21,18400
1337126400,77.21,79.46,77.21,79.46,9250
1337212800,79.46,80.58,77.77,78.89,15090
1337472000,78.89,78.33,74.39,74.39,24110
1337558400,74.39,74.96,72.14,72.71,35630
1337644800,72.71,76.08,71.58,75.52,10210
1337817600,75.52,76.08,76.08,76.08,520
1338076800,76.08,76.64,76.08,76.08,70
1338422400,76.08,75.52,72.14,72.14,430
1338681600,72.14,71.58,68.77,68.77,17950
1338768000,68.77,68.21,65.96,65.96,14600
1338854400,65.96,65.96,63.14,64.27,7730
1338940800,64.27,65.96,63.71,65.96,13350
1339027200,65.96,68.77,65.96,66.52,32500
1339286400,66.52,67.64,66.52,67.08,17770
1339372800,67.08,67.08,66.52,66.52,3000
1339459200,66.52,66.52,64.83,64.83,5900
1339545600,64.83,67.08,65.39,65.39,8010
1339632000,65.39,66.52,65.39,66.52,1860
1339891200,66.52,66.52,64.83,65.39,4400
1339977600,65.39,65.39,64.83,64.83,7000
1340064000,64.83,64.27,64.27,64.27,2000
1340150400,64.27,67.08,64.83,67.08,9736
1340236800,67.08,69.33,67.64,68.21,34000
1340582400,68.21,68.77,67.08,67.08,7983
1340668800,67.08,66.52,65.39,65.96,5500
1340755200,65.96,68.77,66.52,68.21,20615
1340841600,68.21,69.33,67.08,67.64,24710
1341100800,67.64,67.08,66.52,67.08,16400
1341187200,67.08,66.52,63.71,63.71,64750
1341273600,63.71,63.14,61.46,63.14,20970
1341360000,63.14,63.14,62.02,63.14,33200
1341446400,63.14,63.71,62.58,62.58,22000
1341705600,62.58,63.14,62.02,62.02,18100
1341792000,62.02,62.58,61.46,62.58,61400
1341878400,62.58,64.27,63.14,64.27,2700
1341964800,64.27,64.83,64.27,64.27,2200
1342051200,64.27,64.83,61.46,61.46,67100
1342310400,61.46,64.27,62.02,64.27,3125
1342396800,64.27,63.71,63.14,63.14,7050
1342483200,63.14,64.27,63.71,64.27,4760
1342569600,64.27,64.83,64.27,64.27,5050
1342656000,64.27,64.27,63.14,63.14,19800
1342915200,63.14,64.83,63.71,64.27,14367
1343001600,64.27,65.39,63.71,63.71,23090
1343088000,63.71,64.27,63.14,64.27,8715
1343174400,64.27,64.27,63.71,63.71,4500
1366156800,63.71,64.27,64.27,64.27,25000
1366243200,64.27,65.39,64.83,65.39,20
1366502400,65.39,68.21,65.96,68.21,50
1366588800,68.21,71.58,68.77,71.58,1060
1366675200,71.58,74.96,72.14,74.96,3060
1366848000,74.96,78.89,75.52,76.64,104705
1367107200,76.64,78.33,72.71,72.71,173321
1367193600,72.71,73.27,69.89,72.71,21350
1367280000,72.71,72.14,70.46,71.02,18000
1367452800,71.02,70.46,67.64,67.64,19780
1367712000,67.64,67.08,64.27,64.27,11420
1367798400,64.27,63.71,61.46,62.02,10600
1367971200,62.02,63.71,62.58,63.71,30
1368057600,63.71,64.27,64.27,64.27,10
1368403200,64.27,67.08,64.83,67.08,12060
1368489600,67.08,70.46,67.64,70.46,39880
1372118400,70.46,71.02,67.08,67.08,11620
1372204800,67.08,66.52,64.83,64.83,17680
1372291200,64.83,65.96,64.27,65.96,6910
1372550400,65.96,65.39,64.27,64.27,14167
1372636800,64.27,65.96,63.71,65.96,2850
1372723200,65.96,67.08,65.39,66.52,17470
1372809600,66.52,66.52,65.39,65.39,8000
1372896000,65.39,67.64,64.83,67.64,70360
1373155200,67.64,67.08,67.08,67.08,1000
1373241600,67.08,66.52,66.52,66.52,120
1373328000,66.52,65.96,64.83,65.39,5500
1373414400,65.39,65.39,64.27,64.27,16110
1373500800,64.27,66.52,64.83,66.52,24280
1373760000,66.52,68.77,67.08,68.77,160
1373932800,68.77,68.21,66.52,66.52,510
1374019200,66.52,67.08,67.08,67.08,100
1374105600,67.08,66.52,64.83,64.83,7900
1374364800,64.83,65.96,64.83,65.96,4410
1374451200,65.96,65.39,64.83,64.83,3500
1374537600,64.83,65.39,64.83,64.83,7340
1374624000,64.83,64.83,64.27,64.27,9000
1374710400,64.27,64.83,64.27,64.27,1100
1374969600,64.27,64.83,63.71,64.27,22560
1375056000,64.27,64.83,64.27,64.27,11000
1375142400,64.27,64.27,64.27,64.27,3000
1375228800,64.27,64.27,64.27,64.27,200
1375315200,64.27,65.39,63.71,63.71,8010
1375574400,63.71,64.83,63.14,64.83,22500
1375660800,64.83,65.39,64.83,64.83,1200
1375747200,64.83,64.27,63.14,63.71,4000
1375833600,63.71,64.27,63.14,63.14,12900
1375920000,63.14,63.71,63.14,63.71,11000
1376179200,63.71,64.27,63.14,63.14,21100
1376265600,63.14,63.14,62.58,62.58,8000
1376352000,62.58,62.02,62.02,62.02,4000
1376438400,62.02,63.14,62.58,63.14,3000
1376524800,63.14,63.14,62.58,63.14,3500
1376784000,63.14,63.71,63.14,63.14,6520
1376870400,63.14,63.71,62.58,63.71,8710
1376956800,63.71,64.27,63.14,64.27,20100
1377475200,64.27,64.27,63.71,64.27,1300
1377561600,64.27,63.71,62.58,63.71,6800
1377734400,63.71,64.27,63.71,63.71,1330
1377993600,63.71,63.14,63.14,63.14,200
1378080000,63.14,62.58,61.46,61.46,26550
1378166400,61.46,62.02,60.89,61.46,11983
1378252800,61.46,64.27,62.02,64.27,9900
1378339200,64.27,63.71,61.46,63.14,83980
1378598400,63.14,63.71,63.14,63.14,2000
1378684800,63.14,63.14,61.46,61.46,128060
1378771200,61.46,62.02,61.46,61.46,27100
1378857600,61.46,62.02,61.46,61.46,7040
1378944000,61.46,61.46,61.46,61.46,7500
1379203200,61.46,61.46,61.46,61.46,5740
1379289600,61.46,62.02,60.89,62.02,2830
1379376000,62.02,63.71,61.46,63.71,181540
1379548800,63.71,63.14,63.14,63.14,500
1379808000,63.14,63.14,62.02,62.02,8000
1379894400,62.02,62.58,61.46,62.02,9700
1379980800,62.02,64.83,62.58,63.71,35200
1380067200,63.71,63.14,62.58,63.14,5600
1380153600,63.14,63.71,62.02,63.14,62490
1380412800,63.14,63.71,62.02,63.71,22250
1380499200,63.71,64.27,62.02,62.02,57039
1380585600,62.02,63.71,62.58,63.71,62673
1380672000,63.71,66.52,63.14,66.52,231386
1380758400,66.52,69.33,65.39,69.33,67410
1381017600,69.33,69.89,67.64,68.77,58396
1381104000,68.77,68.77,67.64,68.21,8910
1381190400,68.21,67.64,65.96,65.96,3400
1381276800,65.96,66.52,65.39,66.52,7010
1382572800,66.52,67.64,67.08,67.08,1470
1382832000,67.08,66.52,65.96,65.96,6060
1383004800,65.96,65.96,63.71,63.71,20460
1383091200,63.71,65.96,64.27,64.83,16600
1383177600,64.83,65.39,64.27,64.83,14500
1383696000,64.83,64.83,63.14,63.14,14000
1383782400,63.14,63.14,63.14,63.14,1000
1384041600,63.14,62.58,62.58,62.58,500
1384300800,62.58,63.14,63.14,63.14,70
1384387200,63.14,65.96,63.71,65.96,13170
1384992000,65.96,67.08,66.52,67.08,20
1385251200,67.08,70.46,67.64,70.46,50450
1385337600,70.46,71.58,69.89,70.46,26800
1385424000,70.46,72.71,71.02,72.71,16320
1385510400,72.71,73.27,70.46,70.46,6984
1385596800,70.46,71.02,69.89,70.46,11520
1385856000,70.46,72.71,70.46,71.02,30220
1385942400,71.02,73.27,71.58,72.14,22680
1386028800,72.14,75.52,72.71,75.52,164857
1386115200,75.52,79.46,76.08,79.46,9900
1386201600,79.46,83.96,80.02,81.14,114040
1386460800,81.14,83.96,79.46,80.58,27320
1386547200,80.58,81.14,78.33,80.02,26470
1386633600,80.02,80.02,77.21,78.33,32514
1386720000,78.33,81.14,78.89,80.02,11980
1386806400,80.02,82.27,80.02,80.02,13520
1387065600,80.02,83.39,80.58,82.83,28400
1387152000,82.83,85.64,83.39,85.64,5210
1387324800,85.64,87.33,85.64,85.64,19410
1387411200,85.64,85.64,83.96,83.96,20150
1387670400,83.96,83.96,81.71,82.27,22200
1387756800,82.27,81.71,80.02,80.02,8500
1387843200,80.02,81.14,78.33,81.14,40960
1388016000,81.14,81.71,80.58,80.58,3000
1388275200,80.58,80.02,77.77,78.33,10100
1388448000,78.33,77.77,77.21,77.77,2910
1388534400,77.77,77.77,76.64,77.21,17300
1388620800,77.21,78.33,76.64,78.33,11700
1388880000,78.33,78.89,77.77,77.77,10300
1388966400,77.77,78.33,77.21,77.21,7300
1389052800,77.21,77.21,76.64,77.21,6500
1389139200,77.21,78.89,77.21,78.89,9000
1389225600,78.89,78.89,78.33,78.33,3500
1389484800,78.33,78.89,78.33,78.89,2600
1389657600,78.89,80.58,79.46,80.02,7050
1389830400,80.02,80.58,79.46,79.46,5390
1390089600,79.46,78.89,78.33,78.89,54000
1390176000,78.89,78.89,77.77,78.33,6620
1390262400,78.33,79.46,77.77,78.89,16304
1390348800,78.89,78.33,75.52,76.64,41220
1390435200,76.64,77.21,77.21,77.21,1000
1390694400,77.21,78.33,77.77,78.33,2200
1390780800,78.33,78.33,77.77,77.77,9110
1390867200,77.77,78.89,76.64,78.89,19400
1390953600,78.89,79.46,78.89,78.89,17300
1391299200,78.89,78.89,77.77,78.33,77145
1391385600,78.33,82.27,78.89,81.14,76730
1391472000,81.14,81.71,79.46,80.58,87920
1391558400,80.58,85.08,80.58,85.08,77090
1391644800,85.08,90.14,85.64,90.14,100870
1391904000,90.14,95.77,88.46,89.58,176810
1391990400,89.58,95.2,90.71,92.39,76150
1392076800,92.39,93.52,90.14,92.39,67280
1392163200,92.39,96.33,92.39,93.52,94775
1392249600,93.52,98.02,92.39,98.02,143970
1395792000,98.02,104.2,99.14,104.2,21400
1395878400,104.2,110.95,105.33,110.95,76180
1396224000,110.95,118.27,109.27,117.7,387895
1396310400,117.7,119.39,111.52,111.52,95214
1396396800,111.52,116.58,107.02,113.77,120150
1396483200,113.77,116.02,112.08,114.89,59959
1396742400,114.89,114.89,110.95,112.08,20073
1396828800,112.08,114.33,109.27,110.39,46480
1397001600,110.39,111.52,110.39,110.39,51630
1397088000,110.39,113.2,109.83,110.39,52050
1397347200,110.39,114.89,110.39,114.89,8360
1397520000,114.89,113.77,110.39,110.39,23383
1397606400,110.39,111.52,108.7,109.27,19620
1397692800,109.27,110.39,108.14,108.14,30600
1397952000,108.14,113.77,108.7,109.83,57964
1398038400,109.83,111.52,108.7,111.52,14800
1398124800,111.52,113.77,109.83,109.83,13560
1398211200,109.83,113.2,109.83,110.39,29310
1398556800,110.39,111.52,109.27,110.95,41430
1398643200,110.95,115.45,110.95,114.33,117570
1398729600,114.33,122.2,114.33,122.2,197439
1398816000,122.2,130.64,123.89,130.64,112150
1399161600,130.64,140.2,132.33,140.2,33030
1399248000,140.2,150.89,133.45,145.26,346300
1399334400,145.26,145.26,134.58,143.01,132114
1399420800,143.01,141.33,134.58,135.14,152666
1399507200,135.14,137.39,132.89,134.58,59692
1399766400,134.58,134.58,129.52,131.77,66350
1399852800,131.77,137.39,131.77,135.14,99194
1399939200,135.14,139.08,133.45,134.58,92100
1400112000,134.58,138.52,130.64,132.89,53633
1400371200,132.89,136.27,128.95,128.95,52064
1400457600,128.95,135.7,128.95,128.95,28030
1400544000,128.95,131.77,128.39,131.77,49831
1400630400,131.77,133.45,130.08,130.08,30959
1400716800,130.08,135.7,128.95,128.95,82589
1400976000,128.95,134.02,127.83,129.52,70090
1401062400,129.52,131.77,127.27,128.95,59980
1401148800,128.95,130.08,128.39,128.95,31330
1401235200,128.95,129.52,126.14,127.27,71749
1401580800,127.27,135.14,123.33,125.02,438700
1401667200,125.02,134.02,125.58,133.45,42160
1401753600,133.45,140.2,132.89,135.7,60430
1401840000,135.7,137.39,132.89,133.45,17460
1401926400,133.45,134.58,132.33,132.33,19130
1402185600,132.33,134.58,131.77,133.45,19730
1402272000,133.45,135.7,131.77,132.33,89050
1402358400,132.33,134.58,132.89,133.45,71748
1402444800,133.45,135.14,131.77,135.14,20240
1402531200,135.14,134.58,130.64,132.33,17900
1402790400,132.33,135.7,131.77,132.89,49400
1402876800,132.89,135.14,131.77,133.45,72730
1402963200,133.45,134.02,128.95,130.64,69000
1403049600,130.64,132.33,130.64,131.77,31020
1403136000,131.77,130.64,128.95,130.64,108752
1403481600,130.64,131.2,127.27,128.95,28800
1403568000,128.95,130.64,127.27,127.83,46755
1403654400,127.83,136.83,129.52,136.83,321534
1403740800,136.83,146.95,138.52,139.08,186669
1404000000,139.08,146.95,140.2,141.89,120900
1404086400,141.89,143.58,138.52,140.76,46815
1404172800,140.76,145.83,140.76,143.58,114368
1404259200,143.58,145.26,140.76,141.89,75830
1404345600,141.89,145.83,141.89,144.7,65397
1404604800,144.7,151.45,143.58,145.83,159303
1404691200,145.83,155.95,143.58,153.7,162120
1404777600,153.7,161.01,154.26,154.26,133588
1404864000,154.26,159.89,152.01,157.08,71899
1404950400,157.08,158.2,150.89,152.58,155217
1405209600,152.58,161.58,153.14,155.39,132965
1405296000,155.39,159.89,152.01,153.7,79658
1405382400,153.7,158.76,151.45,151.45,280833
1405468800,151.45,157.64,153.7,156.51,91180
1405555200,156.51,157.08,153.7,155.39,88820
1405814400,155.39,159.89,153.14,153.14,41490
1405900800,153.14,158.2,153.14,153.7,40900
1405987200,153.7,157.64,151.45,157.64,35560
1406073600,157.64,155.39,150.33,151.45,63857
1406160000,151.45,154.26,148.64,150.33,53110
1406419200,150.33,152.58,148.64,148.64,49780
1406505600,148.64,150.89,146.95,146.95,34950
1406678400,146.95,151.45,145.26,146.95,82500
1406764800,146.95,148.08,142.45,143.01,81150
1407024000,143.01,141.89,137.39,138.52,140350
1407110400,138.52,143.01,139.08,140.2,33960
1407196800,140.2,141.89,135.7,139.08,133080
1407283200,139.08,142.45,139.08,141.89,24220
1407369600,141.89,141.89,137.95,141.89,28050
1407801600,141.89,140.2,137.95,138.52,12420
1407888000,138.52,140.2,133.45,137.39,33870
1407974400,137.39,137.95,134.58,137.39,44870
1408320000,137.39,138.52,132.89,137.39,27490
1408406400,137.39,139.08,132.89,136.83,39170
1408492800,136.83,135.14,131.77,133.45,15600
1408579200,133.45,133.45,126.7,128.95,25276
1408838400,128.95,131.77,127.83,127.83,19766
1408924800,127.83,127.83,126.14,126.14,1116
1409011200,126.14,127.83,122.77,127.83,4330
1409097600,127.83,128.39,121.64,123.33,68670
1409184000,123.33,132.33,125.02,132.33,53160
1409443200,132.33,132.89,127.27,127.27,12502
1409529600,127.27,126.7,123.33,124.45,13000
1409702400,124.45,125.58,117.14,119.95,109886
1409788800,119.95,120.52,115.45,117.14,26650
1410048000,117.14,116.02,109.27,109.27,32917
1410220800,109.27,116.58,109.27,116.58,44603
1410307200,116.58,124.45,116.02,119.39,52410
1410393600,119.39,122.77,116.58,122.2,45207
1410652800,122.2,121.08,118.83,118.83,3500
1410739200,118.83,118.83,117.7,117.7,7260
1410825600,117.7,117.7,115.45,116.58,8000
1410912000,116.58,117.7,115.45,115.45,2290
1410998400,115.45,116.02,116.02,116.02,1000
1411257600,112.08,110.95,107.02,108.7,18050
1411344000,108.7,109.83,106.45,108.7,16540
1411430400,108.7,114.33,109.83,111.52,43441
1411516800,111.52,118.83,112.64,117.14,18750
1411862400,117.14,123.33,117.14,117.14,34650
1411948800,117.14,119.39,117.7,117.7,15840
1412035200,117.7,119.95,117.14,119.95,3550
1412726400,119.95,118.27,118.27,118.27,500
1412812800,118.27,117.7,117.7,117.7,500
1413072000,117.7,116.02,114.33,116.02,9500
1413158400,116.02,116.02,113.77,114.33,5050
1413244800,114.33,114.33,113.2,113.77,7500
1413331200,113.77,114.89,113.77,114.33,15700
1413417600,114.33,114.33,112.08,112.08,20000
1413676800,112.08,112.08,110.95,112.08,2130
1413763200,112.08,113.77,112.08,112.64,7000
1413849600,112.64,113.77,112.64,112.64,4000
1414281600,112.64,118.27,113.77,118.27,8510
1414368000,118.27,119.95,115.45,115.45,7310
1414454400,115.45,114.89,113.77,114.89,3800
1414627200,114.89,115.45,113.77,115.45,3890
1414886400,115.45,114.33,112.08,112.08,5000
1414972800,112.08,112.64,110.39,110.95,31200
1415059200,110.95,110.95,108.7,110.39,36030
1415145600,110.39,112.64,109.83,111.52,19570
1415232000,111.52,111.52,109.27,110.39,53210
1415491200,110.39,111.52,109.27,109.83,16780
1415577600,109.83,109.83,107.58,108.7,17220
1415664000,108.7,108.14,105.33,106.45,30770
1415750400,106.45,110.39,107.58,107.58,9220
1415836800,107.58,108.7,105.33,106.45,22700
1416096000,106.45,105.89,103.64,103.64,17911
1416182400,103.64,104.77,97.45,98.02,46070
1416268800,98.02,103.64,95.2,99.7,66480
1416355200,99.7,100.83,98.58,100.83,38800
1416441600,100.83,105.33,100.83,102.52,46900
1416700800,102.52,108.14,101.39,101.39,86520
1416787200,101.39,103.08,101.39,103.08,31060
1416873600,103.08,103.64,101.39,102.52,19291
1417305600,102.52,103.64,102.52,102.52,500
1417392000,102.52,101.39,99.14,100.27,20000
1417478400,100.27,99.7,96.33,98.58,93370
1417564800,98.58,102.52,98.58,99.14,17920
1417651200,99.14,101.95,100.27,100.27,8500
1417910400,100.27,100.83,99.7,99.7,6500
1417996800,99.7,100.27,97.45,97.45,16020
1418083200,97.45,99.7,98.58,99.7,11400
1418169600,99.7,103.64,100.27,101.39,15370
1418256000,101.39,103.08,101.39,101.95,11300
1418515200,101.95,107.02,101.95,104.77,72737
1418601600,104.77,107.02,103.64,104.77,34740
1418688000,104.77,105.89,102.52,104.2,25800
1418774400,104.2,104.2,101.95,102.52,25597
1418860800,102.52,103.64,101.95,103.64,17850
1419120000,103.64,103.08,100.27,100.83,20810
1419206400,100.83,99.7,99.7,99.7,5000
1419292800,99.7,100.83,96.89,99.7,43900
1419379200,99.7,102.52,99.7,99.7,11500
1419724800,99.7,104.2,100.83,104.2,43897
1419811200,104.2,103.08,101.39,101.39,37000
1419984000,101.39,102.52,99.14,102.52,17400
1420070400,102.52,104.2,101.39,102.52,72020
1420329600,102.52,104.2,103.08,103.08,43880
1420416000,103.08,105.33,102.52,102.52,28050
1420502400,102.52,103.64,100.83,100.83,34500
1420588800,100.83,103.64,100.83,103.08,34510
1420675200,103.08,104.77,102.52,102.52,20750
1420934400,102.52,104.77,102.52,103.64,36900
1421020800,103.64,104.2,102.52,103.08,10100
1421107200,103.08,103.64,101.95,103.64,15040
1421193600,103.64,104.2,102.52,104.2,15060
1421539200,104.2,104.77,103.08,104.2,15640
1421625600,104.2,108.7,104.77,105.33,73101
1421712000,105.33,105.33,103.08,103.64,6190
1421884800,103.64,103.64,102.52,103.64,24400
1422144000,103.64,105.33,103.08,104.2,11400
1422230400,104.2,104.77,103.64,103.64,6020
1422316800,103.64,105.33,102.52,105.33,11900
1422403200,105.33,104.77,104.2,104.77,4600
1422489600,104.77,107.02,103.64,104.77,23820
1422748800,104.77,105.89,103.64,104.77,14340
1422835200,104.77,105.33,103.08,103.64,11460
1422921600,103.64,104.2,103.64,104.2,5900
1423008000,104.2,105.33,103.64,104.77,21590
1423094400,104.77,104.2,103.08,103.64,10120
1423353600,103.64,104.77,103.64,104.77,9800
1423440000,104.77,103.64,103.64,103.64,6000
1423526400,103.64,103.64,103.08,103.08,6610
1423612800,103.08,103.64,103.08,103.64,5600
1423699200,103.64,103.64,102.52,103.08,27500
1423958400,103.08,102.52,102.52,102.52,4500
1424044800,102.52,104.2,102.52,103.64,29060
1424304000,103.64,104.2,101.95,101.95,15760
1424563200,101.95,103.08,101.39,101.39,19057
1424649600,101.39,103.08,101.39,101.39,12631
1424736000,101.39,101.95,100.83,100.83,11670
1424822400,100.83,101.95,100.83,101.95,10600
1424908800,101.95,101.95,101.95,101.95,100
1425168000,102.52,101.39,99.7,100.83,19690
1425254400,100.83,102.52,100.83,101.95,8940
1425340800,101.95,101.95,101.39,101.39,7900
1425427200,101.39,103.08,101.39,103.08,28270
1425859200,103.08,109.83,103.64,107.02,138997
1425945600,107.02,110.95,107.02,107.02,69270
1426032000,107.02,112.08,107.58,109.27,50587
1426118400,109.27,112.08,108.14,111.52,72340
1426377600,111.52,110.39,105.33,108.7,24780
1426464000,108.7,109.83,105.33,106.45,27900
1426550400,106.45,107.02,105.33,106.45,8567
1426636800,106.45,107.58,105.33,106.45,10300
1426723200,106.45,108.7,104.77,105.89,14920
1426982400,105.89,107.02,104.2,105.89,15670
1427068800,105.89,105.89,103.64,105.89,2270
1427155200,105.89,104.77,103.64,104.77,11530
1427241600,104.77,104.2,103.08,103.64,11000
1427328000,103.64,104.77,103.08,103.64,8400
1427587200,103.64,103.08,101.95,103.08,6000
1427673600,103.08,104.77,102.52,102.52,8760
1427760000,102.52,106.45,103.08,106.45,12310
1427846400,106.45,107.58,104.2,107.58,8181
1427932800,107.58,106.45,103.64,105.89,13950
1428192000,105.89,107.02,103.08,105.33,9440
1428278400,105.33,106.45,105.33,106.45,30
1428451200,106.45,107.58,101.39,105.33,41231
1428537600,105.33,104.77,103.08,104.77,15130
1428796800,104.77,105.89,103.08,103.64,42550
1428883200,103.64,105.33,102.52,103.64,43150
1429056000,103.64,103.64,103.08,103.08,19600
1429142400,103.08,103.64,101.95,103.64,7200
1429401600,103.64,105.33,102.52,104.2,14920
1429488000,104.2,105.33,103.64,103.64,950
1429574400,103.64,103.64,102.52,103.64,3750
1429660800,103.64,104.77,103.64,103.64,220
1429747200,101.95,101.95,100.27,100.27,31860
1432512000,100.27,99.14,99.14,99.14,500
1432598400,99.14,98.02,93.52,93.52,1407
1432771200,93.52,92.39,88.46,92.39,40267
1433030400,92.39,95.77,91.83,94.08,27630
1433116800,94.08,97.45,94.08,97.45,36810
1433203200,97.45,98.02,94.08,98.02,28036
1433289600,98.02,100.83,98.02,100.83,16837
1433376000,100.83,101.95,97.45,99.7,23710
1433635200,99.7,99.7,98.58,98.58,8700
1433721600,98.58,103.64,99.7,103.64,55530
1433808000,103.64,109.83,104.77,105.33,77660
1433894400,105.33,107.02,103.08,106.45,35790
1433980800,106.45,107.58,101.95,103.08,17610
1434240000,103.08,104.2,99.7,100.83,24750
1434326400,100.83,103.08,99.7,99.7,23000
1434412800,99.7,101.95,98.58,100.27,30600
1434499200,100.27,101.39,99.7,100.27,9000
1434585600,100.27,100.27,99.7,99.7,4500
1434844800,99.7,99.7,97.45,98.02,28400
1434931200,98.58,100.27,98.58,99.14,18720
1435017600,99.14,100.27,99.14,100.27,7200
1435104000,99.14,99.7,98.58,99.14,8680
1435190400,99.7,99.7,98.58,98.58,4000
1435449600,99.7,101.39,98.58,100.83,27200
1435536000,99.7,101.95,99.7,100.83,19630
1435622400,100.83,101.39,99.14,100.27,7200
1435708800,100.27,101.95,99.7,101.95,9300
1435795200,100.83,100.83,98.58,98.58,22830
1436054400,99.7,104.77,99.7,101.39,86717
1436140800,102.52,102.52,101.95,102.52,8420
1436227200,102.52,102.52,100.27,100.27,5300
1436313600,101.39,102.52,100.27,101.39,12431
1436400000,100.27,100.27,99.7,99.7,14000
1436659200,100.83,100.83,99.7,100.27,4040
1436745600,99.7,99.7,99.7,99.7,5000
1436832000,99.7,100.27,99.14,99.14,8740
1436918400,100.27,100.27,99.7,100.27,23400
1437004800,100.27,103.64,99.14,103.08,10891
1437523200,101.95,101.95,100.83,100.83,17610
1437609600,100.83,102.52,100.27,102.52,25781
1437868800,102.52,107.02,103.64,107.02,1510
1437955200,107.02,109.27,101.95,101.95,16370
1438041600,101.95,102.52,100.83,100.83,22289
1438128000,100.83,101.95,99.7,100.27,18740
1438214400,100.27,101.95,99.14,100.83,25500
1438473600,100.83,105.33,101.95,104.77,63820
1438560000,104.77,104.2,101.39,101.39,33800
1438646400,101.39,102.52,101.39,102.52,8250
1438732800,102.52,101.95,100.83,100.83,6920
1438819200,100.83,101.39,99.7,100.83,14620
1439078400,100.83,103.08,100.83,100.83,9500
1439164800,100.83,100.27,98.58,100.27,12550
1439251200,100.27,100.83,97.45,99.14,40520
1439337600,98.58,99.7,98.58,98.58,19600
1439424000,99.7,99.7,98.58,98.58,19200
1439683200,97.45,98.02,96.89,98.02,25382
1439769600,99.14,100.27,97.45,100.27,12730
1439856000,101.39,101.39,97.45,98.02,27740
1439942400,99.14,99.14,96.89,97.45,13880
1440028800,98.58,98.58,95.2,97.45,66530
1440288000,96.89,97.45,95.2,97.45,23540
1440374400,96.33,97.45,96.33,96.33,23860
1440460800,95.77,97.45,95.2,97.45,9540
1440547200,98.02,98.02,96.33,97.45,12400
1440633600,97.45,97.45,95.77,96.89,4220
1440979200,96.89,98.02,95.77,96.33,28940
1441065600,96.33,100.83,95.77,99.14,68000
1441152000,100.27,103.08,98.58,100.27,78410
1441238400,100.83,103.08,99.7,101.39,109632
1441497600,101.39,104.77,100.27,102.52,80677
1441584000,103.64,103.64,102.52,103.64,56830
1441670400,103.08,103.64,102.52,102.52,19480
1441756800,102.52,102.52,100.83,101.95,41310
1441843200,102.52,102.52,100.27,100.83,10266
1442102400,99.7,100.83,99.14,99.14,17740
1442188800,100.27,101.39,100.27,100.27,12000
1442275200,101.39,101.39,100.83,101.39,25100
1442361600,102.52,102.52,100.83,100.83,8600
1442448000,100.83,102.52,100.27,102.52,19300
1442880000,100.83,100.83,98.58,99.7,18092
1442966400,100.83,100.83,99.14,99.14,10550
1443052800,98.58,99.14,98.02,99.14,17700
1443398400,99.14,99.14,96.89,98.58,17440
1443484800,98.58,99.14,98.58,98.58,5600
1443571200,98.02,99.14,97.45,98.58,9900
1443657600,97.45,99.7,97.45,98.58,12800
1443916800,98.58,98.58,97.45,98.02,7000
1444003200,98.02,99.14,97.45,99.14,4100
1444089600,98.58,98.58,96.33,97.45,17600
1444176000,96.89,97.45,96.33,97.45,11530
1444262400,98.02,101.39,96.89,101.39,31350
1444521600,100.27,100.27,100.27,100.27,500
1444780800,99.14,99.14,98.02,98.02,2000
1444867200,98.02,98.02,96.89,96.89,1910
1445990400,95.77,95.77,94.64,94.64,18197
1446076800,95.2,96.89,94.64,96.33,34710
1446336000,97.45,98.58,95.2,98.58,17050
1446422400,97.45,97.45,95.2,96.89,11230
1446508800,98.02,98.02,95.2,95.77,7690
1446595200,95.77,96.33,95.77,96.33,14500
1446681600,95.77,95.77,95.77,95.77,2500
1446940800,94.64,95.77,94.64,95.2,36960
1447027200,96.33,98.02,96.33,96.89,45850
1447113600,97.45,98.02,97.45,97.45,9666
1447545600,96.33,96.33,95.77,95.77,9000
1447632000,95.2,95.77,95.2,95.2,9010
1447804800,96.33,97.45,96.33,97.45,5100
1447891200,96.33,96.33,95.2,95.77,2000
1448150400,95.2,95.77,94.08,94.64,17250
1448236800,94.64,95.77,94.08,95.2,19600
1448323200,95.2,95.2,94.08,94.08,9550
1448409600,93.52,94.64,93.52,94.08,20570
1448496000,95.2,95.2,92.39,92.39,11544
1448755200,91.83,91.83,90.71,91.83,5500
1448841600,92.96,93.52,91.27,92.96,12700
1448928000,92.96,93.52,92.96,92.96,5000
1449014400,92.96,92.96,91.83,92.96,6400
1449100800,94.08,94.08,93.52,93.52,3000
1449187200,93.52,94.64,93.52,94.64,2470
1449446400,93.52,93.52,93.52,93.52,500
1449619200,94.08,95.2,91.83,92.39,30050
1449705600,93.52,95.2,92.96,92.96,16800
1449964800,94.08,97.45,94.08,96.33,74214
1450051200,97.45,98.02,96.33,98.02,43954
1450137600,98.02,98.02,95.77,95.77,9120
1450224000,95.77,95.77,94.08,94.08,11570
1450310400,95.2,96.33,94.08,94.64,9810
1450569600,94.64,94.64,93.52,94.64,8540
1450656000,94.64,94.64,93.52,94.64,9320
1450742400,95.77,95.77,93.52,93.52,8630
1450828800,93.52,95.2,93.52,95.2,29400
1450915200,94.08,94.08,94.08,94.08,2000
1451001600,92.96,95.2,92.96,95.2,4860
1451260800,95.2,94.08,92.96,93.52,9000
1451347200,93.52,95.2,93.52,94.64,17900
1451520000,95.77,98.02,93.52,94.08,22290
1451779200,94.08,95.77,93.52,95.2,48940
1451865600,95.2,98.02,95.2,96.33,34550
1451952000,97.45,97.45,96.33,96.33,50190
1452038400,95.77,102.52,95.77,102.52,153480
1452124800,101.39,103.64,99.7,100.83,75605
1452384000,100.83,102.52,99.7,102.52,65180
1452470400,102.52,102.52,99.7,100.27,16440
1452556800,99.7,99.7,96.89,98.58,23930
1452643200,98.58,99.14,98.02,98.02,38720
1452729600,98.58,102.52,96.89,99.7,96200
1452988800,100.83,103.08,100.83,103.08,30
1453075200,104.2,109.83,104.2,109.83,7070
1453161600,110.95,117.14,110.95,117.14,37550
1453248000,118.27,121.64,110.39,112.08,80040
1453334400,112.08,119.95,113.2,119.95,31880
1453593600,119.95,126.14,119.39,122.77,24670
1453680000,124.45,125.02,119.39,121.64,26100
1453766400,122.2,123.33,117.7,119.95,19430
1453852800,119.95,119.39,114.33,117.7,20580
1453939200,119.39,121.08,116.02,116.02,31800
1454198400,115.45,116.02,113.77,116.02,29800
1454284800,116.02,118.27,114.89,114.89,31330
1454371200,114.89,115.45,113.2,114.33,30090
1454457600,114.33,115.45,113.2,113.2,5800
1454544000,112.64,119.39,112.08,117.7,69700
1454803200,117.7,125.02,117.7,122.2,143250
1454889600,122.2,126.7,122.2,125.02,125200
1455148800,125.02,131.2,126.14,128.95,99360
1455408000,130.08,132.33,125.58,126.7,46600
1455494400,125.02,127.83,122.77,126.7,38214
1455580800,126.7,128.39,123.33,125.58,19500
1455667200,125.58,126.14,123.89,125.02,17660
1455753600,125.02,127.83,124.45,126.7,56790
1456012800,128.39,133.45,128.39,133.45,257261
1456099200,134.58,136.83,131.2,132.33,60610
1456185600,132.33,132.33,126.14,127.83,75770
1456272000,129.52,132.89,125.02,125.58,69640
1456358400,125.58,127.83,123.33,125.58,57125
1456617600,125.58,128.95,123.33,126.14,39460
1456704000,126.14,126.14,125.02,125.58,19730
1456790400,123.89,127.27,123.33,124.45,51330
1456876800,126.14,126.14,122.77,124.45,37350
1456963200,124.45,124.45,124.45,124.45,1000
1457222400,125.58,128.39,124.45,127.27,78000
1457568000,128.95,131.77,125.58,131.77,99680
1457827200,130.08,131.77,125.02,131.2,191810
1457913600,131.77,134.02,129.52,132.33,123105
1458000000,132.33,141.89,130.64,137.39,231435
1458086400,139.08,143.01,137.95,140.2,191610
1458172800,141.89,148.08,140.76,148.08,424573
1458432000,150.33,159.33,148.64,153.7,332030
1458518400,155.95,165.51,150.89,154.26,579560
1458691200,152.01,155.39,145.83,147.51,275915
1458777600,147.51,148.08,138.52,142.45,149013
1459036800,142.45,145.83,137.95,140.2,84787
1459123200,140.2,141.33,134.58,138.52,106013
1459209600,137.39,139.64,134.58,137.39,56821
1459296000,137.39,137.95,134.58,135.14,104440
1459382400,135.14,136.83,132.89,136.27,70635
1459641600,136.27,137.95,131.2,134.58,72683
1459728000,134.58,136.27,131.77,135.7,75540
1459814400,135.7,136.83,132.89,135.14,51330
1459900800,135.14,134.58,132.89,134.02,38180
1460246400,134.02,135.14,130.64,131.77,48186
1460332800,131.77,133.45,129.52,131.77,26010
1460419200,131.77,134.58,128.95,134.58,69350
1460592000,134.58,136.27,133.45,134.02,29480
1460851200,135.7,136.27,134.02,134.58,64120
1460937600,134.58,136.27,132.89,135.7,35854
1461024000,135.7,144.14,134.58,140.2,176018
1461110400,140.2,145.26,141.33,143.01,191042
1461196800,143.01,144.7,140.76,140.76,126120
1461456000,140.76,142.45,139.64,140.76,29822
1461542400,140.76,142.45,139.64,140.76,28840
1461628800,140.76,141.33,137.39,137.39,17644
1461715200,137.39,139.64,136.27,138.52,379067
1461801600,138.52,141.33,135.7,141.33,70283
1462147200,141.33,140.2,137.95,137.95,6450
1462233600,137.95,139.08,136.27,139.08,51134
1462320000,139.08,140.76,135.7,140.76,36340
1462406400,140.76,139.08,136.83,138.52,20880
1462665600,138.52,137.95,135.14,137.95,19685
1462752000,139.64,139.64,135.14,135.14,30620
1462838400,133.45,137.39,133.45,135.7,420260
1462924800,135.7,135.7,134.02,135.7,52880
1463011200,134.02,134.58,132.33,132.89,31160
1463270400,136.27,136.27,131.2,132.33,15885
1463356800,132.33,135.14,131.77,132.33,27100
1463443200,134.02,134.02,131.77,132.89,24830
1463529600,132.89,137.95,131.2,134.58,26111
1463616000,134.58,136.27,131.2,132.89,34280
1463875200,132.89,134.02,127.83,127.83,87818
1463961600,127.83,134.02,128.95,130.64,51964
1464048000,130.64,140.2,131.2,132.33,84950
1464134400,132.33,134.58,131.77,133.45,35015
1464220800,133.45,139.08,134.02,138.52,148740
1464480000,138.52,146.95,139.08,141.89,334014
1464566400,141.89,149.2,141.89,143.01,288128
1464652800,143.01,152.58,143.01,152.58,441368
1464739200,152.58,157.08,147.51,149.76,379730
1464825600,149.76,149.76,145.26,148.64,146134
1465084800,148.64,146.95,141.33,143.58,130270
1465171200,143.58,146.39,141.33,143.01,74320
1465257600,143.01,145.26,140.76,141.33,67094
1465344000,141.33,145.26,142.45,143.01,68233
1465430400,144.7,145.26,141.33,142.45,82760
1465689600,142.45,145.83,142.45,143.01,70310
1465776000,143.01,145.83,142.45,144.14,64020
1465862400,144.14,146.39,143.01,144.14,86530
1465948800,145.83,145.83,142.45,143.01,39600
1466035200,143.01,144.7,141.89,141.89,71144
1466294400,141.89,144.14,141.89,143.01,53900
1466380800,143.01,148.64,141.33,146.39,277106
1466467200,146.39,151.45,146.39,150.33,272305
1466553600,152.01,153.14,148.64,151.45,212790
1466640000,151.45,154.26,150.89,151.45,150305
1466899200,151.45,153.7,149.2,149.2,63440
1466985600,149.2,151.45,148.64,148.64,52070
1467072000,148.64,150.33,146.39,148.64,120487
1467158400,148.64,149.2,147.51,147.51,36177
1467244800,147.51,149.2,146.95,148.08,60111
1467504000,148.08,149.76,146.39,146.39,67410
1467590400,146.39,147.51,145.83,146.95,68180
1467676800,146.95,147.51,145.83,146.95,55260
1467763200,149.2,149.76,146.39,147.51,70720
1468108800,147.51,148.08,145.83,146.39,65380
1468195200,146.39,147.51,145.83,145.83,62210
1468281600,145.83,146.39,141.89,145.26,113570
1468368000,145.26,145.26,140.76,143.58,31430
1468454400,143.01,145.26,142.45,144.14,23050
1468713600,144.14,144.7,141.89,143.01,43800
1468800000,143.01,144.7,140.2,144.7,74430
1468886400,144.7,145.83,141.33,143.01,51650
1468972800,144.7,144.7,140.76,141.89,46770
1469059200,141.89,145.83,140.76,141.89,46440
1469404800,141.89,145.26,141.33,141.89,58870
1469491200,141.89,144.14,140.76,142.45,59800
1469577600,142.45,149.76,141.89,149.76,172643
1469664000,149.76,153.14,144.7,146.95,123700
1469923200,146.95,148.64,144.7,148.08,56770
1470009600,148.08,148.08,144.7,147.51,47490
1470096000,147.51,145.83,141.89,144.14,47240
1470182400,144.14,145.83,142.45,143.58,26722
1470268800,143.58,145.26,137.95,140.2,58790
1470528000,140.2,143.58,140.2,140.76,60170
1470614400,140.76,140.2,137.39,137.39,17600
1470700800,139.08,142.45,139.08,141.33,6030
1470787200,143.01,143.01,137.95,140.2,89070
1470873600,140.76,144.14,139.64,140.2,39050
1471132800,140.2,140.2,137.95,137.95,18650
1471219200,136.27,139.08,133.45,135.7,60150
1471305600,134.02,137.39,134.02,135.7,47460
1471392000,136.27,137.39,135.7,136.83,27670
1471737600,138.52,138.52,133.45,136.83,35090
1471824000,136.83,136.83,132.89,134.02,32324
1471910400,132.33,135.7,132.33,134.02,22280
1471996800,135.7,135.7,132.89,133.45,14800
1472342400,134.58,135.7,134.02,134.02,19920
1472428800,135.7,135.7,132.33,134.02,38650
1472515200,134.58,136.83,134.02,134.58,24560
1472601600,134.02,134.58,131.77,132.89,14850
1472688000,131.77,135.7,131.2,133.45,25290
1472947200,136.27,136.27,131.77,132.33,18111
1473033600,131.77,132.89,131.77,131.77,19850
1473120000,133.45,133.45,131.2,131.2,15870
1473206400,131.2,132.89,130.08,130.64,53930
1473292800,130.64,135.14,130.08,135.14,27240
1473552000,136.83,138.52,128.95,133.45,23260
1473638400,131.77,134.58,131.77,134.58,32160
1473811200,135.14,135.14,131.77,134.02,14210
1474156800,132.33,133.45,130.08,132.33,20670
1474329600,133.45,133.45,130.08,130.08,23761
1474416000,131.77,131.77,128.95,130.08,19120
1474502400,128.95,129.52,128.39,129.52,23351
1474761600,128.95,129.52,128.39,129.52,23351
1474848000,126.14,129.52,125.58,128.95,26798
1474934400,130.64,130.64,127.27,127.83,7320
1475020800,126.14,127.83,126.14,126.7,25580
1475107200,127.83,127.83,125.58,126.14,16460
1475366400,127.83,127.83,123.89,125.02,11440
1475452800,125.02,128.39,125.02,125.02,4810
1475539200,126.7,127.27,123.89,123.89,5884
1475625600,125.58,128.39,125.58,128.39,6140
1475712000,128.95,128.95,128.39,128.95,4250
1476576000,128.95,128.95,125.58,125.58,3100
1476662400,127.27,127.83,126.14,126.14,4130
1476748800,126.14,130.64,126.14,128.95,38343
1476835200,127.27,127.83,126.14,126.7,19850
1476921600,127.83,130.08,126.7,130.08,24104
1477180800,131.77,131.77,126.7,128.39,13816
1477267200,126.7,126.7,123.89,125.58,19860
1477353600,123.89,126.7,123.89,126.7,10920
1477440000,127.83,130.64,125.58,128.95,36100
1477526400,130.64,132.89,130.08,130.64,42320
1478131200,129.52,131.2,128.95,131.2,2530
1478476800,130.64,130.64,127.83,128.39,9774
1478563200,130.08,130.08,125.58,127.27,22050
1478649600,126.14,126.14,124.45,126.14,16790
1478736000,127.83,127.83,123.89,126.14,25244
1478995200,126.14,126.14,124.45,125.58,8950
1479081600,125.02,126.7,125.02,126.7,13371
1479168000,127.27,127.27,124.45,125.02,13680
1479254400,123.89,127.27,123.89,125.58,9650
1479340800,125.02,128.95,123.33,123.33,49540
1479600000,122.2,125.02,117.7,122.2,42394
1479686400,121.64,123.33,117.7,123.33,34090
1479772800,121.64,122.77,121.08,122.2,13990
1479859200,123.33,123.33,116.58,118.27,25873
1479945600,119.95,121.64,116.02,118.83,31176
1480204800,117.14,118.27,113.2,113.2,18980
1480291200,112.08,117.7,107.58,117.7,23810
1480377600,116.02,121.08,113.77,120.52,18368
1480464000,122.2,122.2,117.7,119.39,16700
1480550400,118.27,121.08,116.58,118.83,10490
1480809600,117.7,119.95,116.02,119.95,6251
1480896000,120.52,120.52,114.33,115.45,8390
1480982400,115.45,116.02,113.2,116.02,9580
1481068800,116.58,116.58,114.89,116.58,6350
1481155200,116.02,116.58,114.33,116.58,9350
1481414400,115.45,115.45,109.83,112.64,43600
1481500800,111.52,114.33,108.7,113.77,60250
1481673600,114.89,114.89,110.39,113.77,17310
1481760000,112.64,116.58,112.64,115.45,28540
1482019200,114.33,117.7,113.2,116.58,35780
1482105600,115.45,115.45,113.77,114.89,6011
1482192000,114.89,116.02,112.64,113.2,10160
1482278400,112.08,113.2,110.39,113.2,11977
1482364800,113.77,113.77,110.39,112.64,5790
1482710400,111.52,111.52,109.27,110.95,13800
1482796800,109.83,110.95,107.58,109.83,35600
1482883200,109.83,110.95,109.27,110.95,22210
1482969600,112.08,113.2,110.95,111.52,22320
1483228800,112.64,112.64,109.83,110.95,2674
1483315200,112.08,112.08,109.83,109.83,14840
1483401600,109.27,110.39,108.7,108.7,16020
1483488000,109.27,109.83,109.27,109.83,10080
1483574400,110.39,113.77,109.83,110.39,71710
1483833600,110.95,113.77,110.39,112.64,12881
1483920000,112.64,112.64,110.95,110.95,3910
1484006400,112.08,112.64,110.95,112.08,7901
1484092800,113.2,113.2,110.95,112.08,2340
1484179200,113.2,113.2,109.27,112.08,10490
1484438400,112.08,112.08,110.95,110.95,2600
1484524800,109.83,112.08,109.83,111.52,21280
1484611200,110.95,111.52,109.83,111.52,16530
1484697600,110.39,112.64,110.39,111.52,19591
1484784000,110.95,113.77,110.95,112.64,28010
1485043200,113.77,113.77,111.52,112.64,13353
1485129600,113.2,114.33,110.39,113.2,33340
1485216000,112.08,113.2,110.95,112.08,26743
1485302400,110.95,110.95,109.27,109.27,20157
1485388800,108.14,110.39,107.58,109.27,12340
1485734400,108.14,108.14,104.77,105.89,17820
1485820800,104.77,107.02,103.64,106.45,38490
1485907200,107.58,109.27,106.45,109.27,11830
1485993600,109.27,109.83,106.45,106.45,3867
1486252800,105.33,107.58,105.33,107.02,14450
1486339200,105.89,107.02,105.33,106.45,11750
1486425600,107.58,107.58,105.33,105.89,6590
1486512000,105.33,105.33,103.08,103.08,15690
1486598400,101.95,103.64,100.27,100.27,23130
1486857600,99.14,99.7,97.45,99.7,7800
1486944000,98.58,103.08,97.45,101.95,4380
1487030400,102.52,102.52,99.14,99.7,350
1487116800,100.83,103.64,99.7,103.64,28570
1487203200,104.77,105.89,102.52,102.52,4920
1487462400,102.52,103.64,100.83,103.08,11130
1487548800,104.2,104.2,101.95,101.95,8325
1487635200,103.08,103.08,101.39,101.39,8925
1487721600,100.83,101.39,98.58,100.27,10220
1487808000,99.7,101.39,99.14,100.27,4720
1488067200,99.7,100.27,98.02,98.58,11930
1488240000,98.58,101.39,98.58,101.39,3750
1488326400,100.83,101.39,99.7,101.39,4700
1488412800,102.52,102.52,99.7,101.95,6760
1488672000,100.83,103.08,100.83,101.39,26275
1488758400,102.52,104.77,101.95,103.64,23065
1488844800,102.52,103.64,101.39,103.08,12803
1489017600,102.52,105.33,102.52,104.2,12230
1489363200,103.08,105.89,103.08,105.33,16905
1489449600,107.02,107.02,103.64,104.77,19560
1489536000,105.89,111.52,104.2,111.52,66361
1489622400,112.64,117.14,110.95,113.77,161769
1489881600,113.77,115.45,108.7,115.45,99951
1489968000,114.89,118.27,113.77,117.14,418418
1490054400,117.7,117.7,113.77,115.45,21532
1490140800,116.58,116.58,113.2,113.2,24760
1490227200,112.08,121.08,111.52,120.52,284386
1490486400,122.2,125.58,118.83,120.52,563020
1490659200,120.52,122.2,116.02,120.52,113767
1490745600,120.52,125.58,116.02,119.95,195522
1490832000,119.95,121.64,117.14,119.95,78680
1491091200,121.64,123.33,120.52,122.2,34925
1491177600,124.45,130.64,119.39,122.2,186030
1491264000,120.52,123.33,118.27,120.52,44915
1491436800,120.52,121.08,118.83,121.08,49480
1491696000,121.08,121.64,118.27,119.39,18640
1491782400,119.95,120.52,118.27,119.39,26100
1491868800,118.27,121.64,117.7,119.39,33975
1491955200,120.52,121.08,117.7,118.83,77460
1492041600,119.39,119.39,117.7,118.83,47720
1492300800,117.14,118.27,116.58,117.14,45484
1492473600,116.02,117.14,112.08,112.64,29900
1492560000,112.08,117.7,113.2,114.33,7870
1492646400,115.45,117.7,112.64,114.33,7890
1492905600,115.45,117.7,114.33,114.89,8640
1492992000,113.77,116.02,113.77,113.77,4750
1493078400,114.89,114.89,112.64,114.33,9200
1493164800,113.2,115.45,113.2,113.2,11000
1493251200,113.2,114.89,112.64,113.77,8570
1493510400,112.64,113.77,112.08,112.08,18125
1493683200,113.2,114.33,112.08,112.08,16470
1493769600,113.2,114.33,110.95,110.95,13765
1493856000,110.95,112.08,109.27,112.08,159125
1494115200,110.95,110.95,108.14,109.27,9050
1494201600,109.27,112.64,109.27,110.95,44020
1494288000,110.95,114.89,109.83,113.77,14130
1494460800,114.89,117.7,113.77,115.45,110468
1494806400,116.58,116.58,112.64,112.64,28750
1494892800,113.77,114.89,112.64,114.89,36298
1494979200,113.77,115.45,113.2,115.45,111950
1495065600,115.45,114.89,113.77,114.33,3200
1495324800,115.45,115.45,112.08,113.77,30550
1495411200,113.77,113.77,110.95,112.64,4267
1495497600,113.77,113.77,111.52,112.08,8800
1495584000,112.08,112.08,110.95,111.52,9600
1495929600,110.39,113.77,110.39,113.2,16850
1496102400,114.33,114.33,110.95,112.08,16450
1496188800,112.08,112.08,110.95,112.08,6350
1496275200,110.95,113.2,110.39,113.2,66963
1496534400,112.64,112.64,109.83,112.08,18080
1496620800,112.08,112.08,109.83,110.95,5400
1496707200,112.08,112.08,109.83,111.52,4446
1496793600,111.52,112.08,110.95,110.95,2800
1496880000,110.95,110.95,109.27,109.27,9450
1497139200,109.83,112.64,109.83,111.52,27860
1497225600,110.39,112.08,108.7,111.52,21245
1497312000,110.39,112.08,108.7,110.95,12925
1497398400,111.52,113.2,109.27,109.27,44170
1497484800,108.7,110.39,108.7,109.27,11510
1497744000,110.39,110.95,108.14,110.95,12560
1497830400,109.83,109.83,108.14,109.27,6040
1499817600,110.39,113.2,105.33,106.45,33983
1499904000,106.45,108.7,105.33,107.58,59925
1500163200,108.7,108.7,106.45,106.45,2975
1500249600,106.45,109.27,106.45,109.27,29800
1500336000,110.39,114.33,109.27,113.2,41191
1500422400,114.33,114.33,109.83,109.83,19850
1500508800,110.39,110.95,108.7,108.7,14320
1500768000,109.27,113.2,109.27,112.08,84350
1500854400,113.2,119.95,113.2,119.95,335478
1500940800,121.64,125.02,117.14,118.27,205780
1501027200,119.95,125.02,116.58,117.7,195720
1501113600,119.39,121.08,116.02,116.58,42220
1501372800,115.45,117.7,113.2,113.2,36910
1501459200,114.33,116.58,112.64,113.2,18090
1501545600,113.77,116.02,113.77,115.45,33370
1501632000,115.45,116.58,113.77,114.89,55015
1501718400,114.89,115.45,114.33,114.33,21360
1501977600,114.89,121.08,114.89,120.52,568918
1502064000,118.83,122.2,116.58,119.95,111394
1502236800,121.08,122.2,118.83,120.52,116260
1502323200,119.39,120.52,118.83,119.95,106230
1502582400,121.64,126.14,120.52,125.02,398970
1502755200,126.7,129.52,122.77,126.14,280403
1502841600,124.45,125.02,121.08,122.2,135807
1502928000,122.2,122.2,118.83,119.39,60505
1503187200,120.52,120.52,114.89,117.14,37350
1503273600,118.27,118.27,115.45,116.02,8470
1503360000,114.89,117.14,114.89,116.02,16730
1503446400,115.45,116.02,114.89,114.89,23634
1503532800,114.89,116.02,114.33,114.89,26400
1503792000,114.89,116.02,112.64,113.77,28440
1503878400,113.2,114.33,112.64,113.77,20100
1504051200,114.33,114.33,112.08,113.2,14809
1504137600,113.2,113.2,111.52,112.64,17220
1504483200,111.52,112.64,109.83,110.39,14610
1504656000,109.83,112.64,109.27,111.52,44430
1504742400,112.08,112.08,109.27,109.27,9493
1505001600,108.14,109.83,106.45,108.14,37050
1505088000,107.02,109.27,106.45,108.14,17750
1505174400,107.58,107.58,105.89,105.89,20900
1505260800,106.45,107.58,105.89,107.58,11670
1505347200,108.14,108.7,107.02,108.7,7790
1505606400,109.83,110.95,106.45,106.45,1900
1505692800,106.45,108.7,106.45,108.14,10650
1505865600,107.02,108.14,107.02,107.58,1100
1506211200,107.02,108.14,106.45,107.58,74879
1506297600,107.02,108.14,107.02,107.58,36600
1506384000,108.14,108.7,107.58,107.58,1990
1506988800,108.7,108.7,108.7,108.7,600
1507075200,109.27,109.27,105.89,107.58,26260
1507420800,107.02,107.02,103.64,105.89,89549
1507507200,104.77,105.89,104.77,105.89,17890
1507593600,105.33,106.45,104.2,105.89,17050
1507680000,105.89,105.89,103.64,104.77,8360
1507766400,105.33,105.33,104.2,105.33,15700
1508025600,104.77,105.89,104.77,105.33,3210
1508112000,106.45,106.45,104.77,105.89,17267
1508198400,107.02,109.27,107.02,108.14,4010
1508284800,107.02,107.02,104.77,106.45,17750
1508630400,107.02,107.02,105.89,106.45,6550
1508716800,105.89,105.33,104.77,105.33,10400
1508803200,105.33,107.58,105.89,107.02,48839
1508889600,107.02,107.02,104.77,104.77,5100
1509235200,103.64,105.89,103.64,105.33,19450
1509321600,105.33,106.45,104.2,104.2,26600
1509408000,104.2,105.33,103.64,104.2,34810
1509494400,103.64,104.2,102.52,103.08,32200
1509580800,102.52,105.33,102.52,103.08,8250
1509840000,103.64,104.2,102.52,102.52,17780
1509926400,102.52,103.64,101.95,103.08,14660
1510012800,102.52,102.52,101.95,101.95,14110
1510099200,100.83,101.95,100.27,100.83,37433
1510185600,100.83,100.83,98.58,100.27,19630
1510444800,100.27,100.83,99.14,99.7,20923
1510531200,99.7,102.52,99.14,100.83,27545
1510617600,101.95,102.52,100.27,101.39,9220
1510704000,101.39,101.39,99.14,99.14,13270
1510790400,99.7,100.83,99.14,99.7,25520
1511049600,99.7,99.7,98.58,99.14,8550
1511136000,98.58,99.14,98.02,98.58,13950
1511222400,99.14,99.7,98.58,99.14,4600
1511308800,99.14,99.7,98.58,99.14,14265
1511395200,99.14,100.27,99.14,99.7,8350
1511654400,99.7,101.95,99.14,100.27,29800
1511740800,100.83,100.83,98.58,99.7,21537
1511827200,98.58,103.08,98.58,101.39,35476
1511913600,102.52,106.45,101.95,103.64,90875
1512000000,104.77,105.89,103.08,103.64,15010
1512345600,103.64,103.64,102.52,103.64,18530
1512432000,103.64,103.64,101.39,103.64,2550
1512518400,103.64,104.2,103.64,104.2,5317
1512864000,103.64,103.64,102.52,102.52,13195
1512950400,101.95,102.52,101.39,102.52,5748
1513036800,102.52,102.52,101.39,101.39,8780
1513123200,102.52,103.08,101.39,101.39,4220
1513209600,100.83,101.95,100.83,101.39,1340
1513468800,100.83,101.39,99.7,100.83,32040
1513555200,101.39,101.95,99.7,101.39,10283
1513641600,100.83,100.83,99.14,99.7,9000
1513728000,99.7,101.39,99.14,99.7,9950
1513814400,99.14,99.7,99.14,99.14,5350
1514073600,99.14,101.39,99.14,100.83,11030
1514246400,99.7,100.27,99.14,100.27,14619
1514332800,99.14,99.7,97.45,99.7,59990
1514419200,98.58,99.14,98.02,98.58,12550
1514678400,98.02,99.14,98.02,98.58,8490
1514764800,99.7,100.83,98.58,100.83,23470
1514851200,99.7,101.39,98.58,99.7,31440
1514937600,98.58,99.7,98.58,98.58,4540
1515024000,98.58,100.83,98.58,99.7,19800
1515283200,99.7,99.7,98.58,98.58,8600
1515369600,99.7,100.83,99.7,100.27,9320
1515456000,100.27,101.39,99.7,100.83,8240
1515542400,99.7,100.27,99.7,100.27,24950
1515888000,99.7,100.27,98.58,98.58,18000
1516060800,98.58,99.14,97.45,98.58,26550
1516147200,98.58,99.14,98.02,98.02,18480
1516492800,98.02,98.58,97.45,98.02,82951
1516579200,98.02,98.58,97.45,98.02,38940
1516665600,98.02,98.02,97.45,98.02,7000
1516752000,98.02,98.58,98.02,98.58,8670
1516838400,98.02,98.02,98.02,98.02,2100
1517097600,98.02,98.02,97.45,97.45,13870
1517184000,97.45,98.02,97.45,98.02,4010
1517356800,98.02,98.02,96.33,96.89,12454
1517443200,96.33,98.02,96.33,97.45,8650
1517702400,97.45,97.45,96.33,97.45,20080
1517788800,96.89,97.45,96.89,96.89,8460
1517875200,96.89,96.89,94.64,95.2,17229
1517961600,94.64,94.64,94.08,94.08,28727
1518048000,93.52,95.2,93.52,95.2,27155
1518307200,94.08,94.64,92.96,92.96,27470
1518393600,92.96,94.08,92.96,94.08,15390
1518566400,93.52,95.2,91.83,95.2,14410
1518652800,95.77,98.02,93.52,98.02,29750
1518912000,98.02,97.45,94.08,94.64,9400
1519084800,95.2,95.77,94.08,95.2,5740
1519171200,95.2,95.2,93.52,94.08,5144
1519257600,94.08,95.2,94.08,95.2,17050
1519516800,94.64,94.64,92.39,93.52,5449
1519603200,92.39,94.08,92.39,94.08,22310
1519689600,94.64,95.2,92.96,92.96,25760
1519776000,94.08,94.08,91.83,92.39,19440
1520121600,92.96,92.96,90.71,91.27,18573
1520294400,90.14,92.96,89.58,91.27,43180
1520380800,92.39,92.39,90.14,91.27,10870
1520726400,91.27,91.27,88.46,88.46,62020
1520812800,88.46,90.71,89.02,89.58,10800
1520899200,90.71,90.71,89.02,89.58,5846
1520985600,89.02,89.58,89.02,89.02,4200
1521072000,89.58,90.14,89.58,90.14,1940
1521331200,90.14,90.14,87.89,87.89,20780
1521417600,87.33,89.58,87.33,88.46,14740
1521504000,88.46,89.02,86.21,87.33,40430
1521590400,87.89,88.46,85.08,85.64,12580
1521676800,85.08,86.77,83.96,85.64,16010
1522022400,85.08,85.08,82.27,82.27,11430
1522108800,82.27,85.64,80.58,85.64,17430
1522195200,86.21,87.89,83.39,83.96,32360
1522281600,84.52,85.08,83.39,85.08,11900
1522540800,84.52,84.52,83.96,83.96,4240
1522627200,83.96,83.96,82.83,83.39,1480
1522713600,83.39,84.52,82.83,84.52,6650
1522800000,84.52,85.08,83.96,85.08,4750
1522886400,85.08,86.77,84.52,85.08,12570
1523145600,85.08,87.33,85.08,86.21,17020
1523232000,86.21,87.33,85.64,86.21,6100
1523318400,85.64,86.77,85.08,85.64,5710
1523404800,85.08,86.77,85.08,86.21,5180
1523491200,85.64,85.64,83.96,84.52,25920
1523750400,84.52,85.64,84.52,85.64,1600
1523836800,85.64,86.21,85.08,85.08,5200
1523923200,85.08,87.33,83.96,85.64,22415
1524009600,86.21,90.71,85.08,88.46,74040
1524096000,89.02,91.83,87.89,89.58,57030
1524355200,89.58,91.83,88.46,90.71,26430
1524441600,91.27,92.96,87.89,89.02,37800
1524528000,88.46,89.02,88.46,88.46,2580
1524614400,87.89,89.02,87.33,87.33,6995
1524700800,87.33,88.46,86.21,86.21,10430
1524960000,85.64,86.21,85.64,85.64,2800
1525219200,85.64,86.77,85.08,86.77,5820
1525305600,87.33,87.33,86.21,86.77,7770
1525564800,87.33,87.33,86.21,86.21,510
1525651200,85.64,85.64,84.52,84.52,16340
1525737600,85.08,86.21,85.08,86.21,2000
1525824000,86.21,85.64,85.64,85.64,360
1525910400,85.64,86.21,85.08,85.08,7000
1526256000,85.08,86.21,84.52,85.08,13220
1526342400,85.08,85.08,84.52,85.08,1020
1526428800,85.08,85.64,85.08,85.64,1200
1526515200,86.21,86.21,85.08,85.08,1700
1526774400,85.64,86.21,84.52,84.52,17544
1526860800,85.08,85.08,83.96,83.96,4125
1526947200,84.52,85.08,83.96,83.96,8640
1527033600,83.96,85.08,83.96,83.96,9320
1527120000,83.96,84.52,83.39,83.39,10080
1527379200,82.83,83.96,82.83,83.96,2060
1527465600,83.96,85.08,83.39,85.08,16200
1527552000,84.52,84.52,83.96,84.52,3480
1527638400,83.96,85.08,83.39,83.39,5020
1527724800,83.96,84.52,83.96,83.96,4120
1527984000,83.96,83.96,83.96,83.96,100
1528070400,83.39,83.39,83.39,83.39,50
1528243200,83.39,83.96,82.83,82.83,2400
1528329600,82.83,82.83,82.27,82.83,5600
1528588800,82.27,82.83,80.58,80.58,15835
1528675200,80.58,81.14,80.58,80.58,5315
1528761600,81.14,81.71,80.58,81.71,5190
1528848000,82.27,82.27,81.14,81.14,960
1528934400,81.71,83.39,81.71,82.83,5120
1529193600,83.39,83.39,82.83,82.83,3000
1529280000,82.27,82.27,81.14,81.14,1863
1529366400,81.71,81.71,81.14,81.71,4650
1529452800,81.71,82.83,81.71,82.83,850
1529539200,82.27,82.27,81.14,81.14,4150
1529798400,81.71,81.71,81.14,81.71,560
1529884800,81.14,81.14,80.58,80.58,3500
1529971200,81.14,81.14,80.58,80.58,800
1530057600,81.14,81.14,80.02,80.02,530
1530144000,79.46,79.46,78.89,79.46,8170
1530403200,80.02,80.02,78.89,80.02,7600
1530489600,77.21,78.33,77.21,77.77,2300
1530576000,77.77,78.33,77.77,77.77,3200
1530662400,77.77,79.46,77.77,78.89,16100
1530748800,79.46,80.58,79.46,80.02,14300
1531008000,79.46,79.46,78.33,79.46,11360
1531094400,78.89,79.46,78.89,79.46,8310
1531180800,79.46,79.46,78.33,78.89,13300
1531267200,78.89,80.02,77.21,77.21,19190
1531353600,77.21,78.89,77.21,78.33,2200
1531612800,78.89,78.89,78.89,78.89,4400
1531699200,78.33,81.71,78.33,81.71,22027
1531785600,81.71,82.83,80.58,81.14,12250
1531872000,80.58,83.39,80.02,83.39,17950
1531958400,82.83,83.39,80.58,80.58,22610
1532217600,80.02,81.14,80.02,81.14,2035
1532304000,81.71,81.71,81.14,81.14,550
1532390400,80.58,81.71,78.89,78.89,14320
1532476800,79.46,80.02,78.33,80.02,10460
1532563200,79.46,79.46,78.33,78.33,13330
1532822400,78.89,81.71,78.89,81.71,8500
1532908800,81.71,81.71,79.46,81.71,3670
1532995200,81.71,81.71,80.58,80.58,140
1533081600,80.02,80.02,78.89,80.02,7600
1533168000,79.46,79.46,78.89,78.89,600
1533427200,78.33,78.89,77.77,78.33,11870
1533513600,77.77,78.33,77.77,78.33,3400
1533600000,78.33,78.33,77.77,78.33,4540
1533686400,77.77,78.33,77.21,78.33,3480
1533772800,77.77,78.33,77.21,77.21,2300
1534032000,77.21,77.77,76.64,76.64,3600
1534118400,76.08,78.33,75.52,78.33,12720
1534204800,78.89,78.89,77.21,78.33,3160
1534291200,77.77,80.58,77.21,80.58,15930
1534377600,80.02,80.02,78.33,78.33,8930
1534636800,78.33,78.89,77.77,77.77,3740
1534723200,77.21,77.21,77.21,77.21,7900
1534809600,77.77,77.77,76.64,77.21,6071
1534896000,76.64,77.77,76.64,77.21,3850
1534982400,76.64,77.77,76.64,76.64,15680
1535241600,77.21,77.21,77.21,77.21,1700
1535414400,76.64,76.64,76.08,76.64,6800
1535500800,76.08,76.64,76.08,76.08,4200
1535587200,76.08,77.21,76.08,76.64,6050
1535846400,77.77,77.77,77.77,77.77,3500
1535932800,77.77,78.89,77.77,77.77,16473
1536019200,78.33,79.46,77.77,77.77,15247
1536105600,78.33,80.02,78.33,80.02,11950
1536192000,80.58,81.14,78.33,78.33,41059
1536451200,78.33,78.89,78.33,78.89,14810
1536537600,78.89,78.89,78.33,78.89,5690
1536624000,79.46,81.14,78.89,80.02,36233
1536710400,80.02,81.14,78.89,81.14,13700
1536796800,81.14,81.71,79.46,80.02,39885
1537056000,79.46,81.14,79.46,79.46,11946
1537142400,78.89,80.58,78.33,78.33,12850
1537228800,78.89,80.58,78.89,80.58,23900
1537401600,80.02,80.58,79.46,80.02,9180
1537660800,80.58,80.58,78.33,78.33,25150
1537833600,78.89,80.02,77.77,78.89,25210
1537920000,78.89,81.14,78.89,78.89,22800
1538006400,78.89,83.39,78.89,83.39,241416
1538265600,83.96,85.08,81.14,81.71,43200
1538352000,82.27,82.83,80.02,80.58,52150
1538438400,81.14,81.14,80.02,80.02,20730
1538524800,80.02,80.02,78.89,78.89,19270
1538611200,78.33,79.46,77.77,78.33,35470
1538870400,78.89,80.02,78.33,80.02,73495
1538956800,79.46,79.46,78.33,78.89,22360
1539043200,79.46,79.46,78.33,78.33,3255
1539129600,78.33,78.89,78.33,78.89,11215
1539216000,78.33,78.89,78.33,78.33,10200
1539475200,78.33,80.02,78.33,79.46,1355
1539561600,79.46,79.46,77.77,77.77,29870
1540166400,78.33,78.89,78.33,78.89,210
1540252800,78.89,78.89,78.33,78.89,10410
1540339200,78.89,78.89,78.33,78.89,1120
1540425600,78.33,78.89,77.77,77.77,16360
1540684800,77.77,78.33,77.77,77.77,15630
1540771200,77.21,77.77,77.21,77.77,3601
1540857600,77.77,78.33,77.21,77.21,21000
1540944000,77.77,77.77,77.21,77.77,8000
1541030400,77.21,77.77,77.21,77.21,16440
1541289600,77.77,78.89,77.77,78.33,4110
1541376000,77.77,77.77,77.21,77.77,8600
1542153600,77.77,77.77,76.64,76.64,10550
1542240000,76.64,78.33,76.64,76.64,6030
1542499200,77.21,77.21,76.08,76.64,5500
1542585600,76.64,76.64,75.52,76.08,7400
1542672000,76.08,76.08,75.52,75.52,3400
1542758400,75.52,76.08,75.52,75.52,3850
1542844800,75.52,76.64,75.52,75.52,6980
1543104000,75.52,75.52,74.96,74.96,6633
1543190400,74.96,74.96,73.27,73.27,17508
1543276800,73.27,75.52,73.27,74.39,16485
1543363200,74.39,74.96,73.27,73.83,20830
1543449600,73.83,74.39,72.71,72.71,30584
1543708800,72.71,73.83,72.71,73.27,33418
1543795200,73.27,74.39,72.71,74.39,10816
1543881600,74.39,74.39,73.27,74.39,320
1544054400,72.14,73.27,72.14,72.71,4885
1544313600,72.71,73.27,72.14,72.14,4100
1544400000,72.14,73.27,72.14,72.71,10581
1544486400,72.71,72.71,72.71,72.71,5800
1544572800,72.71,73.27,72.71,73.27,2000
1544659200,73.27,73.83,72.71,72.71,5245
1544918400,72.71,74.39,72.71,73.27,2410
1545004800,73.27,73.83,72.71,73.83,300
1545091200,73.83,73.83,72.71,72.71,6500
1545177600,72.71,72.71,72.14,72.14,4930
1545264000,72.14,73.27,71.58,73.27,6570
1545523200,73.27,74.39,73.27,73.27,5810
1545609600,73.27,74.39,72.71,73.27,12700
1545696000,73.27,73.27,72.14,72.71,2260
1545782400,72.71,73.27,72.14,72.71,15945
1545868800,72.71,74.39,72.14,72.14,34075
1546128000,72.14,72.71,72.14,72.71,2400
1546214400,72.71,72.71,72.14,72.14,7430
1546300800,72.14,72.71,71.58,72.14,2800
1546387200,72.14,72.14,72.14,72.14,755
1546473600,72.14,72.14,71.58,72.14,1300
1546732800,72.14,72.14,71.58,71.58,6660
1546819200,71.58,72.14,71.02,72.14,3480
1546905600,72.14,72.71,71.02,71.58,2240
1546992000,71.58,72.14,71.58,71.58,1830
1547078400,71.58,72.71,71.58,72.71,177530
1547337600,72.71,72.71,71.58,72.14,4500
1547424000,72.14,73.27,72.14,73.27,13157
1547510400,73.27,73.27,72.71,72.71,500
1547596800,72.71,72.71,71.02,72.71,7150
1547683200,72.71,72.71,71.02,72.14,10830
1547942400,72.14,72.14,71.58,72.14,60
1548028800,72.14,72.14,70.46,70.46,8500
1548115200,70.46,71.58,70.46,71.58,5900
1548201600,71.58,72.71,71.02,72.71,13160
1548288000,72.71,72.71,71.02,72.14,8260
1548547200,72.14,72.14,71.02,71.02,7415
1548633600,71.02,71.58,71.02,71.58,7240
1548720000,71.58,72.14,71.58,72.14,2500
1548806400,72.14,72.71,71.02,71.02,3000
1548892800,71.02,71.02,71.02,71.02,630
1549152000,71.58,71.58,71.02,71.02,2310
1549238400,71.58,71.58,71.02,71.02,3550
1549324800,70.46,71.02,69.33,70.46,16527
1549411200,70.46,71.02,69.89,69.89,8430
1549497600,69.33,70.46,69.33,69.89,5253
1549756800,69.33,70.46,68.77,68.77,17410
1549843200,68.21,68.77,68.21,68.77,20000
1549929600,68.21,69.33,68.21,69.33,6350
1550016000,68.77,69.33,68.77,69.33,5300
1550102400,68.77,69.33,68.77,68.77,5746
1550361600,68.21,68.77,67.64,68.21,6115
1550448000,68.77,68.77,66.52,68.77,9342
1550534400,68.21,68.77,67.64,68.21,4770
1550620800,68.21,68.21,68.21,68.21,1755
1550707200,68.21,68.21,68.21,68.21,550
1550966400,68.21,68.21,67.64,68.21,2650
1551052800,67.64,68.21,66.52,67.08,6378
1551139200,67.64,68.21,67.08,68.21,2750
1551225600,68.77,68.77,67.64,67.64,3013
1551571200,67.64,68.21,67.64,68.21,3120
1551744000,67.64,68.21,67.64,68.21,2590
1551830400,67.64,68.21,67.64,68.21,3410
1551916800,68.21,71.02,68.21,71.02,30673
1552089600,70.46,71.02,69.33,69.33,3200
1552176000,70.46,71.02,69.33,69.33,3200
1552262400,70.46,72.14,69.89,72.14,44638
1552348800,72.14,75.52,72.14,75.52,86167
1552435200,76.64,76.64,73.27,73.27,18090
1552521600,72.71,74.96,72.71,73.27,15324
1552780800,74.39,75.52,73.83,73.83,12100
1552867200,73.27,73.83,73.27,73.83,15610
1552953600,73.83,74.96,73.83,74.96,16465
1553126400,75.52,75.52,73.83,74.96,11100
1553385600,74.39,74.39,73.27,73.83,12160
1553472000,73.27,73.83,73.27,73.83,23880
1553558400,73.27,74.39,73.27,74.39,2375
1553644800,74.39,73.83,73.27,73.83,3220
1553731200,73.27,73.83,73.27,73.83,5215
1553990400,73.83,74.39,73.83,74.39,10340
1554076800,74.96,74.96,73.27,74.96,10850
1554163200,74.39,74.39,73.27,74.39,16465
1554249600,73.83,73.83,72.71,73.83,2365
1554336000,73.83,73.83,72.71,73.27,10285
1554595200,73.83,73.83,73.27,73.83,2620
1554681600,73.83,74.39,72.71,73.27,14850
1554768000,73.27,73.83,72.71,73.83,5570
1554854400,73.27,73.27,72.71,72.71,8710
1554940800,72.71,74.39,72.71,73.27,4060
1555286400,73.83,73.83,72.71,73.27,6210
1555372800,72.71,74.39,72.71,73.83,8150
1555459200,73.83,73.27,72.14,72.71,14980
1555545600,72.14,73.83,72.14,72.14,10865
1555804800,72.14,74.39,71.58,73.83,17830
1555891200,73.27,73.27,72.14,72.14,15000
1555977600,71.58,73.27,71.58,72.14,8377
1556064000,72.14,72.14,71.58,71.58,3940
1556150400,71.58,73.83,71.58,72.14,13605
1556409600,72.71,73.83,72.71,73.83,21100
1556496000,73.83,74.39,72.14,72.14,18362
1556582400,72.71,75.52,72.71,74.39,62154
1556755200,73.83,73.83,72.14,73.27,10680
1557014400,73.27,74.39,72.14,72.14,5785
1557100800,71.58,73.83,71.58,73.83,13451
1557187200,73.27,73.27,72.14,72.14,15470
1557273600,72.14,72.71,72.14,72.14,6355
1557360000,72.71,72.71,71.58,71.58,13775
1557619200,71.58,72.14,69.89,71.02,32580
1557705600,71.02,72.71,70.46,72.71,46193
1557792000,72.71,72.71,71.02,71.58,17304
1557878400,71.58,72.14,71.58,72.14,6280
1557964800,71.58,71.58,71.02,71.02,22850
1558224000,70.46,72.14,70.46,70.46,5630
1558310400,70.46,71.58,70.46,71.58,3360
1558396800,71.02,72.14,70.46,72.14,27895
1558483200,72.71,75.52,72.71,75.52,174731
1558569600,77.21,79.46,73.83,74.39,137463
1558828800,73.83,73.83,72.71,72.71,29933
1558915200,72.71,73.83,72.14,72.14,11040
1559001600,72.71,73.27,72.14,72.14,6640
1559088000,72.71,73.83,72.71,73.83,5380
1559174400,75.52,76.64,72.71,73.27,21238
1559433600,73.83,73.83,72.14,72.71,24220
1559520000,72.14,72.71,71.58,71.58,7410
1559606400,72.14,73.83,72.14,72.14,12250
1559779200,72.71,72.71,72.14,72.14,1440
1560124800,71.58,72.14,71.58,72.14,7500
1560211200,72.14,72.14,71.58,71.58,13510
1560297600,72.14,72.14,71.02,72.14,9020
1560384000,71.58,72.14,71.58,71.58,4570
1560643200,71.58,72.14,71.02,71.58,3210
1560729600,71.58,71.58,71.02,71.02,10000
1560816000,71.02,72.14,71.02,71.58,8536
1560902400,72.14,72.14,71.02,71.58,3902
1560988800,71.58,72.14,71.02,71.58,5600
1561248000,71.02,71.58,71.02,71.58,5800
1561334400,72.14,72.14,70.46,71.58,14230
1561420800,71.02,71.58,71.02,71.58,15931
1561507200,71.02,72.14,70.46,71.58,6610
1561593600,71.02,71.58,70.46,71.58,12881
1561852800,71.02,71.02,70.46,70.46,3500
1561939200,70.46,70.46,69.33,69.89,58590
1562025600,69.89,70.46,68.77,70.46,31025
1562112000,69.89,71.02,69.33,71.02,10620
1562198400,70.46,70.46,69.89,69.89,9500
1562457600,69.33,69.89,69.33,69.33,12520
1562544000,69.89,69.89,69.89,69.89,10005
1562630400,69.89,71.02,69.89,69.89,10560
1562716800,69.89,69.89,69.33,69.33,13845
1562803200,69.89,69.89,69.33,69.33,5940
1563062400,68.77,69.89,68.77,69.89,7820
1563148800,69.33,70.46,69.33,69.89,530
1563235200,69.33,69.89,69.33,69.33,4260
1563321600,69.89,71.58,69.89,71.02,6610
1563408000,71.02,71.02,69.89,70.46,13740
1563667200,69.89,70.46,69.89,70.46,1000
1563753600,69.89,70.46,69.33,70.46,10360
1563840000,69.89,70.46,69.33,70.46,2082
1563926400,69.89,70.46,69.89,69.89,7610
1564012800,70.46,70.46,69.33,69.89,3200
1564272000,69.33,69.89,69.33,69.33,4460
1564358400,69.89,70.46,69.89,70.46,1140
1564444800,71.02,71.02,69.89,69.89,3580
1564531200,70.46,70.46,69.33,69.89,6020
1564617600,71.58,71.58,69.33,70.46,8606
1564876800,70.46,70.46,69.33,69.33,1020
1564963200,69.89,70.46,69.33,69.89,19470
1565049600,69.89,69.89,68.77,69.33,3880
1565136000,68.77,69.89,68.77,69.89,2085
1565222400,69.33,69.33,68.77,68.77,5385
1565481600,68.21,69.33,68.21,68.21,7220
1565568000,68.77,69.33,68.21,69.33,8320
1565654400,68.77,68.77,68.21,68.21,6590
1565740800,68.77,68.77,68.21,68.21,4845
1565827200,68.21,68.21,67.64,68.21,4400
1566086400,67.64,68.21,67.08,68.21,13890
1566172800,67.64,67.64,66.52,67.64,42555
1566259200,67.08,67.08,67.08,67.08,7400
1566345600,67.64,67.64,67.08,67.08,3030
1566432000,67.64,67.64,66.52,66.52,11590
1566691200,66.52,66.52,65.39,65.39,9060
1566777600,65.96,67.08,65.96,65.96,12075
1566864000,66.52,67.08,66.52,67.08,610
1566950400,67.08,67.08,65.39,65.96,8780
1567036800,66.52,67.08,65.96,65.96,4060
1567296000,65.96,65.96,65.39,65.39,4150
1567382400,65.39,65.96,64.83,64.83,2600
1567468800,64.83,67.08,64.27,66.52,9810
1567555200,65.96,67.08,65.39,65.96,5100
1567641600,65.96,66.52,64.83,64.83,6610
1567900800,65.39,65.96,64.83,64.83,4620
1567987200,65.39,65.39,63.71,64.83,18750
1568073600,65.39,65.39,64.27,64.83,7400
1568160000,64.27,64.27,63.14,64.27,5300
1568246400,63.71,64.27,63.71,63.71,3530
1568505600,63.14,64.27,63.14,63.71,2820
1568592000,63.14,63.71,63.14,63.14,11187
1568678400,63.71,65.39,63.71,65.39,15060
1568764800,65.39,65.96,64.27,65.39,4700
1568851200,64.83,64.83,64.83,64.83,50
1569110400,64.27,64.27,63.14,63.14,2150
1569196800,63.71,64.27,63.14,63.14,3000
1569283200,63.14,64.27,62.58,62.58,6400
1569456000,62.58,63.14,61.46,62.58,15445
1569715200,63.14,63.14,62.58,63.14,550
1569801600,62.58,63.71,62.02,63.71,5290
1569888000,63.14,63.14,63.14,63.14,3830
1569974400,63.71,63.71,62.58,62.58,4510
1570060800,62.02,63.14,62.02,63.14,700
1570665600,63.14,63.71,63.14,63.14,1690
1571011200,62.58,63.71,62.58,63.71,5600
1571097600,63.14,63.71,62.02,63.14,5420
1571184000,62.58,63.14,62.58,63.14,5970
1571270400,63.71,63.71,63.14,63.14,500
1571529600,63.14,63.14,63.14,63.14,1910
1571616000,63.71,63.71,62.58,62.58,1930
1571702400,63.14,63.71,62.58,63.14,4400
1571788800,63.71,64.83,63.71,63.71,6935
1571875200,64.27,64.83,63.71,64.83,3590
1572480000,64.27,64.27,64.27,64.27,10
1572739200,63.71,63.71,63.14,63.14,2300
1572825600,63.71,63.71,63.14,63.14,3050
1572912000,62.58,62.58,62.02,62.02,1700
1572998400,62.58,63.14,62.58,63.14,300
1573084800,63.14,64.83,63.14,64.27,9385
1573344000,64.27,64.83,63.71,63.71,590
1573430400,64.27,64.27,63.14,63.71,4610
1573516800,64.27,64.27,63.14,63.71,2020
1573603200,63.14,63.71,63.14,63.14,1505
1573689600,63.14,63.71,62.02,62.02,13120
1573948800,62.02,62.58,62.02,62.02,4425
1574035200,62.02,62.58,61.46,62.02,4397
1574121600,62.58,63.14,62.02,62.58,25230
1574208000,62.58,62.58,61.46,61.46,10245
1574294400,62.02,62.02,61.46,61.46,2340
1574553600,62.02,62.58,61.46,62.58,22640
1574640000,62.02,62.58,61.46,61.46,21710
1574726400,62.02,62.58,62.02,62.58,1838
1574812800,62.58,62.58,61.46,62.02,7460
1574899200,61.46,61.46,61.46,61.46,15460
1575158400,61.46,61.46,61.46,61.46,1500
1575244800,62.02,62.58,62.02,62.02,1020
1575331200,62.02,62.02,62.02,62.02,700
1575417600,62.58,62.58,61.46,62.02,6720
1575504000,62.58,63.14,62.02,62.58,4772
1575763200,63.14,63.71,62.02,62.58,3320
1575849600,62.58,63.14,62.58,63.14,3850
1575936000,63.14,63.14,62.02,62.02,9250
1576022400,62.02,63.14,62.02,62.02,7210
1576108800,62.02,64.83,62.02,64.27,9723
1576368000,64.27,64.83,64.27,64.27,2000
1576454400,63.14,63.14,62.58,62.58,8500
1576540800,62.02,62.58,61.46,62.58,4680
1576627200,63.14,63.14,62.02,62.02,8110
1576713600,62.58,62.58,61.46,61.46,6105
1576972800,62.02,62.58,62.02,62.02,3130
1577059200,62.02,62.58,62.02,62.02,6194
1577145600,62.02,62.02,61.46,62.02,3750
1577232000,61.46,62.02,61.46,62.02,1040
1577577600,62.58,62.58,61.46,61.46,8520
1577664000,61.46,62.02,61.46,62.02,7370
1577750400,62.58,62.58,62.02,62.02,680
1577836800,61.46,62.02,61.46,61.46,5241
1577923200,61.46,62.02,61.46,61.46,4500
1578182400,61.46,63.14,61.46,63.14,770
1578268800,62.58,62.58,62.02,62.02,5900
1578355200,62.58,63.14,62.02,63.14,28515
1578441600,64.27,64.27,62.58,62.58,3740
1578528000,63.14,63.14,62.02,62.02,10960
1578787200,62.58,64.27,62.58,63.71,15665
1578873600,64.27,65.39,62.58,64.27,71798
1578960000,63.71,64.27,62.58,63.14,27390
1579046400,63.14,63.71,63.14,63.71,5340
1579132800,64.27,64.27,63.14,63.14,31640
1579392000,63.71,65.96,63.14,64.83,75850
1579478400,64.83,64.83,62.58,62.58,27242
1579564800,63.14,64.27,62.58,63.14,19560
1579651200,62.58,63.71,62.58,62.58,5910
1579737600,62.58,63.71,62.58,62.58,17755
1579996800,62.58,63.14,61.46,61.46,39740
1580083200,62.02,63.14,62.02,63.14,7820
1580169600,64.27,64.27,63.14,63.71,390
1580256000,63.14,63.14,62.02,62.58,20640
1580342400,63.14,64.27,62.02,63.14,11900
1580601600,62.58,63.71,62.58,62.58,26442
1580688000,63.71,66.52,63.14,66.52,218849
1580774400,67.08,69.33,67.08,69.33,468987
1580860800,69.89,69.89,67.08,67.08,87932
1580947200,67.64,68.21,64.83,65.96,17300
1581206400,65.96,67.64,64.83,65.96,10493
1581292800,66.52,66.52,65.39,65.39,5022
1581379200,64.83,66.52,64.83,65.96,40156
1581465600,66.52,67.08,65.39,65.96,8850
1581552000,66.52,66.52,64.27,64.83,18635
1581811200,64.27,65.96,64.27,65.96,12698
1581897600,66.52,68.77,65.39,67.08,135425
1581984000,67.64,67.64,65.96,67.08,154876
1582070400,66.52,67.08,65.96,66.52,9540
1582156800,66.52,69.33,65.96,69.33,76500
1582416000,71.02,71.02,67.64,68.21,36340
1582502400,68.21,69.33,66.52,67.64,44070
1582588800,67.08,71.02,67.08,71.02,264241
1582675200,71.58,74.39,69.89,71.58,135744
1582761600,71.02,73.83,69.89,71.58,103970
1583020800,71.58,72.71,68.77,69.33,69890
1583107200,68.77,69.89,68.21,68.21,37097
1583193600,68.21,70.46,67.64,68.21,47640
1583280000,68.21,68.77,65.96,65.96,62101
1583366400,65.96,68.21,65.39,65.96,31399
1583798400,65.39,65.39,65.39,65.39,160
1583884800,65.96,67.64,65.39,67.64,18760
1583971200,67.08,67.08,65.39,65.96,24665
1584230400,65.39,65.39,63.14,63.14,52955
1584316800,63.14,64.83,63.14,64.27,13828
1584403200,64.83,65.39,62.58,62.58,18336
1584489600,62.58,63.14,62.02,62.58,26250
1584576000,62.02,62.58,61.46,62.02,56540
1584835200,62.02,63.14,62.02,63.14,460
1593388800,62.58,62.58,61.46,61.46,10100
1593475200,60.89,61.46,60.89,61.46,6200
1593561600,61.46,61.46,61.46,61.46,30
1593648000,62.02,62.02,60.89,60.89,4020
1593907200,60.89,62.58,60.89,62.58,15750
1593993600,62.58,63.14,62.58,63.14,8935
1594080000,63.14,65.39,62.58,65.39,25400
1594166400,64.83,64.83,63.14,63.71,3000
1594252800,63.14,63.71,62.58,62.58,3800
1594512000,63.14,64.27,63.14,63.71,3465
1594598400,64.27,64.27,62.58,62.58,4405
1594684800,62.58,63.71,62.58,63.71,5980
1594771200,63.71,63.71,63.14,63.14,5386
1594857600,62.58,63.71,62.02,62.58,15880
1595116800,63.71,64.83,63.71,64.83,4440
1595203200,65.39,65.96,63.71,64.27,32860
1595289600,63.71,64.27,62.58,63.14,14260
1595376000,62.58,63.71,62.58,63.71,5878
1595462400,63.71,63.71,63.14,63.71,7207
1595721600,63.14,63.71,62.58,62.58,11560
1595808000,62.58,63.71,62.02,62.58,23548
1595894400,62.58,63.71,62.58,63.14,16928
1595980800,62.58,63.14,62.02,62.02,41680
1596067200,62.58,64.83,62.58,64.83,124299
1596326400,64.83,65.39,63.14,63.14,36130
1596412800,62.58,65.39,62.58,64.27,23790
1596585600,63.71,64.27,62.58,63.71,3820
1596672000,63.14,63.71,62.58,62.58,3740
1596931200,63.71,64.27,62.02,62.58,22430
1597017600,63.14,63.71,62.58,63.14,28225
1597104000,63.71,63.71,62.58,62.58,6200
1597190400,62.58,63.71,62.58,63.14,15003
1597276800,63.14,63.71,62.58,63.14,18710
1597536000,64.27,64.27,62.02,63.71,12960
1597622400,63.14,63.71,62.58,63.14,4970
1597708800,63.14,63.71,62.58,63.14,11910
1597795200,62.58,63.14,62.58,63.14,18025
1597881600,62.58,63.14,62.58,63.14,11065
1598140800,62.58,63.14,62.58,63.14,11495
1598227200,63.71,63.71,62.58,63.71,10367
1598313600,63.14,63.14,62.58,62.58,10870
1598400000,62.58,63.71,62.58,62.58,25790
1598486400,62.58,63.71,62.58,63.71,30679
1598745600,63.71,64.27,62.58,63.14,4110
1598832000,63.71,65.96,63.14,64.83,118154
1599004800,65.39,67.64,64.83,67.64,178373
1599091200,69.36,70.46,65.96,66.52,81217
1599350400,67.08,68.21,65.96,66.52,111356
1599436800,65.96,67.08,64.83,65.96,73040
1599523200,66.52,67.08,65.39,66.52,24160
1599609600,65.96,67.64,65.39,66.52,101195
1599696000,65.39,67.08,65.39,67.08,14608
1599955200,67.08,67.08,65.96,66.52,28850
1600041600,67.08,69.33,67.08,69.33,224805
1600128000,71.02,72.71,69.89,70.46,212363
1600214400,70.46,73.83,69.89,73.83,261091
1600300800,75.52,77.77,75.52,77.77,311367
1600560000,79.99,81.71,76.08,78.33,447990
1600646400,80.58,80.58,73.83,80.58,444432
1600732800,82.94,82.94,76.64,77.77,270945
1600819200,77.77,81.71,74.96,81.71,267190
1600905600,82.27,85.08,79.46,82.27,611280
1601164800,84.52,84.52,80.58,82.27,444688
1601251200,83.96,83.96,79.46,81.14,179461
1601337600,81.14,85.64,79.46,83.96,410677
1601424000,85.08,89.02,84.52,88.46,955573
1601510400,90.71,93.52,89.58,91.83,589422
1601769600,91.83,92.96,87.33,87.33,406408
1601856000,89.58,90.14,85.64,89.58,308042
1601942400,90.71,95.2,89.02,95.2,940710
1602028800,98.02,101.39,96.89,101.39,523864
1602115200,104.77,108.14,100.27,102.52,825933
1602374400,104.77,104.77,98.58,99.7,499342
1602460800,100.83,100.83,96.33,99.14,390679
1602547200,98.58,100.27,94.08,95.77,457985
1602633600,98.02,98.02,91.83,92.96,277431
1602720000,95.2,96.89,92.96,94.08,180107
1602979200,94.64,96.33,91.83,93.52,136753
1603065600,92.96,99.14,92.39,97.45,245694
1603152000,100.27,100.27,97.45,99.7,200004
1603238400,100.27,101.39,96.33,96.89,157208
1603324800,99.7,99.7,95.2,96.89,156950
1603843200,96.89,98.02,94.64,95.2,215328
1603929600,94.64,96.89,94.08,96.33,121973
1604188800,99.14,99.14,94.64,96.33,124717
1604275200,96.33,97.45,95.77,96.33,118672
1604361600,97.45,97.45,95.2,96.33,125463
1604448000,96.33,96.89,95.77,96.33,60085
1604534400,96.89,99.14,95.77,98.02,301714
1604793600,99.14,100.83,98.02,100.27,547081
1604880000,103.08,103.08,98.58,99.7,372129
1604966400,100.27,100.83,97.45,99.14,227836
1605052800,99.14,100.83,99.14,99.7,143288
1605139200,100.83,102.52,98.02,100.27,343139
1605657600,100.27,103.08,98.58,99.14,215063
1605744000,100.27,105.33,99.7,104.77,584941
1606003200,104.77,109.83,103.64,105.89,560054
1606089600,105.89,108.14,104.77,107.02,344384
1606176000,106.45,112.08,106.45,110.95,462435
1606262400,114.33,114.33,107.02,109.27,297769
1606348800,109.27,109.83,104.77,105.33,378566
1606608000,101.95,109.83,101.95,105.33,363293
1606694400,108.93,109.27,105.33,108.14,310922
1606780800,107.58,109.27,105.89,106.45,153237
1606867200,109.83,109.83,105.33,106.45,116921
1606953600,107.02,107.02,103.64,104.2,127199
1607212800,103.64,105.89,101.39,102.52,192066
1607299200,102.52,104.2,100.83,101.95,114237
1607385600,103.08,105.33,100.27,101.39,157639
1607472000,102.52,104.77,100.27,102.52,296837
1607558400,103.64,104.2,99.7,101.95,187915
1607817600,101.95,103.08,100.27,102.52,151484
1607904000,101.39,103.08,100.83,101.39,93243
1607990400,104.77,104.77,100.27,100.83,97948
1608076800,99.7,101.95,99.7,100.83,89465
1608163200,99.7,103.08,98.58,100.27,157956
1608422400,99.7,104.77,95.77,98.58,231846
1608508800,96.89,100.83,94.64,100.27,184078
1608595200,101.39,104.77,98.58,101.39,143125
1608681600,102.52,102.52,100.27,101.95,141951
1608768000,101.95,102.52,99.14,99.7,98988
1609027200,100.27,101.95,98.02,98.58,35667
1609113600,98.02,100.83,98.02,98.02,68216
1609200000,98.58,101.39,96.89,98.02,116425
1609286400,98.02,98.58,96.89,97.45,74713
1609372800,96.33,99.7,95.77,96.33,76137
1609632000,97.45,98.02,96.33,97.45,57175
1609718400,97.45,98.02,96.33,96.89,28709
1609804800,97.45,101.95,96.33,99.7,284246
1609891200,100.83,103.08,98.02,98.02,158067
1609977600,99.14,100.27,98.02,98.58,31859
1610236800,99.7,100.83,98.02,98.58,44871
1610323200,95.77,100.83,95.77,99.14,74570
1610409600,99.14,100.27,97.45,99.14,59146
1610496000,96.33,100.83,96.33,98.58,115277
1610841600,99.7,100.27,98.02,99.7,80893
1610928000,96.89,100.83,96.89,99.7,57183
1611014400,96.89,100.27,96.89,99.14,33075
1611100800,96.33,100.27,96.33,98.58,55520
1611187200,99.14,100.27,98.02,99.7,168594
1611446400,100.83,101.95,98.58,99.14,178740
1611532800,101.95,105.33,100.83,105.33,551321
1611619200,108.7,112.08,105.33,107.58,789594
1611705600,107.58,114.89,107.58,114.89,1454220
1611792000,118.83,122.77,112.64,113.2,648388
1612051200,117.14,117.14,108.14,110.39,420023
1612137600,113.77,116.58,108.7,112.08,496054
1612224000,116.02,116.02,110.95,111.52,176044
1612310400,112.64,116.02,110.95,112.08,583306
1612396800,112.08,116.58,110.95,113.2,458316
1612656000,114.33,115.45,111.52,114.89,242440
1612742400,118.83,118.83,110.95,112.08,171242
1612828800,112.08,113.77,110.39,111.52,100341
1612915200,111.52,112.08,109.27,109.83,171055
1613001600,110.95,111.52,109.27,109.27,118239
1613260800,108.7,109.83,107.58,108.7,127765
1613347200,108.7,112.08,108.14,110.39,190375
1613433600,108.7,112.08,108.7,109.83,138818
1613520000,108.7,110.39,108.14,109.27,65741
1613606400,109.83,111.52,108.7,110.39,179863
1613865600,110.95,117.7,109.27,116.02,625566
1613952000,117.7,119.39,113.77,116.58,503493
1614038400,117.7,119.39,112.08,115.45,253754
1614124800,116.58,117.7,114.89,115.45,253257
1614211200,111.52,123.33,111.52,122.2,1372100
1614470400,122.2,122.2,116.58,117.14,359032
1614556800,117.14,119.39,115.45,117.14,223754
1614643200,113.2,117.7,111.52,113.2,277754
1614729600,114.33,117.7,112.08,117.14,281434
1614816000,118.27,125.02,116.58,125.02,713094
1615161600,128.95,128.95,119.39,119.95,288821
1615248000,121.08,121.64,117.7,119.95,99436
1615334400,119.95,123.33,118.83,122.2,248566
1615680000,118.27,124.45,118.27,122.77,305049
1615766400,122.77,126.14,120.52,123.33,382535
1615852800,123.33,132.33,122.77,126.7,733956
1615939200,129.52,129.52,123.89,125.02,181290
1616025600,126.7,126.7,123.89,125.58,159217
1616284800,126.14,126.14,123.89,124.45,173085
1616371200,123.89,125.58,123.33,123.33,137064
1616457600,125.02,125.58,123.33,125.02,112619
1616544000,125.58,126.14,123.89,125.02,75265
1616630400,126.14,126.14,123.33,124.45,129116
1616976000,125.58,125.58,122.77,123.89,82049
1617062400,128.39,128.39,122.77,123.89,98725
1617148800,122.77,124.45,122.77,123.89,79879
1617235200,123.89,126.7,123.33,125.58,223227
1617494400,130.08,131.2,126.14,127.27,261524
1617580800,123.89,131.77,123.89,128.95,199314
1617667200,124.45,137.39,124.45,136.83,694928
1617753600,140.2,140.76,130.64,132.89,264813
1617840000,128.39,134.58,128.39,130.08,127489
1618185600,130.64,131.2,127.83,129.52,154086
1618272000,130.08,130.08,126.14,126.7,338643
1618444800,126.7,129.52,122.77,124.45,845205
1618704000,124.45,125.02,121.08,122.77,411427
1618790400,123.89,123.89,120.52,121.64,261599
1618876800,123.33,123.33,120.52,122.2,133521
1618963200,123.33,125.58,121.64,123.89,227933
1619049600,125.58,125.58,122.77,123.89,141971
1619308800,122.77,123.89,118.83,121.08,211199
1619395200,119.39,121.08,113.77,115.45,376987
1619481600,119.39,121.64,115.45,121.64,234940
1619568000,121.64,122.2,117.7,118.27,136325
1619654400,119.39,122.2,117.7,121.64,172336
1619913600,123.33,123.33,119.95,122.2,183561
1620000000,123.33,123.89,120.52,121.64,140727
1620086400,122.2,125.58,120.52,124.45,411234
1620172800,128.95,128.95,123.89,127.27,502941
1620259200,128.95,128.95,123.89,126.14,313524
1620518400,126.14,126.14,122.77,123.33,190332
1620604800,123.33,124.45,120.52,123.33,125323
1620691200,119.39,125.02,119.39,123.89,214010
1620777600,125.58,128.39,123.33,127.83,570796
1620864000,127.83,135.7,127.27,134.02,1447634
1621123200,136.83,137.39,130.08,131.2,625073
1621209600,130.08,139.64,130.08,134.58,596386
1621296000,137.39,144.7,134.58,144.7,1428750
1621382400,149.76,155.39,141.89,148.64,1466033
1621468800,148.64,150.33,142.45,147.51,785737
1621728000,143.58,150.89,139.64,148.64,689849
1621814400,154.26,154.26,145.26,146.39,494245
1621900800,147.51,154.26,145.83,153.7,897010
1622073600,154.26,165.51,150.33,165.51,1181821
1622332800,171.14,178.45,167.2,176.2,1875990
1622419200,182.95,182.95,166.64,168.33,1102511
1622505600,165.51,173.95,162.7,164.95,513283
1622592000,158.76,174.51,158.76,172.83,664423
1622678400,176.76,176.76,166.08,168.89,634944
1622937600,171.14,174.51,163.26,171.14,944861
1623024000,177.89,184.64,172.83,184.64,1654500
1623110400,190.82,193.64,182.39,187.45,922110
1623196800,190.82,190.82,181.26,182.39,683399
1623283200,189.7,193.64,181.26,191.39,1217508
1623542400,196.45,207.14,193.64,207.14,1805738
1623628800,213.32,224.01,206.01,218.39,1218100
1623715200,227.39,227.39,213.32,215.01,1029301
1623801600,206.01,209.39,197.01,197.01,1570077
1623888000,189.14,206.01,182.95,200.95,1045717
1624147200,208.82,212.2,192.51,206.57,1093148
1624233600,207.7,209.95,194.2,195.32,962637
1624320000,187.45,211.07,187.45,211.07,854417
1624406400,219.51,225.7,211.64,215.01,1029266
1624492800,221.76,221.76,210.51,215.01,706619
1624752000,221.76,227.39,215.01,224.57,1209545
1624838400,230.2,230.2,217.26,220.07,525730
1624924800,229.07,238.63,219.51,219.51,1067259
1625011200,228.51,228.51,212.76,218.39,577785
1625097600,227.39,227.39,213.32,214.45,362393
1625356800,213.89,218.39,212.76,212.76,412867
1625443200,221.2,221.2,204.32,204.89,396243
1625529600,213.32,213.32,197.57,198.14,362029
1625616000,190.82,202.07,190.82,195.32,248534
1625702400,202.07,202.07,190.82,199.26,218960
1625961600,199.26,213.32,199.26,211.64,352859
1626048000,203.2,215.57,202.07,204.32,624888
1626134400,204.32,207.7,201.51,206.01,171338
1626220800,206.01,211.64,204.32,207.7,150018
1626307200,207.14,213.32,206.57,207.7,518374
1626566400,211.19,216.14,209.95,211.64,438112
1626652800,215.18,216.14,210.29,211.64,441356
1626739200,215.18,216.14,210.57,213.32,491636
1626912000,216.14,218.95,212.2,216.14,534028
1627171200,218.95,227.39,216.7,225.7,935020
1627257600,227.39,230.48,221.2,229.07,716340
1627344000,230.2,247.07,223.5,239.76,954224
1627430400,243.87,256.07,237.51,245.38,958921
1627516800,249.32,249.32,238.07,240.83,518167
1627776000,244.26,250.33,237.85,249.6,953329
1627862400,253.88,253.88,244.26,245.38,497046
1627948800,248.2,248.2,240.6,245.95,437594
1628035200,249.88,258.26,247.07,253.6,819759
1628121600,257.76,257.76,245.38,247.63,493977
1628380800,248.76,254.95,242.57,251.01,520189
1628467200,252.7,272.66,249.88,269.01,1041316
1628553600,273.51,278.01,258.38,261.7,740300
1628640000,260.57,275.98,260.57,268.73,640155
1628726400,269.57,274.07,262.82,263.95,426774
1628985600,259.45,262.76,249.88,257.76,821670
1629072000,261.98,280.2,259.45,280.2,1721783
1629158400,285.09,304.84,285.09,304.84,752621
1629244800,310.24,331.95,308.94,313.44,1542200
1629331200,308.94,311.76,296.85,303.88,1742958
1629763200,300.51,300.51,276.83,276.83,1328716
1629849600,271.99,291.51,261.13,281.38,836844
1629936000,281.38,302.76,281.38,296.57,523708
1630195200,301.63,303.32,289.71,292.91,682517
1630368000,292.07,294.88,280.26,282.73,453883
1630454400,282.73,289.82,278.01,279.13,235097
1630540800,284.03,286.44,270.7,271.82,279346
1630800000,267.1,269.68,247.97,254.38,522978
1630886400,250.45,276.49,250.45,276.49,482404
1630972800,280.82,281.94,269.57,272.38,278659
1631059200,271.82,274.86,263.95,265.63,190514
1631145600,266.76,274.86,263.95,272.38,360945
1631404800,277.16,296.29,277.16,296.29,645819
1631491200,301.52,313.84,290.21,295.44,718687
1631577600,300.51,301.63,291.51,296.57,254688
1631664000,296.57,296.57,286.44,289.26,289263
1631750400,284.14,286.44,275.76,276.32,412649
1632096000,275.2,278.01,258.32,263.95,387781
1632182400,263.95,284.19,254.38,266.2,365885
1632268800,270.7,286.89,269.01,285.88,421973
1632355200,290.89,292.07,277.44,280.26,493841
1632614400,280.82,283.63,266.2,269.57,418926
1632700800,274.07,287.01,264.56,268.45,284910
1632787200,266.76,270.7,258.88,260.01,381255
1632873600,260.01,269.57,256.07,269.01,281602
1632960000,271.82,272.95,259.9,259.9,196199
1633219200,261.13,262.82,244.82,247.63,366479
1633305600,243.36,253.82,240.88,242.29,253903
1633392000,242.29,253.03,239.2,251.01,127548
1633478400,254.95,263.95,254.95,257.2,240971
1633824000,261.13,265.63,250.62,252.08,173963
1633910400,250.17,250.17,243.13,247.63,186051
1634428800,249.88,255.9,242.68,251.57,73929
1634515200,247.63,249.88,240.32,240.88,123114
1634601600,240.88,240.88,220.13,221.2,268246
1634688000,224.91,239.98,224.91,239.93,181318
1634774400,243.7,247.8,235.82,237.57,100233
1635033600,238.07,249.32,235.82,243.7,145755
1635120000,247.86,262.82,245.38,262.26,308730
1635206400,266.76,274.07,262.15,268.45,302208
1635292800,266.76,271.82,259.45,262.82,267432
1635379200,261.7,284.19,258.32,277.44,688094
1635638400,281.94,288.13,277.44,282.51,362429
1635724800,287.46,287.46,271.26,271.82,347512
1635811200,274.63,276.32,266.76,272.95,163140
1635897600,277.56,281.94,270.7,270.7,121287
1636329600,274.63,286.44,271.82,280.26,349189
1636416000,285.15,289.82,271.82,274.35,480612
1636588800,274.63,275.2,264.9,266.76,235016
1636848000,271.26,274.63,265.07,267.32,166310
1636934400,271.99,275.76,269.63,272.1,200830
1637020800,275.2,294.32,273.51,293.76,674397
1637107200,298.93,303.88,288.69,290.38,559998
1637193600,295.5,305.57,282.0,283.07,421159
1637452800,283.07,295.44,283.07,291.45,522626
1637539200,296.57,298.26,289.59,292.35,254519
1637625600,292.63,293.19,282.51,285.32,271416
1637712000,280.82,288.58,278.57,285.32,314491
1637798400,286.44,288.13,280.82,280.82,162459
1638057600,275.87,281.38,262.26,263.38,540878
1638144000,263.38,275.2,259.45,265.07,364830
1638230400,261.13,273.51,261.13,270.13,182298
1638316800,274.86,274.86,267.88,267.88,201525
1638403200,271.26,271.26,261.13,262.82,268082
1638662400,267.38,280.26,258.88,260.57,692440
1638748800,265.07,269.57,251.57,264.51,379912
1638835200,269.12,270.7,255.51,256.63,184253
1638921600,255.51,260.51,243.13,248.2,309070
1639008000,244.26,251.46,242.4,247.24,194416
1639267200,247.07,249.88,228.51,229.07,379380
1639353600,229.64,229.64,209.67,210.51,412004
1639440000,214.05,228.23,213.32,228.23,210961
1639526400,232.11,243.87,224.57,231.88,439547
1639612800,233.01,235.26,224.12,225.14,188765
1639958400,225.14,225.14,212.48,217.82,165069
1640044800,221.48,228.96,218.44,227.95,147718
1640131200,231.32,242.74,231.32,242.57,319261
1640217600,246.17,249.32,238.07,238.07,298041
1640476800,238.07,242.12,231.32,233.01,230972
1640563200,236.95,236.95,221.76,223.45,199822
1640649600,220.07,230.76,218.67,222.89,172672
1640736000,226.26,226.26,218.95,221.2,104928
1641081600,224.01,224.57,220.64,221.76,124593
1641168000,224.91,230.03,222.32,222.89,150852
1641254400,224.57,228.68,221.76,227.39,149674
1641340800,227.39,238.07,227.39,230.2,277428
1641427200,231.88,238.63,227.95,236.95,180086
1641686400,240.88,254.95,240.88,253.26,442478
1641772800,257.65,263.95,249.94,252.64,479697
1641859200,256.63,256.86,249.43,252.7,221288
1641945600,252.7,260.01,247.8,249.38,307264
1642032000,249.32,261.13,248.25,258.88,306800
1642291200,258.88,270.7,261.7,265.07,350633
1642377600,266.2,267.88,260.57,265.01,283519
1642464000,263.44,266.2,253.26,258.15,281640
1642550400,260.01,260.01,252.19,252.7,234918
1642636800,256.07,261.64,249.55,261.13,248719
1642896000,263.21,267.77,256.63,256.8,227121
1642982400,252.7,256.63,244.32,245.38,392240
1643068800,245.38,251.57,240.32,245.95,335689
1643155200,246.51,247.07,239.53,241.45,249104
1643241600,244.26,245.1,239.2,241.33,116565
1643500800,245.44,258.32,245.44,256.01,314122
1643587200,260.29,260.29,250.45,251.57,172471
1643673600,255.9,270.13,250.11,267.94,955270
1643846400,272.61,281.72,267.88,268.45,578092
1644105600,268.45,269.57,262.26,265.07,582543
1644192000,265.07,278.01,261.7,275.87,650096
1644278400,280.71,285.6,268.45,271.82,490374
1644364800,270.7,273.51,267.32,272.38,342990
1644451200,274.63,278.01,269.85,275.76,522397
1644710400,270.92,270.92,261.75,266.2,611664
1644796800,270.81,284.7,270.81,276.15,1270784
1644883200,280.82,280.82,273.23,279.69,428526
1644969600,283.63,283.63,272.95,273.51,412059
1645056000,273.51,276.32,271.54,273.0,175199
1645315200,269.57,274.18,264.85,268.73,292889
1645401600,273.4,273.4,268.45,270.7,203475
1645488000,274.01,274.63,270.7,272.1,178841
1645574400,274.07,275.2,269.57,271.82,223266
1645660800,275.2,275.2,266.48,266.76,642637
1645920000,271.33,280.0,266.67,277.33,397027
1646006400,282.2,292.0,265.93,266.67,338192
1646179200,266.67,270.0,251.33,253.0,205379
1646524800,252.67,259.33,246.67,246.67,142707
1646611200,250.0,253.33,242.4,242.53,124196
1646784000,242.53,246.67,234.0,236.67,104919
1646870400,240.0,247.27,232.67,246.67,146566
1647129600,250.67,257.73,244.67,254.0,173005
1647216000,258.4,258.4,250.0,251.33,43441
1647302400,255.33,255.33,246.33,246.67,111737
1647388800,249.93,250.67,244.0,244.67,78566
1647734400,246.67,248.67,243.33,245.33,63029
1647820800,246.67,253.53,244.0,252.0,121135
1647907200,255.0,256.33,247.73,251.33,65126
1647993600,252.67,252.67,246.67,247.87,43587
1648080000,246.67,250.0,242.8,243.33,83142
1648339200,244.0,244.0,233.53,236.0,136760
1648425600,235.33,239.33,230.13,231.0,92192
1648512000,231.33,234.87,226.67,229.33,71263
1648598400,231.27,236.67,226.67,236.0,88844
1648684800,237.33,237.33,230.67,230.67,64864
1648944000,230.0,230.0,226.67,227.07,32048
1649030400,226.67,230.33,226.0,228.0,66481
1649116800,228.0,228.0,220.2,222.67,99942
1649203200,223.33,224.0,216.47,218.0,84294
1649289600,220.0,223.33,215.73,218.67,89765
1649635200,222.33,226.67,210.0,212.0,96651
1649721600,210.0,213.33,205.33,207.33,83305
1649808000,210.67,210.8,203.87,209.87,48620
1650153600,212.0,212.67,203.33,203.33,45694
1650240000,206.67,206.67,192.67,195.33,111222
1650326400,196.67,199.6,190.47,195.33,61677
1650412800,196.0,198.33,188.67,189.33,34832
1650499200,190.67,194.67,183.07,191.33,79588
1650758400,194.0,207.13,191.47,207.13,84634
1650844800,210.0,221.33,203.33,211.33,174439
1650931200,212.0,218.27,206.67,209.8,52859
1651017600,208.0,214.0,206.67,212.67,53730
1651104000,212.67,215.67,206.67,207.4,62254
1651449600,209.33,209.33,196.67,199.93,62670
1651622400,200.0,201.33,190.0,191.0,67785
1651708800,188.67,194.0,186.07,187.33,65243
1651968000,187.33,200.67,183.33,194.67,64827
1652054400,196.67,204.0,192.0,194.07,86579
1652140800,195.0,210.0,194.67,208.67,88746
1652227200,210.67,226.2,210.67,226.2,209105
1652313600,230.0,240.0,223.4,228.67,179395
1652745600,227.33,228.0,214.0,214.0,145651
1652832000,210.67,227.13,207.2,224.0,114605
1652918400,222.67,231.33,220.67,223.0,78654
1653004800,224.0,225.33,218.67,219.33,41762
1653264000,220.67,221.33,209.13,213.33,71013
1653350400,216.67,222.67,209.33,218.67,70218
1653436800,222.33,224.6,218.67,221.33,53458
1653523200,221.67,223.27,218.0,220.0,32147
1653609600,220.0,221.33,214.0,215.33,66291
1653868800,217.33,217.33,208.0,209.0,69307
1653955200,206.67,215.33,203.33,206.0,60887
1654041600,205.33,211.33,205.33,209.33,42132
1654128000,211.33,213.33,207.67,207.67,43435
1654214400,209.27,210.0,204.0,206.67,50226
1654473600,208.67,213.33,204.67,208.67,49621
1654560000,206.67,210.0,203.4,204.0,32245
1654646400,206.0,220.67,204.8,212.0,80621
1654732800,214.67,217.33,207.07,208.67,76448
1654819200,208.67,210.67,205.33,206.0,52187
1655078400,206.67,208.67,204.73,204.73,21400
1655164800,204.67,206.67,198.67,199.4,52444
1655251200,196.8,198.67,193.33,195.33,50678
1655337600,196.6,200.27,192.4,196.0,39348
1655424000,197.87,198.67,193.33,194.0,19359
1655596800,193.33,193.33,184.47,184.67,58278
1655683200,184.67,187.0,179.33,180.67,88872
1655769600,180.0,188.0,179.33,184.27,57351
1655856000,185.33,185.33,176.67,177.67,96383
1655942400,176.67,176.67,166.6,168.93,139315
1656028800,168.0,174.0,161.07,167.33,119560
1656201600,170.0,180.73,168.67,180.73,168371
1656288000,182.67,187.33,175.4,176.0,146696
1656374400,176.0,178.67,170.67,172.67,82201
1656460800,174.0,182.0,171.33,180.67,115524
1656547200,183.33,194.0,182.0,192.67,231522
1656633600,195.8,199.33,186.67,192.6,107386
1656806400,192.0,203.33,189.33,202.67,155260
1656892800,206.0,213.27,194.73,199.33,290739
1656979200,199.33,208.67,193.33,198.0,183296
1657065600,200.0,203.33,192.07,198.0,172414
1657152000,201.27,206.0,195.33,196.0,101172
1657238400,197.33,198.67,190.67,192.33,67330
1657497600,189.2,190.67,179.33,180.0,145563
1657584000,182.07,188.67,179.4,184.67,126427
1657670400,186.6,197.87,185.33,196.67,123690
1657756800,198.0,202.73,193.33,197.33,111092
1657843200,195.33,197.2,192.0,193.33,65597
1658016000,190.93,195.2,188.2,192.67,64417
1658102400,193.33,196.67,189.6,194.0,47112
1658188800,193.73,202.6,192.87,194.33,81308
1658275200,196.67,196.67,192.13,192.73,57772
1658361600,194.67,194.67,190.07,190.4,67772
1658448000,190.0,192.0,186.87,188.0,58009
1658620800,190.0,203.33,188.07,202.0,119322
1658707200,203.33,213.4,203.2,210.0,295485
1658793600,210.67,215.33,203.93,210.67,267987
1658880000,207.13,225.33,207.13,221.33,272654
1658966400,223.33,231.87,213.33,221.33,238644
1659052800,223.33,225.33,214.4,223.27,204289
1659225600,219.53,220.0,212.27,217.0,354431
1659312000,215.33,223.33,214.33,214.33,254688
1659398400,216.67,217.93,210.4,213.93,156712
1659484800,213.93,221.33,212.0,215.33,189039
1659571200,213.33,217.93,210.0,210.33,141872
1659657600,210.0,211.33,206.67,208.0,99481
1659830400,211.33,212.67,207.8,210.0,98281
1659916800,206.67,219.27,206.67,214.6,279969
1660003200,218.2,221.33,209.13,209.13,170808
1660089600,210.0,211.87,206.0,208.0,58853
1660176000,205.4,211.2,201.33,202.67,75490
1660435200,202.67,205.33,196.67,197.33,114547
1660521600,197.33,206.67,194.8,206.67,99113
1660608000,210.13,211.2,198.8,200.0,149251
1660694400,203.33,203.93,198.0,199.93,80063
1660780800,196.67,208.67,196.67,207.0,130226
1661040000,209.27,210.47,200.67,202.8,104125
1661126400,199.47,206.0,199.47,201.6,88459
1661212800,199.33,203.87,199.33,203.33,50032
1661299200,202.0,205.8,201.33,204.0,46417
1661385600,201.33,206.0,199.93,200.07,66996
1661472000,200.0,200.0,195.47,196.73,46043
1661644800,193.47,197.93,191.33,192.0,117744
1661731200,188.87,193.2,188.87,191.33,41840
1661817600,193.33,195.27,188.0,189.73,47271
1661904000,189.73,191.67,184.67,184.87,92635
1661990400,186.6,189.33,182.33,186.67,84073
1662076800,186.67,189.27,186.0,187.33,47779
1662249600,186.67,190.67,186.67,188.67,42293
1662336000,191.73,194.8,188.67,190.0,60628
1662422400,193.13,193.13,184.67,185.33,44082
1662508800,183.33,184.0,180.33,181.33,42993
1662595200,180.67,186.67,180.0,184.67,63725
1662854400,187.67,187.67,181.33,181.33,31457
1662940800,181.33,183.33,179.0,180.67,52709
1663027200,182.6,184.67,179.33,181.47,30409
1663113600,183.33,188.67,180.33,187.33,73751
1663200000,189.33,189.33,176.67,177.93,172552
1663286400,175.07,175.27,170.67,175.27,99905
1663459200,172.47,176.0,168.67,169.33,68562
1663632000,166.73,169.33,164.0,164.0,71408
1663718400,161.4,170.0,161.4,167.67,83080
1663804800,166.67,169.33,164.67,165.6,39338
1664064000,163.33,165.33,158.2,159.33,64575
1664236800,160.67,164.0,158.13,158.8,76446
1664323200,161.27,166.4,158.67,159.13,25350
1664409600,156.87,162.67,156.87,161.8,36195
1665273600,159.4,164.67,159.4,163.87,22506
1665360000,166.4,166.67,160.67,161.33,26902
1665446400,162.67,162.67,158.67,160.67,28098
1665532800,158.13,162.67,150.93,162.67,33549
1665619200,163.33,165.33,160.67,162.67,34584
1665878400,160.67,164.0,159.4,161.67,37888
1665964800,162.67,162.67,158.33,158.33,18516
1666137600,156.67,160.0,152.67,156.33,73536
1666224000,154.2,156.0,152.73,153.33,15493
1666483200,151.0,157.67,151.0,157.67,18406
1667174400,157.67,158.33,155.4,158.33,23075
1667260800,155.87,165.2,155.87,165.2,111168
1667347200,167.8,170.67,163.33,169.27,122014
1667433600,168.67,170.67,165.4,166.0,39780
1667692800,167.27,173.4,163.53,172.0,108089
1667779200,173.33,176.67,169.33,169.93,126531
1667865600,172.47,172.47,167.33,168.0,59058
1667952000,165.33,170.67,163.4,164.27,100433
1668038400,166.0,166.53,158.67,161.33,74180
1668297600,158.8,164.0,158.0,158.0,35383
1668384000,158.67,165.33,157.33,163.0,31837
1668470400,164.0,165.2,160.0,161.27,51913
1668556800,160.0,164.0,160.0,163.27,24381
1668643200,164.0,169.33,163.4,169.33,90053
1669075200,171.33,180.2,170.73,171.93,136924
1669161600,169.2,173.33,169.2,169.47,50093
1669248000,166.8,174.67,166.8,172.67,52245
1669507200,170.8,174.67,170.67,173.67,42836
1669593600,176.47,178.67,172.0,173.27,37919
1669680000,173.27,175.33,170.73,172.0,33994
1669766400,174.0,174.0,169.33,172.33,20054
1669852800,170.67,175.93,170.67,174.0,51453
1670112000,175.33,175.33,171.6,172.6,29014
1670198400,174.0,175.27,169.27,170.0,32118
1670284800,168.0,170.0,165.33,168.0,48629
1670371200,168.67,169.33,165.33,165.4,30937
1670716800,167.27,169.2,164.07,164.67,35359
1670803200,166.67,170.67,165.4,168.0,45031
1670889600,166.73,169.33,166.2,167.33,19323
1670976000,166.67,168.67,166.0,166.0,14655
1671062400,164.67,167.67,164.0,164.4,31714
1671321600,163.33,164.0,160.0,160.0,50515
1671408000,162.53,167.67,158.0,161.4,11093
1671494400,160.0,165.33,160.0,163.33,28666
1671580800,162.73,164.67,161.33,161.33,13086
1671667200,161.33,163.33,160.4,161.33,16046
1672012800,163.87,169.33,163.2,168.73,65031
1672099200,170.73,176.67,170.73,173.27,190774
1672185600,176.0,176.0,170.0,172.0,95774
1672272000,171.27,181.0,169.33,180.53,177777
1672531200,182.0,193.8,178.0,184.87,209800
1672617600,186.0,196.67,182.0,195.33,248532
1672704000,195.33,201.93,191.0,196.67,204112
1672790400,195.33,203.53,195.33,200.67,158166
1672876800,202.67,206.0,196.67,201.67,195722
1673136000,201.67,208.0,196.13,200.0,295683
1673222400,201.33,209.33,198.67,208.0,291891
1673308800,209.33,219.33,204.0,208.6,361957
1673481600,212.07,215.33,200.07,200.67,237852
1673913600,203.33,210.67,197.47,206.33,149103
1674000000,208.93,223.33,206.73,222.0,551631
1674086400,223.33,224.13,216.0,219.33,216738
1674432000,218.67,219.93,211.4,212.0,204926
1674518400,212.07,220.0,207.47,216.07,201206
1674604800,218.67,222.0,215.33,218.67,365092
1674691200,221.33,221.93,216.0,216.67,179703
1674950400,213.33,218.0,210.87,212.4,141177
1675036800,209.33,212.67,204.0,206.0,169267
1675123200,208.0,212.0,203.33,205.33,130189
1675209600,204.67,208.0,204.0,204.67,64572
1675296000,205.33,206.67,198.0,198.6,175544
1675555200,198.67,204.6,196.73,199.2,110644
1675641600,199.33,201.33,197.33,199.47,45186
1675728000,200.33,212.0,200.33,210.67,149173
1675814400,214.2,216.67,206.67,209.27,259387
1675900800,208.0,212.27,208.0,212.0,78760
1676160000,208.47,208.47,198.67,201.47,171854
1676332800,200.0,204.67,199.0,201.33,73388
1676419200,199.4,204.47,199.33,200.0,86902
1676505600,201.93,201.93,196.0,196.0,98144
1676851200,194.8,198.0,194.73,196.4,51403
1677024000,197.4,211.33,197.33,204.67,99140
1677110400,204.67,205.33,198.67,199.33,112498
1677369600,196.07,201.6,191.67,201.33,115707
1677456000,203.4,204.0,196.0,200.0,90734
1677542400,199.93,203.07,198.0,198.67,42740
1677628800,196.0,200.6,194.73,195.0,41114
1677715200,195.33,196.67,192.13,192.2,68809
1677974400,193.33,194.67,189.07,190.0,42017
1678147200,192.67,194.07,190.27,192.0,30432
1678320000,194.47,202.0,193.33,200.0,95388
1678579200,202.67,205.33,198.67,198.67,90092
1678665600,198.67,200.0,194.67,195.33,31607
1678752000,195.33,200.0,195.33,196.67,36073
1678838400,198.67,198.67,193.4,194.8,46764
1678924800,195.67,198.0,195.0,196.6,30874
1679184000,194.73,198.0,194.0,195.33,27665
1679270400,196.67,198.67,196.67,198.07,35845
1679443200,200.0,201.33,196.0,196.27,33148
1679529600,195.13,195.93,192.0,193.33,45915
1679788800,192.07,194.0,189.53,192.0,47982
1679875200,193.33,198.0,190.0,197.0,53053
1679961600,199.33,200.0,195.33,196.67,52960
1680048000,195.33,197.67,195.33,196.27,14830
1680134400,195.33,198.47,193.47,194.0,26650
1680393600,194.0,199.93,190.8,191.0,37872
1680480000,189.33,192.0,188.0,189.33,24996
1680566400,190.0,191.6,186.87,188.67,27538
1680652800,188.8,191.33,188.07,189.33,25117
1680739200,189.33,190.67,186.0,186.67,39246
1680998400,186.67,186.67,182.13,185.0,41923
1681084800,186.0,186.0,182.0,184.0,29034
1681171200,184.0,188.0,182.2,186.67,36913
1681257600,188.67,197.2,187.67,197.2,75249
1681344000,198.67,198.67,191.33,192.67,61627
1681603200,189.67,194.67,189.67,191.33,25885
1681689600,193.33,194.47,188.67,188.67,27718
1681776000,190.0,190.67,186.87,187.33,20369
1681862400,188.67,192.67,188.67,190.33,15751
1681948800,190.67,192.67,187.4,187.4,16058
1682208000,189.33,190.0,183.33,183.93,59106
1682294400,183.33,186.93,182.67,184.93,28663
1682380800,186.0,189.0,185.53,187.2,33190
1682467200,186.67,189.0,183.6,183.93,17348
1682553600,186.93,188.0,183.4,184.0,26295
1682812800,182.67,183.0,179.33,180.0,42253
1682985600,181.67,182.0,177.07,177.33,17283
1683072000,176.0,179.33,173.33,174.47,22856
1683158400,173.33,175.33,172.0,174.0,44611
1683417600,173.33,174.6,169.87,170.0,24816
1683504000,171.33,171.4,164.6,166.0,45610
1683590400,167.33,174.0,165.33,170.6,38369
1683676800,171.33,172.0,166.67,169.33,16298
1683763200,167.33,171.07,167.33,171.07,37215
1684022400,171.33,171.33,167.33,167.33,24359
1684108800,168.67,169.33,164.67,166.67,27044
1684195200,165.47,169.53,165.4,168.0,14849
1684281600,168.67,174.0,168.0,172.6,34326
1684368000,173.33,178.0,172.0,176.67,52517
1684627200,178.67,181.0,174.67,174.67,60933
1684713600,176.67,177.47,169.33,176.0,30712
1684800000,178.0,184.67,176.0,184.67,77301
1684886400,186.67,187.33,181.67,183.27,70359
1685232000,185.33,186.2,178.0,178.67,63871
1685404800,178.67,180.6,173.33,173.33,74348
1685491200,173.33,179.33,170.67,172.0,109114
1685577600,171.47,178.07,170.73,174.0,41698
1685836800,176.8,182.87,175.33,180.67,62306
1685923200,182.67,183.33,178.0,180.67,100033
1686009600,180.0,185.33,179.33,184.67,80939
1686096000,186.67,192.33,186.0,188.0,223361
1686182400,188.0,190.0,184.0,184.67,117365
1686441600,186.67,186.67,181.07,185.33,132738
1686528000,188.33,188.33,179.73,182.6,118605
1686614400,185.53,185.53,179.73,180.73,221812
1686700800,182.0,186.67,179.67,184.0,232248
1686787200,186.33,186.67,181.33,182.07,334319
1687046400,185.7,200.0,185.7,199.8,439509
1687132800,203.7,207.0,197.0,199.0,209229
1687219200,201.0,201.9,193.0,195.0,95911
1687305600,198.9,198.9,189.2,190.9,81447
1687392000,190.1,193.0,185.3,186.4,93550
1687651200,190.1,192.0,185.0,191.0,142851
1687737600,194.8,195.9,186.2,187.0,94146
1687824000,187.0,196.0,187.0,195.9,145802
1687910400,195.9,197.0,190.0,190.0,118839
1688256000,192.0,192.0,182.0,183.5,96364
1688342400,182.0,187.0,177.0,178.0,116910
1688428800,175.0,185.0,174.5,178.0,47239
1688515200,181.5,181.5,173.0,174.0,53331
1688601600,174.0,176.8,171.0,172.0,74504
1688860800,174.0,177.4,170.0,171.0,54014
1688947200,170.0,177.8,168.6,170.0,70557
1689033600,169.0,170.0,165.1,165.6,54846
1689120000,167.0,182.1,167.0,182.1,112266
1689206400,185.7,190.9,180.0,180.5,115790
1689465600,180.5,180.5,175.0,177.9,39944
1689552000,181.0,181.5,174.0,179.0,48939
1689638400,181.0,183.0,177.5,178.0,59782
1689724800,180.0,180.0,176.0,176.0,37688
1689811200,178.0,180.0,173.5,176.0,72055
1690070400,178.0,182.0,178.0,179.1,54550
1690156800,179.2,184.6,177.4,178.0,84807
1690243200,180.0,181.5,175.5,176.6,54755
1690329600,176.0,179.0,174.0,175.0,39023
1690416000,176.0,178.3,171.0,172.0,47466
1690675200,172.0,174.0,167.0,167.0,79563
1690761600,169.0,173.0,167.0,168.0,44157
1690848000,170.0,170.9,162.8,164.0,131782
1690934400,165.0,167.2,162.6,163.5,42782
1691020800,165.0,169.0,163.0,163.5,53288
1691280000,165.0,165.0,159.0,159.0,65881
1691366400,161.0,164.0,158.0,160.0,34471
1691452800,160.0,162.0,157.0,157.0,34676
1691539200,157.0,163.0,154.0,162.5,52449
1691625600,163.0,164.0,160.0,160.0,20924
1691884800,162.0,162.0,158.0,159.1,28075
1691971200,160.0,161.5,156.8,157.1,28916
1692057600,156.1,158.0,153.1,154.7,54222
1692144000,156.0,156.0,150.0,152.0,64243
1692230400,152.0,155.0,150.5,151.8,32409
1692489600,153.0,153.0,147.0,148.3,44617
1692576000,150.0,151.1,146.0,146.2,26843
1692662400,148.0,149.0,144.0,148.8,20945
1692748800,150.0,155.0,149.5,155.0,71165
1692835200,158.1,158.1,148.2,149.0,59299
1693094400,149.1,150.7,147.0,148.9,21319
1693180800,150.0,151.0,146.2,147.0,22707
1693267200,148.0,148.0,145.2,146.4,20709
1693353600,148.0,149.0,145.8,146.5,12184
1693699200,148.0,148.0,144.0,145.5,17124
1693785600,145.5,146.5,142.7,144.0,21315
1693872000,144.0,144.0,140.0,140.0,34843
1694044800,138.2,140.0,137.0,137.1,24688
1694304000,138.0,138.0,130.4,133.0,70200
1694390400,134.2,139.9,132.0,139.0,33134
1694476800,139.0,140.0,132.2,134.0,29625
1694563200,135.0,146.6,135.0,144.0,52349
1694908800,144.0,144.0,136.6,137.0,59950
1694995200,138.0,139.6,137.9,139.2,26074
1695081600,140.0,145.4,137.0,144.0,70698
1695254400,146.8,158.4,146.8,158.4,173694
1695513600,159.0,163.0,151.0,155.0,108084
1695600000,155.0,156.0,149.9,154.9,64100
1695686400,156.0,164.0,156.0,162.0,73148
1695772800,163.0,165.0,155.2,157.0,61207
1696118400,155.0,155.4,149.0,151.6,51284
1696204800,150.0,155.8,148.0,154.9,51935
1696291200,152.0,154.9,150.0,152.0,19762
1696377600,154.0,157.0,151.1,153.0,30980
1696464000,156.0,156.0,151.9,152.4,27468
1696723200,155.4,155.4,149.0,149.0,51546
1696809600,147.0,151.8,146.1,147.0,35503
1696896000,146.0,152.8,145.0,145.7,20146
1696982400,144.5,148.6,143.0,144.0,27762
1697068800,143.0,145.7,141.0,141.4,31915
1697414400,143.0,144.2,137.3,139.9,34405
1697500800,141.0,148.0,141.0,141.8,18807
1697587200,143.0,146.0,143.0,145.0,12499
1697673600,144.0,145.8,140.0,140.1,23640
1698537600,137.3,137.3,126.1,129.0,317480
1698624000,130.0,136.0,128.1,133.0,117406
1698710400,134.0,134.0,130.5,131.0,78382
1698796800,130.5,133.0,129.1,130.0,43731
1698883200,129.0,131.5,128.0,129.0,85572
1699142400,129.0,129.0,127.3,127.5,34179
1699228800,127.0,131.0,127.0,129.4,53808
1699315200,130.9,131.9,128.0,129.0,45037
1699401600,130.0,130.0,128.0,128.5,45268
1699488000,130.0,130.9,127.4,128.0,46851
1700438400,128.0,134.5,127.2,127.9,45169
1700524800,129.0,129.0,126.1,126.8,39807
1700611200,126.0,129.3,126.0,128.3,33061
1700697600,127.9,133.0,126.3,131.9,78110
1700956800,132.0,135.6,132.0,134.2,103895
1701043200,134.0,138.9,133.5,134.0,133415
1701129600,135.0,138.0,133.0,134.0,32944
1701216000,134.0,136.6,131.0,132.0,23958
1701302400,134.5,134.5,127.0,128.4,99886
1701561600,128.5,130.9,127.4,130.0,60866
1701648000,131.0,132.4,129.1,130.2,54214
1701734400,131.0,134.0,131.0,134.0,132944
1701820800,132.3,135.4,132.3,132.6,42399
1701907200,134.0,135.9,132.0,135.9,118630
1702166400,138.6,148.8,138.6,147.8,45193
1702252800,150.7,157.0,140.3,146.9,240368
1702339200,147.0,150.7,144.0,146.6,125181
1702425600,148.0,153.0,147.0,150.0,165418
1702512000,150.0,157.5,147.1,156.9,222191
1702771200,154.0,169.0,148.0,169.0,332386
1702857600,172.3,177.4,163.7,167.0,628157
1702944000,164.0,171.0,162.0,168.5,251222
1703030400,171.0,174.0,163.0,169.5,323870
1703116800,171.5,172.5,165.0,165.0,215285
1703376000,167.0,169.5,161.2,161.4,194740
1703635200,163.8,167.0,157.0,158.0,180024
1703721600,160.0,160.5,154.5,155.0,130587
1704067200,157.0,163.0,152.9,154.0,109606
1704153600,155.0,156.0,152.0,153.6,149678
1704240000,155.0,162.0,154.1,162.0,206909
1704326400,164.0,167.1,159.9,161.9,232123
1704585600,165.0,166.0,158.0,158.0,193363
1704672000,160.0,162.0,158.0,161.0,126627
1704758400,163.0,164.2,155.9,157.0,209717
1704844800,158.0,162.1,155.0,157.0,144661
1704931200,160.1,160.1,155.5,156.9,110869
1705190400,160.0,167.9,158.1,165.6,303057
1705363200,165.9,180.5,165.9,174.0,572840
1705449600,177.4,182.0,169.0,169.1,477979
1705536000,166.0,179.5,162.6,173.0,344537
1705795200,173.0,187.0,173.0,181.0,755311
1705881600,184.6,186.5,176.0,177.0,431210
1705968000,178.0,182.0,175.5,176.5,218798
1706054400,180.0,182.0,172.0,173.0,203410
1706140800,176.0,176.0,171.0,171.9,165183
1706400000,172.1,176.0,171.0,173.0,143557
1706486400,176.4,178.0,174.0,175.2,217124
1706572800,177.0,179.2,175.0,177.9,204898
1706659200,177.9,180.0,171.5,173.0,168748
1706745600,171.0,173.3,167.6,168.0,203325
1707004800,168.0,172.0,165.2,167.1,118998
1707091200,169.0,170.0,167.0,168.0,72174
1707177600,169.9,171.0,167.6,168.3,82530
1707264000,170.0,171.0,167.7,168.9,78552
1707350400,169.0,169.9,167.0,169.0,108660
1707609600,172.3,173.0,169.0,169.1,114628
1707696000,172.0,172.5,168.7,172.0,89626
1707782400,175.4,175.4,167.0,168.0,104875
1707868800,168.0,169.0,165.0,166.0,134730
1707955200,166.0,169.0,165.5,166.0,132803
1708214400,166.0,168.4,161.0,162.0,131065
1708387200,164.0,165.0,161.0,161.0,84862
1708473600,163.0,164.2,159.8,160.0,65891
1708560000,156.9,162.0,156.9,157.2,87006
1708819200,159.0,160.2,152.0,152.0,93304
1708905600,152.0,157.0,150.1,153.0,59886
1708992000,156.0,158.0,153.0,156.0,57837
1709078400,153.0,158.0,153.0,153.5,23363
1709164800,154.8,155.0,149.7,150.0,67871
1709424000,152.0,158.0,149.0,151.0,88617
1709510400,154.0,166.1,154.0,166.0,13325
1709596800,169.0,169.3,157.0,162.0,200814
1709683200,162.0,165.7,155.1,160.0,137565
1709769600,163.2,166.0,161.0,161.0,82744
1710028800,164.2,165.0,161.0,162.5,42085
1710201600,165.5,168.8,162.6,165.0,87778
1710288000,165.5,167.0,162.2,163.2,87398
1710374400,165.0,165.0,161.0,163.0,50890
1710633600,163.0,164.9,159.0,159.6,62634
1710720000,161.0,161.0,158.1,159.7,29409
1710806400,161.0,161.8,156.1,156.1,66869
1710892800,159.0,160.0,155.5,156.9,44513
1710979200,156.0,158.0,154.6,155.4,81783
1711324800,157.0,157.0,153.0,154.0,36999
1711411200,156.0,156.0,152.2,154.0,48278
1711497600,156.0,156.9,151.6,153.0,53976
1711584000,154.0,154.0,150.1,151.7,54477
1711843200,152.0,153.0,149.1,150.0,59149
1711929600,150.0,151.0,147.0,148.0,80608
1712016000,150.0,150.4,146.0,146.2,60659
1712102400,147.0,148.0,144.5,145.0,113063
1712188800,146.0,147.8,145.0,145.5,59820
1712448000,147.0,150.0,145.0,149.3,51063
1712620800,151.5,153.0,149.2,152.0,66000
1712707200,154.0,154.9,151.0,151.5,40628
1713052800,152.0,152.5,148.5,148.6,42953
1713139200,149.0,151.0,146.2,146.2,33944
1713225600,146.0,148.9,146.0,146.9,30193
1713398400,147.0,147.9,144.2,145.0,41814
1713657600,147.0,148.0,144.0,148.0,43687
1713744000,149.9,150.0,145.5,145.6,17710
1713916800,147.0,147.0,145.0,146.3,24880
1714003200,145.0,148.9,144.0,144.0,50963
1714262400,146.0,148.8,144.2,145.8,29417
1714348800,148.0,148.0,144.1,145.0,25583
1714435200,145.1,152.8,142.2,149.0,79454
1714608000,150.0,151.0,146.1,146.5,45018
1714867200,148.6,148.6,144.0,144.9,38531
1714953600,144.0,146.8,144.0,144.4,24173
1715040000,146.9,146.9,144.0,145.0,16125
1715126400,145.0,147.0,142.2,142.6,36540
1715212800,144.0,144.4,141.2,142.9,26075
1715472000,143.0,145.3,142.1,144.0,47001
1715558400,145.5,145.5,143.2,145.1,47953
1715644800,145.1,150.0,143.4,148.6,74581
1715731200,150.0,150.8,146.1,148.0,37039
1715817600,148.0,148.9,145.4,146.0,26455
1716076800,146.0,148.8,146.0,146.0,58566
1716163200,148.0,150.0,146.5,148.0,64187
1716249600,150.0,150.0,146.0,149.0,44414
1716336000,148.1,151.0,148.0,149.0,50132
1716681600,151.0,151.0,146.4,147.0,37180
1716768000,146.2,149.1,146.0,146.9,71635
1716940800,149.0,154.8,145.8,147.0,56276
1717027200,147.0,149.0,145.1,145.9,49015
1717286400,147.0,148.0,145.1,146.0,40539
1717372800,144.0,148.0,144.0,145.5,46991
1717459200,146.0,147.8,145.1,147.2,45324
1717545600,145.5,147.0,144.5,146.0,38181
1717632000,144.9,146.0,142.5,144.0,45976
1717891200,146.8,146.8,141.7,142.1,30715
1717977600,142.0,145.8,142.0,143.5,53353
1718064000,144.0,148.1,144.0,146.3,81323
1718150400,148.3,150.0,146.6,147.0,79911
1718236800,149.2,149.2,144.5,146.9,63081
1718496000,145.0,154.0,145.0,149.0,152017
1718668800,150.0,150.9,146.0,147.9,45238
1718755200,150.0,150.0,145.1,147.2,29868
1718841600,145.1,149.1,144.0,144.8,60323
1719100800,146.0,146.0,142.1,143.0,87325
1719187200,145.1,145.1,141.5,142.4,65363
1719273600,145.0,145.0,141.5,142.8,31600
1719360000,145.6,145.6,140.1,141.0,61050
1719446400,139.8,142.0,139.2,141.0,58525
1719705600,138.4,141.8,136.0,138.4,135611
1719792000,138.3,139.9,136.7,138.0,52339
1719878400,140.7,149.2,140.7,145.6,148243
1719964800,148.5,148.5,141.8,143.0,48122
1720051200,141.0,146.8,140.0,143.1,86699
1720310400,143.0,145.0,142.0,144.0,54462
1720396800,145.0,145.0,142.0,143.0,43744
1720483200,140.2,144.8,140.2,143.0,54449
1720569600,140.2,145.0,140.2,144.9,60988
1720656000,147.7,148.9,144.0,147.5,113591
1720915200,150.4,162.2,150.4,160.5,271064
1721001600,163.7,170.0,159.9,162.9,366412
1721088000,159.7,175.0,159.7,175.0,439035
1721174400,178.0,184.0,173.0,177.0,461024
1721260800,180.5,182.9,173.1,179.0,478557
1721520000,179.0,183.0,175.3,182.0,433024
1721606400,185.6,186.0,176.0,184.0,373435
1721692800,185.0,195.0,182.0,193.8,448664
1721779200,196.0,201.5,191.3,193.0,686562
1721865600,195.8,196.0,190.0,192.5,261547
1722124800,196.3,209.1,194.0,199.6,344986
1722211200,203.5,204.0,196.0,196.8,402511
1722297600,197.0,210.0,190.0,203.0,496646
1722384000,203.0,216.0,203.0,210.0,852230
1722470400,210.0,216.0,208.0,209.0,404082
1722816000,210.0,213.1,202.0,208.0,484733
1722902400,210.0,210.0,191.6,192.9,557983
1722988800,192.0,203.8,188.0,203.0,344683
1723075200,205.0,209.0,200.0,202.0,430065
1723334400,205.0,222.2,204.0,222.2,1195461
1723420800,226.6,244.4,226.6,244.4,711918
1723507200,249.2,266.0,244.1,259.0,1163191
1723593600,253.9,278.9,245.0,271.8,925595
1723680000,277.0,290.0,268.0,279.0,873302
1723939200,279.0,279.0,255.0,262.0,1138662
1724198400,267.2,267.2,254.0,254.6,428567
1724284800,259.0,268.0,247.0,260.3,560841
1724544000,260.3,265.0,248.0,249.0,481523
1724716800,253.0,253.0,228.0,229.9,664180
1724803200,230.0,246.8,230.0,236.0,448298
1724889600,240.7,242.0,230.0,234.0,412910
1725148800,238.0,239.9,225.1,226.0,275848
1725235200,226.0,248.6,222.2,248.6,616421
1725321600,253.5,265.0,250.0,255.0,671938
1725408000,260.0,260.0,239.0,243.5,498496
1725494400,239.0,244.0,235.0,239.0,309852
1725753600,239.0,245.8,232.4,234.0,272789
1725840000,238.6,238.6,229.7,230.0,278749
1725926400,232.6,235.9,225.8,229.0,191397
1726012800,229.0,233.0,223.0,224.1,190479
1726099200,228.0,239.9,222.0,235.0,241111
1726358400,237.7,242.0,227.0,228.4,251240
1726444800,229.0,229.0,219.9,221.0,228653
1726617600,221.0,225.0,218.0,218.3,182549
1726963200,222.6,231.0,219.6,220.0,143495
1727049600,218.0,221.8,210.0,213.0,172582
1727136000,214.0,216.6,200.0,203.5,248603
1727222400,205.0,214.0,198.0,211.0,257823
1727308800,212.0,215.0,200.0,203.8,100864
1727568000,199.8,204.8,196.0,198.3,180583
1727654400,202.2,206.2,195.2,204.0,84957
1727740800,204.0,223.0,204.0,222.9,226785
1727827200,227.0,228.0,211.0,216.0,284599
1728172800,213.0,222.0,212.0,220.0,129590
1728259200,223.3,230.0,220.2,226.4,170920
1728345600,230.0,230.0,220.6,222.0,83258
1728432000,225.0,225.0,218.0,221.9,157273
1728950400,225.0,226.0,222.0,225.0,36833
1729036800,227.5,245.5,226.0,235.7,224288
1729123200,238.0,240.4,229.5,231.0,150049
1729382400,226.5,232.0,219.0,224.0,215104
1729468800,228.4,228.4,219.0,220.0,164731
1729555200,218.0,224.0,218.0,220.1,119762
1729641600,223.0,226.0,220.0,220.1,72565
1729728000,220.3,224.4,218.0,220.0,83541
1729987200,220.0,223.3,218.0,219.0,90859
1730073600,222.0,227.0,218.4,227.0,107260
1730160000,227.0,232.0,227.0,231.5,162381
1730246400,236.0,236.0,227.1,227.8,81085
1730764800,230.0,230.0,224.5,226.9,73735
1730851200,225.0,228.0,224.1,224.2,65989
1731196800,221.1,237.5,221.1,237.5,242512
1731283200,238.0,244.0,231.3,236.0,246571
1731369600,232.2,239.7,229.0,230.1,110313
1731456000,230.0,232.6,226.0,227.4,110373
1731542400,226.0,234.5,226.0,228.7,188240
1731801600,224.2,247.0,224.2,233.9,161197
1731974400,234.0,234.0,226.1,227.8,216065
1732060800,229.0,229.5,224.0,227.0,94797
1732147200,229.0,229.0,222.0,222.5,113522
1732406400,225.0,225.0,216.4,218.0,179018
1732492800,221.0,224.0,219.0,222.0,160527
1732579200,226.4,236.1,223.0,232.0,254401
1732665600,236.6,236.6,232.0,233.0,144230
1732752000,233.0,234.0,228.0,229.0,111363
1733011200,224.5,231.0,221.0,230.0,198244
1733097600,234.5,238.3,230.1,234.0,315482
1733184000,235.0,250.0,235.0,249.0,693207
1733270400,253.9,254.0,239.7,242.0,504328
1733356800,237.2,246.7,233.0,234.9,258757
1733616000,231.1,235.0,224.0,224.0,249136
1733702400,228.4,230.8,223.6,226.0,126920
1733788800,230.5,230.5,222.5,224.2,90925
1733875200,220.0,229.0,220.0,229.0,96028
1733961600,230.0,231.5,222.5,223.5,130847
1734307200,222.0,232.4,219.2,232.4,145915
1734393600,227.8,227.8,220.0,223.0,154611
1734480000,227.4,227.4,218.9,219.0,95208
1734566400,220.1,220.8,216.0,216.8,139364
1734825600,219.0,221.0,213.7,214.0,119808
1734912000,215.0,220.4,214.0,217.6,84627
1734998400,218.0,221.1,217.0,218.2,111999
1735171200,218.2,219.9,216.5,217.9,67315
1735430400,218.0,219.0,213.8,214.0,70184
1735603200,214.0,214.9,207.0,209.0,160107
1735689600,210.0,212.0,208.0,208.8,46695
1735776000,210.8,212.9,208.1,211.0,47740
1736035200,211.0,213.0,208.2,210.2,60345
1736121600,212.0,228.3,212.0,226.0,166519
1736208000,226.0,226.0,220.0,221.0,108155
1736294400,222.0,224.0,220.0,220.9,85160
1736380800,218.0,223.0,218.0,220.5,122290
1736640000,221.5,224.9,216.0,218.0,58637
1736726400,221.0,221.0,213.5,213.9,63666
1736899200,214.0,217.9,212.2,212.4,53123
1736985600,215.3,215.4,211.0,213.7,58351
1737244800,215.0,217.5,213.1,214.0,43255
1737331200,216.0,218.9,213.0,217.3,57781
1737417600,219.5,219.5,214.0,215.0,28117
1737504000,215.0,223.0,215.0,221.9,148030
1737590400,224.3,225.9,218.0,218.8,93841
1737849600,220.0,220.0,216.1,216.1,63694
1737936000,217.0,218.9,214.1,215.5,92470
1738022400,215.0,221.3,215.0,220.0,115410
1738454400,224.2,226.9,223.0,226.0,253230
1738540800,228.0,230.0,221.1,223.9,136807
1738627200,225.0,226.5,220.1,221.7,113464
1738713600,226.0,227.0,222.0,223.7,156275
1738800000,228.0,228.0,222.3,222.9,122661
1739059200,222.9,227.3,220.2,220.5,114776
1739145600,224.8,224.8,217.0,217.6,79206
1739232000,220.0,220.8,216.0,218.0,59490
1739318400,218.0,221.9,217.0,218.0,91807
1739404800,221.0,221.3,216.4,217.5,75735
1739664000,221.8,225.4,216.0,222.9,126377
1739750400,225.5,226.8,220.0,221.8,134193
1739836800,217.4,225.0,217.1,218.2,92376
1740009600,218.0,220.0,216.4,217.0,77528
1740268800,216.0,230.2,213.0,218.6,164776
1740355200,221.0,224.4,218.0,219.0,135805
1740441600,220.0,221.1,218.1,218.2,66143
1740614400,220.5,232.0,218.1,228.0,350899
1740873600,229.9,236.5,228.3,236.5,272332
1740960000,241.2,241.2,228.0,228.6,191298
1741046400,230.0,239.7,225.2,231.0,316360
1741132800,227.0,234.0,226.1,228.7,196079
1741219200,230.8,232.0,226.0,228.0,93515
1741478400,229.9,229.9,221.0,221.0,144155
1741564800,223.4,224.9,218.0,219.9,128096
1741651200,221.9,221.9,215.0,216.0,143962
1741737600,211.7,220.0,211.7,216.0,74985
1742083200,220.1,220.1,212.4,214.0,116318
1742169600,215.0,217.7,212.5,215.0,56913
1742256000,217.3,217.3,213.0,214.0,62154
1742342400,215.9,216.0,212.0,212.8,110030
1742428800,215.0,215.0,211.0,211.6,78590
1742688000,211.0,213.8,204.0,204.72,147728
1742774400,206.0,211.0,205.0,209.59,136906
1742860800,207.0,209.0,202.0,203.42,106335
1742947200,200.8,208.9,200.8,207.12,65437
1743033600,207.9,210.0,204.2,208.8,77998
1743292800,209.0,216.0,207.0,212.59,145957
1743465600,214.0,214.8,208.0,209.47,62235
1743552000,207.1,212.0,207.1,209.36,34571
1743638400,210.0,214.0,207.0,207.8,92539
1743984000,211.9,211.9,205.1,205.55,101615
1744070400,209.6,209.6,203.0,206.53,73339
1744156800,208.6,210.6,205.7,207.09,50935
1744243200,207.0,209.0,206.0,206.48,61508
1744502400,207.0,210.0,205.1,206.86,48578
1744675200,208.9,213.0,205.1,210.76,121647
1744761600,210.0,216.7,210.0,215.85,149781
1744848000,219.9,224.0,215.9,222.9,239906
1745107200,225.0,225.0,214.5,217.55,134972
1745193600,219.9,225.0,215.6,220.81,184273
1745280000,224.8,226.9,220.2,223.27,246212
1745366400,223.1,223.1,216.0,216.53,100815
1745452800,216.5,221.0,214.0,219.09,191498
1745712000,223.0,228.3,219.4,226.99,352772
1745798400,225.0,241.0,225.0,231.12,557135
1745884800,234.0,235.0,225.5,226.21,131055
1745971200,229.9,232.2,224.1,226.07,275561
1746316800,230.0,234.7,229.0,229.89,251289
1746403200,232.9,233.4,221.5,222.59,140511
1746489600,224.0,229.5,223.5,227.17,202164
1746576000,227.1,240.0,227.1,237.78,801310
1746662400,242.5,244.5,236.0,238.65,494512
1746921600,239.0,243.0,230.3,231.49,233952
1747094400,232.0,234.5,223.1,223.93,219709
1747180800,222.4,227.0,220.0,220.76,182722
1747267200,220.1,222.0,217.0,220.01,256528
1747526400,220.0,224.4,217.0,217.6,119752
1747612800,221.8,221.9,217.7,218.76,102672
1747699200,217.0,228.0,214.4,226.83,172524
1747785600,231.3,240.0,221.0,221.66,196640
1747872000,221.1,224.7,217.6,219.4,112464
1748131200,223.5,223.5,216.5,218.68,76568
1748217600,223.0,229.9,217.0,217.98,101754
1748304000,217.4,221.0,215.6,216.46,118647
1748390400,218.7,220.8,216.2,217.72,77232
1748822400,222.0,225.0,217.0,217.51,137192
1748908800,215.4,219.6,215.4,216.14,88558
1748995200,216.5,218.9,213.0,213.99,139511
1749081600,214.0,217.0,211.1,215.45,74963
1749340800,215.0,224.0,215.0,215.53,81692
1749427200,215.0,222.4,215.0,219.49,136215
1749513600,221.8,223.7,220.0,221.55,140539
1749600000,225.0,225.0,218.1,220.25,151622
1749686400,222.9,227.0,219.1,220.31,176643
1749945600,223.6,226.0,217.6,219.96,160741
1750032000,220.2,226.0,219.2,220.32,206400
1750118400,223.0,224.0,217.0,218.15,73013
1750204800,216.1,225.9,216.1,220.57,106448
1750291200,223.0,225.0,219.1,220.38,319070
1750550400,220.0,222.8,214.0,214.67,116602
1750636800,215.0,216.8,212.0,213.73,105728
1750723200,217.9,217.9,213.3,213.77,80852
1750809600,218.0,218.0,211.3,212.11,96866
1750896000,213.0,215.4,212.5,212.82,90357
1751155200,215.0,215.0,211.2,212.48,39100
1751241600,213.0,214.8,210.4,211.31,90894
1751328000,213.0,216.3,210.1,215.28,77504
1751414400,214.2,218.4,214.0,215.05,79142
1751500800,218.0,219.3,213.2,213.8,101348
1751760000,214.0,215.7,212.0,212.38,74579
1751846400,212.0,215.0,210.7,211.65,55263
1751932800,210.1,213.3,210.0,210.8,88586
1752019200,210.5,213.5,210.1,212.19,60523
1752105600,211.1,215.0,211.0,212.26,107994
1752364800,216.5,223.0,213.0,213.52,102696
1752451200,214.0,214.4,211.3,211.72,76214
1752537600,213.9,215.9,211.7,212.89,75586
1752624000,214.9,216.0,212.0,213.83,70748
1752710400,212.7,222.0,212.7,219.88,186909
1752969600,220.0,227.9,219.0,221.48,314388
1753056000,221.5,224.0,217.5,220.12,128466
1753142400,222.0,228.0,221.0,225.18,275782
1753228800,225.0,237.0,225.0,233.71,487644
1753315200,235.0,237.9,231.0,232.49,203954
1753574400,237.0,237.0,224.0,225.49,345249
1753660800,229.9,229.9,220.0,225.04,221685
1753747200,229.5,229.5,223.5,224.24,158782
1753833600,228.7,228.7,219.6,220.19,149714
1753920000,221.0,222.5,217.6,218.24,143683
1754179200,216.4,220.0,215.0,215.71,144773
1754265600,211.4,222.0,211.4,217.16,98824
1754352000,218.7,218.9,213.0,213.21,96407
1754438400,215.0,216.0,213.0,213.58,66548
1754524800,217.8,219.3,214.0,215.95,77677
1754870400,219.0,219.0,213.1,214.21,106682
1754956800,216.0,216.0,211.0,211.47,101170
1755043200,211.0,214.5,210.0,210.56,65560
1755129600,206.4,213.5,206.4,211.9,61452
1755388800,214.0,215.0,208.0,208.48,93318
1755475200,204.4,212.7,204.4,211.15,50586
1755561600,207.0,219.6,207.0,211.04,30100
1755648000,209.0,213.0,209.0,210.55,70916
1755734400,208.0,212.6,208.0,209.02,47411
1755993600,211.0,211.0,207.0,207.95,51889
1756080000,210.0,210.0,206.3,208.09,54480
1756166400,211.0,211.0,206.3,207.13,53555
1756252800,203.0,212.0,203.0,211.37,59349
1756339200,211.0,212.0,207.1,207.22,89957
1756598400,203.1,210.0,203.1,205.74,61378
1756684800,208.9,208.9,204.2,204.91,41369
1756771200,209.0,209.0,203.2,203.54,34770
1756857600,207.6,207.6,203.2,203.44,57793
1756944000,199.4,205.0,199.4,203.65,57595
1757203200,205.0,205.0,201.2,202.0,39348
1757289600,200.1,202.0,197.1,198.39,58381
1758153600,195.0,195.0,178.6,178.6,2425
1758412800,179.0,196.4,179.0,196.4,118095
1758585600,200.3,209.6,197.0,205.5,92836
1758672000,208.0,208.0,199.6,200.1,66447
1758758400,204.0,204.0,198.1,200.0,78352
1759017600,202.0,203.0,198.5,200.0,42203
1759795200,204.0,204.0,194.5,196.1,50147
1759881600,200.0,200.0,188.5,194.0,61163
1759968000,197.8,210.0,197.0,198.0,60681
1760227200,199.0,199.0,190.0,192.0,71118
1760313600,189.0,195.8,189.0,195.0,43244
1760400000,195.0,195.1,187.0,190.0,48728
1760486400,193.8,193.8,182.5,184.9,56312
1760572800,187.0,188.0,180.4,185.0,42597
1760832000,188.7,189.0,179.7,186.9,29689
1761436800,183.2,187.0,182.0,186.0,22091
1761609600,188.0,193.0,185.0,192.0,47225
1761696000,195.0,196.0,189.0,192.0,46271
1761782400,191.0,195.0,190.0,194.0,28110
1762041600,194.0,202.0,194.0,202.0,92586
1762128000,200.0,204.0,195.2,197.0,40077
1762214400,197.0,198.0,193.6,194.0,38881
1762300800,195.0,196.5,192.2,194.9,20334
1762387200,198.7,198.7,190.3,193.0,39036
1762646400,189.2,192.0,189.2,191.0,26904
1762732800,194.0,194.0,189.0,190.0,17670
1762819200,193.8,193.8,189.2,191.5,30752
1762905600,188.2,191.9,187.3,189.0,38788
1762992000,187.1,190.8,187.0,187.2,30639
1763251200,188.0,190.0,186.2,188.0,18180
1763337600,187.0,190.5,187.0,189.0,15971
1763424000,191.0,192.3,190.0,190.2,19027
1763510400,192.0,192.0,187.2,187.9,8090
1763596800,191.0,191.0,186.0,188.0,35452
1763856000,191.7,195.0,190.0,193.7,35577
1763942400,194.0,196.3,192.0,195.9,54147
1764028800,195.9,197.4,194.1,196.0,63803
1764115200,199.9,199.9,194.9,194.9,49930
1764201600,194.0,206.0,191.5,197.8,56534
1764460800,194.0,199.0,191.1,193.0,82414
1764547200,192.0,194.0,190.2,192.0,38554
1764633600,190.1,195.6,190.0,191.9,26732
1764720000,195.7,195.7,188.0,191.0,45943
1765065600,188.0,191.9,188.0,189.9,32757
1765152000,188.0,190.0,187.2,189.0,28558
1765238400,190.0,191.0,186.5,187.7,24420
1765324800,187.8,189.0,187.0,187.5,18910
1765411200,187.1,189.0,186.0,187.0,42669
1765670400,186.0,188.9,186.0,186.3,38482
1765756800,187.0,189.0,186.0,186.8,24284
1765843200,185.3,189.6,185.3,189.5,42034
1765929600,191.0,191.0,188.0,189.0,16065
1766016000,190.8,190.8,186.4,187.0,24779
1766275200,186.0,188.0,184.0,185.0,41269
1766361600,185.0,185.0,183.0,183.9,13364
1766448000,183.9,185.1,182.1,183.0,36824
1766534400,183.0,190.8,183.0,190.8,75633
1766880000,192.0,195.0,190.0,193.9,86714
1766966400,190.1,194.9,189.2,190.0,49945
1767139200,187.0,194.0,187.0,190.9,30440
1767225600,194.7,194.7,186.2,187.9,40388
1767484800,187.9,188.0,185.0,186.0,14848
1767571200,182.3,189.0,182.3,188.8,42321
1767657600,188.8,190.5,187.0,188.0,56190
1767744000,189.9,189.9,185.0,185.3,67441
1767830400,186.0,191.8,185.0,190.3,97147
1768176000,191.0,191.9,187.0,188.0,20728
1768262400,188.0,191.5,186.6,190.4,56630
1768348800,194.2,194.2,187.2,187.8,53912
1768694400,188.0,192.9,188.0,190.0,65807
1768867200,192.0,204.0,191.3,203.9,331894
1768953600,207.9,211.1,202.2,205.1,276853
1769040000,207.2,215.0,207.2,214.1,343468
1769299200,218.3,223.1,213.0,220.9,379609
1769385600,220.9,224.8,212.0,214.0,333794
1769472000,218.0,219.0,206.1,207.0,357375
1769558400,206.5,209.1,204.0,206.0,161950
1769644800,210.0,225.5,210.0,216.9,883953
1769904000,221.2,224.4,212.8,215.0,199067
1769990400,216.0,217.0,211.2,211.4,100391
1770076800,215.6,216.0,205.0,205.7,257839
1770163200,209.8,213.9,204.0,207.0,96037
1770249600,206.1,218.4,206.0,215.8,324728
1770508800,219.0,224.0,217.0,217.0,483728
1770595200,217.0,235.0,213.0,229.8,1072249
1770681600,234.3,239.0,223.0,227.0,615293
