date,open,high,low,close,volume
1373760000,128.26,90.14,85.96,90.14,40
1373846400,90.14,97.89,94.02,97.89,40
1374019200,97.89,106.41,99.59,106.41,150
1374105600,106.41,115.71,108.27,115.71,1706
1374364800,115.71,125.94,117.72,125.94,12269
1374451200,125.94,137.25,126.09,127.95,50250
1374537600,127.95,128.26,126.09,126.25,23541
1374624000,126.25,126.56,120.05,122.06,25879
1374710400,122.06,121.29,118.96,120.05,12985
1374969600,120.05,121.29,118.96,120.51,12444
1375056000,120.51,122.68,120.51,122.53,12604
1375142400,122.53,126.56,122.06,125.63,11888
1375228800,125.63,127.18,123.61,125.47,16045
1375315200,125.47,127.64,123.92,124.54,16832
1375574400,124.54,125.16,122.06,122.06,13593
1375660800,122.06,122.06,118.96,120.82,10674
1375747200,120.82,121.6,114.62,120.51,10700
1375833600,120.51,121.6,118.34,118.96,9805
1375920000,118.96,118.96,115.86,115.86,21368
1376179200,115.86,115.86,114.31,114.78,6558
1376265600,114.78,114.93,113.54,113.85,5132
1376352000,113.85,115.09,112.76,114.0,4580
1376438400,114.0,113.54,109.36,109.36,10225
1376524800,109.36,109.36,105.64,107.19,10293
1376784000,107.19,111.53,107.19,110.91,8933
1376870400,110.91,112.61,109.98,111.22,4023
1376956800,111.22,113.07,110.44,112.3,11568
1377388800,112.3,112.3,110.91,111.84,6208
1377475200,111.84,111.99,109.36,109.82,6237
1377561600,109.82,112.76,109.05,111.22,11433
1377734400,111.22,111.99,109.82,110.91,23136
1377993600,110.91,110.91,109.67,110.44,7678
1378080000,110.44,111.37,109.05,110.44,10758
1378166400,110.44,110.91,109.51,109.67,20263
1378252800,109.67,111.53,108.43,108.89,3978
1378339200,108.89,108.89,108.27,108.89,4271
1378598400,108.89,110.29,108.12,108.27,21774
1378684800,108.27,110.29,108.12,110.13,8818
1378771200,110.13,110.91,108.12,108.12,5479
1378857600,108.12,108.89,107.5,108.89,8212
1378944000,108.89,108.43,107.96,108.43,1797
1379203200,108.43,108.58,107.81,107.81,4941
1379289600,107.81,107.65,105.79,107.34,3632
1379376000,107.34,107.19,106.26,106.72,6735
1379548800,106.72,106.57,105.02,106.57,5987
1379808000,106.57,104.71,103.0,104.09,2361
1379894400,104.09,104.4,102.54,104.4,6184
1379980800,104.4,105.64,104.55,105.48,5223
1380067200,105.48,104.71,103.47,104.71,3376
1380153600,104.71,105.79,103.93,104.09,2222
1380412800,104.09,104.09,103.16,103.93,5097
1380499200,103.93,103.47,102.07,102.54,2382
1380585600,102.54,103.31,102.07,102.54,3171
1380672000,102.54,104.4,101.76,104.24,1017
1380758400,104.24,104.24,102.54,104.24,2064
1381017600,104.24,106.1,103.0,106.1,2617
1381104000,106.1,112.15,104.86,108.43,431
1381190400,108.43,107.65,105.79,107.34,1616
1381276800,107.34,107.34,104.24,107.34,944
1381363200,107.34,108.12,105.48,108.12,2612
1381968000,108.12,112.3,108.12,110.44,2059
1382227200,110.44,114.78,110.44,114.31,7738
1382313600,114.31,119.43,113.07,115.24,9821
1382400000,115.24,115.09,111.99,111.99,9367
1382486400,111.99,111.84,110.44,111.22,3207
1382572800,111.22,111.37,109.67,110.91,4392
1382832000,110.91,111.68,106.57,109.2,20010
1382918400,109.2,108.27,107.03,108.12,4234
1383004800,108.12,111.22,107.81,109.67,7580
1383091200,109.67,111.37,107.5,111.37,4278
1383177600,111.37,111.99,108.43,109.67,13446
1383696000,109.67,109.2,107.34,109.2,1100
1383782400,109.2,113.54,109.36,110.44,3833
1384041600,110.44,111.53,109.67,109.67,5508
1384128000,109.67,113.38,109.2,113.38,5107
1384214400,113.38,118.19,112.76,113.54,6554
1384300800,113.54,115.4,110.6,111.99,17494
1384387200,111.99,112.3,111.06,112.3,6439
1384992000,112.3,121.75,114.16,119.74,7277
1385251200,119.74,130.43,118.5,120.2,18544
1385337600,120.2,120.2,114.93,115.55,9430
1385424000,115.55,118.19,114.31,116.02,7622
1385510400,116.02,116.64,112.92,114.0,2173
1385596800,114.0,114.31,111.22,112.92,7138
1385856000,112.92,114.62,111.99,112.76,107794
1385942400,112.76,119.43,112.76,115.86,31973
1386028800,115.86,119.74,117.72,119.27,21886
1386115200,119.27,125.47,119.12,122.84,31863
1386201600,122.84,127.18,121.44,124.23,60375
1386460800,124.23,124.54,120.51,122.06,15956
1386547200,122.06,123.46,121.29,121.91,5129
1386633600,121.91,121.91,119.12,120.51,7355
1386720000,120.51,123.61,120.98,122.22,16483
1386806400,122.22,124.23,120.05,124.23,30679
1387065600,124.23,127.49,121.91,127.02,59921
1387152000,127.02,138.49,129.19,138.49,36619
1387324800,138.49,151.04,139.73,151.04,41249
1387411200,151.04,151.5,137.25,148.25,60364
1387670400,148.25,147.63,137.56,141.59,52786
1387756800,141.59,139.88,132.13,133.37,29079
1387843200,133.37,140.97,130.43,136.47,24385
1388016000,136.47,145.31,138.33,138.33,22385
1388275200,138.33,138.8,135.08,138.33,28367
1388448000,138.33,138.49,135.85,136.94,21248
1388534400,136.94,137.09,132.13,133.84,15632
1388620800,133.84,137.56,130.58,136.63,7593
1388880000,136.63,136.78,134.61,135.23,16534
1388966400,135.23,135.39,134.46,134.77,6700
1389052800,134.77,136.63,134.46,135.85,6021
1389139200,135.85,136.78,135.23,135.39,10346
1389225600,135.39,136.01,134.77,135.85,6608
1389484800,135.85,139.88,136.01,138.64,18527
1389571200,138.64,141.43,137.71,138.64,12308
1389657600,138.64,138.18,136.01,138.18,3326
1389830400,138.18,141.9,138.33,139.11,9127
1390089600,139.11,139.88,136.78,138.8,3190
1390176000,138.8,139.73,136.01,136.01,6879
1390262400,136.01,136.94,133.68,135.39,14635
1390348800,135.39,136.01,130.74,134.46,20517
1390435200,134.46,134.46,132.75,133.99,4680
1390694400,133.99,136.01,133.22,134.61,8519
1390780800,134.61,136.01,132.91,134.77,6808
1390867200,134.77,136.01,132.44,134.77,13553
1390953600,134.77,134.61,132.75,133.06,10585
1391299200,133.06,134.3,131.36,132.91,11892
1391385600,132.91,132.75,130.58,132.13,16812
1391472000,132.13,132.75,128.26,132.75,18976
1391558400,132.75,132.91,129.81,132.91,3407
1391644800,132.91,133.68,131.36,131.98,2658
1391904000,131.98,135.23,131.51,135.23,7846
1391990400,135.23,146.39,136.01,136.16,12247
1392076800,136.16,136.32,133.84,134.61,5256
1392163200,134.61,136.94,134.46,136.01,4331
1392249600,136.01,137.4,135.85,137.25,5315
1392508800,137.25,135.23,132.29,132.91,3199
1392595200,132.91,135.23,132.91,133.68,3027
1392681600,133.68,135.85,133.22,135.23,1816
1392854400,135.23,137.71,136.01,136.63,4581
1393113600,136.63,139.11,136.01,137.56,6943
1393200000,137.56,139.88,132.91,133.84,11483
1393286400,133.84,136.01,132.91,136.01,5271
1393372800,136.01,136.01,132.91,132.91,4496
1393804800,132.91,132.13,130.12,131.36,2089
1393891200,131.36,131.67,128.26,131.36,4838
1393977600,131.36,133.68,130.12,132.75,3715
1394064000,132.75,134.46,129.81,132.13,3687
1394323200,132.13,131.2,128.42,128.42,3723
1394409600,128.42,129.81,126.71,128.26,7162
1394496000,128.26,127.49,126.09,126.4,2745
1394582400,126.4,126.87,125.16,125.63,4187
1394668800,125.63,128.26,125.94,128.26,4580
1395014400,128.26,127.49,125.16,125.16,4751
1395100800,125.16,126.71,120.51,120.51,16038
1395187200,120.51,125.01,120.67,123.15,4123
1395273600,123.15,123.77,122.06,122.84,5069
1395532800,122.84,123.15,122.06,122.99,4683
1395619200,122.99,125.01,120.51,123.77,8026
1395705600,123.77,123.61,121.6,123.61,9221
1395792000,123.61,125.32,123.61,125.16,1444
1395878400,125.16,125.47,122.84,122.84,6735
1396224000,122.84,125.78,120.82,125.78,1398
1396310400,125.78,129.66,124.39,127.49,4735
1396396800,127.49,129.35,125.16,129.35,10955
1396483200,129.35,129.81,126.71,126.71,2134
1396742400,126.71,125.78,124.08,124.7,4714
1396828800,124.7,126.56,123.61,124.39,2640
1397001600,124.39,124.85,122.99,123.77,5757
1397088000,123.77,126.71,122.84,122.84,5565
1397347200,122.84,128.11,123.3,125.94,6589
1397520000,125.94,127.49,126.09,126.09,2297
1397606400,126.09,126.09,123.61,124.23,4591
1397692800,124.23,125.94,123.15,124.39,4537
1397952000,124.39,124.54,122.84,124.08,5125
1398038400,124.08,124.54,122.84,124.08,4316
1398124800,124.08,124.39,122.99,124.39,5733
1398211200,124.39,125.94,123.3,125.16,10248
1398556800,125.16,126.09,123.61,124.08,4846
1398643200,124.08,124.39,122.06,123.3,7193
1398729600,123.3,124.85,121.29,121.6,10800
1398816000,121.6,123.46,121.6,122.53,6400
1399161600,122.53,122.84,121.6,121.75,10809
1399248000,121.75,128.26,121.29,128.26,14100
1399334400,128.26,133.37,127.8,131.05,18763
1399420800,131.05,133.22,128.73,129.04,12773
1399507200,129.04,129.5,125.94,128.57,1781
1399766400,128.57,127.49,124.7,127.49,11597
1399852800,127.49,127.64,125.32,126.71,7125
1399939200,126.71,133.68,128.26,129.96,17364
1400112000,129.96,130.89,127.95,129.66,11616
1400371200,129.66,130.58,128.26,129.96,5565
1400457600,129.96,129.19,126.71,126.87,7628
1400544000,126.87,128.11,125.16,125.94,7385
1400630400,125.94,128.88,126.56,128.88,3031
1400716800,128.88,129.5,128.26,129.04,2592
1400976000,129.04,129.66,128.26,128.57,5524
1401062400,128.57,129.19,127.02,127.49,2733
1401148800,127.49,127.95,125.78,126.71,7178
1401235200,126.71,128.26,125.32,127.18,9179
1401580800,127.18,131.98,126.09,131.05,13720
1401667200,131.05,136.01,131.05,133.22,15161
1401753600,133.22,138.64,133.99,134.46,15492
1401840000,134.46,136.32,133.37,134.46,13781
1401926400,134.46,136.47,131.36,135.54,12192
1402185600,135.54,138.95,133.22,138.33,10745
1402272000,138.33,140.66,134.46,139.11,12221
1402358400,139.11,140.97,133.53,139.57,16308
1402444800,139.57,144.07,139.11,142.83,20869
1402531200,142.83,143.76,141.28,142.67,18238
1402790400,142.67,150.73,142.98,149.95,20485
1402876800,149.95,153.98,148.71,151.5,25640
1402963200,151.5,153.36,147.01,151.19,28669
1403049600,151.19,152.12,148.4,149.49,13840
1403136000,149.49,149.95,145.31,147.01,14307
1403481600,147.01,148.4,144.22,146.86,7306
1403568000,146.86,148.4,145.15,146.86,10860
1403654400,146.86,148.71,146.24,147.94,9500
1403740800,147.94,149.18,146.55,147.16,6923
1404000000,147.16,150.73,148.4,149.95,12909
1404086400,149.95,149.95,146.86,149.33,7923
1404172800,149.33,150.42,148.4,149.02,9541
1404259200,149.02,150.73,149.18,149.8,7558
1404345600,149.8,150.42,148.4,149.18,16605
1404604800,149.18,149.95,146.86,149.95,18115
1404691200,149.95,155.84,149.18,153.83,7383
1404777600,153.83,158.48,153.05,156.15,18850
1404864000,156.15,160.03,153.36,160.03,5121
1404950400,160.03,165.14,154.6,165.14,24045
1405209600,165.14,171.49,163.28,165.6,28002
1405296000,165.6,167.0,161.58,163.9,3750
1405382400,163.9,165.14,161.27,163.75,7551
1405468800,163.75,165.45,162.04,162.35,7162
1405555200,162.35,165.29,160.8,162.82,13097
1405814400,162.82,168.55,162.82,164.67,14869
1405900800,164.67,167.77,162.35,164.21,21108
1405987200,164.21,164.21,161.58,162.35,21987
1406073600,162.35,164.67,160.8,163.9,18748
1406160000,163.9,163.9,159.41,161.73,13607
1406419200,161.73,164.67,159.25,160.8,10803
1406505600,160.8,162.66,157.86,162.35,4356
1406678400,162.35,162.2,159.25,159.25,18498
1406764800,159.25,160.65,157.86,159.25,6282
1407024000,159.25,158.48,155.53,156.31,9122
1407110400,156.31,157.7,153.05,154.6,10581
1407196800,154.6,159.72,153.05,154.14,10004
1407283200,154.14,155.38,151.81,153.83,14679
1407369600,153.83,153.83,147.78,151.81,6474
1407801600,151.81,154.6,146.39,146.39,9882
1407888000,146.39,150.88,143.76,146.86,15066
1407974400,146.86,151.04,145.31,149.18,8530
1408320000,149.18,151.04,143.76,144.53,13653
1408406400,144.53,147.63,143.76,144.53,16533
1408492800,144.53,145.46,142.83,144.53,17040
1408579200,144.53,147.32,139.73,145.62,14341
1408838400,145.62,149.18,143.91,144.07,6618
1408924800,144.07,141.43,136.78,140.04,7886
1409011200,140.04,143.76,135.85,136.63,6882
1409097600,136.63,143.76,139.11,141.43,5452
1409184000,141.43,141.12,136.16,137.25,11683
1409443200,137.25,138.33,136.01,136.16,15221
1409529600,136.16,136.01,131.51,136.01,11838
1409702400,136.01,136.63,133.53,134.3,10122
1409788800,134.3,134.46,130.12,130.12,11354
1410048000,130.12,132.44,120.2,124.54,11533
1410220800,124.54,130.12,125.94,126.71,15532
1410307200,126.71,133.68,127.49,130.58,29699
1410393600,130.58,133.68,125.16,131.36,7548
1410652800,131.36,134.3,129.04,130.58,5274
1410739200,130.58,130.58,128.26,129.19,8391
1410825600,129.19,136.78,127.49,136.01,10742
1410912000,136.01,138.49,132.29,132.91,8051
1410998400,132.91,135.23,132.91,132.91,5214
1411257600,132.13,132.13,124.39,127.02,4959
1411344000,127.02,128.26,126.4,127.64,7252
1411430400,127.64,129.81,126.71,129.5,4551
1411516800,129.5,131.36,128.57,131.36,2210
1411862400,131.36,133.68,131.36,133.68,2375
1411948800,133.68,135.08,132.75,135.08,2230
1412035200,135.08,136.01,134.46,136.01,7302
1412726400,136.01,134.46,132.91,132.91,171
1412812800,132.91,132.91,128.11,129.81,4037
1413072000,129.81,134.46,128.73,128.88,2651
1413158400,128.88,129.96,128.26,129.04,3074
1413244800,129.04,135.23,127.49,131.51,3114
1413331200,131.51,135.23,130.58,134.46,2149
1413417600,134.46,137.4,132.91,134.61,5604
1413676800,134.61,134.3,131.36,134.3,1990
1413763200,134.3,134.92,131.67,133.68,2700
1413849600,133.68,134.46,131.67,131.82,3051
1413936000,131.82,136.01,130.74,133.68,757
1414281600,133.68,136.32,129.04,134.15,1188
1414368000,134.15,136.78,134.46,136.01,5518
1414454400,136.01,141.43,133.99,139.42,31016
1414627200,139.42,140.66,135.54,136.16,16470
1414886400,136.16,137.87,135.23,136.01,12098
1414972800,136.01,135.23,132.44,132.6,3461
1415059200,132.6,134.92,128.57,134.92,4259
1415145600,134.92,135.85,132.13,134.61,3897
1415232000,134.61,134.46,132.6,133.68,574
1415491200,133.68,131.36,128.42,129.81,5471
1415577600,129.81,129.5,127.64,128.26,2099
1415664000,128.26,131.36,127.49,129.81,5841
1415750400,129.81,131.36,128.26,128.73,5258
1415836800,128.73,129.66,126.4,128.11,3078
1416096000,128.11,129.81,123.3,123.61,5541
1416182400,123.61,125.16,121.91,124.39,8484
1416268800,124.39,122.84,117.88,122.06,9909
1416355200,122.06,124.23,120.51,122.84,8967
1416441600,122.84,126.09,122.06,123.92,2463
1416700800,123.92,128.57,123.61,123.61,6959
1416787200,123.61,125.32,123.46,124.54,7170
1416873600,124.54,126.25,123.15,126.25,6944
1417305600,126.25,125.94,124.7,125.16,2124
1417392000,125.16,124.7,123.3,123.77,3984
1417478400,123.77,123.61,121.91,123.46,6416
1417564800,123.46,127.49,123.61,124.23,13213
1417651200,124.23,128.11,124.39,125.94,13692
1417910400,125.94,126.87,125.32,126.4,4572
1417996800,126.4,127.49,124.54,127.49,7065
1418083200,127.49,127.49,125.32,127.02,4383
1418169600,127.02,130.43,127.18,128.88,5813
1418256000,128.88,129.66,127.49,129.66,16410
1418515200,129.66,136.01,129.96,136.01,35238
1418601600,136.07,140.88,132.33,137.85,3850
1418688000,137.85,139.28,135.0,135.71,1348
1418774400,135.71,135.89,134.11,134.11,380
1418860800,134.11,134.11,132.33,132.33,1066
1419120000,132.33,130.19,128.23,128.23,1436
1419206400,128.23,129.3,126.09,128.41,1817
1419292800,128.41,129.66,125.38,127.69,3698
1419379200,127.69,128.76,127.87,128.76,1488
1419724800,128.76,134.11,131.08,132.33,3101
1419811200,132.33,135.89,130.01,135.89,1235
1420070400,135.89,133.58,129.3,129.3,42
1420329600,129.3,132.33,128.94,131.44,9163
1420416000,131.44,134.11,130.72,130.9,7320
1420502400,130.9,131.44,129.83,129.83,4534
1420588800,129.83,131.08,127.87,129.3,7487
1420675200,129.3,133.22,129.66,131.44,4341
1420934400,131.44,133.58,129.83,129.83,3460
1421020800,129.83,130.55,128.76,129.3,1816
1421107200,129.3,130.72,127.87,130.55,4640
1421193600,130.55,130.72,129.3,130.72,3124
1421539200,130.72,133.04,129.66,130.55,5442
1421625600,130.55,142.13,132.68,138.56,9674
1421712000,138.56,136.78,133.75,134.11,3397
1421884800,134.11,133.58,130.9,132.33,1028
1422144000,132.33,135.0,131.44,135.0,2568
1422230400,135.0,137.32,133.58,134.29,6468
1422316800,134.29,135.54,133.22,135.36,1684
1422403200,135.36,137.67,135.36,136.96,3692
1422489600,136.96,139.28,135.0,136.78,9166
1422748800,136.78,137.67,135.0,137.67,14939
1422835200,137.67,138.74,134.47,136.6,2237
1422921600,136.6,135.36,134.11,134.29,1810
1423008000,134.29,135.0,133.22,134.11,2030
1423094400,134.11,133.22,132.33,132.68,2485
1423353600,132.68,134.82,132.33,134.11,4717
1423440000,134.11,133.93,132.33,133.4,1163
1423526400,133.4,135.89,132.51,135.89,1162
1423612800,135.89,135.36,133.4,134.64,4268
1423699200,134.64,135.36,133.22,134.47,3730
1423958400,133.22,134.11,133.04,133.22,6123
1424044800,133.22,133.04,132.33,132.33,2400
1424304000,132.33,132.33,130.72,130.72,2060
1424563200,130.72,130.9,129.66,130.19,1876
1424649600,130.19,130.9,129.3,130.01,2591
1424736000,130.01,130.19,129.48,129.66,2680
1424822400,129.66,130.37,128.05,129.66,3560
1424908800,129.66,131.44,129.66,131.44,266
1425168000,130.72,130.72,129.66,130.01,5324
1425254400,130.01,137.67,130.19,137.67,2457
1425340800,137.67,135.18,131.08,131.08,522
1425427200,131.08,134.11,131.44,132.33,3760
1425859200,132.33,136.78,133.22,135.18,3709
1426032000,135.18,133.58,132.33,132.68,1096
1426118400,132.68,133.22,128.41,132.68,3697
1426377600,132.68,131.44,130.37,131.44,1883
1426464000,131.44,130.01,128.41,128.76,2818
1426550400,128.76,129.66,126.09,128.76,3646
1426636800,128.76,130.01,128.23,128.76,2426
1426723200,128.76,130.37,126.98,129.66,2366
1426982400,129.66,129.66,127.87,127.87,6245
1427068800,127.87,128.41,127.87,128.23,2298
1427155200,128.23,129.12,126.27,127.69,6193
1427241600,127.69,128.59,125.73,126.98,4791
1427328000,126.98,127.52,126.09,126.09,2082
1427587200,126.09,127.34,124.49,127.34,2539
1427673600,127.34,126.09,125.2,125.56,1311
1427760000,125.56,128.41,124.84,128.41,1972
1427846400,128.41,127.69,126.27,126.63,2771
1427932800,126.63,128.76,127.16,128.59,800
1428192000,128.59,126.98,125.38,126.27,1285
1428278400,126.27,128.23,126.09,126.27,1382
1428364800,126.27,126.63,126.09,126.63,2352
1428451200,126.63,128.76,126.98,127.16,2645
1428537600,127.16,128.76,127.69,128.76,945
1428796800,128.76,133.04,128.94,131.08,1884
1428883200,131.08,129.83,128.76,129.83,96
1429056000,129.83,128.76,127.69,128.76,1948
1429142400,128.76,129.66,127.34,127.87,419
1429401600,127.87,129.66,127.16,129.66,2728
1429488000,129.66,129.66,127.52,127.52,1085
1429574400,127.52,129.3,127.52,129.3,5121
1429660800,129.3,129.66,127.69,128.59,510
1429747200,126.98,127.87,127.16,127.87,565
1432512000,127.87,125.56,123.42,123.42,30
1432598400,123.42,121.28,112.37,112.37,2135
1432684800,112.37,110.41,106.31,106.31,8645
1432771200,106.31,108.27,102.75,107.38,12604
1433030400,107.38,115.58,106.49,110.94,3325
1433116800,110.94,116.82,112.01,113.62,7287
1433203200,113.62,117.54,114.15,117.18,2513
1433289600,117.18,123.42,117.0,121.64,6023
1433376000,121.64,123.77,119.14,122.88,7821
1433635200,122.88,124.67,120.75,124.67,9235
1433721600,124.67,128.94,125.73,127.69,14110
1433808000,127.69,136.96,128.94,130.55,14496
1433894400,130.55,130.37,127.16,129.12,8968
1433980800,129.12,129.66,123.42,124.49,6693
1434240000,124.49,124.84,122.17,124.84,3536
1434326400,124.84,126.09,122.35,123.42,4053
1434412800,123.42,126.45,122.88,122.88,4247
1434499200,122.88,122.88,121.1,122.88,5058
1434585600,122.88,122.88,121.28,122.88,2415
1434844800,122.88,121.64,120.39,121.64,4384
1434931200,120.92,122.88,120.21,121.81,5352
1435017600,119.85,123.24,119.85,121.64,1897
1435104000,123.24,123.24,121.64,121.64,1549
1435190400,122.35,123.95,121.46,122.71,3413
1435449600,122.53,123.95,121.81,122.17,4619
1435536000,124.31,124.31,122.53,122.53,6289
1435622400,121.64,123.77,121.1,121.99,4126
1435708800,121.99,122.88,121.1,121.64,4903
1435795200,121.64,121.64,119.32,120.39,5485
1436054400,120.39,121.1,119.68,119.85,12264
1436140800,119.5,120.75,119.5,120.75,3617
1436227200,121.46,121.46,120.21,120.75,2686
1436313600,120.75,121.46,120.57,121.1,4922
1436400000,121.46,121.81,120.75,120.75,2634
1436659200,118.78,121.1,118.78,120.39,3871
1436745600,120.39,121.1,120.21,120.75,3950
1436832000,120.75,121.64,118.61,120.75,3804
1436918400,120.75,121.1,120.39,121.1,1785
1437004800,121.1,122.53,119.85,121.99,2862
1437523200,120.75,122.88,120.75,121.81,1978
1437609600,121.81,130.37,122.53,129.66,4388
1437868800,129.66,141.42,131.97,141.42,9309
1437955200,141.42,151.75,138.74,142.13,75451
1438041600,142.13,142.13,137.14,138.92,15309
1438128000,138.92,138.92,135.54,138.03,7221
1438214400,138.21,141.24,135.89,137.14,13154
1438473600,137.14,139.63,135.89,136.78,7123
1438560000,136.78,138.56,136.78,137.67,15134
1438646400,137.67,140.35,137.32,140.35,12309
1438732800,140.35,141.06,137.32,138.21,12179
1438819200,139.46,143.2,138.74,142.13,24147
1439078400,142.13,149.79,142.66,149.79,47260
1439164800,149.79,159.24,150.15,156.74,55069
1439251200,156.74,163.87,156.38,161.91,97092
1439337600,161.55,163.69,160.48,163.51,88461
1439424000,163.33,171.35,161.91,171.35,53663
1439683200,170.64,171.35,159.95,170.82,93166
1439769600,173.85,180.44,169.57,176.52,42568
1439856000,175.99,175.99,170.64,173.14,24505
1439942400,172.42,179.19,172.42,177.77,27267
1440028800,179.91,182.05,175.63,175.99,22516
1440288000,176.88,176.88,170.46,172.96,11094
1440374400,174.2,175.63,168.32,169.75,10704
1440460800,167.08,170.11,166.9,169.22,6433
1440547200,172.24,172.42,167.97,169.22,12927
1440633600,172.24,172.24,168.15,169.75,5244
1440979200,168.86,169.39,166.54,169.22,6783
1441065600,169.22,171.53,169.39,169.93,21634
1441152000,169.39,169.39,164.4,165.29,10672
1441238400,165.83,167.97,165.83,167.79,13803
1441497600,164.76,171.53,161.91,169.93,13535
1441584000,170.64,173.85,170.64,173.31,13819
1441670400,173.31,177.77,172.96,177.77,22643
1441756800,180.98,180.98,175.99,180.09,29001
1441843200,176.88,180.09,175.99,177.77,18656
1442102400,177.77,181.33,177.77,180.26,13538
1442188800,183.47,184.72,180.8,181.87,41773
1442275200,185.25,188.28,184.9,184.9,31112
1442361600,187.03,187.03,182.22,184.54,34305
1442448000,185.25,185.79,181.15,181.69,28849
1442880000,178.48,181.33,174.74,175.99,23240
1442966400,179.02,182.76,178.84,179.55,19431
1443052800,181.33,182.58,176.88,181.15,19391
1443398400,177.95,179.19,174.2,179.19,17729
1443484800,179.55,183.11,179.19,183.11,12392
1443571200,183.29,187.75,182.22,187.57,30770
1443657600,190.24,192.02,184.9,189.0,29266
1443916800,190.24,192.38,186.68,187.57,29292
1444003200,186.32,186.5,184.9,184.9,22203
1444089600,182.4,184.9,180.62,180.62,11879
1444176000,180.44,184.01,176.88,181.51,9423
1444262400,179.55,182.22,178.3,181.33,9440
1444521600,179.73,179.73,175.1,175.99,13136
1444780800,174.38,175.63,173.85,174.03,7491
1444867200,174.03,177.23,172.42,174.92,9840
1445126400,172.78,173.49,171.71,171.71,10125
1445212800,171.0,174.56,170.64,174.38,13288
1445731200,171.53,172.42,169.04,171.89,6765
1445904000,171.0,171.0,165.47,166.36,10718
1445990400,166.19,168.86,161.73,167.79,13802
1446076800,167.79,170.82,167.08,168.86,11730
1446336000,166.19,167.43,163.51,166.36,4126
1446422400,167.08,169.75,166.9,168.5,8389
1446508800,166.36,166.54,165.29,166.19,2397
1446595200,167.08,171.18,166.36,168.32,6344
1446681600,166.54,168.15,166.54,167.43,7385
1446940800,165.29,166.19,164.76,165.29,5009
1447027200,168.32,171.35,167.08,171.35,7945
1447113600,169.22,170.82,167.97,170.46,8335
1447545600,167.43,167.79,165.29,167.79,3025
1447632000,164.76,166.19,163.69,165.29,6603
1447804800,168.32,168.86,167.08,167.97,5915
1447891200,164.94,167.79,164.76,167.25,3183
1448150400,164.4,164.4,161.55,161.55,9270
1448236800,159.06,161.73,157.63,161.55,13496
1448323200,159.95,160.84,158.88,160.84,13585
1448409600,158.52,160.84,158.52,160.66,6702
1448496000,158.17,158.88,154.78,157.28,15623
1448755200,157.1,157.1,152.29,152.29,10979
1448841600,153.71,156.03,152.29,154.6,11386
1448928000,154.6,161.73,156.38,161.37,6761
1449014400,161.73,161.73,154.96,158.17,7157
1449100800,157.28,163.51,157.28,161.37,16673
1449187200,164.23,169.57,163.69,169.57,23660
1449446400,170.46,171.53,167.97,171.0,24009
1449532800,170.64,173.31,167.97,172.96,21148
1449619200,175.1,176.52,173.31,175.99,33780
1449705600,177.41,179.55,175.99,179.37,54716
1449964800,182.58,183.11,174.2,175.99,19927
1450051200,174.2,175.27,172.78,173.67,12553
1450137600,174.2,176.16,174.2,174.92,13654
1450224000,175.1,175.63,172.42,173.67,9714
1450310400,173.49,175.1,172.6,175.1,17448
1450569600,175.1,182.58,172.6,182.58,30396
1450656000,182.58,199.51,185.97,199.51,93168
1450742400,203.25,218.22,193.98,195.41,119750
1450828800,195.41,196.66,191.31,191.67,54700
1450915200,191.13,193.63,190.6,192.38,34569
1451001600,192.38,194.52,192.38,193.63,22998
1451260800,193.63,193.27,190.24,190.24,30514
1451347200,190.24,191.67,189.89,191.31,22015
1451520000,190.6,192.92,190.06,190.06,34876
1451779200,192.02,193.98,190.24,192.74,50335
1451865600,192.74,196.3,192.02,192.38,41061
1451952000,192.38,192.38,190.06,190.06,42311
1452038400,190.24,191.49,189.35,190.06,54491
1452124800,190.24,192.02,188.64,189.71,101756
1452384000,189.64,191.62,185.43,185.43,7483
1452470400,184.19,186.67,184.19,185.43,6752
1452556800,185.43,190.14,185.18,190.14,12534
1452643200,190.14,189.15,186.92,186.92,1880
1452729600,186.67,187.41,185.43,186.67,4225
1452988800,186.67,190.39,186.67,189.15,5870
1453075200,196.08,201.53,189.15,191.38,9066
1453161600,189.89,192.37,189.89,192.37,4087
1453248000,189.15,190.39,189.15,189.15,4750
1453334400,189.15,189.64,188.16,188.9,8086
1453593600,188.9,191.38,189.15,190.39,9158
1453680000,191.13,192.86,189.15,190.39,14597
1453766400,190.39,191.38,189.15,190.39,11030
1453852800,190.39,190.39,187.91,188.4,4489
1453939200,187.91,188.16,187.16,187.91,8349
1454198400,187.91,187.91,185.43,187.66,3143
1454284800,187.66,191.87,187.91,190.63,10652
1454371200,193.85,195.34,190.39,191.13,29888
1454457600,191.13,197.82,191.62,191.62,27172
1454544000,192.86,194.1,191.38,191.87,14681
1454803200,191.87,195.34,190.88,191.87,12458
1454889600,191.87,193.36,190.88,190.88,17546
1455148800,190.88,191.87,190.39,191.13,8473
1455408000,192.86,194.6,190.88,190.88,13211
1455494400,191.62,191.62,188.9,189.89,5195
1455580800,189.89,190.39,188.16,188.16,8228
1455667200,188.16,191.62,187.91,191.13,8159
1455753600,191.13,194.84,187.66,193.61,21176
1456012800,197.07,200.05,195.34,197.57,38252
1456099200,197.57,200.29,194.6,199.05,29107
1456185600,199.05,202.52,197.07,199.05,11757
1456272000,200.29,200.29,195.34,196.58,8323
1456358400,194.84,197.32,191.62,196.33,10460
1456617600,196.33,197.82,194.1,195.59,14002
1456704000,195.59,196.58,194.1,195.34,18226
1456790400,195.09,195.83,194.1,194.1,3637
1456876800,192.86,195.83,192.86,195.59,7179
1456963200,195.34,196.08,194.84,195.34,11804
1457222400,195.34,197.57,195.34,197.07,5534
1457568000,196.58,197.82,195.34,195.83,15243
1457827200,199.3,199.3,195.59,195.59,9949
1457913600,196.08,196.33,195.09,196.08,14969
1458000000,195.34,195.83,194.84,195.34,6928
1458086400,195.34,196.83,194.6,195.09,13251
1458172800,196.58,198.56,195.59,195.83,5356
1458432000,196.58,197.57,195.09,197.07,8174
1458518400,200.54,200.54,196.83,197.82,16186
1458691200,196.83,200.54,196.58,199.05,6157
1458777600,199.05,200.79,197.82,200.29,35795
1459036800,200.29,210.2,202.77,206.49,24001
1459123200,206.49,210.2,205.25,207.72,15039
1459209600,205.0,208.22,202.27,205.74,11369
1459296000,205.25,205.74,203.76,203.76,7723
1459382400,203.76,204.01,200.79,201.53,7924
1459641600,201.53,202.77,198.31,202.03,9855
1459728000,202.03,203.51,200.54,202.77,5189
1459814400,204.01,206.49,204.01,204.01,5184
1459900800,204.01,205.0,203.27,204.01,9094
1460246400,204.01,207.72,204.26,204.26,10945
1460332800,204.26,205.49,204.26,204.26,7145
1460419200,204.26,207.72,204.75,205.74,12984
1460592000,205.74,219.12,206.49,211.93,18822
1460851200,215.9,217.63,213.42,217.63,18250
1460937600,217.63,229.27,218.37,228.03,30191
1461024000,228.03,231.01,220.85,223.58,36006
1461110400,223.58,226.55,223.08,224.81,19102
1461196800,224.81,226.8,221.84,222.83,20159
1461456000,222.83,227.79,220.85,222.59,29317
1461542400,222.59,230.02,224.07,228.78,44819
1461628800,228.78,232.0,225.81,225.81,33328
1461715200,225.81,230.02,222.83,229.03,23594
1461801600,229.03,229.52,225.06,226.3,17778
1462147200,226.3,227.79,224.07,225.31,19569
1462233600,225.31,226.3,224.57,226.05,25556
1462320000,226.05,229.77,223.82,229.52,56355
1462406400,229.52,235.71,226.05,234.97,58825
1462665600,234.97,247.36,238.44,247.36,128264
1462752000,247.11,252.06,243.39,249.58,77126
1462838400,251.07,251.07,241.41,243.64,62743
1462924800,243.64,243.64,237.69,239.92,81424
1463011200,242.4,245.87,238.19,238.44,67464
1463270400,240.54,249.83,240.54,247.36,42382
1463356800,247.36,247.36,243.02,244.88,15287
1463443200,244.57,244.57,241.16,242.09,6985
1463529600,242.09,244.57,242.09,244.26,17096
1463616000,244.26,248.9,239.61,243.64,25776
1463875200,243.64,248.59,242.71,245.81,17858
1463961600,245.81,248.59,245.81,246.43,31204
1464048000,246.43,253.24,247.97,250.45,31735
1464134400,250.45,252.31,243.64,244.57,28732
1464220800,244.57,247.36,239.61,244.88,37018
1464480000,244.88,245.81,239.3,239.92,18969
1464566400,239.92,241.16,236.52,236.52,16065
1464652800,236.52,240.23,236.83,237.76,31109
1464739200,237.76,239.61,234.97,237.14,20448
1464825600,237.14,238.07,232.49,234.97,29789
1465084800,234.97,234.97,228.16,228.16,21699
1465171200,228.16,238.07,225.68,232.49,14794
1465257600,234.04,237.76,233.42,235.28,20109
1465344000,235.28,241.16,236.52,238.07,9532
1465430400,237.45,238.07,235.9,235.9,14948
1465689600,235.9,241.16,231.87,239.3,26571
1465776000,239.3,247.36,234.35,241.16,15077
1465862400,241.16,242.09,237.45,239.92,26580
1465948800,239.61,239.61,233.42,236.52,19930
1466035200,236.52,238.38,233.73,236.52,19188
1466294400,236.52,237.76,231.87,233.73,12918
1466380800,233.73,237.76,233.42,234.66,9017
1466467200,234.66,237.76,234.66,236.52,12279
1466553600,240.85,244.26,238.38,240.85,30361
1466640000,240.85,244.26,239.92,240.23,14530
1466899200,240.23,245.81,241.16,245.5,13930
1466985600,245.5,253.55,247.36,253.55,34968
1467072000,253.55,262.53,253.55,256.64,42740
1467158400,256.64,259.43,255.1,257.26,37075
1467244800,257.26,256.95,251.69,256.02,24263
1467504000,256.02,254.17,248.59,252.62,19671
1467590400,252.62,253.55,250.45,252.0,14872
1467676800,253.86,253.86,245.81,251.69,9935
1467763200,253.24,255.1,251.38,253.24,16892
1468108800,253.24,255.1,250.45,253.55,35767
1468195200,253.55,257.88,250.45,250.45,27117
1468281600,250.45,253.24,246.12,248.28,26481
1468368000,248.28,247.36,242.71,246.74,21074
1468454400,250.45,254.79,247.36,252.93,38266
1468713600,252.93,261.29,252.0,260.98,32592
1468800000,260.98,286.37,265.93,278.32,56056
1468886400,283.58,287.61,273.05,283.89,80145
1468972800,287.61,294.73,277.7,285.75,84210
1469059200,285.75,290.39,278.32,281.41,43448
1469404800,281.41,284.82,279.87,284.2,55981
1469491200,284.2,292.25,282.96,284.82,47795
1469577600,284.82,295.04,284.82,288.84,43251
1469664000,288.84,291.32,284.51,287.61,42814
1469923200,287.61,287.61,282.96,283.27,22432
1470009600,283.27,283.27,274.6,278.01,31294
1470096000,278.01,279.87,274.6,276.15,18631
1470182400,276.15,276.77,269.03,274.91,23967
1470268800,274.91,272.12,265.0,267.48,37522
1470528000,267.48,275.84,267.48,268.72,30297
1470614400,268.72,264.38,250.45,250.76,19988
1470700800,255.41,270.27,255.41,270.27,2400
1470787200,275.53,278.63,256.64,269.96,42516
1470873600,269.34,269.65,267.48,267.79,18495
1471132800,265.93,269.03,258.81,262.22,23569
1471219200,257.88,259.74,253.55,258.19,19258
1471305600,253.55,259.74,253.24,257.88,17079
1471392000,259.43,267.17,259.43,265.31,13932
1471737600,264.38,265.93,257.26,259.74,10624
1471824000,255.41,257.57,254.79,255.1,13402
1471910400,253.24,259.12,253.24,256.64,14078
1471996800,259.74,261.6,254.79,259.74,20315
1472342400,264.69,281.41,264.69,281.41,125529
1472428800,282.34,282.34,277.7,279.56,50459
1472515200,284.51,285.44,279.87,282.03,40767
1472601600,282.34,282.96,278.32,281.41,23912
1472688000,284.51,284.51,279.87,281.1,27977
1472947200,285.75,285.75,279.87,279.87,16990
1473033600,281.72,284.51,280.79,282.96,54714
1473120000,282.96,290.08,282.34,288.22,49187
1473206400,284.51,285.13,278.32,282.65,25027
1473292800,281.72,285.44,281.41,285.44,17857
1473552000,285.44,285.44,278.63,282.96,38682
1473638400,278.32,284.82,278.32,284.2,39233
1473811200,286.06,290.7,282.65,282.65,80530
1474156800,282.65,282.65,276.77,279.87,49880
1474329600,283.89,283.89,274.29,278.32,144031
1474416000,278.16,283.23,265.28,271.52,18405
1474502400,271.13,271.13,263.72,265.28,17244
1474761600,271.13,271.13,263.72,265.28,17244
1474848000,250.07,264.5,250.07,264.5,12019
1474934400,265.67,267.62,259.43,263.33,13753
1475020800,263.33,263.33,257.87,259.43,9601
1475107200,257.48,264.5,256.31,259.43,10265
1475366400,263.33,263.33,257.48,258.65,8574
1475452800,260.99,263.33,259.43,262.55,6433
1475539200,263.33,264.89,261.38,264.5,8348
1475625600,267.23,271.13,262.94,271.13,9946
1475712000,271.91,272.3,268.79,270.35,8003
1476576000,265.67,265.67,262.55,263.33,3547
1476662400,259.43,263.33,258.26,259.82,5758
1476748800,259.82,261.38,257.09,257.87,6085
1476835200,257.87,259.82,256.31,258.65,6977
1476921600,257.87,259.82,256.7,258.65,3303
1477180800,259.43,259.43,252.8,253.58,6063
1477267200,253.58,253.97,249.29,250.46,6771
1477353600,250.07,250.07,243.83,245.78,10593
1477440000,245.78,245.78,239.92,243.44,19957
1477526400,247.73,247.73,243.05,243.83,6749
1478131200,246.95,247.73,243.05,245.39,2568
1478476800,245.78,246.95,242.26,244.61,9272
1478563200,244.61,244.61,237.97,238.36,6455
1478649600,234.07,242.26,232.12,232.9,10255
1478736000,236.02,239.14,234.85,236.41,19889
1478995200,236.02,236.8,234.07,234.85,6912
1479081600,232.9,237.97,232.9,234.46,12668
1479168000,237.58,236.8,228.22,228.22,15963
1479254400,228.61,231.73,228.22,228.22,8105
1479340800,230.17,230.17,218.47,219.25,21731
1479600000,215.35,220.42,209.49,212.62,39521
1479686400,214.57,226.27,211.45,218.47,18853
1479772800,214.57,220.42,210.67,216.52,18744
1479859200,217.3,217.3,210.67,213.79,22374
1479945600,217.69,221.59,210.67,214.57,15416
1480204800,212.62,213.01,202.86,204.03,20997
1480291200,200.91,218.47,196.23,214.18,21646
1480377600,218.08,226.66,206.37,225.1,21579
1480464000,223.54,232.12,222.37,229.39,21959
1480550400,229.39,232.9,224.32,227.83,24219
1480809600,226.66,227.05,222.37,222.37,14632
1480896000,222.37,224.32,211.84,213.79,15295
1480982400,214.57,218.47,212.62,216.13,14565
1481068800,216.91,218.08,214.57,216.13,7217
1481155200,214.18,216.52,214.18,214.96,8066
1481414400,215.74,215.74,209.49,212.23,10906
1481500800,209.49,215.35,206.76,212.62,3967
1481673600,216.52,216.52,209.1,214.18,9427
1481760000,214.57,215.35,212.62,215.35,5999
1482019200,214.57,215.35,210.67,214.57,6606
1482105600,214.57,215.35,210.67,210.67,6368
1482192000,210.67,210.67,205.59,208.71,5450
1482278400,205.2,208.32,201.3,204.81,8363
1482364800,202.86,206.76,201.3,206.37,3320
1482710400,206.76,206.76,198.18,200.52,9448
1482796800,202.86,202.86,191.55,193.89,13779
1482883200,193.11,198.96,193.11,195.45,11911
1482969600,198.57,201.69,198.57,201.69,15310
1483228800,201.69,207.15,201.69,204.81,7855
1483315200,204.03,209.49,204.03,209.49,9528
1483401600,206.76,208.71,202.08,204.03,11020
1483488000,201.69,204.81,198.18,204.03,7959
1483574400,200.91,204.03,199.35,202.08,11264
1483833600,200.91,200.91,197.01,199.74,14975
1483920000,200.91,202.08,197.4,202.08,12959
1484006400,201.3,204.03,201.3,201.3,7145
1484092800,204.81,204.81,200.52,200.91,8569
1484179200,202.86,202.86,200.13,202.86,11634
1484438400,202.86,202.86,198.96,202.08,2861
1484524800,202.08,202.08,198.96,199.74,7255
1484611200,199.74,200.91,197.79,200.91,8214
1484697600,200.91,204.81,197.4,200.52,12104
1484784000,200.91,200.91,198.96,199.35,5109
1485043200,200.13,201.3,198.57,198.57,8247
1485129600,197.01,198.18,196.23,196.23,9530
1485216000,197.01,198.57,189.6,193.11,12559
1485302400,191.55,192.72,182.97,187.26,13693
1485388800,183.75,188.82,180.24,183.75,20406
1485734400,181.8,181.8,176.33,179.46,21770
1485820800,179.46,186.87,177.11,183.36,10784
1485907200,183.75,192.72,183.75,191.94,11343
1485993600,195.45,198.96,186.09,191.16,15489
1486252800,190.38,190.38,182.58,187.65,5095
1486339200,187.65,187.65,184.53,185.31,5397
1486425600,186.48,186.48,175.16,184.53,11518
1486512000,184.92,184.92,175.55,176.72,23079
1486598400,175.55,175.55,170.09,172.04,21780
1486857600,168.92,172.04,164.63,167.36,16125
1486944000,164.24,170.87,161.9,170.87,31399
1487030400,170.87,170.87,163.85,164.63,11603
1487116800,167.75,173.6,165.8,173.21,12093
1487203200,176.33,180.63,170.09,179.85,24925
1487462400,182.97,182.97,170.87,179.07,30607
1487548800,181.8,181.8,177.11,177.5,16082
1487635200,180.63,181.02,174.38,175.55,18519
1487721600,173.6,175.55,171.65,171.65,8577
1487808000,172.04,174.77,169.7,170.48,11868
1488067200,169.7,171.65,168.92,169.7,3185
1488240000,169.7,170.48,165.8,168.53,3580
1488326400,168.53,169.7,168.53,169.31,5816
1488412800,169.31,171.26,169.31,170.87,7026
1488672000,168.14,173.99,168.14,173.6,6998
1488758400,175.16,176.72,172.04,173.99,10286
1488844800,173.6,173.6,170.48,171.65,3819
1489017600,171.65,176.33,171.65,174.38,8613
1489363200,174.38,177.11,174.38,175.55,10695
1489449600,177.89,177.89,175.55,175.55,16549
1489536000,175.55,177.5,173.6,177.11,10404
1489622400,178.29,179.07,176.33,177.5,16755
1489881600,177.5,181.41,175.94,181.02,29956
1489968000,180.8,190.22,180.8,190.22,7412
1490054400,190.67,193.81,187.53,193.81,7603
1490140800,197.4,202.34,194.26,196.06,21202
1490227200,199.2,199.2,192.02,194.71,11678
1490486400,195.16,204.13,195.16,201.89,15335
1490659200,201.89,214.0,201.89,214.0,11946
1490745600,214.0,226.11,202.34,211.31,29039
1490832000,211.31,210.86,206.37,206.37,11655
1491091200,210.41,222.52,210.41,219.83,9033
1491177600,224.32,242.26,216.24,219.83,22972
1491264000,223.87,228.81,215.8,217.59,28912
1491436800,217.59,218.94,211.76,217.14,10529
1491696000,217.14,223.87,214.9,215.35,13087
1491782400,215.35,217.59,213.55,216.24,7953
1491868800,216.24,232.39,216.24,231.05,25801
1491955200,231.95,235.54,227.91,228.81,37185
1492041600,224.32,231.5,223.42,226.11,21185
1492300800,228.81,228.81,216.24,216.24,7761
1492473600,220.28,219.83,207.72,209.96,15342
1492560000,210.41,225.22,210.86,225.22,23524
1492646400,226.56,233.29,217.59,222.08,25355
1492905600,226.11,237.78,226.11,227.01,28065
1492992000,224.77,227.46,222.08,222.08,13024
1493078400,218.94,224.32,218.94,220.73,18904
1493164800,223.42,223.42,217.59,219.38,10384
1493251200,220.73,221.18,214.45,216.69,6941
1493510400,217.59,217.59,208.17,210.86,32564
1493683200,210.41,214.9,205.03,210.86,7684
1493769600,213.1,219.38,210.86,213.1,12835
1493856000,211.76,213.55,209.07,211.31,13536
1494115200,208.62,211.76,206.37,207.72,11320
1494201600,207.72,210.86,207.27,208.62,4816
1494288000,208.62,209.96,207.27,209.07,12151
1494460800,210.86,212.21,208.62,210.86,12123
1494806400,213.1,216.69,209.07,211.76,8925
1494892800,210.86,210.86,208.17,208.62,8482
1494979200,208.62,211.76,206.82,208.17,10087
1495065600,208.17,209.96,206.37,208.62,12050
1495324800,208.62,208.62,205.93,206.37,13712
1495411200,204.58,204.58,201.89,203.23,9814
1495497600,204.13,208.62,204.13,207.27,6832
1495584000,207.27,207.72,204.58,206.82,7177
1495929600,202.78,204.13,201.89,203.68,7627
1496102400,204.13,207.72,201.44,202.78,13491
1496188800,202.34,205.48,200.54,204.13,12546
1496275200,205.48,206.37,201.89,201.89,6680
1496534400,201.89,204.13,199.2,200.54,17317
1496620800,200.54,205.93,198.3,204.13,14454
1496707200,206.37,208.62,204.13,208.62,14634
1496793600,210.86,210.86,202.78,203.23,16302
1496880000,200.99,208.62,199.64,201.89,11279
1497139200,200.09,200.54,196.5,196.5,20165
1497225600,195.61,198.3,193.81,195.61,6720
1497312000,195.16,200.09,193.36,197.4,7458
1497398400,197.4,200.09,195.16,197.4,7361
1497484800,193.81,200.54,192.91,199.64,13314
1497744000,199.64,200.54,194.26,196.5,7346
1497830400,196.5,197.4,194.26,195.61,2687
1497916800,195.61,196.06,190.67,195.61,8393
1498003200,192.91,196.06,192.02,193.36,6474
1498089600,193.81,194.26,192.91,193.81,6999
1498348800,194.26,197.85,194.26,196.95,10108
1498521600,195.16,199.2,195.16,198.3,11037
1498608000,198.3,198.3,195.16,195.61,11771
1498953600,195.16,195.16,189.33,191.57,10121
1499040000,192.02,193.81,191.12,192.91,7507
1499126400,196.5,197.4,190.22,193.36,9683
1499212800,193.36,195.16,192.02,195.16,7725
1499299200,197.85,198.3,194.71,197.85,7012
1499558400,197.85,202.78,197.4,199.64,15841
1499644800,200.09,200.09,198.75,199.64,6158
1499731200,198.75,201.89,197.4,200.09,4786
1499817600,199.64,202.78,199.64,201.89,8340
1499904000,199.64,200.99,198.75,199.64,5038
1500163200,201.89,203.23,197.4,198.3,11997
1500249600,199.64,204.13,199.2,204.13,11095
1500336000,208.17,213.1,205.48,212.65,30535
1500422400,212.21,216.69,209.96,210.86,17403
1500508800,210.86,215.35,210.86,211.76,26329
1500768000,211.76,215.35,208.17,209.07,30287
1500854400,209.96,210.86,204.58,206.37,25111
1500940800,206.37,210.41,206.37,207.72,10580
1501027200,208.62,209.07,204.13,205.93,16769
1501113600,206.37,208.62,205.03,205.48,8279
1501372800,204.13,209.96,201.89,205.48,10079
1501459200,206.37,208.62,205.48,206.82,10283
1501545600,208.62,208.62,205.48,207.27,12151
1501632000,207.72,209.07,207.27,208.17,12444
1501718400,207.72,210.86,208.17,210.41,24579
1501977600,210.41,214.45,209.96,210.41,18709
1502064000,209.96,212.65,209.96,209.96,18924
1502236800,211.31,213.1,208.62,208.62,14262
1502323200,208.62,208.62,205.93,207.27,8816
1502582400,211.31,212.21,208.62,209.51,54872
1502755200,210.86,210.86,205.93,207.72,15597
1502841600,211.76,211.76,206.37,207.27,17261
1502928000,208.62,210.86,206.37,207.27,20057
1503187200,208.62,208.62,204.58,205.03,18074
1503273600,208.62,206.37,201.44,205.03,11655
1503360000,205.48,206.37,202.78,205.03,13414
1503446400,207.72,207.72,202.34,204.13,16330
1503532800,204.13,206.37,204.13,205.48,13033
1503792000,205.48,215.8,208.17,210.86,62701
1503878400,211.31,211.76,207.27,208.62,32657
1504051200,208.62,208.62,200.99,202.34,87940
1504137600,202.34,201.89,196.5,197.85,142581
1504483200,196.5,196.5,185.2,186.27,23965
1504656000,188.97,192.74,185.74,187.89,15960
1504742400,188.97,190.04,185.74,185.74,10659
1505001600,183.04,185.74,182.51,183.04,19619
1505088000,181.97,186.27,180.35,186.27,14034
1505174400,184.66,185.74,180.35,184.12,12972
1505260800,183.04,185.74,178.2,183.04,9124
1505347200,180.35,187.89,180.35,186.27,13386
1505606400,186.27,190.04,185.2,190.04,10391
1505692800,191.12,192.2,189.5,190.04,9526
1505865600,187.35,189.5,186.27,187.35,8406
1506211200,187.35,188.97,185.2,188.43,4527
1506297600,188.43,192.2,188.43,191.66,5365
1506384000,193.81,193.81,190.58,192.2,5974
1506988800,193.81,199.2,193.27,196.5,3978
1507075200,198.12,198.66,188.43,188.43,10450
1507420800,188.43,188.43,183.58,187.35,13409
1507507200,185.74,189.5,184.12,188.43,7348
1507593600,188.43,188.43,185.74,186.27,12361
1507680000,184.12,188.97,184.12,188.97,8660
1507766400,190.58,192.2,189.5,190.04,8392
1508025600,187.89,191.12,187.89,191.12,6036
1508112000,191.12,200.27,191.12,199.2,11856
1508198400,200.81,205.66,195.43,201.89,18138
1508284800,201.35,203.5,198.66,203.5,8754
1508630400,205.12,205.12,196.5,198.66,33415
1508716800,198.66,199.2,187.35,197.04,21882
1508803200,197.04,198.12,193.27,194.89,20778
1508889600,196.5,196.5,193.27,195.43,4063
1509235200,193.81,195.43,192.2,192.74,11839
1509321600,193.81,195.43,190.04,194.89,10493
1509408000,195.43,195.97,194.89,195.43,3442
1509494400,195.43,195.43,192.2,192.2,22323
1509580800,192.2,193.81,187.89,190.04,10044
1509840000,187.89,193.81,186.81,193.81,16310
1509926400,193.81,191.66,186.27,190.58,3918
1510012800,193.81,193.81,186.81,186.81,9870
1510099200,186.27,186.27,181.97,183.04,19862
1510185600,180.35,185.74,180.35,183.04,28151
1510444800,183.04,188.97,183.04,188.97,8625
1510531200,188.97,190.04,187.89,189.5,14865
1510617600,188.97,193.27,188.43,191.66,12073
1510704000,191.66,195.43,190.58,193.27,11657
1510790400,191.12,191.12,187.35,188.97,15488
1511049600,188.97,191.12,184.66,188.43,21715
1511136000,188.43,189.5,185.2,185.74,27602
1511222400,185.74,188.97,185.2,188.43,5861
1511308800,188.43,188.97,186.27,188.97,12911
1511395200,188.97,193.81,188.97,193.81,7226
1511654400,193.81,196.5,193.81,196.5,16104
1511740800,196.5,197.04,194.35,194.89,16846
1511827200,193.81,196.5,192.74,193.81,11498
1511913600,194.35,199.73,193.81,197.58,24683
1512000000,200.27,200.27,196.5,199.2,11206
1512345600,199.2,199.73,192.74,194.89,5819
1512432000,196.5,196.5,192.74,195.43,9511
1512518400,192.74,196.5,192.74,194.89,11257
1512864000,195.43,195.43,191.66,192.2,7932
1512950400,192.2,193.81,192.2,192.2,1292
1513036800,192.2,194.35,192.2,192.74,10265
1513123200,193.27,193.81,191.12,193.27,6093
1513209600,192.2,193.81,193.27,193.81,1985
1513468800,192.74,193.81,188.97,192.74,5006
1513555200,191.12,195.43,190.58,193.81,19571
1513641600,190.04,193.81,190.04,193.27,7876
1513728000,193.81,193.81,189.5,189.5,8188
1513814400,187.89,188.97,186.81,187.89,9168
1514073600,188.43,188.97,186.27,187.35,15350
1514246400,185.74,186.81,184.12,185.2,7661
1514332800,181.43,185.74,178.74,182.51,16281
1514419200,181.97,184.66,180.89,182.51,7672
1514678400,185.2,185.2,178.2,181.43,13062
1514764800,183.04,186.27,181.43,185.2,15700
1514851200,183.04,186.81,182.51,184.12,11570
1514937600,183.58,183.58,180.89,180.89,10654
1515024000,180.89,184.12,180.35,181.97,10327
1515283200,181.97,186.81,181.43,185.74,9386
1515369600,185.74,188.43,185.74,187.35,17120
1515456000,187.35,188.43,187.35,188.43,10010
1515542400,186.27,187.89,185.2,186.27,8821
1515888000,186.27,186.27,183.04,185.74,12291
1516060800,185.74,188.97,184.12,186.81,16550
1516147200,184.12,186.81,183.58,184.66,8376
1516492800,185.2,187.35,184.66,184.66,9964
1516579200,184.66,185.74,183.58,185.74,7411
1516665600,184.66,184.66,181.43,183.58,7803
1516752000,182.51,186.81,182.51,185.2,7029
1516838400,185.2,188.97,185.2,188.97,22405
1517097600,187.35,187.35,185.2,186.27,12943
1517184000,186.81,187.35,183.58,187.35,17381
1517356800,184.12,186.27,183.58,185.2,12608
1517443200,186.27,188.43,183.58,186.81,22342
1517702400,186.81,188.43,186.81,187.35,16782
1517788800,187.35,187.35,186.27,187.35,8577
1517875200,185.2,187.89,185.2,186.27,7027
1517961600,185.74,185.74,183.58,183.58,4071
1518048000,182.51,185.2,182.51,184.12,9362
1518307200,184.66,186.81,184.66,186.81,5007
1518393600,186.81,187.89,185.2,187.89,7453
1518566400,186.27,187.35,185.2,187.35,11425
1518652800,188.97,192.2,186.81,192.2,26577
1518912000,192.2,195.97,188.43,193.81,31366
1519084800,195.43,195.43,190.58,190.58,29824
1519171200,187.35,188.43,186.27,186.81,5875
1519257600,186.81,190.58,185.74,187.35,6636
1519516800,187.35,187.35,184.66,185.74,10597
1519603200,186.81,186.81,184.66,184.66,11992
1519689600,184.66,187.35,184.12,185.74,13405
1519776000,184.66,185.74,184.12,184.12,2742
1520121600,180.89,183.04,178.2,179.81,18341
1520294400,180.89,182.51,177.66,182.51,20976
1520380800,183.04,185.2,181.97,183.04,11941
1520726400,183.04,180.35,175.51,176.05,45826
1520812800,176.05,179.28,172.28,176.05,44678
1520899200,176.05,176.05,174.43,175.51,12610
1520985600,173.35,175.51,173.35,174.97,6604
1521072000,174.43,176.58,174.43,175.51,31274
1521331200,175.51,176.05,173.89,174.43,8329
1521417600,174.43,174.97,171.74,171.74,17787
1521504000,172.28,172.82,169.59,170.12,16734
1521590400,169.05,169.59,164.74,166.36,18664
1521676800,169.05,169.05,162.59,163.66,19432
1522022400,160.43,163.13,158.28,160.43,15568
1522108800,158.82,166.36,153.43,165.82,13125
1522195200,164.2,166.36,161.51,165.28,15130
1522281600,167.97,171.2,165.28,169.59,10960
1522540800,170.12,170.12,163.13,165.82,11449
1522627200,164.74,165.82,164.2,165.82,2719
1522713600,163.13,165.82,163.13,165.82,5288
1522800000,166.89,169.05,165.28,166.89,5694
1522886400,170.12,171.74,167.43,171.2,14733
1523145600,172.28,178.74,172.28,177.66,25338
1523232000,180.35,180.89,173.89,176.58,15606
1523318400,173.89,178.74,170.12,173.35,9966
1523404800,170.66,173.89,170.12,173.89,3501
1523491200,175.51,176.58,173.35,173.89,8904
1523750400,173.89,173.35,169.05,171.2,13360
1523836800,171.2,175.51,171.2,174.43,10296
1523923200,174.43,178.74,173.35,177.66,13633
1524009600,177.66,187.35,176.58,181.97,17142
1524096000,183.04,187.89,180.35,183.58,33625
1524355200,186.27,192.2,183.58,191.66,33695
1524441600,192.2,194.35,187.35,188.43,35197
1524528000,186.27,187.89,184.12,184.66,14697
1524614400,184.66,185.2,182.51,183.58,15294
1524700800,183.04,184.12,180.89,181.43,24001
1524960000,179.81,182.51,178.2,180.89,42224
1525219200,179.81,181.97,178.2,181.97,11337
1525305600,183.58,184.12,181.97,183.58,32659
1525564800,181.97,183.04,180.35,181.43,11511
1525651200,180.35,184.12,178.74,181.43,17494
1525737600,181.43,183.58,180.35,182.51,15267
1525824000,182.51,184.66,181.43,184.12,14076
1525910400,184.12,184.66,181.43,181.97,12434
1526256000,181.97,183.58,181.43,182.51,20858
1526342400,181.97,183.04,181.97,183.04,2489
1526428800,183.04,183.04,181.43,183.04,4606
1526515200,183.04,184.12,182.51,183.04,12323
1526774400,185.74,185.74,182.51,183.04,10094
1526860800,183.04,184.66,181.97,184.66,6321
1526947200,182.51,183.04,181.97,181.97,8541
1527033600,181.97,181.97,180.89,180.89,7443
1527120000,180.89,181.97,179.81,179.81,26336
1527379200,179.28,179.28,176.05,177.12,10394
1527465600,177.12,183.58,176.58,179.28,5608
1527552000,178.74,181.97,177.66,181.97,6193
1527638400,183.04,185.2,180.89,182.51,14724
1527724800,181.97,183.04,179.81,181.43,16961
1527984000,178.2,181.97,174.43,176.58,9977
1528070400,173.35,177.12,173.35,175.51,7155
1528243200,178.74,181.97,178.74,179.81,3040
1528329600,178.74,179.28,175.51,176.05,6980
1528588800,174.97,174.97,170.66,172.82,12953
1528675200,171.74,174.97,169.59,173.35,17638
1528761600,171.74,174.97,171.74,174.97,4469
1528848000,171.74,174.97,171.74,174.43,2655
1528934400,177.12,177.66,174.43,176.05,8432
1529193600,174.97,174.97,171.2,172.28,23503
1529280000,172.28,175.51,169.59,171.2,4545
1529366400,171.2,172.28,168.51,171.2,83801
1529452800,171.2,172.28,170.66,171.2,2517
1529539200,169.05,172.28,169.05,169.59,2483
1529798400,168.51,172.82,168.51,170.12,1673
1529884800,170.66,171.2,168.51,168.51,4336
1529971200,171.2,171.2,166.36,166.89,18030
1530057600,164.74,169.59,164.74,167.97,7345
1530144000,168.51,170.12,167.97,169.05,15615
1530403200,170.66,172.82,167.43,167.43,4695
1530489600,166.36,170.12,164.74,165.28,12858
1530576000,164.74,167.97,164.74,167.43,7603
1530662400,166.89,170.12,166.36,169.05,8879
1530748800,170.66,172.28,168.51,172.28,12796
1531008000,171.74,173.35,169.59,170.66,5834
1531094400,169.59,170.66,168.51,170.12,12165
1531180800,171.2,173.89,170.12,171.74,8415
1531267200,172.82,173.35,167.43,167.97,9992
1531353600,168.51,169.59,167.43,169.59,13648
1531612800,169.59,170.66,167.43,170.66,5868
1531699200,170.66,171.74,169.59,170.12,3562
1531785600,170.66,172.28,170.12,170.12,4190
1531872000,170.66,170.66,170.12,170.66,4878
1531958400,168.51,170.66,167.97,167.97,7255
1532217600,167.43,167.97,165.28,166.89,11581
1532304000,166.89,167.43,165.82,167.43,951
1532390400,167.43,170.12,167.43,169.05,9354
1532476800,169.59,169.59,166.89,168.51,5938
1532563200,169.05,169.05,166.89,167.43,3729
1532822400,168.51,168.51,166.36,166.89,6690
1532908800,166.89,167.97,164.74,167.97,2672
1532995200,168.51,170.12,167.43,168.51,6326
1533081600,169.59,170.12,167.97,170.12,6318
1533168000,169.59,170.66,169.05,170.66,5531
1533427200,171.2,171.74,169.59,170.12,4436
1533513600,169.59,171.2,169.05,169.59,6141
1533600000,169.59,172.28,169.05,169.59,4293
1533686400,170.12,170.12,166.89,167.97,10693
1533772800,169.05,169.05,164.74,166.36,10753
1534032000,163.66,169.05,163.66,163.66,8903
1534118400,164.2,166.89,164.2,166.36,4058
1534204800,165.28,168.51,165.28,167.97,2453
1534291200,167.97,172.28,167.97,172.28,11005
1534377600,174.43,174.43,171.2,173.35,19874
1534636800,174.97,174.97,170.12,170.66,19853
1534723200,172.28,172.28,168.51,170.66,10193
1534809600,171.2,171.2,168.51,169.05,4251
1534896000,167.97,169.59,167.97,169.05,868
1534982400,168.51,169.59,167.43,168.51,24722
1535241600,169.59,169.59,168.51,168.51,3770
1535414400,167.97,174.97,167.43,174.43,19657
1535500800,171.74,174.97,171.74,174.97,15344
1535587200,173.35,184.12,173.35,183.04,62781
1535846400,179.81,194.35,179.81,192.74,91649
1535932800,192.2,199.2,191.66,197.04,93515
1536019200,193.81,209.42,193.81,206.19,89078
1536105600,206.73,210.5,202.43,206.19,90822
1536192000,206.19,206.73,200.27,204.04,42177
1536451200,201.89,207.27,200.27,205.66,66875
1536537600,205.66,207.27,201.89,206.73,38444
1536624000,205.12,210.5,205.12,209.96,70801
1536710400,207.81,219.65,207.81,219.65,128576
1536796800,220.73,228.81,220.73,222.35,133992
1537056000,226.65,227.19,219.65,219.65,87720
1537142400,220.19,223.42,215.88,221.27,52792
1537228800,221.27,221.27,218.04,219.12,40826
1537401600,219.12,227.73,219.12,226.65,112030
1537660800,228.81,240.65,226.11,236.88,161693
1537833600,240.65,247.11,237.96,242.26,131191
1537920000,242.26,242.8,233.65,237.42,60980
1538006400,236.88,239.57,233.65,235.8,48864
1538265600,232.57,239.03,232.57,237.96,72471
1538352000,237.96,237.96,231.5,234.19,57208
1538438400,233.11,234.19,229.34,231.5,37786
1538524800,229.88,232.57,227.19,227.19,59156
1538611200,230.96,230.96,223.42,228.81,39411
1538870400,229.88,229.88,224.5,227.19,39336
1538956800,226.11,230.96,226.11,229.88,30008
1539043200,230.42,233.65,228.81,230.42,38484
1539129600,234.19,234.19,227.73,229.88,16922
1539216000,228.81,234.73,228.81,232.04,35013
1539475200,232.04,236.88,231.5,234.73,36357
1539561600,234.73,240.11,234.73,237.42,36215
1540080000,233.65,243.88,233.65,242.26,40570
1540166400,242.26,243.34,239.57,241.19,17871
1540252800,241.19,241.19,237.96,240.65,38249
1540339200,240.11,240.11,236.34,239.57,28009
1540425600,239.57,239.57,235.27,238.5,26122
1540684800,243.88,243.88,230.42,231.5,52690
1540771200,229.34,231.5,227.73,228.27,32369
1540857600,230.42,233.65,228.81,231.5,17692
1540944000,228.81,229.88,225.58,225.58,20649
1541030400,224.5,228.81,223.96,226.11,30349
1541289600,223.42,225.58,221.27,222.35,28303
1541376000,226.65,227.73,222.88,225.58,38758
1542153600,228.81,232.57,226.65,228.27,3169
1542240000,228.27,230.96,224.5,225.58,16512
1542499200,224.5,229.34,223.96,227.19,70675
1542585600,225.04,225.04,221.81,221.81,17192
1542672000,222.35,222.35,220.19,221.27,19592
1542758400,221.27,223.42,219.12,223.42,8660
1542844800,223.42,223.42,220.73,221.27,8880
1543104000,221.16,221.81,218.04,219.65,8455
1543190400,219.45,221.27,218.04,220.73,9871
1543276800,220.73,223.96,220.19,221.27,12802
1543363200,221.33,222.35,216.96,219.12,9895
1543449600,219.51,223.96,216.96,218.04,11494
1543708800,218.04,222.35,214.27,215.35,36901
1543795200,215.35,223.96,214.27,216.96,22920
1543881600,216.96,220.19,216.96,219.65,43586
1544054400,212.01,212.01,207.86,211.42,22789
1544313600,211.42,222.08,210.23,222.08,23098
1544400000,222.08,228.0,222.08,226.22,20752
1544486400,226.22,228.0,221.48,222.08,31606
1544572800,222.08,225.04,220.3,220.89,5460
1544659200,220.89,225.63,220.89,223.85,30932
1544918400,223.85,229.77,223.85,226.81,23739
1545004800,226.81,229.77,225.04,229.77,33325
1545091200,229.77,230.96,222.67,225.04,55370
1545177600,225.04,226.81,223.85,225.04,28505
1545264000,225.04,228.59,225.04,225.04,43983
1545523200,225.04,233.33,225.04,232.14,46394
1545609600,232.14,233.92,228.59,228.59,29532
1545696000,228.59,228.59,225.04,226.81,22912
1545782400,225.63,234.51,225.63,233.92,35578
1545868800,233.92,236.88,229.77,230.37,21635
1546128000,230.37,230.37,227.41,229.18,15441
1546214400,229.18,229.18,223.26,223.26,14689
1546300800,223.26,226.81,223.26,225.04,7155
1546387200,225.04,226.22,223.85,226.22,19408
1546473600,226.22,228.0,225.63,226.81,8316
1546732800,226.81,226.81,223.26,223.26,9575
1546819200,223.26,226.81,223.26,224.44,17398
1546905600,224.44,227.41,224.44,226.22,26447
1546992000,226.22,232.14,226.22,229.77,43470
1547078400,229.77,230.96,228.0,230.96,28615
1547337600,230.96,232.14,226.81,227.41,74495
1547424000,227.41,230.96,227.41,228.59,8106
1547510400,228.59,232.14,228.59,230.96,15949
1547596800,230.96,237.47,230.96,235.7,77989
1547683200,235.7,237.47,233.92,234.51,27748
1547942400,234.51,235.1,232.14,232.14,5752
1548028800,232.14,236.29,230.37,230.37,17919
1548115200,230.37,232.14,230.37,230.96,7735
1548201600,230.96,233.33,230.96,232.14,8939
1548288000,232.14,234.51,231.55,232.14,20113
1548547200,232.14,232.14,230.37,231.55,27179
1548633600,231.55,233.33,231.55,232.74,12704
1548720000,232.74,232.74,230.37,230.96,24692
1548806400,230.96,232.14,230.96,232.14,23118
1548892800,232.14,233.33,230.96,231.55,11447
1549152000,233.33,233.92,230.96,230.96,22031
1549238400,231.55,232.14,229.77,230.37,31537
1549324800,231.55,233.33,230.37,230.37,14198
1549411200,227.41,230.96,227.41,229.18,12115
1549497600,228.59,230.96,228.0,230.96,9862
1549756800,230.37,231.55,226.22,228.0,20647
1549843200,225.63,229.18,225.63,228.59,10406
1549929600,232.74,232.74,227.41,228.59,11167
1550016000,229.77,232.14,227.41,227.41,15606
1550102400,226.22,230.37,225.04,227.41,17211
1550361600,229.18,229.77,226.81,229.18,13443
1550448000,228.0,229.18,226.81,228.0,13348
1550534400,230.37,230.37,228.0,230.37,10351
1550620800,233.92,233.92,228.0,229.18,6553
1550707200,229.77,229.77,226.22,227.41,13521
1550966400,228.0,228.0,217.93,219.12,36648
1551052800,219.12,223.26,219.12,221.48,16761
1551139200,221.48,225.04,220.89,222.67,9932
1551225600,222.08,226.22,222.08,223.85,7888
1551571200,225.04,225.04,223.26,223.85,13490
1551744000,223.85,226.22,223.26,225.63,31858
1551830400,225.04,228.59,223.85,228.0,22986
1551916800,228.0,232.14,228.0,231.55,26697
1552089600,232.14,234.51,228.0,233.92,10053
1552176000,232.14,234.51,228.0,233.92,10053
1552262400,236.29,236.88,232.74,236.88,55606
1552348800,238.66,239.25,235.1,237.47,48752
1552435200,239.84,239.84,234.51,235.7,31796
1552521600,233.92,236.88,233.92,236.29,20294
1552780800,237.47,239.84,236.88,237.47,38412
1552867200,236.88,238.07,235.1,235.7,21236
1552953600,238.07,238.07,235.7,236.29,3790
1553126400,235.1,236.29,233.92,233.92,22176
1553385600,232.74,236.29,232.74,234.51,11361
1553472000,233.33,236.88,233.33,235.7,8113
1553558400,235.7,236.88,233.92,235.7,15558
1553644800,235.7,236.88,235.1,235.7,13921
1553731200,238.66,238.66,234.51,235.7,15408
1553990400,237.47,238.07,236.29,236.88,24402
1554076800,239.25,242.8,236.88,242.8,54571
1554163200,243.99,252.28,242.8,252.28,89445
1554249600,253.46,259.98,249.32,258.2,101042
1554336000,260.57,262.94,255.24,260.57,107396
1554595200,262.35,279.52,259.98,277.15,147987
1554681600,277.15,283.07,273.6,275.97,161971
1554768000,278.34,278.93,270.04,271.23,116366
1554854400,274.19,277.74,270.64,275.97,63030
1554940800,275.97,278.93,275.37,277.74,54800
1555286400,275.97,280.11,275.97,278.34,39084
1555372800,278.93,294.92,278.34,291.36,106050
1555459200,291.36,294.92,286.63,288.4,92921
1555545600,289.59,291.96,284.85,285.44,60312
1555804800,290.18,293.14,283.07,292.55,94558
1555891200,292.55,296.1,286.03,286.63,79167
1555977600,283.07,293.14,283.07,290.18,58722
1556064000,290.18,300.84,290.18,299.65,128530
1556150400,300.84,304.98,297.29,300.25,88888
1556409600,303.21,303.21,296.69,297.29,84179
1556496000,294.92,297.29,293.14,293.73,62052
1556582400,294.32,296.1,291.36,293.14,23369
1556755200,291.36,293.14,289.0,290.77,31276
1557014400,288.4,290.18,286.03,286.03,35721
1557100800,284.26,293.73,284.26,293.73,39149
1557187200,290.18,297.29,286.63,292.55,33241
1557273600,291.36,293.73,290.18,291.96,19495
1557360000,291.96,291.96,288.4,289.0,25211
1557619200,287.22,294.92,285.44,294.92,40990
1557705600,296.69,296.69,287.81,288.4,42220
1557792000,293.14,295.51,288.4,291.96,39731
1557878400,296.1,296.1,290.77,290.77,49643
1557964800,290.18,293.14,288.4,290.18,25182
1558224000,290.18,290.77,286.63,286.63,38861
1558310400,285.44,290.77,284.85,286.03,38921
1558396800,286.63,288.4,284.26,285.44,39645
1558483200,285.44,287.22,284.85,286.63,25076
1558569600,287.81,287.81,284.85,286.63,24480
1558828800,286.63,287.22,281.89,282.48,36547
1558915200,285.44,285.44,281.3,284.26,31557
1559001600,283.67,285.44,281.89,284.26,20813
1559088000,284.26,287.22,284.26,284.26,19752
1559174400,296.1,297.29,286.03,287.22,67442
1559433600,286.63,286.63,283.07,283.07,49886
1559520000,281.3,281.3,275.37,277.15,193172
1559606400,276.56,280.7,274.19,278.34,30464
1559779200,277.74,281.3,271.23,272.41,62274
1560124800,270.64,275.37,265.9,267.08,91893
1560211200,268.86,271.23,264.71,270.64,60515
1560297600,272.41,275.97,269.45,271.23,33591
1560384000,276.56,278.93,268.86,268.86,39607
1560643200,274.19,279.52,267.08,267.08,35541
1560729600,269.45,272.41,267.08,268.86,32855
1560816000,273.6,273.6,269.45,273.01,43757
1560902400,274.19,278.34,273.01,275.97,46789
1560988800,277.15,281.3,275.37,278.93,30484
1561248000,284.26,284.26,272.41,275.97,26800
1561334400,277.15,277.74,275.37,276.56,29942
1561420800,278.34,280.11,275.97,277.74,21895
1561507200,278.34,281.3,275.97,276.56,14360
1561593600,281.3,281.3,273.6,274.19,21927
1561852800,271.82,274.19,270.04,270.04,27859
1561939200,269.45,271.23,265.9,270.04,38691
1562025600,273.01,273.01,268.27,269.45,31497
1562112000,274.78,279.52,270.04,273.6,20331
1562198400,275.97,277.74,272.41,273.6,16735
1562457600,278.93,281.89,269.45,271.23,22121
1562544000,268.86,269.45,266.49,267.68,31564
1562630400,268.86,268.86,262.94,265.9,42350
1562716800,264.71,265.9,262.35,263.53,37178
1562803200,266.49,266.49,262.35,263.53,39147
1563062400,265.9,266.49,261.16,262.35,15141
1563148800,262.94,264.71,261.16,264.12,46364
1563235200,266.49,266.49,262.94,265.31,14110
1563321600,266.49,270.64,266.49,270.04,26501
1563408000,270.04,274.78,270.04,271.82,28359
1563667200,271.23,273.6,269.45,273.01,14798
1563753600,277.15,277.15,271.23,274.19,16651
1563840000,274.19,277.74,273.6,275.37,12440
1563926400,276.56,283.67,275.37,280.7,32270
1564012800,278.34,281.89,275.37,276.56,33130
1564272000,275.37,275.37,270.64,271.82,47251
1564358400,273.6,274.78,272.41,273.6,15259
1564444800,276.56,276.56,274.19,275.37,7866
1564531200,280.7,280.7,275.37,277.15,12296
1564617600,280.11,280.11,275.37,276.56,20007
1564876800,280.7,280.7,275.37,276.56,12134
1564963200,277.74,277.74,274.19,275.37,34781
1565049600,274.78,274.78,267.08,271.23,43065
1565136000,267.08,272.41,267.08,268.27,17917
1565222400,269.45,269.45,265.9,265.9,15933
1565481600,264.71,267.68,264.71,265.9,11993
1565568000,265.9,266.49,265.31,266.49,12265
1565654400,266.49,268.27,265.31,265.9,5472
1565740800,264.71,266.49,262.35,262.35,18041
1565827200,265.9,266.49,262.35,262.94,46360
1566086400,266.49,271.23,265.9,267.08,54223
1566172800,268.27,274.78,267.08,272.41,37488
1566259200,272.41,273.01,268.27,268.27,29190
1566345600,268.86,270.64,267.08,268.86,38058
1566432000,273.6,273.6,267.68,268.86,42153
1566691200,267.08,268.27,265.31,265.31,32538
1566777600,266.49,266.49,264.12,264.71,31024
1566864000,267.08,267.08,264.71,264.71,52701
1566950400,278.93,278.93,259.38,259.98,72685
1567036800,264.71,266.49,258.79,259.98,29723
1567296000,273.6,273.6,259.98,260.57,15482
1567382400,258.2,278.93,257.61,258.2,11942
1567468800,259.98,265.9,252.28,265.9,50696
1567555200,261.16,268.27,260.57,267.08,22602
1567641600,268.86,268.86,264.71,265.9,29014
1567900800,266.49,268.27,265.31,265.31,35963
1567987200,266.49,266.49,262.35,265.31,15778
1568073600,266.49,266.49,262.35,265.31,27649
1568160000,266.49,268.86,262.94,264.71,22108
1568246400,264.12,266.49,263.53,265.31,79341
1568505600,287.28,287.28,254.06,254.71,22199
1568592000,254.06,254.71,245.59,247.54,31341
1568678400,245.59,254.06,244.94,252.1,18010
1568764800,256.66,259.27,252.1,257.31,23035
1568851200,260.57,260.57,250.15,252.1,10037
1569110400,256.01,256.01,246.24,249.5,7772
1569196800,254.06,254.06,246.24,246.89,13501
1569283200,246.89,248.19,244.94,246.89,13035
1569456000,245.59,245.59,244.28,244.28,14312
1569715200,243.63,245.59,242.33,244.28,22722
1569801600,244.94,246.24,244.28,245.59,9045
1569888000,246.24,250.15,244.28,250.15,5241
1569974400,253.4,254.06,248.84,250.15,7310
1570060800,261.22,261.22,249.5,253.4,8409
1570665600,253.4,253.4,249.5,250.8,3175
1571011200,250.8,250.8,246.24,246.24,10343
1571097600,247.54,250.8,246.24,250.8,11302
1571184000,254.06,254.06,249.5,251.45,15604
1571270400,252.1,252.1,250.15,251.45,10188
1571529600,256.01,260.57,248.84,248.84,12661
1571616000,248.84,253.4,248.84,250.15,6069
1571702400,250.15,254.71,250.15,254.71,24454
1571788800,255.36,261.22,254.06,259.27,37258
1571875200,260.57,269.69,260.57,267.74,84273
1572480000,270.99,272.29,265.78,265.78,29033
1572739200,265.78,265.78,261.87,263.83,10405
1572825600,263.83,263.83,258.62,260.57,10935
1572912000,260.57,261.22,258.62,258.62,13299
1572998400,260.57,263.18,257.96,260.57,20215
1573084800,258.62,262.52,258.62,259.92,10888
1573344000,264.48,264.48,258.62,260.57,27061
1573430400,259.27,264.48,259.27,263.18,21981
1573516800,263.18,264.48,259.27,259.27,12817
1573603200,259.27,260.57,259.27,259.92,8746
1573689600,259.92,264.48,259.92,264.48,22377
1573948800,269.69,273.6,267.08,272.29,94663
1574035200,273.6,276.2,270.34,271.64,33570
1574121600,272.95,272.95,267.08,267.74,21424
1574208000,267.74,271.64,265.13,267.08,20611
1574294400,267.08,269.04,260.57,263.18,31833
1574553600,261.87,264.48,257.96,260.57,21650
1574640000,260.57,265.78,259.27,263.83,10402
1574726400,263.18,264.48,262.52,264.48,24891
1574812800,263.83,265.78,263.83,265.78,16628
1574899200,265.78,267.08,264.48,264.48,19814
1575158400,265.13,265.13,263.83,264.48,30520
1575244800,264.48,265.13,263.18,263.18,26575
1575331200,263.83,265.13,262.52,263.83,31452
1575417600,266.43,266.43,262.52,262.52,47834
1575504000,263.83,265.78,263.83,265.13,24306
1575763200,265.13,266.43,263.18,263.83,24612
1575849600,263.83,267.08,263.83,267.08,17775
1575936000,269.69,270.34,266.43,267.08,20176
1576022400,267.08,270.34,267.08,269.69,13581
1576108800,268.39,272.29,268.39,269.69,17030
1576368000,270.34,276.2,269.69,272.95,35068
1576454400,276.85,276.85,269.69,272.29,46637
1576540800,270.34,272.29,269.04,269.69,24206
1576627200,273.6,273.6,269.69,270.99,17181
1576713600,272.29,272.29,269.04,269.04,23427
1576972800,268.39,272.95,268.39,270.34,23136
1577059200,274.25,274.25,269.69,270.34,46469
1577145600,270.34,272.95,269.69,269.69,34008
1577232000,269.69,270.99,269.04,269.04,41239
1577318400,269.69,269.69,268.39,268.39,35827
1577577600,270.34,270.34,264.48,265.78,18417
1577664000,265.13,265.78,263.83,263.83,28616
1577750400,269.04,269.69,265.13,265.78,28129
1577836800,267.08,269.04,265.78,267.74,35563
1577923200,269.04,270.34,267.74,269.04,41445
1578182400,269.69,280.76,269.04,278.16,102503
1578268800,280.11,287.28,278.81,286.63,194558
1578355200,287.93,292.49,283.37,285.32,146948
1578441600,285.97,287.93,281.41,282.72,98321
1578528000,280.76,284.67,280.76,282.07,33427
1578787200,285.97,293.79,285.32,290.53,91556
1578873600,294.44,299.0,289.88,293.14,123765
1578960000,293.14,293.14,288.58,288.58,64306
1579046400,290.53,308.77,290.53,307.47,160108
1579132800,309.43,315.29,309.43,309.43,142355
1579392000,315.29,318.55,309.43,310.73,131384
1579478400,315.29,320.5,306.17,312.03,125366
1579564800,317.89,321.15,312.68,313.99,195430
1579651200,319.2,319.2,310.73,311.38,61558
1579737600,315.94,315.94,306.17,307.47,55322
1579996800,307.47,309.43,303.56,304.21,59998
1580083200,302.91,308.77,302.26,306.82,57507
1580169600,309.43,312.68,308.77,309.43,42456
1580256000,311.38,311.38,305.52,306.17,31065
1580342400,306.82,314.64,306.17,312.68,65696
1580601600,315.29,321.15,313.99,320.5,128887
1580688000,322.45,323.11,317.24,317.89,71812
1580774400,317.89,318.55,313.33,313.33,63839
1580860800,325.71,325.71,312.68,313.99,45781
1580947200,314.64,315.94,312.03,313.33,66736
1581206400,313.33,319.2,311.38,314.64,71613
1581292800,314.64,318.55,313.99,317.89,73372
1581379200,323.76,328.97,319.2,327.67,228218
1581465600,328.97,332.23,328.32,330.92,123088
1581552000,330.27,331.57,325.71,327.67,99381
1581811200,327.67,332.88,327.01,332.88,78765
1581897600,334.18,355.03,334.18,351.12,164128
1581984000,354.37,363.49,351.77,356.98,194043
1582070400,358.28,360.24,353.72,356.33,109712
1582156800,356.33,360.89,356.98,360.89,106954
1582416000,362.19,392.16,362.19,388.25,159238
1582502400,388.25,403.23,384.34,386.95,174260
1582588800,383.04,389.55,374.57,387.6,153538
1582675200,392.81,400.63,387.6,397.37,166838
1582761600,394.11,431.89,382.39,429.94,330732
1583020800,429.94,442.97,414.31,416.26,334054
1583107200,416.26,416.26,390.85,392.81,236109
1583193600,392.81,404.53,377.17,396.07,305633
1583280000,396.07,397.37,375.87,375.87,220724
1583366400,383.04,383.69,364.8,374.57,168687
1583798400,367.4,367.4,342.65,342.65,149878
1583884800,338.74,370.66,338.74,369.36,265635
1583971200,367.4,370.66,355.03,358.28,210135
1584230400,355.03,356.33,337.44,337.44,215664
1584316800,337.44,345.91,332.88,340.04,246391
1584403200,340.04,340.04,326.36,330.92,197047
1584489600,332.88,337.44,319.85,327.01,164663
1584576000,324.41,335.48,313.99,331.57,192055
1584835200,325.71,332.23,317.89,323.11,22489
1589241600,317.24,317.24,313.99,313.99,95
1589328000,308.12,308.12,304.87,304.87,60
1593388800,299.0,299.0,274.9,305.52,75742
1593475200,300.96,332.23,300.96,329.62,10579
1593561600,334.83,347.86,334.83,342.0,33967
1593648000,345.25,345.25,308.12,315.94,44886
1593907200,312.68,327.01,307.47,319.2,64804
1593993600,319.85,325.71,312.68,325.06,35198
1594080000,325.06,336.79,325.06,332.23,72828
1594166400,327.67,335.48,325.71,328.97,35217
1594252800,327.01,331.57,323.11,327.01,69253
1594512000,332.88,335.48,329.62,332.23,88061
1594598400,332.23,337.44,331.57,336.13,91574
1594684800,352.42,352.42,337.44,347.21,90120
1594771200,351.77,361.54,351.12,360.24,189465
1594857600,366.75,371.96,362.84,371.31,100312
1595116800,378.48,408.44,378.48,408.44,1111
1595203200,428.64,437.11,380.43,387.6,288033
1595289600,390.85,393.46,377.83,382.39,193137
1595376000,382.39,390.85,376.52,377.83,121795
1595462400,377.83,379.13,370.66,377.17,102536
1595721600,381.08,389.55,377.83,386.95,146673
1595808000,390.85,394.11,381.73,382.39,99981
1595894400,381.08,385.64,377.17,377.83,96294
1595980800,375.87,377.17,371.31,371.31,155181
1596067200,371.31,375.87,368.05,371.31,89310
1596326400,368.71,368.71,359.59,359.59,125621
1596412800,358.28,364.8,354.37,362.19,93087
1596585600,357.63,360.24,353.07,359.59,76873
1596672000,355.03,358.93,349.81,356.98,73572
1596931200,356.98,361.54,350.47,360.24,49047
1597017600,362.19,375.22,358.28,373.92,128478
1597104000,375.22,379.13,371.31,372.61,74503
1597190400,377.83,377.83,367.4,373.92,67657
1597276800,371.31,379.78,371.31,375.87,120252
1597536000,374.57,374.57,364.8,368.71,71817
1597622400,370.66,370.66,366.1,368.71,37723
1597708800,368.71,371.31,366.1,368.05,43780
1597795200,361.54,366.75,360.24,360.89,59039
1597881600,360.89,367.4,360.89,364.8,15745
1598140800,363.49,371.96,362.84,368.05,23761
1598227200,371.31,377.17,370.01,373.92,99698
1598313600,373.92,378.48,373.27,375.22,94522
1598400000,377.17,390.85,375.87,384.34,176951
1598486400,390.85,390.85,381.73,383.04,140837
1598745600,383.04,382.39,377.17,378.48,44108
1598832000,384.34,390.85,378.48,383.69,169903
1599004800,389.55,393.46,385.64,390.2,192770
1599091200,398.02,398.02,385.64,387.6,68906
1599350400,406.49,406.49,379.13,383.04,114541
1599436800,384.99,385.64,375.22,375.87,72833
1599523200,374.57,379.13,371.31,377.17,49349
1599609600,375.87,379.13,371.96,375.87,62944
1599696000,377.83,381.73,375.22,375.22,48005
1599955200,375.22,382.39,373.92,382.39,93875
1600041600,386.95,387.6,380.43,383.69,69492
1600128000,382.39,384.34,377.83,378.48,40505
1600214400,378.48,379.13,374.57,377.17,43649
1600300800,377.83,386.29,377.17,384.34,105630
1600560000,389.55,393.46,384.99,385.64,81497
1600646400,397.37,397.37,380.43,383.69,54931
1600732800,384.34,384.34,375.22,377.17,72316
1600819200,373.27,378.48,372.61,376.52,33384
1600905600,394.76,394.76,375.22,377.17,37060
1601164800,395.41,395.41,374.57,377.83,48614
1601251200,380.43,380.43,376.52,377.17,46486
1601337600,377.17,377.17,371.31,373.27,58385
1601424000,391.51,391.51,370.66,371.96,60813
1601510400,374.57,379.13,371.96,377.17,73645
1601769600,377.17,383.04,377.17,377.83,60622
1601856000,383.69,383.69,375.87,375.87,54309
1601942400,377.83,377.83,373.92,373.92,40533
1602028800,375.22,375.87,372.61,374.57,66003
1602115200,379.13,383.69,371.96,373.27,52226
1602374400,374.57,379.13,371.96,373.92,73636
1602460800,377.83,382.39,374.57,377.83,87414
1602547200,381.08,384.99,376.52,377.17,49233
1602633600,382.39,382.39,374.57,377.17,32158
1602720000,395.41,395.41,375.87,376.52,40608
1602979200,381.08,381.08,372.61,372.61,28041
1603065600,374.57,377.17,373.92,375.87,17751
1603152000,377.83,379.13,374.57,378.48,35260
1603238400,397.37,413.0,392.16,394.11,399513
1603324800,400.63,400.63,390.85,394.11,162894
1603843200,397.37,402.58,394.11,401.93,139393
1603929600,407.14,409.75,401.93,403.88,190125
1604188800,403.88,409.75,399.32,405.19,173339
1604275200,402.58,406.49,401.93,402.58,109064
1604361600,402.58,405.84,400.63,403.23,134689
1604448000,403.88,404.53,400.63,403.23,61952
1604534400,403.88,404.53,401.28,402.58,86880
1604793600,403.88,405.19,401.93,403.23,78936
1604880000,405.19,405.84,401.93,402.58,66336
1604966400,403.88,406.49,401.93,403.23,95856
1605052800,403.88,420.17,403.88,418.21,246848
1605139200,423.43,423.43,413.65,419.52,193912
1605657600,422.77,439.71,419.52,436.45,274516
1605744000,439.71,444.92,432.55,436.45,232275
1606003200,439.06,452.09,437.11,450.13,258731
1606089600,452.74,455.34,446.88,447.53,214571
1606176000,469.02,469.02,447.53,454.04,538774
1606262400,472.87,496.12,468.99,488.37,250326
1606348800,502.33,503.88,482.95,483.72,235735
1606608000,494.57,525.58,485.27,511.63,311229
1606694400,527.13,536.43,499.22,501.55,193860
1606780800,500.78,507.75,488.37,489.92,170189
1606867200,492.25,533.33,488.37,506.2,198722
1606953600,511.63,511.63,493.8,499.22,141764
1607212800,489.92,499.22,482.95,482.95,158242
1607299200,482.95,493.02,480.62,490.7,148276
1607385600,514.73,514.73,484.5,485.27,128039
1607472000,484.5,485.27,473.64,474.42,127221
1607558400,474.42,481.4,471.32,477.52,104431
1607817600,480.62,505.43,480.62,503.88,236248
1607904000,513.95,521.71,502.33,517.05,337934
1607990400,527.13,527.13,517.05,520.93,284988
1608076800,542.64,542.64,515.5,518.6,170003
1608163200,515.5,541.86,515.5,534.88,349388
1608422400,534.88,580.62,520.16,547.29,671453
1608508800,548.06,602.33,541.86,602.33,605883
1608595200,631.78,662.02,631.01,662.02,555811
1608681600,694.57,713.18,639.53,660.47,381481
1608768000,668.99,668.99,630.23,641.09,390680
1609027200,641.09,648.06,624.03,627.91,326770
1609113600,627.13,662.02,620.93,662.02,359860
1609200000,662.02,668.99,651.16,652.71,176925
1609286400,652.71,682.95,647.29,674.42,370286
1609372800,678.29,696.12,674.42,683.72,304296
1609632000,693.8,703.88,691.47,696.9,304366
1609718400,703.88,707.75,686.05,691.47,234042
1609804800,689.92,696.9,682.17,684.5,184653
1609891200,696.12,696.9,683.72,691.47,110605
1609977600,692.25,710.08,689.92,703.88,250027
1610236800,705.43,724.81,705.43,718.6,194033
1610323200,732.56,746.51,706.98,709.3,176512
1610409600,720.93,736.43,703.1,711.63,135414
1610496000,717.05,725.58,703.1,706.98,174132
1610841600,717.05,717.05,694.57,698.45,254035
1610928000,699.22,724.81,694.57,702.33,223189
1611014400,737.21,737.21,693.8,697.67,223860
1611100800,701.55,701.55,686.05,689.15,205128
1611187200,689.92,698.45,686.05,687.6,181625
1611446400,696.9,701.55,682.17,686.05,234231
1611532800,720.16,720.16,682.17,703.1,330776
1611619200,704.65,709.3,695.35,697.67,154147
1611705600,699.22,699.22,688.37,692.25,158020
1611792000,691.47,693.8,672.87,678.29,324169
1612051200,678.29,682.17,665.12,666.67,334750
1612137600,679.84,679.84,662.79,664.34,206175
1612224000,696.9,696.9,667.44,688.37,190925
1612310400,658.91,709.3,658.91,682.17,146919
1612396800,683.72,683.72,674.42,679.84,139753
1612656000,679.84,682.17,673.64,677.52,124789
1612742400,682.17,696.9,677.52,689.15,224654
1612828800,697.67,701.55,684.5,686.05,173312
1612915200,688.37,693.8,680.62,685.27,108250
1613001600,688.37,713.18,682.17,689.15,230138
1613260800,697.67,697.67,678.29,679.84,171612
1613347200,689.92,713.95,686.82,710.85,448841
1613433600,720.93,728.68,706.2,716.28,360310
1613520000,720.93,724.81,706.2,715.5,205348
1613606400,715.5,762.02,715.5,746.51,587795
1613865600,775.19,775.19,731.78,740.31,318546
1613952000,737.21,737.21,708.53,711.63,410509
1614038400,713.18,717.05,692.25,717.05,361039
1614124800,728.68,740.31,709.3,713.18,220278
1614211200,748.84,748.84,697.67,701.55,224463
1614470400,697.67,697.67,680.62,684.5,277409
1614556800,718.6,718.6,667.44,691.47,202862
1614643200,704.65,704.65,668.22,682.17,203295
1614729600,671.32,679.07,661.24,674.42,247185
1614816000,707.75,707.75,674.42,693.8,177944
1615161600,705.43,705.43,678.29,680.62,101323
1615248000,682.17,682.17,671.32,673.64,80802
1615334400,706.98,706.98,667.44,671.32,54313
1615680000,678.29,678.29,653.49,665.89,135716
1615766400,698.45,698.45,651.16,662.79,147770
1615852800,652.71,672.09,652.71,666.67,102391
1615939200,670.54,677.52,662.02,670.54,66842
1616025600,667.44,681.4,666.67,675.97,84279
1616284800,680.62,693.02,674.42,692.25,116839
1616371200,704.65,704.65,679.07,682.95,69309
1616457600,675.97,682.17,675.97,679.84,48299
1616544000,682.17,686.82,679.84,681.4,60092
1616630400,689.92,689.92,674.42,675.97,49981
1616976000,675.19,682.17,672.09,675.97,36653
1617062400,678.29,678.29,674.42,675.97,100427
1617148800,697.67,705.43,678.29,700.0,154542
1617235200,705.43,705.43,696.9,703.1,168155
1617494400,713.18,720.16,706.98,713.95,196870
1617580800,739.53,739.53,708.53,708.53,163192
1617667200,743.41,743.41,698.45,711.63,111261
1617753600,725.58,725.58,706.98,713.18,125471
1617840000,727.13,727.13,703.1,711.63,98184
1618185600,713.95,735.66,709.3,735.66,266850
1618272000,744.19,752.71,734.88,751.94,254036
1618444800,758.91,773.64,751.94,758.91,331555
1618704000,796.12,796.12,744.19,746.51,272250
1618790400,744.19,746.51,724.81,734.88,201971
1618876800,731.01,743.41,720.93,728.68,120456
1618963200,731.01,731.01,713.18,713.95,130563
1619049600,724.03,724.03,703.1,714.73,121770
1619308800,717.05,717.05,697.67,703.88,226128
1619395200,738.76,738.76,677.52,691.47,181784
1619481600,657.36,710.08,657.36,707.75,127206
1619568000,711.63,713.18,694.57,696.9,125316
1619654400,731.01,731.01,693.8,695.35,82739
1619913600,697.67,704.65,693.8,700.78,110099
1620000000,705.43,708.53,695.35,696.12,100965
1620086400,697.67,697.67,689.92,689.92,73877
1620172800,673.64,697.67,673.64,687.6,72643
1620259200,689.92,690.7,683.72,686.82,60231
1620518400,686.82,692.25,679.84,685.27,65133
1620604800,682.17,693.8,682.17,691.47,44848
1620691200,691.47,698.45,690.7,691.47,68098
1620777600,725.58,725.58,686.05,687.6,53176
1620864000,717.05,717.05,687.6,689.15,40349
1621123200,697.67,700.78,693.8,700.0,72541
1621209600,704.65,707.75,697.67,703.1,82122
1621296000,689.92,703.88,689.92,701.55,78733
1621382400,712.4,712.4,697.67,701.55,91053
1621468800,702.33,711.63,701.55,702.33,58888
1621728000,702.33,734.88,693.8,734.88,160448
1621814400,728.68,736.43,711.63,715.5,194943
1621900800,717.05,717.05,702.33,705.43,115162
1622073600,693.8,706.98,692.25,701.55,137867
1622332800,736.43,736.43,689.92,703.1,121910
1622419200,707.75,720.16,699.22,699.22,169234
1622505600,697.67,703.1,693.8,700.78,118739
1622592000,700.78,701.55,694.57,697.67,86849
1622678400,701.55,724.81,701.55,711.63,246324
1622937600,717.05,736.43,713.95,719.38,250508
1623024000,732.56,732.56,700.78,703.88,257985
1623110400,713.18,719.38,699.22,710.85,214151
1623196800,717.05,722.48,707.75,708.53,147331
1623283200,697.67,713.18,690.7,703.1,151038
1623542400,706.98,706.98,683.72,699.22,203447
1623628800,705.43,724.81,698.45,705.43,203503
1623715200,713.18,713.95,698.45,701.55,153136
1623801600,702.33,714.73,696.9,697.67,84534
1623888000,697.67,703.1,696.12,698.45,139278
1624147200,698.45,705.43,689.92,692.25,135627
1624233600,693.02,696.12,683.72,684.5,145331
1624320000,686.05,703.1,682.95,701.55,176117
1624406400,701.55,701.55,691.47,692.25,120895
1624492800,692.25,703.1,689.92,694.57,144591
1624752000,728.68,728.68,683.72,710.08,212905
1624838400,713.95,737.98,709.3,724.81,536806
1624924800,732.56,732.56,708.53,709.3,137194
1625011200,705.43,711.63,700.0,709.3,85224
1625097600,709.3,711.63,703.88,706.2,116472
1625356800,706.2,717.05,705.43,711.63,132415
1625443200,713.18,713.18,705.43,705.43,91023
1625529600,707.75,713.18,705.43,710.08,69482
1625616000,717.05,717.05,708.53,710.08,113264
1625702400,713.18,724.81,708.53,717.83,181363
1625961600,724.81,755.81,720.93,747.29,419084
1626048000,751.94,760.47,737.98,741.09,361409
1626134400,744.19,757.36,739.53,754.26,205796
1626220800,755.81,759.69,743.41,755.81,127034
1626307200,759.69,774.42,751.94,770.54,334226
1626566400,780.62,829.46,775.97,825.58,342114
1626652800,837.21,839.53,803.1,810.08,335938
1626739200,821.71,821.71,798.45,799.69,226606
1626912000,800.0,810.08,783.72,801.55,349971
1627171200,806.2,841.09,806.2,831.78,316583
1627257600,837.21,841.09,810.85,816.28,316542
1627344000,800.0,830.23,784.5,817.05,474075
1627430400,821.71,831.01,806.98,807.75,99689
1627516800,792.25,817.05,792.25,803.1,124985
1627776000,810.08,812.4,795.5,798.37,113061
1627862400,806.2,806.2,790.7,795.35,113315
1627948800,796.12,802.33,793.02,796.67,84712
1628035200,812.4,812.4,793.8,795.12,119270
1628121600,795.35,802.33,794.57,795.35,87494
1628380800,805.43,805.43,795.35,796.9,66300
1628467200,802.33,802.33,788.37,789.15,102873
1628553600,790.7,827.83,788.37,811.63,147195
1628640000,814.73,826.36,796.51,800.0,89806
1628726400,800.0,806.2,796.9,801.55,143592
1628985600,785.58,798.45,759.69,778.29,336814
1629072000,778.29,778.29,764.34,765.89,363653
1629158400,766.28,768.22,752.02,754.26,206972
1629244800,765.89,774.03,744.19,771.32,223612
1629331200,778.29,778.29,748.84,751.16,266456
1629763200,763.57,764.34,736.43,737.21,141517
1629849600,751.94,751.94,724.81,728.68,158222
1629936000,741.86,742.64,723.26,726.28,173201
1630195200,740.31,740.31,711.63,713.18,136304
1630368000,727.13,727.13,700.0,708.53,159777
1630454400,713.18,718.6,701.63,706.98,104201
1630540800,706.98,711.63,696.12,701.94,127440
1630800000,702.02,702.02,679.07,692.25,130256
1630886400,682.17,726.36,682.17,720.16,218544
1630972800,727.91,727.91,693.8,703.1,97523
1631059200,703.1,703.1,686.05,693.8,104324
1631145600,697.67,698.45,686.05,690.7,93559
1631404800,697.67,703.1,682.33,702.33,130358
1631491200,715.5,740.31,703.1,718.6,299759
1631577600,731.01,731.01,711.86,712.48,168837
1631664000,713.18,716.28,700.0,706.98,96697
1631750400,721.09,721.09,690.0,695.35,161004
1632096000,695.43,695.43,678.29,678.37,171670
1632182400,665.12,687.6,658.91,674.42,173627
1632268800,687.6,696.9,682.95,689.92,72519
1632355200,703.72,709.3,687.6,699.22,218766
1632614400,713.18,713.18,683.72,685.27,93082
1632700800,685.27,689.92,671.32,674.42,66203
1632787200,670.54,682.17,659.69,665.89,169341
1632873600,676.05,676.05,655.04,670.54,89368
1632960000,670.54,676.05,657.36,668.91,82748
1633219200,658.99,666.67,654.26,658.22,88933
1633305600,658.22,665.12,645.74,658.91,94801
1633392000,658.91,662.71,652.71,658.91,39369
1633478400,662.79,670.54,657.36,665.12,54341
1633824000,676.74,676.74,655.19,658.91,55797
1633910400,658.91,658.91,646.12,651.16,40240
1634428800,655.04,658.91,643.8,658.14,34196
1634515200,658.14,658.14,632.56,643.41,62559
1634601600,634.11,634.88,608.53,613.18,110546
1634688000,624.81,636.43,616.28,621.71,58775
1634774400,616.28,627.75,615.58,626.36,61630
1635033600,620.16,647.29,619.38,643.41,113978
1635120000,644.96,651.94,635.66,648.06,70258
1635206400,635.12,652.33,612.4,648.84,299356
1635292800,643.41,676.9,640.31,674.42,230090
1635379200,674.42,679.07,662.79,675.19,199592
1635638400,675.19,699.3,663.57,692.25,222689
1635724800,705.43,705.43,674.42,677.52,133727
1635811200,689.92,689.92,670.54,673.64,62963
1635897600,686.82,686.82,671.32,674.34,62379
1636329600,666.67,682.17,663.57,663.57,53173
1636416000,666.67,666.67,643.41,650.39,100951
1636588800,639.61,652.33,638.76,638.76,60792
1636848000,639.53,647.29,630.31,639.92,40711
1636934400,633.33,645.74,633.33,639.46,46501
1637020800,639.53,674.42,635.66,674.42,104559
1637107200,682.17,695.35,668.22,678.29,143618
1637193600,677.52,677.52,655.74,662.02,86241
1637452800,674.42,674.42,648.06,651.16,51751
1637539200,662.79,666.67,645.04,658.91,38185
1637625600,658.91,663.57,639.53,648.06,64274
1637712000,648.06,648.06,636.98,644.19,96252
1637798400,644.19,653.49,639.53,652.71,81644
1638057600,647.29,647.29,630.23,633.33,66398
1638144000,638.76,639.53,617.83,620.16,73172
1638230400,630.85,630.85,612.4,627.91,94516
1638316800,620.16,637.21,620.16,623.88,25231
1638403200,624.03,624.03,604.65,610.85,114952
1638662400,608.53,608.53,588.06,593.02,73387
1638748800,589.15,610.08,577.52,610.08,68582
1638835200,612.4,616.43,593.02,593.8,48358
1638921600,589.15,589.15,575.19,580.62,45768
1639008000,578.29,586.05,573.64,575.66,50635
1639267200,579.84,579.84,559.69,562.02,53496
1639353600,551.94,559.69,543.41,549.61,70526
1639440000,560.47,573.26,555.04,573.26,18561
1639526400,584.5,594.57,562.02,567.44,69145
1639612800,570.93,570.93,558.91,568.99,28600
1639958400,580.31,580.31,558.14,559.69,50222
1640044800,569.77,570.54,559.69,566.82,30657
1640131200,577.52,586.05,569.77,582.95,54868
1640217600,594.57,594.57,580.62,589.15,53583
1640476800,593.02,600.78,589.15,596.82,70760
1640563200,596.9,600.0,576.74,576.74,65018
1640649600,573.64,579.07,565.89,572.09,43607
1640736000,562.87,576.74,562.02,573.64,77201
1641081600,585.12,599.22,565.89,596.12,73533
1641168000,596.12,611.16,593.02,607.75,78276
1641254400,612.4,630.78,598.45,626.2,79587
1641340800,635.58,635.58,613.95,616.28,78208
1641427200,606.2,650.39,606.2,649.61,178781
1641686400,662.56,675.19,658.91,672.17,162594
1641772800,674.42,681.4,660.47,666.67,160045
1641859200,674.42,675.97,662.79,670.16,83864
1641945600,674.42,689.53,668.99,671.32,170915
1642032000,672.87,689.92,667.44,682.56,94487
1642291200,682.56,706.98,683.72,697.67,137916
1642377600,711.63,711.63,692.25,696.12,111345
1642464000,697.67,718.6,696.9,708.53,207182
1642550400,722.64,722.64,705.43,706.98,145505
1642636800,706.98,713.18,698.91,710.85,116652
1642896000,724.81,725.04,696.9,700.0,191997
1642982400,697.67,697.67,671.32,671.47,419335
1643068800,658.91,684.5,655.19,672.09,227148
1643155200,672.87,676.74,663.57,666.67,109049
1643241600,667.44,674.34,663.57,666.36,56260
1643500800,679.61,688.37,675.97,684.5,99204
1643587200,689.92,689.92,674.5,675.97,65157
1643673600,678.29,684.5,670.54,674.42,58118
1643846400,674.42,679.84,666.67,666.98,150826
1644105600,663.57,666.67,655.04,661.24,72123
1644192000,661.24,665.12,650.39,653.49,59770
1644278400,662.79,675.97,640.31,648.84,86778
1644364800,651.16,651.16,636.43,641.86,87317
1644451200,643.41,650.39,631.01,634.11,95660
1644710400,621.71,628.68,611.63,625.58,180844
1644796800,628.68,631.01,618.6,624.03,65371
1644883200,624.03,627.91,621.71,624.03,45673
1644969600,624.81,631.78,622.48,625.58,43171
1645056000,624.03,632.56,623.26,632.56,55936
1645315200,619.92,629.46,612.4,622.56,58816
1645401600,626.36,627.91,618.6,624.88,30102
1645488000,624.81,631.78,621.71,626.36,37501
1645574400,627.91,627.91,620.93,623.26,26347
1645660800,623.26,623.26,608.53,612.4,62153
1645920000,612.4,620.16,602.87,606.98,94586
1646006400,618.6,618.6,597.67,599.22,55256
1646179200,596.9,600.78,589.15,590.7,76482
1646524800,602.48,608.53,585.27,595.35,36346
1646611200,596.9,600.7,579.07,600.0,138577
1646784000,608.53,608.53,581.4,589.15,138776
1646870400,589.15,590.7,579.07,587.6,165638
1647129600,596.12,612.4,587.6,606.2,93422
1647216000,608.53,611.63,596.9,603.1,29363
1647302400,604.65,605.43,596.9,598.45,50282
1647388800,598.45,603.1,593.02,595.35,46676
1647734400,601.55,601.55,592.25,596.9,42001
1647820800,600.78,604.65,590.7,599.22,47286
1647907200,596.9,608.53,596.9,604.57,41446
1647993600,604.65,608.53,599.22,608.53,108697
1648080000,604.65,612.4,596.36,604.65,67523
1648339200,604.65,612.4,593.8,593.8,67429
1648425600,589.92,593.02,585.27,589.07,37146
1648512000,586.05,593.02,584.5,586.82,40516
1648598400,587.6,596.9,586.82,594.57,29760
1648684800,598.45,598.45,585.27,592.25,39695
1648944000,596.9,603.1,586.2,590.62,18189
1649030400,602.4,602.4,586.82,590.7,19152
1649116800,602.48,602.48,579.84,582.33,69542
1649203200,581.4,581.4,572.87,575.12,52534
1649289600,581.4,593.02,578.29,593.02,51777
1649635200,593.02,600.0,573.64,591.47,91552
1649721600,600.78,600.78,577.52,582.95,44168
1649808000,579.84,589.15,577.52,586.82,51266
1650153600,598.53,598.53,578.29,582.17,38725
1650240000,586.05,586.05,577.52,579.46,32922
1650326400,581.4,592.87,578.29,589.15,28688
1650412800,600.78,600.78,582.02,585.27,66139
1650499200,596.98,596.98,573.64,593.02,55724
1650758400,604.65,620.16,593.02,617.05,62866
1650844800,620.16,620.16,601.55,601.55,68468
1650931200,608.53,613.18,599.22,608.06,35741
1651017600,599.22,606.05,596.98,606.05,37180
1651104000,604.65,612.4,603.88,606.2,44865
1651449600,604.65,604.65,594.57,599.61,33499
1651622400,596.9,599.22,593.1,598.06,23016
1651708800,590.7,596.9,579.46,592.25,89146
1651968000,582.17,593.02,581.4,593.02,48636
1652054400,604.88,604.88,581.4,600.0,65468
1652140800,602.33,608.53,596.9,608.53,25257
1652227200,615.5,620.16,608.53,613.95,60355
1652313600,620.16,634.88,612.48,626.36,69720
1652745600,626.36,631.01,600.78,600.78,64901
1652832000,604.65,611.63,597.67,609.3,27047
1652918400,615.5,615.5,602.33,605.43,29672
1653004800,604.65,608.53,601.55,604.65,14791
1653264000,608.53,608.53,589.15,592.4,38586
1653350400,589.15,599.22,581.4,595.35,22335
1653436800,606.98,606.98,596.9,600.78,20264
1653523200,612.79,612.79,600.0,605.81,22046
1653609600,608.53,608.53,596.9,598.45,35663
1653868800,610.39,610.39,581.4,589.15,53026
1653955200,596.9,596.9,579.84,583.49,71623
1654041600,581.4,591.47,579.84,589.07,42503
1654128000,589.15,589.15,574.42,577.13,87718
1654214400,577.52,586.82,564.42,572.87,84842
1654473600,576.74,578.29,561.24,563.57,92806
1654560000,564.34,565.12,542.64,549.53,86403
1654646400,542.64,567.44,542.64,560.47,58996
1654732800,558.14,567.21,554.26,555.04,43462
1654819200,566.12,566.12,542.64,555.04,42734
1655078400,555.04,555.04,546.51,550.0,34498
1655164800,547.29,550.39,543.41,545.12,33384
1655251200,555.97,555.97,536.36,545.74,63277
1655337600,545.74,548.76,534.88,540.62,51244
1655424000,542.64,546.51,534.88,538.76,32624
1655596800,541.86,541.86,527.29,528.68,47112
1655683200,527.13,527.13,520.23,522.79,64703
1655769600,527.13,537.67,519.61,531.01,46893
1655856000,531.01,531.01,518.99,519.38,36984
1655942400,519.38,519.38,501.16,506.12,63783
1656028800,502.33,519.38,491.47,510.85,31888
1656201600,520.93,531.78,513.18,531.78,75516
1656288000,535.66,537.21,524.03,525.58,46048
1656374400,515.58,526.36,515.58,521.32,15590
1656460800,523.26,527.13,514.73,526.36,21950
1656547200,528.68,541.63,527.13,541.63,51903
1656633600,543.41,546.51,532.56,534.81,65273
1656806400,534.88,556.59,527.13,556.59,99723
1656892800,558.14,568.99,541.86,545.74,140168
1656979200,545.74,552.71,534.88,534.88,50002
1657065600,534.88,537.21,524.19,534.11,42283
1657152000,544.19,550.39,527.13,531.01,38738
1657238400,531.01,532.56,514.96,517.83,45733
1657497600,513.18,513.18,496.12,502.33,134434
1657584000,502.33,511.63,500.78,509.3,53503
1657670400,509.3,527.13,509.3,527.13,124370
1657756800,519.38,540.93,517.13,537.98,448553
1657843200,537.98,545.74,533.33,539.53,44293
1658016000,550.31,550.31,535.66,544.96,64978
1658102400,544.96,545.74,538.76,544.96,48670
1658188800,549.61,556.59,545.81,552.71,96528
1658275200,550.39,558.14,549.61,555.04,64499
1658361600,565.89,569.77,557.36,559.69,155068
1658448000,561.24,561.94,551.94,552.71,47223
1658620800,552.71,561.94,547.29,561.24,86801
1658707200,568.22,569.38,564.34,566.67,101736
1658793600,566.74,566.74,548.84,549.61,102412
1658880000,549.61,554.19,543.41,551.16,54808
1658966400,558.06,558.06,546.59,549.61,75111
1659052800,551.94,554.26,547.29,548.76,30305
1659225600,550.39,566.67,548.06,562.02,87775
1659312000,565.89,565.89,558.91,559.69,60754
1659398400,565.89,565.89,558.29,558.29,44090
1659484800,558.29,562.02,554.26,554.26,50858
1659571200,558.06,558.06,546.51,547.29,58366
1659657600,542.64,546.36,538.76,539.15,33014
1659830400,542.64,547.29,538.76,541.86,41323
1659916800,552.64,552.64,531.78,537.98,47484
1660003200,537.98,538.76,527.91,532.56,47705
1660089600,527.21,529.46,515.58,522.48,61587
1660176000,515.5,524.81,515.5,518.6,44403
1660435200,518.6,518.6,509.3,512.02,49791
1660521600,503.88,516.67,502.33,516.67,66185
1660608000,526.98,526.98,514.03,514.81,59039
1660694400,515.5,515.5,509.3,511.63,39009
1660780800,512.4,521.71,510.08,517.83,29374
1661040000,519.3,523.26,515.5,517.05,23208
1661126400,515.5,515.5,507.75,513.95,29684
1661212800,517.75,517.75,512.4,513.18,13142
1661299200,519.38,519.38,512.87,514.73,22672
1661385600,515.5,516.05,510.85,510.85,33612
1661472000,509.3,511.63,505.43,507.75,18693
1661644800,504.65,507.75,500.08,500.85,45482
1661731200,500.0,503.88,499.3,503.1,13292
1661817600,509.3,510.08,500.23,500.23,16576
1661904000,503.88,503.88,494.65,494.81,27446
1661990400,494.57,504.65,493.8,497.29,20303
1662076800,503.8,503.88,497.67,500.0,4993
1662249600,500.08,505.43,499.61,502.33,21391
1662336000,495.35,503.88,495.35,501.55,19888
1662422400,501.55,501.94,494.57,498.37,10623
1662508800,497.67,507.6,488.37,492.25,37836
1662595200,496.12,496.9,485.27,489.07,29046
1662854400,486.05,492.17,486.05,488.37,17208
1662940800,486.05,488.37,485.27,486.12,19410
1663027200,492.25,492.25,489.15,490.7,21945
1663113600,492.25,503.88,492.25,503.88,18053
1663200000,506.2,506.2,486.9,488.37,41415
1663286400,481.4,488.29,479.07,486.05,19072
1663459200,480.7,485.97,478.29,478.37,38395
1663632000,480.62,480.62,466.67,467.52,34869
1663718400,476.74,476.74,468.99,472.87,23401
1663804800,481.24,481.24,472.09,475.89,7862
1664064000,479.07,480.62,465.35,468.45,30846
1664236800,472.87,479.07,469.07,472.09,19390
1664323200,472.09,478.29,471.32,474.42,16060
1664409600,474.42,482.95,469.15,479.3,26572
1665273600,487.6,489.92,475.97,489.92,24888
1665360000,491.24,491.24,475.19,481.71,18776
1665446400,480.62,481.4,471.78,472.09,19681
1665532800,472.87,478.84,470.78,474.81,17812
1665619200,472.87,476.74,469.77,474.42,25259
1665878400,480.62,480.62,471.32,472.79,14547
1665964800,474.42,475.97,472.87,472.87,9862
1666137600,476.74,479.07,472.87,476.82,23531
1666224000,476.74,480.62,474.81,477.44,21739
1666483200,478.29,484.42,477.52,479.07,9212
1667174400,488.29,514.73,488.29,511.63,95003
1667260800,515.5,544.19,512.4,538.76,97337
1667347200,542.64,544.19,530.23,537.67,52344
1667433600,534.88,535.66,525.58,530.23,46344
1667692800,534.88,537.21,525.66,534.11,45183
1667779200,541.09,541.09,525.58,525.58,50047
1667865600,524.03,527.13,522.48,524.11,29430
1667952000,531.01,531.01,518.68,519.38,24540
1668038400,520.93,523.26,511.63,511.71,38406
1668297600,511.71,517.75,503.88,511.63,19746
1668384000,511.63,520.16,509.3,518.6,30779
1668470400,527.13,527.13,512.4,515.5,23607
1668556800,516.28,531.01,515.5,527.13,23582
1668643200,536.43,536.43,531.01,533.33,30365
1669075200,542.4,542.64,531.78,531.78,22019
1669161600,531.78,534.88,528.06,529.46,11745
1669248000,531.01,534.88,527.13,534.88,42892
1669507200,538.76,542.64,531.16,541.86,33586
1669593600,542.64,547.13,532.17,534.11,52802
1669680000,527.13,537.98,525.58,533.49,24057
1669766400,530.23,541.86,530.23,540.31,24065
1669852800,538.76,560.47,537.29,551.55,57322
1670112000,551.55,558.14,550.39,552.64,46294
1670198400,551.94,551.94,540.93,541.09,35135
1670284800,542.64,546.51,536.43,537.21,50730
1670371200,531.78,541.86,531.78,533.57,36633
1670716800,523.26,531.01,519.46,519.46,57943
1670803200,516.28,527.05,511.63,526.36,61536
1670889600,526.36,533.33,522.48,524.26,26409
1670976000,520.93,555.81,520.93,523.33,16910
1671062400,520.93,526.28,519.46,520.93,15343
1671321600,515.5,519.38,512.48,515.5,25597
1671408000,515.5,519.38,512.64,515.66,11080
1671494400,517.05,527.13,516.28,521.71,14011
1671580800,511.63,528.68,511.63,517.29,175719
1671667200,506.98,516.28,506.98,515.66,86046
1672012800,521.71,538.76,519.53,537.98,100520
1672099200,542.64,550.39,539.53,542.71,143766
1672185600,544.19,547.29,534.11,534.11,79579
1672272000,544.19,562.79,534.11,559.84,135700
1672531200,563.57,581.4,560.47,572.09,136249
1672617600,572.09,599.07,562.02,593.02,146722
1672704000,600.78,600.78,585.27,595.27,125746
1672790400,589.15,617.83,589.15,607.75,100499
1672876800,619.84,624.03,603.1,612.4,150073
1673136000,611.63,622.48,607.75,612.48,100573
1673222400,612.4,636.43,605.43,623.26,208228
1673308800,628.68,647.29,617.05,624.03,205989
1673481600,636.51,641.86,621.01,622.48,157664
1673913600,634.88,635.66,617.13,632.79,99350
1674000000,635.66,639.53,623.26,628.68,94624
1674086400,628.68,658.91,623.33,655.04,216337
1674432000,668.14,668.14,644.19,647.29,151120
1674518400,658.53,658.91,639.61,644.96,90781
1674604800,654.96,654.96,637.98,639.53,72897
1674691200,644.96,646.12,634.11,638.76,76729
1674950400,637.98,646.2,635.66,640.31,86314
1675036800,635.66,643.41,628.29,629.38,92484
1675123200,631.78,635.66,622.95,626.74,87591
1675209600,621.71,637.98,621.71,631.86,58462
1675296000,631.86,639.53,621.71,628.22,67366
1675555200,628.68,639.53,628.68,633.33,71506
1675641600,624.11,644.19,624.11,641.86,78309
1675728000,631.86,650.78,631.86,647.29,154737
1675814400,657.83,660.47,646.51,647.29,97610
1675900800,646.51,652.56,643.41,651.16,49992
1676160000,639.53,647.29,633.33,636.36,93577
1676332800,633.41,636.43,628.06,632.17,84726
1676419200,627.98,636.43,627.98,633.33,57530
1676505600,627.91,634.11,627.91,629.07,45965
1676851200,627.13,635.58,618.6,631.78,68598
1677024000,636.43,636.43,626.36,634.11,55398
1677110400,626.36,631.78,622.79,631.01,98136
1677369600,627.98,631.78,615.35,627.91,98067
1677456000,627.91,635.66,621.01,629.46,62896
1677542400,620.93,632.17,620.93,629.07,37309
1677628800,624.11,631.78,623.33,624.81,40211
1677715200,624.81,624.81,618.68,620.16,54595
1677974400,630.23,630.23,614.11,615.5,32917
1678147200,616.28,620.93,610.85,617.05,38109
1678320000,613.18,627.91,613.18,626.36,28688
1678579200,635.66,637.21,617.83,618.6,31706
1678665600,620.16,630.23,602.25,602.33,79814
1678752000,606.82,612.4,586.82,592.25,136733
1678838400,598.45,598.45,572.87,579.84,138593
1678924800,585.27,585.27,570.62,581.4,66560
1679184000,585.27,585.27,572.87,575.19,53939
1679270400,580.62,580.62,566.74,572.09,84134
1679443200,573.72,573.72,558.91,560.47,113311
1679529600,565.12,565.12,516.67,531.78,314524
1679788800,531.78,541.01,527.13,532.56,115245
1679875200,527.13,538.76,523.49,538.76,57816
1679961600,548.84,548.84,533.33,534.11,62508
1680048000,534.88,537.98,532.56,534.11,51749
1680134400,542.64,542.64,534.11,535.5,30902
1680393600,535.5,557.44,534.11,536.43,72783
1680480000,546.43,546.43,531.78,534.88,42504
1680566400,542.64,542.64,531.01,540.0,47314
1680652800,541.86,542.64,535.66,539.69,26748
1680739200,546.51,546.51,537.21,540.31,30695
1680998400,540.31,541.09,534.88,537.21,35930
1681084800,533.33,539.46,533.33,537.21,39095
1681171200,542.64,545.74,536.67,540.7,24498
1681257600,545.74,569.77,545.74,565.89,87390
1681344000,569.77,573.64,557.36,559.69,73696
1681603200,565.89,593.8,558.91,568.22,50033
1681689600,565.89,572.09,563.88,564.34,42664
1681776000,562.79,572.87,559.77,569.77,36250
1681862400,575.04,575.19,566.67,574.19,43290
1681948800,585.66,585.66,565.12,568.99,78369
1682208000,569.77,570.54,559.84,560.47,32862
1682294400,561.24,561.24,555.81,555.81,26276
1682380800,561.94,569.77,556.59,569.77,23019
1682467200,569.77,570.54,561.24,561.24,32344
1682553600,562.02,563.18,558.14,562.02,19375
1682812800,562.79,571.01,555.89,558.14,15050
1682985600,565.12,565.12,553.49,553.49,18441
1683072000,554.26,554.26,550.47,552.4,14729
1683158400,558.14,560.47,548.06,555.81,22581
1683417600,555.81,560.47,549.77,554.19,21718
1683504000,551.94,557.36,547.67,548.84,27837
1683590400,548.99,558.14,542.71,551.86,20728
1683676800,557.36,557.36,549.61,549.61,17826
1683763200,550.31,551.86,548.06,549.61,22977
1684022400,555.81,555.81,541.86,541.86,65044
1684108800,541.94,547.29,537.29,538.45,43687
1684195200,538.99,545.74,534.34,534.88,72505
1684281600,534.88,546.12,534.88,542.64,68132
1684368000,542.64,550.0,541.16,549.22,96034
1684627200,551.94,554.26,546.51,548.84,48741
1684713600,548.84,550.31,542.64,547.21,68416
1684800000,551.94,561.24,550.39,558.91,100970
1684886400,562.02,588.37,555.89,568.6,37135
1685232000,569.77,579.07,560.47,562.17,57567
1685404800,559.46,562.02,542.64,554.26,66387
1685491200,550.39,555.81,541.09,544.96,86240
1685577600,550.39,555.04,541.47,553.1,64360
1685836800,550.39,569.77,550.39,552.4,85849
1685923200,561.94,561.94,551.94,552.02,51968
1686009600,555.04,558.14,552.79,555.04,20101
1686096000,555.04,561.24,554.34,555.43,35488
1686182400,554.26,559.61,553.88,557.36,28350
1686441600,558.91,569.77,555.19,566.67,97299
1686528000,568.22,578.29,568.22,572.87,57704
1686614400,584.26,584.26,568.22,581.4,87057
1686700800,569.77,607.75,569.77,600.78,142091
1686787200,600.78,603.1,589.15,603.1,54223
1687046400,608.53,609.3,596.12,603.1,44461
1687132800,603.88,604.65,594.57,595.5,54506
1687219200,600.78,603.1,585.27,588.37,34384
1687305600,592.25,597.67,581.4,581.4,52004
1687392000,585.27,589.15,575.97,581.4,63239
1687651200,581.4,596.9,573.64,596.12,89107
1687737600,606.82,614.73,600.78,610.08,104175
1687824000,620.16,622.79,608.53,620.39,74430
1687910400,627.13,631.01,606.2,608.91,100750
1688256000,604.65,616.59,593.8,595.74,85825
1688342400,595.74,600.0,589.92,593.8,37583
1688428800,596.9,603.88,589.92,596.9,48521
1688515200,596.98,604.65,593.8,596.43,56329
1688601600,603.8,603.8,589.92,593.8,37975
1688860800,603.8,612.33,598.68,611.63,43972
1688947200,615.5,617.83,608.53,611.55,61999
1689033600,612.4,615.43,605.43,606.98,37571
1689120000,612.4,615.12,600.78,604.65,49480
1689206400,612.4,612.4,604.03,606.12,40669
1689465600,612.4,617.05,606.2,615.35,48967
1689552000,618.6,625.58,611.63,622.48,55849
1689638400,627.6,634.11,622.48,627.91,83521
1689724800,627.91,633.33,620.16,627.91,181640
1689811200,633.33,634.11,624.96,628.68,67669
1690070400,635.66,639.61,626.36,637.21,136053
1690156800,639.53,639.53,624.88,627.91,89524
1690243200,627.83,631.78,614.73,615.89,86821
1690329600,620.16,624.03,610.85,612.48,68079
1690416000,600.23,621.71,600.23,607.75,61909
1690675200,618.6,618.6,600.08,602.33,74894
1690761600,609.3,620.16,597.13,608.53,51397
1690848000,596.9,615.5,596.9,603.1,48045
1690934400,612.4,612.4,600.16,603.88,34169
1691020800,612.4,614.81,606.28,611.63,42059
1691280000,620.16,629.46,600.0,603.1,141442
1691366400,596.9,609.3,596.9,600.78,52929
1691452800,600.78,607.75,596.98,596.98,30614
1691539200,597.67,609.22,596.9,609.22,32720
1691625600,609.3,612.4,598.68,610.08,65038
1691884800,611.63,620.16,606.2,618.6,51617
1691971200,618.6,624.81,617.05,618.6,69704
1692057600,619.38,619.38,607.83,608.53,29917
1692144000,608.53,608.53,599.22,608.53,31107
1692230400,608.53,617.83,603.1,606.12,27752
1692489600,601.63,612.4,601.63,604.65,34292
1692576000,598.45,612.4,598.45,603.88,26580
1692662400,603.49,610.08,602.4,606.2,11727
1692748800,604.73,624.65,604.65,620.16,48779
1692835200,620.16,625.66,615.5,615.89,64412
1693094400,611.63,615.5,606.59,612.4,22697
1693180800,624.03,624.03,610.85,611.63,23084
1693267200,612.4,616.98,609.3,610.47,18161
1693353600,613.95,619.38,610.23,610.93,33034
1693699200,610.85,612.4,605.81,606.98,23300
1693785600,607.05,610.23,600.78,606.98,34063
1693872000,608.53,608.53,603.1,603.72,14746
1694044800,603.88,603.88,599.3,600.78,29986
1694304000,604.65,612.4,600.78,604.65,27417
1694390400,604.65,624.03,603.1,618.68,49803
1694476800,620.16,623.26,613.95,614.34,22370
1694563200,621.71,638.76,618.53,634.88,97903
1694908800,647.52,660.47,622.56,631.01,337149
1694995200,634.11,634.11,619.38,624.73,53973
1695081600,624.81,624.81,617.52,624.03,48207
1695254400,634.88,634.88,619.38,620.16,118792
1695513600,625.58,630.23,616.28,617.83,109470
1695600000,620.16,626.2,613.18,613.95,58347
1695686400,620.16,620.16,606.2,611.32,106020
1695772800,620.16,620.16,596.36,602.64,79635
1696118400,604.65,612.4,588.06,593.02,122313
1696204800,593.02,593.8,586.05,590.31,285352
1696291200,600.0,601.0,573.0,573.0,91760
1696377600,573.0,573.0,566.1,568.0,55162
1696464000,567.0,567.0,559.0,562.0,38826
1696723200,562.0,573.0,548.1,549.0,81362
1696809600,555.0,558.0,541.0,541.9,40407
1696896000,542.9,544.0,535.3,536.0,56229
1696982400,536.3,542.9,531.0,535.0,66243
1697068800,538.0,538.0,529.0,531.0,47891
1697414400,536.0,541.0,510.0,515.0,66053
1697500800,516.0,528.0,515.0,517.2,57459
1697587200,520.0,539.0,520.0,538.0,31104
1697673600,538.0,546.0,532.0,542.5,45018
1698537600,541.0,542.0,531.1,533.6,28904
1698624000,543.9,543.9,530.2,536.2,16196
1698710400,535.1,543.0,529.0,530.0,21230
1698796800,539.7,539.7,527.0,530.0,14536
1698883200,527.0,530.0,519.3,519.4,26372
1699142400,520.0,520.0,499.9,501.0,60499
1699228800,504.0,505.9,497.6,498.0,42864
1699315200,499.9,505.5,499.0,505.5,28094
1699401600,505.0,509.8,502.0,502.5,15773
1699488000,512.5,512.5,498.0,499.3,23830
1700438400,508.0,508.0,499.0,500.0,23771
1700524800,501.0,501.0,495.0,495.0,13252
1700611200,496.0,499.9,490.1,498.0,11581
1700697600,498.0,505.0,498.0,504.0,25084
1700956800,506.0,518.0,502.0,518.0,31405
1701043200,520.0,527.8,510.0,513.0,19627
1701129600,508.1,514.0,508.1,511.0,8467
1701216000,511.0,514.0,508.0,508.0,8435
1701302400,516.0,516.2,499.0,500.0,42251
1701561600,500.0,505.0,491.5,498.0,16859
1701648000,495.1,502.0,495.1,497.0,15691
1701734400,497.0,500.1,495.0,498.9,19564
1701820800,497.0,500.0,495.0,495.6,12300
1701907200,505.0,505.0,491.0,497.5,22557
1702166400,505.0,530.0,505.0,524.0,6616
1702252800,525.0,529.9,505.0,509.9,93195
1702339200,509.0,517.8,504.0,510.0,62527
1702425600,514.0,520.0,505.1,510.0,57588
1702512000,508.0,511.8,501.6,506.9,40832
1702771200,500.0,507.0,497.0,501.0,76166
1702857600,504.5,519.0,501.0,515.0,139478
1702944000,524.0,532.0,518.0,530.0,107626
1703030400,532.0,549.8,532.0,545.0,99290
1703116800,545.0,555.0,530.0,532.0,96029
1703376000,530.0,540.0,521.5,528.0,75142
1703635200,523.0,530.0,519.0,520.0,90557
1703721600,520.0,525.0,511.0,512.0,66034
1704067200,515.0,524.9,512.0,513.9,32342
1704153600,520.0,520.0,509.0,509.9,42542
1704240000,511.0,515.0,509.0,514.1,30658
1704326400,512.3,517.0,509.0,510.9,51626
1704585600,510.0,510.0,498.0,499.0,111777
1704672000,499.5,505.0,494.2,504.0,94978
1704758400,514.0,514.0,506.0,507.0,69070
1704844800,509.0,523.0,509.0,518.0,112076
1704931200,522.7,522.7,510.0,512.9,50497
1705190400,515.0,517.8,510.0,511.2,53006
1705363200,515.0,515.0,508.0,514.0,209619
1705449600,516.0,525.0,507.0,512.0,114163
1705536000,510.0,515.0,505.0,509.0,82751
1705795200,509.0,509.0,495.0,496.1,169221
1705881600,495.0,498.0,488.0,489.0,108014
1705968000,495.0,496.0,477.0,478.6,138735
1706054400,469.1,494.4,469.1,477.3,67640
1706140800,486.8,486.8,476.0,480.0,85602
1706400000,489.0,489.0,480.0,481.0,55234
1706486400,482.0,483.9,478.0,479.7,50577
1706572800,480.0,487.0,478.5,479.0,46693
1706659200,481.0,481.9,474.0,475.0,64290
1706745600,475.5,475.5,463.1,466.0,96457
1707004800,466.0,470.0,459.0,468.5,71555
1707091200,471.0,476.1,469.0,474.9,46778
1707177600,474.9,482.9,474.9,477.8,58942
1707264000,487.3,487.3,478.6,479.0,52013
1707350400,488.5,488.5,470.0,474.6,49857
1707609600,465.2,471.0,450.8,455.1,182831
1707696000,450.0,455.0,439.0,450.1,309656
1707782400,450.1,454.0,440.1,441.9,174782
1707868800,433.1,448.0,433.1,443.0,83609
1707955200,434.2,440.0,430.0,433.0,200617
1708214400,433.0,455.8,433.0,444.0,307692
1708387200,436.0,452.9,436.0,442.0,118355
1708473600,448.0,448.0,439.0,440.0,141689
1708560000,438.6,440.0,423.4,427.0,149028
1708819200,427.0,430.0,410.0,410.9,176046
1708905600,408.0,419.9,405.1,418.0,98421
1708992000,415.0,426.0,412.3,418.5,70324
1709078400,413.4,418.0,413.0,415.0,36695
1709164800,415.0,415.0,408.0,412.0,109726
1709424000,412.0,417.0,406.0,407.0,60400
1709510400,415.1,438.0,415.1,435.0,11800
1709596800,435.0,439.0,414.0,416.9,107535
1709683200,421.0,424.9,411.4,418.0,73115
1709769600,425.9,425.9,418.1,421.9,39804
1710028800,425.0,428.9,419.5,420.0,84813
1710201600,428.4,434.0,422.0,433.5,85533
1710288000,442.1,442.1,428.0,432.0,84991
1710374400,432.0,432.9,425.1,425.1,67871
1710633600,424.2,424.2,417.0,418.0,58774
1710720000,416.0,421.5,416.0,418.2,45079
1710806400,420.0,423.0,417.0,417.2,20842
1710892800,417.0,425.0,415.5,417.0,41724
1710979200,419.0,419.9,414.1,414.1,28308
1711324800,410.1,413.0,409.0,410.1,71062
1711411200,415.0,415.0,409.2,413.0,29379
1711497600,413.0,413.0,408.0,411.0,42526
1711584000,413.9,414.0,407.0,410.0,33224
1711843200,413.0,413.0,406.0,407.0,30600
1711929600,410.0,412.5,405.0,407.9,51254
1712016000,412.0,412.0,405.0,406.8,28130
1712102400,410.0,410.0,399.0,402.0,59686
1712188800,400.0,402.0,398.0,398.0,61026
1712448000,398.0,398.8,390.3,397.0,80715
1712620800,400.0,406.9,396.9,398.8,47203
1712707200,405.9,405.9,394.1,395.0,40657
1713052800,398.0,400.0,394.0,395.0,29072
1713139200,392.0,395.0,390.0,391.0,63551
1713225600,389.0,393.0,387.3,390.0,33400
1713398400,387.4,390.0,383.0,385.0,38828
1713657600,377.3,380.0,366.1,373.0,127611
1713744000,372.0,373.0,357.1,358.0,105899
1713916800,358.0,360.0,345.0,351.0,132036
1714003200,351.5,355.0,346.0,348.5,49901
1714262400,355.4,355.4,347.0,351.6,60351
1714348800,358.6,358.6,351.6,352.0,45855
1714435200,359.0,365.0,351.1,363.0,69508
1714608000,370.2,370.2,357.0,357.0,63914
1714867200,356.1,359.0,349.0,349.0,53700
1714953600,345.1,351.9,344.6,346.9,59983
1715040000,350.0,355.9,347.1,348.0,47490
1715126400,349.1,352.0,341.6,350.0,47782
1715212800,345.0,352.8,345.0,350.0,29902
1715472000,350.0,355.0,347.0,352.0,39449
1715558400,350.0,364.9,350.0,363.0,55261
1715644800,368.1,369.0,356.8,365.5,47874
1715731200,359.0,370.0,357.8,358.0,64416
1715817600,365.1,365.1,355.1,360.1,75546
1716076800,367.3,385.7,362.0,385.0,135375
1716163200,385.0,421.0,385.0,419.9,276638
1716249600,420.0,432.7,407.1,429.5,201842
1716336000,430.5,458.0,420.4,452.9,287668
1716681600,455.0,458.0,435.0,435.1,219186
1716768000,443.8,443.8,424.5,428.0,161570
1716940800,435.0,442.0,412.6,414.0,116281
1717027200,417.0,417.9,402.0,407.6,99271
1717286400,407.0,429.3,407.0,424.0,112458
1717372800,425.0,427.1,413.0,415.1,52109
1717459200,423.4,423.4,414.0,415.5,31000
1717545600,415.0,415.0,407.2,412.0,40825
1717632000,410.0,412.8,407.0,408.0,40467
1717891200,416.1,416.1,401.0,401.0,63378
1717977600,409.0,409.0,400.0,401.1,57100
1718064000,409.1,421.0,402.0,418.0,71137
1718150400,425.0,425.0,418.0,418.0,81660
1718236800,418.0,418.0,411.5,415.1,45758
1718496000,416.0,420.0,410.0,412.0,69817
1718668800,407.0,410.0,403.0,404.0,58636
1718755200,402.0,408.0,402.0,404.0,30586
1718841600,412.0,412.0,401.1,401.1,42682
1719100800,409.0,409.0,400.0,403.0,32541
1719187200,408.9,408.9,400.0,400.4,40516
1719273600,408.3,408.3,397.2,398.1,42749
1719360000,406.0,406.0,396.6,397.0,45572
1719446400,397.0,399.0,394.0,397.0,56848
1719705600,400.0,400.0,393.5,394.1,45391
1719792000,400.0,400.5,391.1,400.0,48992
1719878400,408.0,440.0,408.0,418.0,147642
1719964800,410.6,420.0,407.0,420.0,75714
1720051200,420.1,430.1,417.0,424.6,106679
1720310400,430.0,430.0,421.3,429.0,73287
1720396800,430.0,434.0,426.4,427.0,74221
1720483200,425.0,435.0,422.0,433.1,72357
1720569600,441.7,441.7,433.0,438.0,98818
1720656000,446.7,447.2,438.0,446.1,117154
1720915200,455.0,468.0,447.0,449.0,157454
1721001600,457.9,457.9,443.0,443.2,155082
1721088000,452.0,469.0,439.0,461.0,139792
1721174400,470.2,482.4,466.0,478.6,193151
1721260800,478.0,525.0,469.2,500.0,331046
1721520000,500.0,511.0,492.5,504.2,272349
1721606400,508.0,513.0,492.0,502.0,201152
1721692800,502.0,513.0,490.0,508.0,280089
1721779200,510.0,520.0,497.9,499.0,218750
1721865600,499.0,505.0,491.0,501.9,163606
1722124800,511.9,552.0,511.9,552.0,642139
1722211200,563.0,573.0,533.0,534.5,415282
1722297600,534.5,537.6,515.5,530.0,296884
1722384000,533.1,539.0,525.0,530.0,321197
1722470400,540.6,540.6,516.0,517.0,397416
1722816000,506.7,506.7,480.0,495.9,677340
1722902400,495.9,495.9,474.0,474.4,499757
1722988800,470.0,487.4,470.0,483.0,214696
1723075200,483.0,495.0,480.0,487.0,245160
1723334400,490.0,508.0,490.0,504.3,437035
1723420800,514.0,534.0,504.0,525.0,429436
1723507200,535.5,535.5,513.0,516.0,192089
1723593600,516.0,523.0,508.0,520.0,193085
1723680000,520.0,557.0,518.5,545.1,751075
1723939200,550.0,564.0,535.0,537.7,480715
1724198400,539.0,539.0,525.0,530.0,209828
1724284800,530.0,542.6,527.0,528.0,198426
1724544000,528.0,537.9,515.0,516.0,264501
1724716800,515.0,525.0,496.1,497.0,251927
1724803200,506.0,516.0,493.0,498.0,141796
1724889600,498.8,503.0,489.3,494.0,125957
1725148800,503.8,503.8,485.0,485.2,122470
1725235200,485.0,503.9,480.0,501.0,124169
1725321600,501.0,512.0,489.6,498.0,196070
1725408000,507.9,507.9,480.0,482.0,78221
1725494400,484.0,489.0,473.0,479.0,85177
1725753600,487.0,488.0,470.0,474.5,63926
1725840000,476.0,479.0,460.0,465.0,108664
1725926400,468.0,473.0,455.0,460.0,121413
1726012800,460.0,465.5,457.1,458.5,73610
1726099200,467.6,470.0,456.0,469.0,89053
1726358400,475.0,478.2,460.0,462.0,121891
1726444800,469.0,469.0,452.1,452.9,93821
1726617600,458.0,458.0,447.0,455.0,59933
1726963200,464.1,471.0,449.2,452.0,78178
1727049600,461.0,461.0,443.0,444.5,87158
1727136000,441.1,444.0,430.0,430.2,114932
1727222400,427.0,442.6,427.0,442.5,78402
1727308800,433.7,448.0,433.7,437.0,57402
1727568000,435.0,440.0,429.0,436.0,32022
1727654400,442.7,442.9,435.0,440.0,39543
1727740800,447.5,463.9,441.0,458.7,118682
1727827200,465.0,474.0,458.0,462.0,106390
1728172800,470.0,476.9,462.0,474.0,70077
1728259200,483.0,483.4,475.0,475.0,61966
1728345600,470.0,485.0,468.0,480.0,270991
1728432000,480.0,483.0,473.0,478.0,38554
1728950400,487.5,489.0,476.0,486.8,14812
1729036800,494.0,501.9,484.0,498.7,302170
1729123200,498.0,505.0,493.0,493.0,80563
1729382400,484.0,495.0,479.1,480.0,187805
1729468800,472.0,480.0,468.4,469.2,70285
1729555200,475.0,476.0,459.5,465.0,104000
1729641600,460.0,460.0,450.0,452.0,182640
1729728000,450.0,455.0,439.0,443.0,104890
1729987200,443.0,446.0,437.0,444.0,55784
1730073600,452.0,452.0,441.0,443.0,59809
1730160000,445.0,452.0,445.0,450.9,65634
1730246400,450.0,454.0,443.1,445.8,77838
1730764800,440.3,455.8,440.0,444.0,51361
1730851200,445.0,447.0,439.0,440.0,63545
1731196800,448.0,449.8,442.1,449.8,82617
1731283200,458.0,462.1,450.0,454.0,159935
1731369600,463.0,463.0,450.0,457.0,98128
1731456000,464.1,464.1,448.0,451.7,70413
1731542400,450.1,453.0,443.3,445.1,124178
1731801600,445.5,447.0,440.0,440.3,164538
1731974400,442.0,442.0,429.1,431.2,230820
1732060800,439.8,439.8,428.0,429.9,116555
1732147200,431.0,433.0,426.0,426.3,111250
1732406400,430.0,430.0,423.0,427.0,112104
1732492800,435.5,435.5,422.1,425.0,108838
1732579200,431.0,435.7,425.1,434.5,114088
1732665600,435.0,438.8,431.6,436.9,77997
1732752000,437.0,437.9,430.0,435.3,81755
1733011200,444.0,444.0,427.2,428.8,126527
1733097600,430.0,430.0,425.0,427.9,181491
1733184000,436.0,436.0,417.0,419.8,410484
1733270400,420.0,425.0,415.0,415.2,143772
1733356800,406.9,415.0,406.0,409.9,155704
1733616000,409.9,414.9,400.1,405.0,159922
1733702400,396.9,411.4,396.9,405.0,66907
1733788800,396.9,411.0,396.9,405.0,58539
1733875200,404.0,415.0,397.0,415.0,150942
1733961600,423.3,423.3,402.8,403.0,84801
1734307200,403.0,403.0,395.0,398.2,113101
1734393600,396.0,399.9,395.5,397.0,80508
1734480000,389.1,412.0,389.1,392.0,83131
1734566400,384.2,395.1,384.2,392.9,73620
1734825600,392.9,400.6,387.1,390.0,73760
1734912000,382.2,391.0,382.2,388.8,82637
1734998400,395.0,398.0,390.0,396.0,51143
1735171200,388.1,409.9,388.0,403.0,92340
1735430400,400.0,404.7,391.0,391.0,70534
1735603200,383.2,395.0,376.6,385.0,132291
1735689600,377.3,388.0,377.3,383.6,43278
1735776000,390.0,390.0,377.4,386.9,58340
1736035200,385.0,389.7,382.7,384.0,88991
1736121600,388.0,390.0,382.1,388.0,78034
1736208000,395.7,395.7,384.0,387.8,59219
1736294400,393.5,393.5,383.0,387.0,45107
1736380800,386.0,388.0,381.0,383.4,78694
1736640000,385.0,385.2,381.0,381.0,36094
1736726400,388.6,388.6,377.5,377.6,84072
1736899200,370.1,384.0,370.1,377.8,51468
1736985600,375.2,377.8,368.0,368.9,67591
1737244800,365.1,370.0,361.6,366.0,83984
1737331200,362.0,363.6,351.6,357.5,187054
1737417600,357.0,361.0,354.0,359.0,85995
1737504000,359.0,370.0,355.0,369.8,137664
1737590400,369.0,371.8,364.3,366.0,59766
1737849600,362.1,364.9,356.0,356.5,87702
1737936000,362.8,362.8,351.0,353.0,95052
1738022400,353.0,362.0,350.0,357.0,104728
1738454400,355.0,367.0,355.0,367.0,81796
1738540800,369.2,385.5,369.0,372.0,147482
1738627200,379.0,379.0,367.0,369.3,54568
1738713600,366.0,370.1,363.0,365.0,50984
1738800000,363.0,368.0,359.0,365.9,73453
1739059200,358.6,370.0,358.6,366.0,55880
1739145600,369.9,369.9,363.2,364.1,28859
1739232000,367.0,370.0,361.0,364.0,48342
1739318400,365.0,370.0,360.0,363.1,47038
1739404800,360.0,366.0,360.0,363.0,47627
1739664000,367.0,370.9,365.0,370.7,70533
1739750400,371.0,386.9,370.7,382.0,108899
1739836800,389.0,389.6,375.0,377.0,74518
1740009600,384.5,384.5,373.6,374.5,42089
1740268800,367.1,375.2,365.3,373.1,69490
1740355200,380.5,380.5,371.0,372.0,95948
1740441600,375.0,379.8,373.5,374.5,64721
1740614400,381.0,404.0,381.0,399.0,180854
1740873600,406.0,410.9,392.0,410.0,158503
1740960000,410.0,417.9,402.0,404.0,104126
1741046400,405.0,409.0,397.0,397.0,81739
1741132800,402.0,402.0,390.2,391.0,75942
1741219200,391.0,397.0,390.1,395.0,57950
1741478400,402.0,402.0,387.0,387.5,53120
1741564800,379.8,393.5,379.8,382.0,51563
1741651200,380.0,384.0,375.5,379.0,52438
1741737600,380.0,384.0,379.1,384.0,37447
1742083200,381.0,389.7,375.0,378.0,47059
1742169600,379.0,382.0,374.0,376.0,52266
1742256000,383.0,383.0,372.0,374.9,46712
1742342400,375.0,376.0,371.5,372.1,28240
1742428800,373.6,375.0,370.0,371.31,26250
1742688000,371.0,375.0,364.0,365.0,58246
1742774400,372.0,372.0,360.2,369.08,31813
1742860800,376.4,376.4,362.0,362.76,56734
1742947200,360.0,369.8,359.0,366.94,66232
1743033600,374.2,374.2,365.0,369.68,42064
1743292800,370.0,381.9,370.0,376.42,43372
1743465600,375.0,379.0,369.0,371.77,35751
1743552000,379.2,379.2,368.6,372.08,22972
1743638400,373.0,409.0,371.0,378.09,78106
1743984000,380.0,384.0,375.0,376.82,39850
1744070400,374.0,374.9,370.0,372.49,37140
1744156800,374.0,378.5,373.0,375.1,18012
1744243200,375.0,379.0,375.0,377.54,38690
1744502400,378.0,379.9,371.0,376.04,39615
1744675200,383.0,383.0,375.4,378.78,28213
1744761600,385.0,385.0,377.0,377.87,26891
1744848000,379.0,385.0,378.0,383.07,59899
1745107200,375.5,375.5,369.0,369.81,122259
1745193600,370.0,370.0,362.8,363.72,128678
1745280000,364.0,367.4,361.6,365.22,62793
1745366400,365.0,365.0,357.0,358.22,81937
1745452800,351.1,363.0,351.1,357.67,47357
1745712000,355.5,361.0,353.0,354.09,67402
1745798400,358.0,358.0,350.2,352.89,64893
1745884800,353.0,354.1,350.0,351.57,63441
1745971200,350.3,351.0,346.3,346.84,119600
1746316800,350.0,352.5,346.0,349.46,42458
1746403200,350.0,351.0,344.0,348.79,91034
1746489600,350.0,350.0,342.1,344.23,61181
1746576000,342.0,360.0,340.1,358.27,51281
1746662400,359.0,359.0,347.0,352.29,84006
1746921600,345.3,359.0,345.3,349.98,55925
1747094400,350.0,352.0,344.0,347.21,69156
1747180800,346.0,351.0,345.3,346.24,27056
1747267200,346.0,348.0,339.9,341.58,143396
1747526400,343.8,343.8,335.5,337.51,111931
1747612800,338.0,344.0,336.0,340.13,76308
1747699200,340.0,344.9,337.0,341.04,129948
1747785600,347.8,361.0,343.0,344.08,124236
1747872000,350.0,378.4,344.0,370.91,388565
1748131200,370.0,377.4,359.2,364.6,154179
1748217600,371.8,379.0,354.5,362.83,226738
1748304000,357.1,364.0,355.0,361.45,43915
1748390400,356.0,376.9,356.0,371.62,310444
1748822400,376.0,382.5,366.0,369.69,151086
1748908800,370.0,370.0,354.0,360.12,127629
1748995200,355.1,359.0,352.1,353.97,80718
1749081600,351.1,357.0,350.0,353.75,84068
1749340800,350.0,361.0,348.0,348.67,68124
1749427200,348.0,351.9,345.0,349.81,109064
1749513600,351.0,352.0,345.0,350.1,125344
1749600000,355.0,355.0,347.2,347.71,60834
1749686400,345.0,350.0,345.0,347.74,54077
1749945600,348.5,349.0,344.0,344.15,57297
1750032000,342.2,347.9,342.0,344.81,66024
1750118400,345.0,351.0,340.0,342.68,52555
1750204800,340.5,348.0,340.5,341.66,73017
1750291200,344.9,345.9,337.2,340.63,177028
1750550400,333.9,345.0,333.9,337.67,74852
1750636800,335.5,343.4,333.0,337.54,36751
1750723200,344.0,345.0,335.0,335.39,117512
1750809600,338.5,340.9,335.3,338.68,62197
1750896000,340.0,341.0,336.0,337.42,37902
1751155200,340.0,345.0,335.0,343.92,64107
1751241600,340.1,345.0,338.0,340.78,58312
1751328000,339.2,350.0,338.2,346.22,75776
1751414400,352.0,353.9,343.6,352.39,99579
1751500800,355.0,363.0,347.0,360.53,134444
1751760000,360.0,360.5,353.5,355.23,87837
1751846400,352.0,354.9,347.0,347.77,65015
1751932800,349.5,351.0,342.4,346.83,48932
1752019200,350.0,365.0,347.4,360.46,164992
1752105600,367.6,375.0,363.0,368.59,268028
1752364800,375.9,405.4,375.9,405.4,935652
1752451200,413.5,413.5,400.0,404.59,591115
1752537600,405.0,416.5,391.1,413.64,752172
1752624000,415.0,426.0,410.5,420.05,652885
1752710400,428.4,428.4,414.0,418.72,613888
1752969600,420.0,420.0,404.0,405.83,774408
1753056000,404.5,412.0,400.3,410.35,314794
1753142400,410.0,418.0,406.0,416.42,379370
1753228800,417.0,417.0,407.1,410.62,264074
1753315200,418.8,418.8,403.0,404.97,211844
1753574400,407.0,412.0,398.9,400.35,357867
1753660800,400.0,403.0,388.7,396.3,416122
1753747200,403.0,410.0,395.0,400.89,308929
1753833600,405.0,406.7,388.0,390.2,189372
1753920000,390.0,396.9,383.5,386.43,170007
1754179200,386.0,388.0,381.0,381.91,146401
1754265600,388.7,399.0,385.0,395.76,275662
1754352000,403.5,403.5,385.9,386.38,168482
1754438400,391.0,391.0,385.0,385.51,63156
1754524800,392.8,392.8,383.0,384.68,83056
1754870400,389.0,392.0,381.1,381.26,101169
1754956800,385.0,385.0,376.1,376.92,59057
1755043200,380.0,380.0,370.0,370.48,85556
1755129600,371.8,371.9,363.1,365.66,88358
1755388800,358.4,358.4,340.0,348.64,256794
1755475200,350.0,351.0,344.5,348.23,103749
1755561600,348.5,355.1,348.1,350.65,83058
1755648000,353.0,356.0,350.0,351.12,58516
1755734400,350.1,353.9,348.0,348.38,47481
1755993600,348.2,349.5,343.0,343.56,94633
1756080000,343.0,345.0,337.0,344.34,76387
1756166400,349.9,349.9,344.0,344.53,34295
1756252800,351.4,352.9,345.2,351.44,75720
1756339200,352.0,355.0,350.0,351.32,63594
1756598400,352.0,353.0,345.0,346.46,31039
1756684800,353.3,353.3,341.0,350.02,62119
1756771200,357.0,357.0,345.0,345.15,45243
1756857600,346.5,346.8,344.0,344.79,22544
1756944000,341.3,345.0,341.3,344.18,46045
1757203200,338.0,344.7,338.0,341.54,33752
1757289600,341.0,342.0,338.5,339.78,51679
1758153600,333.0,333.0,308.7,314.0,7459
1758412800,310.5,332.4,310.5,331.42,108087
1758585600,335.0,338.9,333.0,336.8,49990
1758672000,337.0,338.4,331.0,334.0,31306
1758758400,330.1,336.7,330.1,331.2,24603
1759017600,335.0,337.0,333.0,334.0,31511
1759795200,332.0,335.0,326.4,330.2,38679
1759881600,331.5,331.5,318.0,321.0,81048
1759968000,327.4,345.0,326.1,328.0,35932
1760227200,329.0,329.0,318.0,321.0,61096
1760313600,327.0,327.0,320.0,322.0,43486
1760400000,322.0,324.5,316.0,316.7,36339
1760486400,316.0,319.0,315.0,317.0,28907
1760572800,319.0,319.0,314.0,314.1,33027
1760832000,314.0,320.0,313.6,314.1,18515
1761436800,312.1,316.0,312.0,316.0,25544
1761609600,316.0,327.0,316.0,324.0,39389
1761696000,329.7,329.7,317.1,319.0,41189
1761782400,316.0,323.9,312.0,321.0,30393
1762041600,327.4,327.5,320.2,323.9,68588
1762128000,324.0,330.0,321.2,324.0,43294
1762214400,324.0,328.0,320.0,321.0,38008
1762300800,322.0,325.0,319.1,322.5,28471
1762387200,322.0,326.9,320.5,322.0,31827
1762646400,320.0,320.0,315.0,316.2,57077
1762732800,316.0,319.9,311.0,315.9,46722
1762819200,319.0,319.0,311.5,312.2,42493
1762905600,312.4,316.4,311.5,311.8,31341
1762992000,312.0,314.0,308.2,308.9,46844
1763251200,308.9,312.0,307.2,308.3,25022
1763337600,308.0,310.0,307.0,307.5,43796
1763424000,306.3,309.6,306.3,309.0,34492
1763510400,311.9,311.9,305.7,306.9,35247
1763596800,306.1,307.5,304.5,306.4,47593
1763856000,312.2,312.2,307.0,309.0,52221
1763942400,309.0,316.9,309.0,316.9,87011
1764028800,316.9,320.0,312.1,320.0,45468
1764115200,315.0,335.0,315.0,326.0,98559
1764201600,328.9,343.1,321.0,334.9,199986
1764460800,337.2,340.0,328.0,330.0,77227
1764547200,328.0,330.9,323.4,324.0,60641
1764633600,322.0,327.0,317.1,326.9,60134
1764720000,322.9,328.7,319.5,320.0,29618
1765065600,316.5,321.0,315.0,315.8,47682
1765152000,314.0,319.0,314.0,317.0,27639
1765238400,321.0,321.0,315.6,316.1,26045
1765324800,319.9,319.9,315.0,316.2,34740
1765411200,316.0,318.5,315.5,316.0,28406
1765670400,320.0,320.0,315.3,317.0,47368
1765756800,316.1,330.2,316.0,328.0,152335
1765843200,331.9,331.9,323.5,326.0,40675
1765929600,325.0,327.9,321.0,323.0,31340
1766016000,322.0,324.0,316.6,317.0,64599
1766275200,318.0,320.0,315.2,317.0,26822
1766361600,315.2,319.0,310.0,315.4,62478
1766448000,312.8,319.0,312.8,318.0,33536
1766534400,319.0,322.9,316.5,321.0,35797
1766880000,324.0,336.0,320.6,335.0,131308
1766966400,335.0,335.0,324.0,325.0,56073
1767139200,327.0,332.0,324.6,327.0,45656
1767225600,332.9,332.9,322.2,324.8,25445
1767484800,331.2,356.0,331.0,344.0,634749
1767571200,350.0,355.5,344.2,352.3,226433
1767657600,355.0,359.0,351.0,353.1,147211
1767744000,354.0,354.0,343.8,343.8,135639
1767830400,337.0,349.0,337.0,345.9,92775
1768176000,346.0,348.9,339.0,339.1,63530
1768262400,332.4,373.0,332.4,338.0,142207
1768348800,331.3,342.0,331.3,334.2,87141
1768694400,339.7,347.0,335.0,339.0,163190
1768867200,332.5,350.0,332.5,346.0,141100
1768953600,348.0,348.0,340.0,342.0,91181
1769040000,347.9,347.9,337.0,341.9,71540
1769299200,343.9,355.0,340.0,351.2,164488
1769385600,356.9,365.0,347.7,356.0,250861
1769472000,355.0,362.0,346.0,347.0,108099
1769558400,344.2,350.0,344.0,345.9,75584
1769644800,340.0,343.0,337.0,337.3,106393
1769904000,334.0,338.0,330.5,330.5,88265
1769990400,330.5,338.0,330.5,334.0,39025
1770076800,337.0,337.8,321.5,328.0,106817
1770163200,322.0,332.9,322.0,326.0,69033
1770249600,327.0,329.9,325.0,327.7,55997
1770508800,333.9,333.9,327.3,328.7,48970
1770595200,328.2,328.2,322.2,323.0,114234
1770681600,327.9,327.9,320.5,322.0,74460
