date,open,high,low,close,volume
1325635200,27.12,26.63,25.23,25.23,3045
1325721600,25.23,25.72,25.72,25.72,375
1326326400,25.72,27.8,26.22,27.8,250
1326672000,27.8,28.34,28.34,28.34,200
1326758400,28.34,28.34,27.8,28.34,80
1327190400,28.34,28.25,28.25,28.25,45
1327276800,28.25,28.34,28.07,28.07,525
1327536000,28.07,28.07,28.07,28.07,376
1327795200,28.07,28.12,28.03,28.12,150
1327968000,28.12,28.57,28.03,28.57,250
1328054400,28.57,28.71,28.53,28.53,560
1328140800,28.53,28.53,28.53,28.53,50
1328400000,28.53,28.71,28.57,28.71,45
1328486400,28.71,29.25,29.25,29.25,200
1328572800,29.25,28.93,28.71,28.93,1015
1328659200,28.93,28.93,28.93,28.93,15
1329177600,28.93,28.93,28.71,28.93,45
1329264000,28.93,29.38,29.16,29.16,43
1329955200,29.16,28.98,28.93,28.98,138
1330214400,28.98,29.02,29.02,29.02,172
1330473600,29.02,29.57,29.57,29.57,53
1330560000,29.57,29.38,29.38,29.38,30
1330819200,29.38,29.38,29.38,29.38,108
1330905600,29.38,29.84,29.25,29.38,135
1330992000,29.38,29.84,29.38,29.84,43
1331424000,29.84,29.84,29.84,29.84,500
1331510400,29.84,29.79,29.25,29.79,28
1331596800,29.79,29.79,29.79,29.79,20
1331683200,29.79,29.61,29.61,29.61,1250
1332115200,29.61,29.16,29.16,29.16,4395
1332201600,29.16,28.93,28.93,28.93,27
1332633600,28.93,28.93,28.48,28.48,160
1332892800,28.48,28.93,28.48,28.48,36107
1333238400,28.48,28.93,28.93,28.93,1000
1333411200,28.93,28.93,28.93,28.93,175
1333497600,28.93,28.93,28.48,28.48,25
1334188800,28.48,29.02,29.02,29.02,20
1334448000,29.02,29.57,29.57,29.57,10
1334534400,29.57,31.33,30.15,31.33,40
1334620800,31.33,31.92,31.92,31.92,13
1334707200,31.92,35.08,32.5,35.08,95
1334793600,35.08,37.84,35.76,37.48,894
1335052800,37.48,37.07,37.07,37.07,10
1335225600,37.07,38.25,36.84,37.52,1776
1335312000,37.52,37.75,37.52,37.75,1500
1335398400,37.75,38.25,36.8,37.07,6259
1335657600,37.07,38.92,37.07,38.92,3980
1336003200,38.92,38.92,38.92,38.92,23
1336435200,38.92,38.92,38.92,38.92,305
1336521600,38.92,40.46,39.69,40.46,60
1337126400,40.46,41.95,41.18,41.95,80
1337644800,41.95,41.14,41.14,41.14,10
1337817600,41.14,42.72,40.32,42.72,262
1338076800,42.72,43.53,42.72,42.72,20
1339286400,42.72,41.91,41.91,41.91,15
1339372800,41.91,41.09,41.09,41.09,30
1339459200,41.09,41.91,41.91,41.91,10
1340064000,41.91,41.09,39.15,40.64,155
1341187200,40.64,40.64,40.64,40.64,60
1341792000,40.64,39.87,36.62,36.62,260
1341878400,36.62,35.89,34.18,34.67,672
1341964800,34.67,35.49,34.99,35.26,1195
1342051200,35.26,35.49,34.63,35.49,185
1342310400,35.49,35.49,35.49,35.49,500
1342483200,35.49,36.35,35.49,35.94,1821
1342569600,35.94,36.3,35.94,36.3,2060
1342656000,36.3,36.84,36.17,36.84,1404
1342915200,36.84,38.25,36.35,38.25,2531
1343001600,38.25,38.43,37.52,38.43,406
1343088000,38.43,38.2,37.66,38.2,1376
1343174400,38.2,37.97,37.97,37.97,823
1343260800,37.97,38.02,38.02,38.02,30
1343606400,38.02,39.33,38.34,38.88,2877
1343692800,38.88,38.88,38.88,38.88,24
1343779200,38.88,39.1,39.1,39.1,60
1344124800,39.1,39.1,38.38,38.38,582
1344211200,38.38,39.1,39.06,39.06,299
1344297600,39.06,39.1,39.1,39.1,515
1344729600,39.1,39.83,39.1,39.38,699
1344816000,39.38,39.74,39.1,39.74,988
1344902400,39.74,39.78,39.15,39.56,1472
1344988800,39.56,39.69,39.33,39.33,814
1345075200,39.33,40.01,39.33,40.01,712
1345334400,40.01,40.01,39.56,39.6,928
1345507200,39.6,39.56,39.33,39.33,2577
1345593600,39.33,39.33,39.1,39.33,72
1345680000,39.33,40.23,40.01,40.23,132
1346025600,40.23,40.23,39.56,39.56,3835
1346112000,39.56,39.78,39.51,39.78,1115
1346803200,39.78,41.32,40.55,41.32,536
1346889600,41.32,45.3,42.13,45.3,4495
1347148800,45.3,49.82,46.2,49.82,4094
1347235200,49.82,54.79,50.81,54.79,2980
1347321600,54.79,58.77,52.21,58.09,10220
1347408000,58.09,56.96,54.25,55.29,9373
1347494400,55.29,56.73,54.25,56.01,2843
1347753600,56.01,57.37,54.25,57.37,1438
1347840000,57.37,56.24,54.25,54.25,2643
1347926400,54.25,55.33,53.21,54.25,2316
1348012800,54.25,54.25,53.71,53.71,190
1348099200,53.71,54.25,51.58,51.58,261
1348358400,51.58,52.44,50.54,50.54,1675
1348444800,50.54,53.57,51.08,52.53,1261
1348531200,52.53,53.57,53.12,53.57,280
1348617600,53.57,54.02,52.89,52.89,4124
1348704000,52.89,55.06,53.07,55.06,1010
1348963200,55.06,54.61,54.25,54.25,1867
1349049600,54.25,59.4,53.12,59.4,3256
1349136000,59.4,58.23,54.25,54.61,2230
1349222400,54.61,55.33,55.06,55.33,1476
1349308800,55.33,56.06,54.25,56.06,2865
1349568000,56.06,57.14,56.06,56.06,1875
1349654400,56.06,55.2,54.97,55.15,1030
1349740800,55.15,56.46,55.38,56.46,1231
1349827200,56.46,56.96,56.19,56.19,293
1349913600,56.19,56.96,55.88,56.06,1095
1350172800,56.06,58.09,57.01,58.09,25
1350259200,58.09,56.96,55.88,55.88,90
1350432000,55.88,56.96,56.51,56.96,255
1350518400,56.96,58.54,55.92,58.54,965
1351555200,58.54,60.8,58.54,59.67,201
1351641600,59.67,61.03,60.13,60.8,860
1351728000,60.8,59.9,59.72,59.9,45
1351987200,59.9,61.03,59.67,59.85,1782
1352073600,59.85,63.97,59.67,63.97,1261
1352160000,63.97,64.37,62.02,64.37,1138
1352246400,64.37,65.6,65.6,65.6,10
1352332800,65.6,69.12,64.28,65.55,974
1352592000,65.55,64.24,62.34,62.34,280
1352678400,62.34,63.83,60.8,63.83,1724
1353196800,63.83,65.01,65.01,65.01,15
1353369600,65.01,67.27,63.74,65.55,450
1353456000,65.55,69.17,66.86,69.17,125
1353542400,69.17,68.67,68.67,68.67,15
1353888000,68.67,67.31,61.84,63.97,12033
1353974400,63.97,62.7,61.03,61.03,1385
1354060800,61.03,62.79,61.48,61.48,128
1354147200,61.48,62.16,61.48,61.93,1005
1354406400,61.93,63.61,62.39,63.61,1954
1354492800,63.61,63.43,63.29,63.43,321
1354579200,63.43,66.54,63.43,64.87,1562
1354665600,64.87,66.14,64.19,64.92,1198
1354752000,64.92,66.68,62.16,66.68,5054
1355011200,66.68,65.37,63.74,63.79,1711
1355097600,63.79,65.55,64.19,65.55,387
1355184000,65.55,65.73,65.19,65.73,890
1355616000,65.73,65.78,64.65,65.78,300
1355702400,65.78,67.09,66.0,66.0,1400
1355788800,66.0,68.62,66.0,68.62,290
1355875200,68.62,70.07,65.96,67.81,3145
1355961600,67.81,69.17,67.81,67.81,727
1356220800,67.81,66.45,66.45,66.45,1700
1356307200,66.45,67.54,66.45,66.68,2701
1356480000,66.68,67.36,65.37,67.36,925
1356566400,67.36,70.3,65.55,70.3,903
1356912000,70.3,69.17,68.49,69.17,223
1356998400,69.17,67.81,66.68,66.68,175
1357084800,66.68,67.81,66.45,66.68,247
1357430400,66.68,65.46,65.46,65.46,45
1357516800,65.46,64.87,64.65,64.65,130
1357603200,64.65,67.81,65.91,67.81,417
1357689600,67.81,67.13,65.82,66.91,736
1357776000,66.91,67.86,66.36,67.77,688
1358035200,67.77,69.62,67.81,68.71,1076
1358208000,68.71,73.78,70.07,73.78,188
1358294400,73.78,73.78,72.33,72.33,20
1358380800,72.33,71.25,69.17,69.17,565
1358640000,69.17,70.07,68.71,69.84,447
1358726400,69.84,71.47,70.07,71.43,599
1358812800,71.43,71.47,71.43,71.47,55
1358899200,71.47,72.33,70.07,70.07,630
1358985600,70.07,71.47,69.17,69.17,235
1359244800,69.17,72.33,68.26,71.43,659
1359331200,71.43,73.05,70.12,73.05,1180
1359504000,73.05,74.5,73.05,73.28,659
1359590400,73.28,73.28,72.38,73.28,335
1359849600,73.28,74.59,73.78,74.59,2395
1359936000,74.59,75.27,74.59,75.27,187
1360022400,75.27,74.59,74.59,74.59,280
1360108800,74.59,74.82,73.91,74.37,720
1360195200,74.37,75.27,74.59,75.27,565
1360454400,75.27,76.76,75.27,76.76,199
1360627200,76.76,84.4,78.25,84.4,2547
1360713600,84.4,88.38,84.4,87.7,5685
1360800000,87.7,93.13,89.42,91.77,2224
1361059200,91.77,97.29,93.58,95.39,357
1361232000,95.39,95.39,93.49,93.85,825
1361318400,93.85,92.0,90.41,90.41,1730
1361404800,90.41,92.45,88.61,92.45,2320
1361664000,92.45,92.67,90.41,90.41,350
1361750400,90.41,92.22,90.41,90.87,917
1361836800,90.87,91.77,90.87,91.5,639
1361923200,91.5,90.46,90.41,90.41,60
1362009600,90.41,90.87,90.41,90.87,1153
1362268800,90.87,90.41,90.41,90.41,15
1362355200,90.41,91.77,89.51,89.51,1098
1362441600,89.51,89.74,88.15,88.15,1609
1362528000,88.15,89.69,89.42,89.51,190
1362614400,89.51,89.51,89.28,89.46,280
1362960000,89.46,89.06,88.38,89.06,1633
1363132800,89.06,90.87,89.28,90.87,557
1363219200,90.87,92.67,91.32,92.67,309
1363478400,92.67,92.67,90.91,91.32,1261
1363564800,91.32,91.54,89.78,90.46,350
1363651200,90.46,90.41,90.41,90.41,127
1363737600,90.41,91.09,90.46,90.87,540
1363824000,90.87,93.35,90.64,90.64,125
1364083200,90.64,89.51,88.61,88.61,565
1364169600,88.61,89.83,86.39,89.83,200
1364342400,89.83,90.59,88.15,90.59,454
1364428800,90.59,90.59,90.59,90.59,60
1364688000,90.59,90.41,88.15,88.15,205
1364774400,88.15,90.41,87.48,90.41,284
1364860800,90.41,90.87,89.51,89.51,110
1364947200,89.51,89.28,88.15,88.83,206
1365033600,88.83,88.83,87.48,88.15,378
1365292800,88.15,95.39,88.15,95.39,2708
1365379200,95.39,100.81,95.39,100.09,3884
1365465600,100.09,102.08,98.55,99.0,1015
1365638400,99.0,98.33,97.2,97.65,1735
1365984000,97.65,98.69,97.65,97.87,2910
1366070400,97.87,97.2,94.03,95.39,15942
1366156800,95.39,99.18,93.58,99.18,13790
1366675200,104.36,104.36,104.36,104.36,62
1366848000,104.36,104.52,102.21,102.29,567
1367107200,102.29,100.29,100.29,100.29,120
1367193600,100.29,98.37,96.45,96.45,120
1367280000,96.45,94.53,94.53,94.53,30
1367452800,94.53,92.68,89.07,89.53,293
1367712000,89.53,88.07,87.76,87.76,567
1367798400,87.76,86.07,84.54,85.69,2050
1367884800,85.69,85.69,85.69,85.69,75
1367971200,85.69,84.77,84.77,84.77,430
1368057600,84.77,86.07,85.46,86.07,177
1368403200,86.07,91.22,87.76,91.22,50
1368489600,91.22,95.22,92.22,95.22,410
1368576000,95.22,100.91,97.06,98.99,257
1368662400,98.99,100.68,97.22,100.68,3229
1368921600,100.68,101.06,99.14,101.06,480
1369008000,101.06,102.06,101.44,102.06,530
1369094400,102.06,103.52,102.21,102.6,230
1369180800,102.6,104.52,102.98,104.52,662
1369267200,104.52,104.13,102.6,104.13,485
1369526400,104.13,104.52,103.75,103.75,475
1369612800,103.75,103.06,103.06,103.06,85
1369699200,103.06,103.06,102.21,102.21,144
1369872000,102.21,100.68,100.21,100.21,198
1370217600,100.21,100.68,100.21,100.68,293
1370390400,100.68,99.91,99.83,99.91,3345
1370476800,99.91,100.29,100.29,100.29,2420
1370736000,100.29,100.29,100.29,100.29,922
1370822400,100.29,101.44,101.44,101.44,1913
1370908800,101.44,100.68,100.68,100.68,90
1370995200,100.68,100.68,98.68,100.29,4438
1371081600,100.29,102.6,98.68,102.52,2625
1371340800,102.52,101.44,100.52,101.21,2077
1371427200,101.21,101.37,100.52,101.37,1627
1371513600,101.37,100.52,99.91,100.29,1320
1371600000,100.29,101.29,100.29,101.29,1422
1371686400,101.29,101.44,101.29,101.29,1220
1371945600,101.29,100.29,99.14,100.29,295
1372032000,100.29,99.52,98.52,99.52,75
1372118400,99.52,98.52,98.45,98.52,45
1372204800,98.52,99.45,98.37,99.45,250
1372291200,99.45,99.22,99.14,99.22,230
1372550400,99.22,99.14,98.37,99.14,3085
1372636800,99.14,99.83,99.14,99.22,258
1372723200,99.22,99.91,99.83,99.83,1266
1372809600,99.83,100.91,99.91,99.91,562
1372896000,99.91,100.29,99.14,99.91,1335
1373155200,99.91,101.91,99.91,101.91,1922
1373241600,101.91,101.83,100.68,101.83,401
1373328000,101.83,102.98,102.98,102.98,165
1373414400,102.98,106.44,104.52,106.44,910
1373500800,106.44,106.44,106.06,106.06,105
1373846400,106.06,109.51,107.59,109.51,250
1373932800,109.51,111.44,109.9,110.05,1258
1374019200,110.05,113.74,111.44,113.74,929
1374105600,113.74,117.89,113.28,117.89,965
1374364800,117.89,122.96,120.2,122.89,1249
1374451200,122.89,127.27,123.73,124.5,2441
1374537600,124.5,126.42,124.12,126.11,990
1374624000,126.11,127.57,126.81,126.96,1086
1374710400,126.96,130.65,126.96,126.96,265
1374969600,126.96,133.34,129.5,133.34,2247
1375056000,133.34,134.49,132.19,133.34,2029
1375142400,133.34,136.8,131.42,136.8,2798
1375228800,136.8,142.56,134.49,139.72,1304
1375315200,139.72,142.48,136.03,136.03,4058
1375574400,136.03,136.8,133.72,133.72,3745
1375660800,133.72,131.11,127.73,127.73,2981
1375747200,127.73,130.73,122.96,130.73,4910
1375833600,130.73,132.57,130.65,132.57,2817
1375920000,132.57,135.18,132.57,135.18,6265
1376179200,135.18,135.95,134.11,135.95,1438
1376265600,135.95,142.64,135.95,142.64,13345
1376352000,142.64,144.48,142.18,142.94,2096
1376438400,142.94,142.94,142.18,142.18,1253
1376524800,142.18,143.33,142.1,142.94,3510
1376784000,142.94,142.94,141.41,142.94,2110
1376870400,142.94,141.1,138.33,139.87,1208
1376956800,139.87,141.41,137.56,141.41,2894
1377388800,141.41,140.56,136.03,140.56,8826
1377475200,140.56,139.49,135.72,139.1,1386
1377561600,139.1,140.64,139.49,139.49,1044
1377734400,139.49,139.87,137.18,139.87,1397
1377993600,139.87,142.64,138.49,142.64,2840
1378080000,142.64,141.79,140.33,141.64,2415
1378166400,141.64,142.1,140.64,142.02,1185
1378252800,142.02,141.79,139.49,140.64,2681
1378339200,140.64,139.1,138.33,139.1,1252
1378598400,139.1,139.87,138.33,139.1,702
1378684800,139.1,143.33,139.1,143.33,1545
1378771200,143.33,142.94,140.49,142.94,645
1378857600,142.94,145.79,138.41,145.79,3451
1378944000,145.79,148.32,145.4,148.25,1047
1379203200,148.25,154.47,148.25,154.47,1480
1379289600,154.47,161.39,152.78,161.39,2995
1379376000,161.39,172.53,159.85,169.07,4191
1379548800,169.07,167.15,158.31,161.47,1504
1379808000,161.47,161.39,154.47,154.47,1272
1379894400,154.47,154.47,148.4,152.94,1272
1379980800,152.94,155.47,150.63,155.47,1870
1380067200,155.47,155.86,152.4,155.86,3070
1380153600,155.86,157.85,152.17,156.7,1957
1380412800,156.7,158.31,155.16,158.31,560
1380499200,158.31,161.39,158.16,159.85,1590
1380585600,159.85,161.0,159.85,161.0,293
1380672000,161.0,164.08,161.39,161.54,4323
1380758400,161.54,161.39,157.55,159.47,1519
1381017600,159.47,162.08,159.16,161.39,907
1381104000,161.39,163.62,161.0,161.85,1609
1381190400,161.85,165.23,164.46,165.23,639
1381276800,165.23,166.77,159.85,166.77,10451
1381363200,166.77,167.15,166.77,166.77,1054
1382227200,166.77,169.84,169.07,169.07,275
1382313600,169.07,170.76,169.07,169.15,714
1382400000,169.15,172.07,167.54,172.07,1034
1382486400,172.07,172.84,169.15,169.15,1318
1382572800,169.15,171.0,165.77,171.0,7321
1382832000,171.0,169.84,169.84,169.84,76
1382918400,169.84,169.84,169.07,169.46,498
1383004800,169.46,170.0,169.07,169.84,414
1383091200,169.84,170.61,169.84,170.61,627
1383177600,170.61,176.76,170.61,176.76,1189
1383696000,176.76,175.22,173.3,175.22,341
1383782400,175.22,176.76,174.15,176.76,1599
1384041600,176.76,177.37,176.76,177.37,217
1384128000,177.37,182.14,178.68,182.14,471
1384214400,182.14,184.44,178.3,184.44,3914
1384300800,184.44,190.52,184.83,190.52,3432
1384387200,190.52,192.13,188.29,188.29,1228
1384992000,188.29,207.12,192.05,207.12,638
1385251200,207.12,227.79,211.19,227.79,665
1385337600,227.79,235.17,222.49,225.94,2152
1385424000,225.94,227.33,222.87,225.18,142
1385510400,225.18,225.18,220.18,220.18,625
1385596800,220.18,224.56,220.18,220.18,731
1385856000,220.18,222.87,221.26,222.49,937
1385942400,222.49,223.18,219.8,219.8,413
1386028800,219.8,224.02,222.1,222.87,400
1386115200,222.87,228.63,222.87,227.17,1360
1386201600,227.17,235.17,226.71,230.94,1706
1386460800,230.94,234.4,229.79,230.63,1244
1386547200,230.63,230.94,225.18,225.18,896
1386633600,225.18,227.33,216.34,227.33,2626
1386720000,227.33,232.09,227.48,232.09,5581
1386806400,232.09,237.16,232.86,235.55,2131
1387065600,235.55,239.09,233.63,237.47,3913
1387152000,237.47,240.55,235.17,240.55,765
1387324800,240.55,242.08,240.55,242.08,550
1387411200,242.08,257.45,241.31,252.07,3960
1387670400,252.07,261.3,248.54,257.45,2186
1387756800,257.45,272.82,257.45,269.75,1830
1387843200,269.75,279.74,275.13,279.74,2223
1388016000,279.74,284.35,278.66,280.51,477
1388275200,280.51,276.67,268.98,269.44,2362
1388448000,269.44,274.82,265.14,269.6,1797
1388534400,269.6,268.21,253.69,256.69,760
1388620800,256.69,265.14,249.0,265.14,966
1388880000,265.14,263.22,259.84,259.84,810
1388966400,259.84,258.22,254.69,255.92,288
1389052800,255.92,265.14,253.61,259.07,1267
1389139200,259.07,270.44,253.92,270.44,4737
1389225600,270.44,274.36,262.83,268.98,7831
1389484800,268.98,274.36,265.14,268.98,3283
1389571200,268.98,275.9,265.14,270.9,4216
1389657600,270.9,274.75,270.52,272.82,5243
1389830400,272.82,277.44,268.98,275.9,6339
1390089600,275.9,276.67,273.59,273.67,7495
1390176000,273.67,277.44,274.36,275.9,1207
1390262400,275.9,276.67,273.21,275.9,6746
1390348800,275.9,281.35,274.36,278.97,6815
1390435200,278.97,282.81,275.13,276.67,6146
1390694400,276.67,284.35,279.74,283.2,5836
1390780800,283.2,287.81,284.35,284.35,5185
1390867200,284.35,285.89,280.51,284.35,4186
1390953600,284.35,284.35,284.35,284.35,4776
1391299200,284.35,288.19,281.28,284.35,9488
1391385600,284.35,286.27,284.35,286.27,1296
1391472000,286.27,285.12,283.58,283.58,767
1391558400,283.58,287.43,282.97,284.35,836
1391644800,284.35,288.19,283.58,284.35,5653
1391904000,284.35,292.81,284.35,292.81,3140
1391990400,292.81,304.56,298.65,299.72,4135
1392076800,299.72,299.72,292.04,299.72,1602
1392163200,299.72,311.25,299.72,311.25,2898
1392249600,311.25,317.4,305.1,315.09,1256
1392508800,315.09,318.55,311.33,316.63,1368
1392595200,316.63,329.93,315.25,326.62,2474
1392681600,326.62,338.23,329.69,336.69,2191
1392854400,336.69,351.21,335.07,347.91,10674
1393113600,347.91,378.11,353.52,374.65,1041
1393200000,374.65,378.5,342.61,342.76,5972
1393286400,342.76,345.76,332.15,345.45,6185
1393372800,345.45,349.68,342.76,347.37,6352
1393804800,347.37,349.68,345.68,345.68,5733
1393891200,345.68,343.91,340.45,340.45,2220
1393977600,340.45,344.3,338.92,344.3,2012
1394064000,344.3,353.52,345.83,353.52,2448
1394323200,353.52,353.52,348.91,352.9,1419
1394409600,352.9,357.36,347.75,355.44,2971
1394496000,355.44,351.6,345.91,347.75,4059
1394582400,347.75,353.52,345.91,347.75,3930
1394668800,347.75,360.67,347.75,360.67,6151
1395014400,360.67,357.36,353.52,353.52,6751
1395100800,353.52,355.44,345.07,349.68,5276
1395187200,349.68,350.44,348.14,348.91,5714
1395273600,348.91,353.52,348.14,353.52,6502
1395532800,353.52,353.52,346.45,352.75,6201
1395619200,352.75,363.51,353.52,353.52,11240
1395705600,353.52,358.13,353.52,357.36,7430
1395792000,357.36,361.28,351.98,361.2,9154
1395878400,361.2,368.89,357.36,368.89,7820
1396224000,368.89,391.94,368.89,391.87,7148
1396310400,391.87,392.64,384.26,388.49,5411
1396396800,388.49,389.64,384.26,388.1,9493
1396483200,388.1,385.8,381.95,385.8,1290
1396742400,385.8,407.32,388.1,400.4,10885
1396828800,400.4,415.15,395.79,399.63,6329
1397001600,399.63,401.55,397.32,398.4,5537
1397088000,398.4,399.63,394.25,395.86,2293
1397347200,395.86,403.78,392.02,397.63,3553
1397520000,397.63,399.63,395.86,399.63,3325
1397606400,399.63,399.63,395.79,395.79,922
1397692800,395.79,411.54,391.94,411.54,2494
1397952000,411.54,407.32,399.63,399.63,530
1398038400,399.63,395.79,394.25,394.25,1070
1398124800,394.25,402.09,391.94,402.09,1915
1398211200,402.09,416.54,391.94,415.0,12008
1398556800,415.0,426.53,415.0,426.53,1638
1398643200,426.53,442.28,426.53,434.21,4103
1398729600,434.21,439.98,426.53,435.75,5366
1398816000,435.75,442.67,428.07,434.21,13544
1399334400,477.65,477.65,442.9,477.65,1496
1399420800,477.65,525.34,487.19,525.34,7821
1399507200,525.34,546.5,509.53,510.18,2079
1399766400,510.18,510.83,496.46,496.46,225
1399852800,496.46,523.9,505.61,505.61,1020
1399939200,505.61,509.53,496.46,496.46,4273
1400112000,496.46,496.46,486.53,496.2,855
1400371200,496.2,506.0,485.23,506.0,560
1400457600,506.0,505.61,486.53,505.61,310
1400544000,505.61,498.42,481.44,498.42,1293
1400630400,498.42,498.68,492.54,498.68,907
1400716800,498.68,497.77,489.93,497.77,451
1400976000,497.77,489.93,476.87,483.4,909
1401062400,483.4,480.79,470.46,470.99,1425
1401148800,470.99,483.4,471.64,478.17,2532
1401235200,478.17,499.08,470.33,499.08,631
1401580800,499.08,495.81,475.69,475.69,1382
1401667200,475.69,501.3,465.11,501.3,7275
1401753600,501.3,491.37,471.9,491.24,4924
1401840000,491.24,491.24,470.46,475.56,1888
1401926400,475.56,478.17,467.07,478.17,1922
1402185600,478.17,470.33,462.63,463.8,2100
1402272000,463.8,469.81,461.84,462.49,1491
1402358400,462.49,461.84,460.67,461.19,400
1402444800,461.19,471.64,461.19,463.8,2962
1402531200,463.8,470.33,463.8,465.76,3379
1402790400,465.76,474.25,465.76,467.72,920
1402876800,467.72,479.74,463.8,479.74,4650
1402963200,479.74,478.17,463.15,465.11,2073
1403049600,465.11,483.4,463.8,480.79,1205
1403136000,480.79,483.4,476.87,479.48,802
1403481600,479.48,479.48,471.64,479.48,1541
1403568000,479.48,487.19,483.27,486.01,2397
1403654400,486.01,489.93,483.4,488.62,1001
1403740800,488.62,503.0,483.4,499.73,4780
1404000000,499.73,505.61,489.93,503.0,1686
1404086400,503.0,509.53,494.24,509.53,5851
1404172800,509.53,551.99,513.45,546.37,4097
1404259200,546.37,578.25,547.42,568.32,8039
1404345600,568.32,577.47,549.38,563.62,2712
1404604800,563.62,581.12,564.4,580.6,6844
1404691200,580.6,594.45,582.69,587.92,4265
1404777600,587.92,590.53,585.3,587.92,1928
1404864000,587.92,576.42,551.99,562.96,365
1404950400,562.96,563.09,551.99,555.91,5647
1405209600,555.91,566.36,555.25,561.79,857
1405296000,561.79,563.62,551.34,563.62,1038
1405382400,563.62,574.85,563.09,572.24,3320
1405468800,572.24,574.85,564.53,568.45,872
1405555200,568.45,581.38,569.76,569.76,2816
1405814400,569.76,592.23,580.08,587.92,2265
1405900800,587.92,596.41,585.3,595.76,2203
1405987200,595.76,593.14,585.3,593.14,867
1406073600,593.14,589.22,581.38,581.38,1161
1406160000,581.38,591.84,574.85,574.85,1314
1406419200,574.85,593.14,574.85,581.52,1775
1406505600,581.52,587.79,581.38,581.38,68
1406678400,581.38,581.38,572.24,574.85,1134
1406764800,574.85,587.92,574.85,587.92,945
1407024000,587.92,592.1,585.3,585.3,1542
1407110400,585.3,586.61,581.38,581.38,568
1407196800,581.38,590.66,584.0,584.0,567
1407283200,584.0,588.57,582.69,587.92,1878
1407369600,587.92,587.92,576.16,586.35,2849
1407801600,586.35,578.12,577.47,578.12,80
1407888000,578.12,584.65,581.25,584.65,928
1407974400,584.65,590.53,582.69,590.53,1991
1408320000,590.53,602.29,583.34,583.34,4654
1408406400,583.34,589.22,584.91,587.92,2215
1408492800,587.92,587.26,574.85,574.85,1827
1408579200,574.85,563.36,541.14,562.05,1259
1408838400,562.05,561.79,548.72,552.64,423
1408924800,552.64,541.67,517.76,517.76,130
1409011200,517.76,528.08,491.24,491.24,1218
1409097600,491.24,540.36,495.16,522.85,2382
1409184000,522.85,552.64,533.31,541.67,678
1409443200,541.67,535.66,512.14,521.29,1266
1409529600,521.29,521.29,510.97,510.97,400
1409702400,510.97,510.18,497.77,497.77,2182
1409788800,497.77,492.54,483.4,489.93,2034
1410048000,489.93,489.93,467.72,467.72,2289
1410220800,467.72,493.2,476.87,483.66,809
1410307200,483.66,503.13,489.93,489.93,1771
1410393600,489.93,485.36,483.4,485.36,940
1410652800,485.36,489.93,485.36,489.93,1411
1410739200,489.93,503.0,496.46,503.0,450
1410825600,503.0,512.14,499.73,512.14,3854
1410912000,512.14,514.62,501.95,506.26,1276
1410998400,506.26,503.0,503.0,503.0,20
1411257600,497.77,494.5,486.01,487.58,1321
1411344000,487.58,483.66,478.17,483.4,2849
1411430400,483.4,495.16,486.66,491.89,1911
1411516800,491.89,503.0,492.67,503.0,536
1411862400,503.0,519.72,509.53,519.72,196
1411948800,519.72,557.08,527.82,554.6,1045
1412035200,554.6,577.47,548.72,556.56,1425
1412726400,556.56,561.13,539.58,539.58,523
1412812800,539.58,542.19,539.58,542.19,208
1413072000,542.19,533.04,519.98,522.46,1548
1413158400,522.46,525.21,509.53,522.59,868
1413244800,522.59,529.13,522.59,526.51,738
1413331200,526.51,540.75,529.13,531.74,528
1413417600,531.74,548.72,535.66,546.63,2017
1413676800,546.63,556.56,539.58,556.56,1016
1413763200,556.56,561.79,553.95,556.56,973
1413849600,556.56,557.87,547.42,548.72,2468
1413936000,548.72,559.17,539.58,555.25,3593
1414281600,555.25,561.79,551.99,555.25,780
1414368000,555.25,579.42,555.25,574.85,5273
1414454400,574.85,578.77,573.55,574.85,2841
1414627200,574.85,585.3,575.51,581.38,1384
1414886400,581.38,589.22,582.69,583.34,1990
1414972800,583.34,574.85,561.79,563.88,1721
1415059200,563.88,560.48,548.85,551.99,2768
1415145600,551.99,561.79,545.46,557.74,2779
1415232000,557.74,561.79,548.72,552.64,4667
1415491200,552.64,553.3,544.8,546.11,1318
1415577600,546.11,543.63,536.31,543.63,1711
1415664000,543.63,543.76,522.59,543.76,5520
1415750400,543.76,548.59,539.58,539.58,473
1415836800,539.58,544.8,528.86,538.92,3836
1416096000,538.92,542.06,522.59,522.59,5358
1416182400,522.59,522.59,513.06,522.59,1209
1416268800,522.59,522.59,505.74,521.29,4426
1416355200,521.29,523.12,512.14,523.12,4121
1416441600,523.12,523.9,521.29,523.9,2704
1416700800,523.9,536.31,522.59,522.59,6176
1416787200,522.59,525.21,517.5,522.59,3544
1416873600,522.59,522.59,518.67,520.63,530
1417305600,520.63,521.81,514.1,516.06,3086
1417392000,516.06,514.88,508.22,509.53,2080
1417478400,509.53,508.87,496.46,508.87,2189
1417564800,508.87,514.1,505.61,505.61,1123
1417651200,505.61,513.45,499.08,500.38,3621
1417910400,500.38,505.48,500.25,505.48,1413
1417996800,505.48,506.92,496.46,496.59,2532
1418083200,496.59,501.69,492.67,495.16,7280
1418169600,495.16,504.3,495.16,495.94,1824
1418256000,495.94,503.0,496.46,499.08,2048
1418515200,499.08,522.59,509.01,516.06,1779
1418601600,516.06,526.38,509.53,517.37,2102
1418774400,517.37,510.18,508.22,509.66,3290
1418860800,509.66,522.59,516.06,518.67,1742
1419120000,518.67,522.59,518.41,522.2,1500
1419206400,522.2,526.51,503.0,519.98,2796
1419292800,519.98,521.03,509.66,519.98,575
1419379200,519.98,524.55,518.67,521.42,2667
1419724800,521.42,529.26,521.68,529.26,1416
1419811200,529.26,532.13,527.82,530.43,1284
1419984000,530.43,533.7,529.78,530.69,1957
1420070400,530.69,539.58,531.74,532.0,1799
1420329600,532.0,554.6,529.13,554.6,3245
1420416000,554.6,565.71,550.81,561.66,4651
1420502400,561.66,567.8,556.04,567.8,3497
1420588800,567.8,574.85,559.17,574.85,3772
1420675200,574.85,587.92,565.71,574.85,2505
1420934400,574.85,588.57,577.47,582.69,4819
1421020800,582.69,577.47,571.46,575.9,1522
1421107200,575.9,600.33,569.63,600.33,2137
1421193600,600.33,600.98,587.92,593.01,3418
1421539200,593.01,601.64,592.49,593.14,3960
1421625600,593.14,616.79,584.65,599.68,6378
1421712000,599.68,597.72,589.22,589.22,745
1421884800,589.22,591.18,584.0,591.18,1187
1422144000,591.18,597.06,591.18,591.18,1744
1422230400,591.18,597.72,587.92,593.67,2045
1422316800,593.67,593.01,589.22,592.49,778
1422403200,592.49,594.45,591.18,593.14,1615
1422489600,593.14,597.58,590.53,592.49,1057
1422748800,592.49,589.22,586.61,589.22,1368
1422835200,589.22,591.84,587.92,589.22,2454
1422921600,589.22,590.53,585.3,587.92,1839
1423008000,587.92,590.53,586.61,586.61,1859
1423094400,586.61,587.26,582.69,585.3,1343
1423353600,585.3,591.18,587.92,590.53,3190
1423440000,590.53,594.45,587.92,587.92,1963
1423526400,587.92,594.45,589.35,591.71,2494
1423612800,591.71,595.76,582.04,594.06,2430
1423699200,594.06,596.15,591.84,595.1,3794
1423958400,595.1,607.51,597.06,603.59,1084
1424044800,603.59,608.82,600.98,604.25,2223
1424304000,604.25,607.51,600.98,605.55,1660
1424563200,605.55,614.05,607.51,612.09,7642
1424649600,612.09,614.05,612.09,612.09,1779
1424736000,612.09,612.61,607.51,609.87,852
1424822400,609.87,624.5,608.82,612.61,1347
1425168000,629.72,633.64,627.11,627.24,422
1425254400,627.24,638.87,626.46,638.87,1826
1425340800,638.87,633.64,627.11,629.72,1759
1425427200,629.72,640.18,627.11,640.18,2980
1425859200,640.18,652.98,633.64,634.95,1677
1425945600,634.95,629.07,622.28,626.46,2301
1426032000,626.46,626.33,614.05,626.33,441
1426118400,626.33,614.05,606.34,606.34,1582
1426377600,606.34,600.98,589.22,589.22,1091
1426464000,589.22,598.37,582.69,593.14,1138
1426550400,593.14,593.14,589.88,593.14,381
1426636800,593.14,610.78,593.8,610.78,836
1426723200,610.78,614.05,606.86,607.51,1913
1426982400,607.51,606.21,603.59,603.59,376
1427068800,603.59,600.98,587.92,590.53,1510
1427155200,590.53,587.92,583.34,583.34,263
1427241600,583.34,594.45,581.38,593.8,4531
1427328000,593.8,599.68,594.45,594.58,9099
1427587200,594.58,594.45,589.22,591.84,2040
1427673600,591.84,585.96,584.65,585.3,1434
1427760000,585.3,594.32,585.3,593.14,2646
1427846400,593.14,590.53,582.69,586.61,1685
1427932800,586.61,587.92,580.6,587.92,299
1428192000,587.92,591.84,583.34,585.96,1620
1428278400,585.96,607.51,585.3,585.96,12691
1428364800,585.96,591.84,581.38,582.69,10203
1428451200,582.69,597.06,571.59,572.37,10171
1428537600,572.37,577.47,565.05,574.85,8365
1428796800,574.85,595.1,579.29,579.42,3139
1428883200,579.42,580.21,576.03,576.55,4545
1429056000,576.55,575.51,564.4,571.46,2366
1429142400,571.46,574.72,567.27,570.28,3218
1429401600,570.28,573.28,568.32,571.59,3015
1429488000,571.59,571.72,567.01,567.67,2476
1429574400,567.67,574.85,553.95,553.95,5370
1429660800,553.95,559.17,552.64,552.64,1448
1429747200,547.42,548.72,529.13,535.79,14331
1432425600,535.79,525.08,482.22,482.22,1357
1432512000,482.22,472.69,441.59,469.29,19744
1432598400,469.29,506.92,469.29,499.39,2528
1432684800,499.6,493.33,482.88,492.28,1385
1432771200,492.28,499.6,491.24,496.46,2151
1433030400,496.46,512.14,501.69,505.45,2436
1433116800,505.45,528.03,515.28,523.64,3129
1433203200,523.64,575.9,522.59,575.9,3959
1433289600,575.9,611.02,579.03,585.51,6661
1433376000,585.51,608.3,581.12,591.58,4539
1433635200,591.58,603.07,588.44,588.65,3453
1433721600,588.44,599.94,587.39,593.67,6791
1433808000,593.67,621.89,594.08,604.12,7031
1433894400,604.12,595.76,587.39,587.6,1970
1433980800,587.6,587.39,575.06,576.32,899
1434240000,576.32,579.03,559.17,564.4,2392
1434326400,564.4,576.94,564.4,574.02,12898
1434412800,574.02,587.19,574.85,576.94,3444
1434499200,576.94,585.3,574.85,574.85,2045
1434585600,574.85,582.17,566.49,573.81,2517
1434844800,573.81,570.67,565.65,567.54,2945
1434931200,564.4,574.85,564.4,569.0,7004
1435017600,580.29,583.21,571.93,571.93,4700
1435104000,581.96,581.96,572.76,575.06,3580
1435190400,575.06,581.12,575.06,577.15,4951
1435449600,580.91,587.6,580.08,585.3,13923
1435536000,597.01,618.75,596.8,606.21,17446
1435622400,606.21,608.3,596.8,605.79,14487
1435708800,612.48,613.52,602.03,608.09,9759
1435795200,602.24,606.21,600.98,604.12,2366
1436054400,606.21,607.25,603.07,606.21,3540
1436140800,606.0,606.83,601.61,604.12,4955
1436227200,602.03,605.16,602.03,602.03,1981
1436313600,606.0,606.42,599.94,605.37,2181
1436400000,604.12,604.33,602.03,603.91,2970
1436659200,603.91,604.12,599.94,603.28,2028
1436745600,603.28,606.21,602.45,602.45,2087
1436832000,602.03,603.07,600.77,601.82,1494
1436918400,602.86,603.28,600.56,603.28,2666
1437004800,603.07,604.95,600.98,603.28,3813
1437523200,606.21,607.04,604.95,605.79,12651
1437609600,605.79,618.33,605.16,618.33,5524
1437868800,618.33,680.0,630.67,680.0,585
1437955200,680.0,680.0,620.84,627.11,9071
1438041600,627.11,639.65,623.98,627.11,2207
1438128000,627.11,627.11,622.93,623.14,3390
1438214400,622.93,630.25,622.93,627.11,9829
1438473600,627.11,627.32,626.07,627.11,1239
1438560000,627.11,628.99,625.23,628.99,8301
1438646400,628.99,634.43,627.11,633.38,3148
1438732800,633.38,662.65,631.29,658.47,4174
1438819200,662.65,675.19,662.65,668.92,10176
1439078400,668.92,682.3,668.92,671.01,4706
1439164800,671.01,683.76,672.26,680.42,4358
1439251200,680.42,689.82,674.14,678.33,2229
1439337600,681.46,689.82,677.28,679.37,5093
1439424000,677.28,679.37,676.24,677.28,3486
1439683200,683.55,683.55,679.16,679.37,1879
1439769600,668.92,681.25,668.92,680.42,6562
1439856000,681.25,687.73,675.19,677.28,6991
1439942400,676.24,687.73,674.56,686.69,4122
1440028800,690.87,699.23,687.11,689.82,4661
1440288000,689.82,703.2,679.37,685.64,4841
1440374400,698.18,707.59,698.18,704.46,4128
1440460800,700.27,700.27,690.45,698.18,530
1440547200,705.5,708.64,700.9,704.46,810
1440633600,710.73,731.84,705.71,729.54,3052
1440979200,743.96,802.49,743.96,802.49,6391
1441065600,802.49,836.15,804.79,806.88,3677
1441152000,805.84,810.02,777.62,778.04,1344
1441238400,773.44,773.44,754.62,758.8,1528
1441497600,744.17,773.44,742.08,753.58,1521
1441584000,748.56,763.4,748.56,754.62,851
1441670400,748.35,762.99,748.35,762.99,820
1441756800,752.53,758.8,750.44,752.53,3013
1441843200,752.53,752.53,739.99,739.99,1437
1442102400,739.99,748.35,733.72,747.31,2218
1442188800,752.53,757.76,746.47,751.49,2580
1442275200,762.99,762.99,748.35,751.49,2873
1442361600,752.53,754.62,746.47,752.53,1600
1442448000,742.08,742.08,737.9,742.08,579
1442880000,727.45,741.87,710.73,710.73,4705
1442966400,724.94,739.36,724.94,731.63,2252
1443052800,723.27,725.36,720.13,721.18,3072
1443398400,706.75,722.22,695.68,702.36,3157
1443484800,702.36,710.73,702.36,702.78,4190
1443571200,702.78,711.14,702.78,710.73,2980
1443657600,710.73,710.73,704.87,709.68,4161
1443916800,700.48,714.91,700.48,712.82,3128
1444003200,721.18,721.18,694.0,694.0,5217
1444089600,694.0,700.27,688.99,692.33,8359
1444176000,687.73,688.78,665.99,684.6,3830
1444262400,679.37,703.62,677.28,703.62,14203
1444521600,689.82,698.18,689.82,698.18,1668
1444780800,691.91,691.91,680.0,684.6,2488
1444867200,679.37,689.82,673.1,684.39,2209
1445126400,679.37,685.64,675.4,681.46,1397
1445212800,679.37,689.82,679.37,688.99,1760
1445731200,676.24,679.37,674.14,678.33,1260
1445904000,666.41,668.92,656.38,662.65,2178
1445990400,650.11,660.98,635.47,660.98,5626
1446076800,648.22,674.14,648.22,658.47,3747
1446336000,658.47,660.56,648.02,660.56,3452
1446422400,668.71,677.28,664.74,668.71,2573
1446508800,656.38,656.38,650.52,656.38,868
1446595200,653.24,668.5,653.24,667.87,746
1446681600,669.34,669.34,658.47,658.47,1893
1446940800,658.47,658.47,650.31,652.4,3250
1447027200,650.11,671.64,650.11,666.83,2142
1447113600,667.87,668.92,663.69,668.71,2099
1447545600,660.56,665.78,660.56,665.78,1500
1447632000,668.92,668.92,656.38,656.38,1483
1447804800,663.69,663.69,656.59,657.0,3176
1447891200,657.42,657.42,648.22,653.24,3990
1448150400,642.79,642.79,627.11,631.29,4696
1448236800,621.89,630.25,609.76,629.62,3650
1448323200,630.25,630.25,623.14,625.23,4807
1448409600,612.9,621.89,609.55,615.61,2080
1448496000,610.39,610.39,594.08,602.03,14877
1448755200,593.67,593.67,585.3,585.3,3995
1448841600,598.06,616.66,595.76,595.76,1279
1448928000,595.76,622.51,600.98,622.51,5592
1449014400,611.43,627.11,609.34,621.89,2937
1449100800,622.93,646.97,622.93,633.38,4077
1449187200,645.92,666.83,643.83,664.74,5382
1449446400,664.74,677.28,664.74,666.83,7973
1449532800,672.68,673.1,663.69,667.46,6582
1449619200,668.92,673.1,666.83,673.1,6696
1449705600,675.19,679.37,664.95,672.05,3445
1449964800,679.37,689.82,679.37,679.58,4261
1450051200,677.28,689.61,675.82,688.78,2487
1450137600,702.36,734.77,702.36,715.95,13046
1450224000,727.24,727.24,689.82,700.27,9930
1450310400,694.0,696.09,689.82,692.33,2795
1450569600,692.33,696.3,678.53,689.82,2715
1450656000,689.82,700.27,690.87,696.09,2146
1450742400,702.36,706.55,699.23,706.55,1402
1450828800,706.55,704.04,700.27,700.27,1826
1450915200,691.91,703.41,691.91,700.27,2002
1451001600,692.96,696.09,689.82,694.0,2531
1451260800,694.42,700.27,692.33,694.21,3076
1451347200,694.21,700.27,691.91,699.23,2740
1451520000,710.73,717.0,706.55,710.73,2262
1451779200,721.18,734.77,719.09,726.2,6223
1451865600,726.4,735.81,712.82,723.48,1661
1451952000,710.73,715.95,692.96,710.73,2070
1452038400,704.46,704.46,700.27,704.25,2218
1452124800,704.25,710.73,703.62,703.62,2805
1452384000,703.62,703.62,698.18,700.27,9768
1452470400,698.18,700.27,694.21,696.72,3398
1452556800,694.0,695.05,685.64,694.0,3463
1452643200,694.0,694.0,689.82,689.82,3013
1452729600,694.0,701.32,689.82,690.03,6516
1452988800,702.36,717.0,694.21,710.73,3023
1453075200,713.03,713.03,704.46,706.55,580
1453161600,710.73,710.73,696.51,699.23,1626
1453248000,698.18,698.18,689.82,689.82,3434
1453334400,689.82,698.18,689.82,689.82,8791
1453593600,689.82,691.91,687.94,690.87,4169
1453680000,694.0,695.88,691.91,694.0,6112
1453766400,694.0,694.0,689.82,689.82,16524
1453852800,689.82,690.87,687.94,687.94,4246
1453939200,689.82,689.82,682.51,683.97,4360
1454198400,683.97,687.73,683.55,683.55,4576
1454284800,683.55,687.73,683.55,686.69,1450
1454371200,689.61,689.61,673.1,684.39,2942
1454457600,684.39,682.3,672.68,674.98,6604
1454544000,668.92,672.05,665.99,671.01,11236
1454803200,671.01,685.64,667.87,668.92,7726
1454889600,668.92,677.07,669.13,676.24,2383
1455148800,676.24,679.37,673.1,674.14,3125
1455408000,675.61,676.44,668.29,668.29,6612
1455494400,663.69,668.92,657.42,664.74,2001
1455580800,663.9,668.92,663.9,666.83,1313
1455667200,666.83,668.92,664.74,666.41,5192
1455753600,666.41,666.62,659.72,661.39,4416
1456012800,668.5,668.5,661.81,661.81,1712
1456099200,668.92,668.92,660.56,663.69,1229
1456185600,663.69,668.92,658.47,658.47,8527
1456272000,658.47,660.56,654.91,660.56,1086
1456358400,658.47,660.56,638.61,660.56,1978
1456617600,660.56,660.56,650.31,650.31,1017
1456704000,650.31,656.38,651.36,651.36,1657
1456790400,656.38,659.51,653.24,654.29,1510
1456876800,659.51,668.92,648.02,648.22,1296
1456963200,635.26,657.63,635.26,652.82,2912
1457222400,658.47,663.07,656.38,660.56,2931
1457568000,668.92,673.73,658.89,660.56,3537
1457827200,668.92,669.96,664.95,668.5,8001
1457913600,673.1,681.67,668.92,673.1,7360
1458000000,679.37,679.37,675.19,679.37,1608
1458086400,671.43,683.55,671.43,683.55,9301
1458172800,689.82,735.18,689.82,731.84,12160
1458432000,746.26,804.79,746.26,804.79,26039
1458518400,820.89,870.85,805.0,806.88,23856
1458691200,806.88,815.24,778.45,808.76,10651
1458777600,808.76,816.29,795.6,799.57,7420
1459036800,799.57,831.55,804.79,819.43,29377
1459123200,819.43,825.7,803.12,815.24,18727
1459209600,811.06,812.53,800.61,808.97,3973
1459296000,808.97,874.19,773.44,780.96,24031
1459382400,780.96,769.67,743.13,752.53,14647
1459641600,752.53,751.28,732.26,747.31,5001
1459728000,747.31,760.9,748.35,759.85,3078
1459814400,762.99,767.17,754.62,755.67,2970
1459900800,755.67,767.17,757.97,767.17,3628
1460246400,767.17,767.17,752.53,760.9,1948
1460332800,760.9,754.62,750.44,752.53,2119
1460419200,752.53,754.62,749.61,752.53,6833
1460592000,752.53,753.58,752.32,752.95,1884
1460851200,752.74,758.8,750.65,758.8,3848
1460937600,758.8,774.48,762.99,774.27,4874
1461024000,774.27,774.27,768.21,773.44,2727
1461110400,773.44,773.44,765.08,767.79,2709
1461196800,767.79,803.75,773.44,793.3,12828
1461456000,793.3,800.61,793.3,798.52,9640
1461542400,798.52,810.02,798.94,803.54,6058
1461628800,803.54,815.24,802.7,804.79,18751
1461715200,804.79,831.55,798.52,820.89,26957
1461801600,820.99,893.63,837.19,846.6,18639
1462147200,846.6,847.12,843.99,846.34,3652
1462233600,846.34,845.29,840.33,845.29,5745
1462320000,845.29,845.29,836.15,845.03,4630
1462406400,845.03,850.52,829.62,840.59,10592
1462665600,840.59,862.28,843.99,859.67,6530
1462752000,862.28,875.34,862.02,873.25,11635
1462838400,856.01,914.54,856.01,905.13,16066
1462924800,905.13,913.23,891.54,906.7,4408
1463011200,902.0,911.92,901.73,911.4,1788
1463270400,909.31,909.31,896.77,901.47,2402
1463356800,901.47,896.25,888.67,892.59,2636
1463443200,888.41,901.47,888.41,894.16,2199
1463529600,894.16,911.92,888.41,897.55,4119
1463616000,897.55,910.62,898.86,900.17,3412
1463875200,900.17,959.74,917.15,935.18,10390
1463961600,935.18,1003.12,938.05,1003.12,16802
1464048000,1003.12,1043.62,983.26,1019.06,18764
1464134400,1019.06,1019.06,992.93,1005.99,13159
1464220800,1005.99,1012.26,979.86,1012.26,13149
1464480000,1012.26,1032.38,1005.99,1007.3,5460
1464566400,1007.3,1015.14,1003.38,1009.91,7516
1464652800,1009.91,1019.06,1003.38,1012.52,10022
1464739200,1012.52,1012.52,990.84,995.54,2951
1464825600,995.54,996.85,982.74,991.88,8663
1465084800,991.88,992.93,960.26,960.26,4844
1465171200,960.26,999.46,972.28,996.85,6378
1465257600,992.93,1005.99,992.93,1001.55,7202
1465344000,1001.55,1076.54,1003.38,1066.09,32893
1465430400,1087.25,1172.7,1087.25,1172.7,54735
1467244800,1172.7,1289.76,1170.61,1200.66,39586
1467504000,1200.66,1178.45,1129.32,1149.7,21829
1467590400,1149.7,1145.78,1118.35,1128.02,9301
1467676800,1136.38,1136.38,1107.9,1107.9,7710
1467763200,1117.04,1131.41,1111.82,1117.04,6898
1468108800,1117.04,1136.64,1117.04,1117.04,9076
1468195200,1117.04,1110.51,1081.77,1093.53,6320
1468281600,1093.53,1086.99,1039.96,1071.32,7899
1468368000,1071.32,1071.32,1029.51,1058.77,4184
1468454400,1058.25,1064.78,1045.45,1047.01,8155
1468713600,1046.75,1058.25,1044.92,1056.94,12973
1468800000,1056.94,1123.84,1045.45,1123.84,6224
1468886400,1136.64,1157.54,1077.85,1079.15,2587
1468972800,1071.32,1071.32,1058.25,1058.77,5470
1469059200,1058.77,1085.69,1051.72,1071.32,3812
1469404800,1071.32,1084.38,1063.48,1063.48,3605
1469491200,1063.48,1084.64,1053.29,1055.64,9554
1469577600,1055.64,1058.25,1045.97,1050.41,2868
1469664000,1050.41,1071.58,1050.41,1052.24,6510
1469923200,1052.24,1058.25,1045.19,1051.72,6202
1470009600,1051.72,1053.02,1043.88,1047.8,3273
1470096000,1047.8,1047.8,1035.26,1035.26,4572
1470182400,1035.26,1029.25,1012.79,1029.25,2765
1470268800,1029.25,1026.9,998.94,998.94,7108
1470528000,998.94,1024.28,992.93,992.93,3430
1470614400,992.93,974.64,898.86,898.86,3805
1470700800,916.63,972.28,916.63,972.28,130
1470787200,991.62,1020.36,972.28,1019.06,12676
1470873600,1032.12,1032.12,987.7,1005.99,1804
1471132800,1026.11,1045.19,966.8,979.86,4586
1471219200,966.8,979.86,921.85,940.67,6074
1471305600,959.48,964.18,934.13,949.81,2421
1471392000,940.67,962.88,940.67,951.12,9395
1471737600,953.73,953.73,940.67,941.97,1489
1471824000,925.77,925.77,908.01,909.31,3171
1471910400,891.28,937.79,891.28,913.23,2943
1471996800,931.26,982.47,909.31,947.46,2200
1472342400,948.51,984.83,940.67,940.67,2240
1472428800,942.23,965.49,940.67,956.34,2552
1472515200,966.8,966.8,964.18,964.18,4985
1472601600,953.73,973.33,953.73,973.33,1922
1472688000,972.02,972.02,953.73,968.1,16040
1472947200,948.77,982.47,948.77,979.86,1972
1473033600,979.86,992.93,973.33,979.86,5356
1473120000,992.67,992.93,972.02,972.02,2467
1473206400,991.36,991.36,972.28,972.28,1896
1473292800,969.67,977.25,964.18,964.18,3622
1473552000,961.57,966.8,960.53,960.79,947
1473638400,966.8,969.67,965.49,969.41,1726
1473811200,966.54,985.87,966.54,985.87,9200
1474156800,1000.77,1000.77,983.0,985.35,2674
1474329600,985.35,1019.06,985.35,1013.83,15369
1474416000,998.15,1018.79,994.23,1014.88,13457
1474502400,998.15,1016.44,979.86,1013.83,12206
1474761600,998.15,1016.44,979.86,1013.83,12206
1474848000,992.93,992.93,975.16,980.65,5526
1474934400,973.33,983.78,973.33,977.25,4085
1475020800,986.39,984.83,961.83,967.06,3865
1475107200,966.8,969.41,948.51,956.61,7222
1475366400,966.8,1032.12,966.8,1005.99,11013
1475452800,1011.22,1026.9,1007.04,1026.9,6850
1475539200,1026.9,1071.32,1024.28,1068.18,10118
1475625600,1066.09,1066.09,1035.26,1058.25,5406
1475712000,1063.48,1080.98,1063.48,1071.32,9565
1476576000,1079.15,1079.15,1048.06,1058.25,1193
1476662400,1055.64,1055.64,1029.51,1045.19,4936
1476748800,1045.19,1052.5,1039.96,1048.32,3023
1476835200,1045.19,1047.8,1040.22,1042.57,3418
1476921600,1042.57,1072.62,1038.91,1071.32,5652
1477180800,1081.77,1081.77,1055.64,1056.94,8441
1477267200,1058.25,1060.86,1040.22,1050.41,5755
1477353600,1045.19,1045.19,1019.06,1019.06,4559
1477440000,1023.5,1031.86,1008.34,1031.86,6523
1477526400,1019.06,1034.73,1019.06,1029.77,5420
1478131200,1032.12,1032.12,1013.83,1016.44,767
1478476800,1013.83,1013.83,1005.99,1006.78,3105
1478563200,1005.99,1005.99,981.17,983.78,3041
1478649600,979.86,1003.38,966.8,966.8,4674
1478736000,979.86,979.86,956.34,966.8,1947
1478995200,964.18,991.62,964.18,972.55,1911
1479081600,969.41,977.25,966.8,966.8,6971
1479168000,972.02,974.9,966.8,966.8,3421
1479254400,985.09,987.7,960.26,966.8,3775
1479340800,966.8,966.8,940.41,940.67,2334
1479600000,921.85,928.91,868.81,885.79,8953
1479686400,870.12,895.99,864.89,895.99,8045
1479772800,878.48,884.49,867.5,874.82,2928
1479859200,864.89,866.2,840.59,846.6,7856
1479945600,846.6,863.58,810.02,823.35,14102
1480204800,810.02,839.55,770.04,770.82,10096
1480291200,756.45,795.39,702.89,770.82,17319
1480377600,770.82,812.63,728.23,812.63,14167
1480464000,821.78,837.98,791.73,836.15,12711
1480550400,841.37,849.21,823.35,823.35,8947
1480809600,830.92,830.92,782.58,787.29,5342
1480896000,786.5,787.02,772.39,772.39,6450
1480982400,774.22,811.33,765.6,810.02,7235
1481068800,807.41,807.41,793.82,800.61,1755
1481155200,793.03,793.03,771.35,791.73,3957
1481414400,802.18,802.18,774.74,777.36,2445
1481500800,765.6,774.74,752.53,773.18,2022
1481673600,757.76,772.91,757.76,770.3,4370
1481760000,770.82,773.44,768.21,770.56,2190
1482019200,757.76,777.36,757.76,777.36,3075
1482105600,770.82,770.82,764.29,766.91,582
1482192000,765.6,765.6,752.8,755.15,1551
1482278400,755.15,755.15,731.63,731.63,2117
1482364800,731.63,739.47,731.63,736.86,2065
1482710400,744.69,744.69,705.5,705.76,5300
1482796800,692.44,710.73,679.37,700.27,7093
1482883200,689.82,705.5,680.68,692.7,6138
1482969600,703.15,761.94,702.89,731.63,20168
1483228800,746.26,757.76,710.99,718.04,10274
1483315200,718.57,719.87,699.23,710.73,4713
1483401600,701.58,704.19,682.77,683.29,8199
1483488000,680.68,707.59,678.06,697.66,10465
1483574400,697.66,705.5,685.9,692.44,6314
1483833600,696.36,696.36,689.82,693.48,11866
1483920000,693.48,727.71,693.48,724.58,10638
1484006400,731.63,757.76,721.18,752.53,11933
1484092800,744.69,758.8,739.73,744.69,8256
1484179200,739.73,752.27,739.73,742.08,5891
1484438400,742.08,742.08,732.41,732.94,6116
1484524800,732.94,732.94,717.26,718.57,2843
1484611200,705.5,715.95,705.5,712.29,5444
1484697600,710.73,720.92,710.73,715.95,5383
1484784000,720.92,720.92,709.42,715.69,4452
1485043200,715.69,718.57,704.19,705.24,3915
1485129600,709.42,709.42,695.05,695.05,4332
1485216000,692.17,692.17,683.29,684.86,5469
1485302400,674.14,679.63,657.16,657.42,9163
1485388800,650.63,663.17,644.36,653.24,6836
1485734400,645.4,645.4,587.92,589.22,12461
1485820800,577.47,613.79,577.47,599.68,9104
1485907200,599.68,627.11,591.84,627.11,5513
1485993600,639.65,648.02,602.29,620.58,16984
1486252800,608.82,616.66,594.19,610.13,6808
1486339200,610.13,610.13,590.53,597.06,3123
1486425600,608.82,608.82,595.76,599.68,9049
1486512000,595.76,598.37,586.87,588.7,5974
1486598400,590.53,599.68,574.85,574.85,9307
1486857600,567.01,574.85,546.11,546.11,9728
1486944000,548.72,573.02,538.27,573.02,8933
1487030400,574.85,574.85,546.89,546.89,6126
1487116800,557.61,578.77,551.34,578.77,7719
1487203200,578.25,601.5,567.01,597.32,9390
1487462400,587.92,615.61,557.87,614.05,13537
1487548800,626.33,629.46,589.22,610.13,17969
1487635200,622.15,622.15,590.79,595.76,8024
1487721600,590.53,600.98,585.57,588.18,3311
1487808000,588.18,593.14,575.11,586.61,3139
1488067200,587.92,587.92,569.63,571.46,3502
1488240000,573.55,579.82,564.4,565.71,4322
1488326400,576.94,595.49,573.28,591.84,10191
1488412800,603.59,607.51,596.28,603.33,11733
1488672000,615.35,638.61,611.43,631.03,14755
1488758400,637.56,649.32,630.25,635.47,12150
1488844800,627.11,640.18,608.82,632.34,11856
1489017600,638.87,639.65,627.9,631.03,24084
1489363200,631.03,664.67,643.12,663.04,9353
1489449600,676.1,682.64,668.27,671.21,7528
1489536000,674.47,675.45,663.04,667.94,3825
1489622400,670.23,674.47,668.27,672.19,5120
1489881600,671.53,715.3,672.84,713.99,13017
1489968000,728.04,774.09,726.73,774.09,13605
1490054400,789.44,793.69,754.49,767.56,23063
1490140800,780.62,780.62,757.76,767.56,11914
1490227200,764.29,767.56,752.21,764.29,4342
1490486400,774.09,790.1,767.56,774.74,7327
1490659200,774.74,832.88,782.26,832.88,11843
1490745600,832.88,863.91,805.12,816.55,15641
1490832000,816.55,849.54,800.22,824.06,7619
1491091200,840.39,906.37,840.39,891.02,17676
1491177600,908.99,914.54,833.21,841.37,16369
1491264000,836.15,849.21,816.55,834.52,9091
1491436800,834.52,847.25,816.55,816.55,6822
1491696000,832.88,832.88,801.2,803.49,7830
1491782400,808.06,832.88,797.28,832.88,8654
1491868800,832.88,849.21,817.53,832.88,9153
1491955200,847.58,847.58,810.35,816.55,10475
1492041600,797.28,818.18,770.82,813.29,10173
1492300800,826.35,826.35,780.62,781.6,6280
1492473600,777.36,783.89,767.56,780.62,5828
1492560000,780.62,785.52,778.99,780.62,2675
1492646400,783.89,788.79,770.82,777.36,5890
1492905600,792.71,823.08,792.71,795.32,8990
1492992000,814.27,813.29,767.56,780.62,6406
1493078400,783.89,783.89,767.56,767.56,4558
1493164800,775.72,775.72,738.82,744.69,28636
1493251200,739.8,757.76,725.75,745.02,22385
1493510400,731.63,751.23,731.63,733.26,20367
1493683200,733.26,755.8,733.26,749.59,18831
1493769600,751.23,767.56,751.23,764.29,18514
1493856000,764.29,767.56,754.49,760.7,15420
1494115200,761.03,763.97,743.39,749.27,10175
1494201600,759.39,760.05,743.39,747.96,12633
1494288000,747.96,755.15,743.06,751.23,9708
1494460800,751.23,751.23,741.43,745.67,14523
1494806400,747.96,760.05,744.69,746.33,9392
1494892800,744.69,747.96,741.43,743.39,7315
1494979200,729.02,744.69,729.02,741.43,7190
1495065600,741.43,742.41,734.24,739.47,18897
1495324800,736.53,738.16,721.83,722.16,10689
1495411200,722.16,723.46,715.3,717.26,7058
1495497600,718.24,721.83,713.99,718.89,16587
1495584000,718.89,718.57,705.5,715.3,13060
1495929600,718.57,718.57,697.66,698.97,10792
1496102400,698.97,703.87,695.7,698.64,10991
1496188800,698.64,705.5,689.17,703.54,6361
1496275200,711.38,711.71,697.33,708.11,6729
1496534400,705.5,710.4,698.31,699.29,7434
1496620800,698.97,705.5,690.8,693.09,12209
1496707200,698.97,728.36,695.7,707.13,15825
1496793600,713.67,716.61,705.5,709.42,8149
1496880000,705.5,705.5,697.33,698.97,13244
1497139200,702.23,712.03,692.44,692.76,11598
1497225600,679.7,695.7,679.7,685.9,16991
1497312000,686.23,692.44,682.64,686.56,8651
1497398400,685.9,687.54,681.0,685.9,6525
1497484800,681.0,699.62,676.1,688.84,9712
1497744000,688.84,690.48,677.74,682.64,8011
1497830400,682.64,682.64,670.23,676.76,4714
1497916800,676.76,679.37,666.31,668.92,11480
1498003200,668.59,672.84,664.67,669.57,6565
1498089600,663.04,677.74,660.1,667.94,4845
1498348800,663.04,676.76,663.04,672.51,9391
1498521600,673.16,677.74,666.31,677.74,7437
1498608000,671.21,672.51,667.94,668.27,7450
1498953600,654.87,656.51,650.95,654.87,25322
1499040000,652.91,661.41,650.63,655.85,17892
1499126400,653.24,656.83,653.24,653.24,11027
1499212800,653.57,669.57,652.91,669.25,23846
1499299200,669.25,712.03,669.25,708.77,26092
1499558400,708.77,738.16,672.19,711.38,42510
1499644800,711.71,713.67,695.7,699.29,17950
1499731200,695.7,711.38,692.76,705.5,22896
1499817600,698.97,710.73,698.97,706.81,12770
1499904000,718.57,718.57,700.93,701.58,21241
1500163200,705.5,705.5,698.97,701.25,10115
1500249600,701.91,708.44,698.97,708.11,16168
1500336000,702.23,746.0,702.23,741.1,41706
1500422400,734.9,754.49,733.59,742.08,31653
1500508800,739.8,748.94,739.8,742.08,26942
1500768000,741.76,763.31,741.76,751.88,29849
1500854400,752.86,762.66,751.88,754.82,27144
1500940800,752.53,762.66,751.23,751.23,14266
1501027200,764.29,764.29,754.49,761.03,19418
1501113600,757.76,764.29,753.19,755.47,16625
1501372800,753.19,759.39,740.12,751.23,16567
1501459200,751.23,756.13,745.02,750.25,18873
1501545600,750.57,752.86,743.06,744.37,12132
1501632000,757.76,751.55,738.16,743.06,13453
1501718400,743.06,747.96,734.9,739.8,22968
1501977600,739.8,741.43,718.89,729.34,17832
1502064000,728.69,731.3,720.52,730.32,18601
1502236800,733.26,734.24,724.44,726.73,17492
1502323200,726.73,729.67,718.57,723.46,17587
1502582400,725.1,727.38,710.4,711.71,18817
1502755200,713.67,713.99,699.95,702.23,16960
1502841600,715.3,715.3,694.07,705.17,8506
1502928000,699.29,707.13,699.29,702.23,22632
1503187200,703.87,705.5,698.64,699.95,7235
1503273600,698.97,702.23,694.07,695.7,12436
1503360000,686.23,702.23,686.23,694.72,17911
1503446400,695.7,698.97,692.44,695.05,7825
1503532800,695.05,702.23,692.44,697.33,4058
1503792000,697.33,705.5,693.74,694.72,8677
1503878400,700.6,700.6,688.19,692.11,27803
1504051200,687.54,692.44,677.74,682.64,17476
1504137600,682.64,682.64,669.57,672.84,13477
1504483200,671.21,679.37,658.47,667.94,14544
1504656000,666.31,679.37,665.0,669.57,16515
1504742400,664.67,681.0,663.04,664.02,8186
1505001600,675.78,666.31,645.73,648.34,18650
1505088000,661.08,659.77,645.4,654.87,15662
1505174400,652.91,653.24,641.81,643.44,18712
1505260800,646.06,653.24,640.18,643.12,11100
1505347200,638.87,651.61,638.54,649.65,15552
1505606400,652.26,661.08,645.08,655.2,19023
1505692800,655.2,661.41,649.97,650.63,13766
1505865600,656.51,656.51,645.08,649.97,7931
1506211200,646.71,653.89,646.71,653.24,6495
1506297600,653.24,656.51,645.73,651.93,5700
1506384000,653.24,654.87,651.61,653.24,6128
1506988800,651.61,657.81,651.61,653.89,1075
1507075200,653.89,657.81,649.97,650.95,9106
1507420800,646.71,646.71,627.44,635.93,7372
1507507200,638.54,640.18,632.34,636.91,6186
1507593600,636.91,643.44,632.01,643.44,5339
1507680000,640.18,645.08,638.87,644.1,4082
1507766400,643.12,648.67,642.46,647.04,3780
1508025600,643.44,647.69,641.48,642.79,4556
1508112000,649.97,663.04,643.44,660.75,9150
1508198400,666.63,666.63,649.97,654.55,11113
1508284800,654.55,658.79,649.97,658.14,6159
1508630400,656.51,664.67,655.85,658.14,1655
1508716800,658.14,669.57,649.97,649.97,5513
1508803200,649.97,660.75,648.67,649.97,3135
1508889600,658.14,658.14,641.48,644.1,7602
1509235200,644.1,644.1,639.52,639.52,7303
1509321600,639.85,642.46,636.91,638.87,9347
1509408000,638.22,640.18,633.64,640.18,6825
1509494400,636.91,636.91,631.36,634.3,3521
1509580800,634.3,635.28,628.09,631.36,8694
1509840000,632.01,633.64,617.31,623.85,16688
1509926400,623.85,633.64,614.37,623.19,7112
1510012800,623.85,630.38,618.95,619.93,4816
1510099200,617.31,620.25,604.25,605.88,12414
1510185600,605.88,620.58,598.04,607.51,8640
1510444800,607.51,614.05,605.88,611.76,4174
1510531200,623.52,623.52,614.37,618.95,8788
1510617600,619.27,625.48,616.99,620.58,8384
1510704000,614.05,620.58,612.41,614.37,8393
1510790400,626.46,626.46,617.31,618.29,13699
1511049600,618.29,622.21,610.78,612.74,9192
1511136000,615.68,621.89,615.35,616.99,8911
1511222400,617.31,619.6,614.37,618.29,7008
1511308800,617.31,623.85,617.31,623.85,6578
1511395200,623.85,626.78,620.58,623.85,14064
1511654400,623.85,627.11,622.87,623.85,13031
1511740800,623.85,634.62,623.52,625.15,18829
1511827200,621.23,626.78,620.58,620.58,17432
1511913600,620.58,630.38,620.58,627.11,18346
1512000000,627.11,628.42,620.58,621.23,10952
1512345600,628.74,628.74,617.31,617.31,5454
1512432000,617.64,618.95,614.05,617.97,5499
1512518400,629.4,629.4,617.31,620.25,15298
1512864000,632.01,632.99,617.97,619.27,6458
1512950400,618.95,620.58,615.35,616.99,3888
1513036800,620.58,620.58,613.39,613.39,4067
1513123200,613.39,617.31,609.8,611.76,4584
1513209600,613.72,614.37,609.47,614.05,1323
1513468800,615.68,615.68,605.55,607.19,7122
1513555200,607.51,610.78,604.25,605.88,7649
1513641600,604.25,605.88,602.94,602.94,3963
1513728000,600.98,604.25,599.02,602.29,3470
1513814400,601.31,604.25,594.12,594.45,8235
1514073600,591.51,597.72,587.92,589.55,15280
1514246400,592.82,592.82,579.75,583.34,5711
1514332800,584.65,584.65,568.32,572.89,10983
1514419200,572.57,578.12,565.38,571.91,10139
1514678400,567.99,568.32,558.52,562.11,8093
1514764800,567.99,576.49,564.07,574.53,10701
1514851200,575.18,575.18,563.42,568.32,14371
1514937600,569.95,571.59,561.79,561.79,6135
1515024000,571.26,571.26,561.46,565.05,14709
1515283200,571.59,598.7,571.59,595.1,29515
1515369600,595.1,620.25,595.1,612.41,44240
1515456000,612.41,632.01,610.78,613.72,33629
1515542400,613.72,613.72,593.8,594.78,20995
1515888000,591.18,591.18,583.02,586.61,8503
1516060800,573.22,610.78,573.22,587.59,11681
1516147200,590.2,590.2,578.45,584.65,3523
1516492800,584.98,588.24,580.4,580.4,4566
1516579200,581.38,584.65,578.77,578.77,4004
1516665600,579.75,583.02,574.85,581.38,3915
1516752000,572.24,584.65,572.24,578.12,2697
1516838400,572.24,583.67,572.24,583.67,5208
1517097600,584.65,584.65,579.75,582.36,10157
1517184000,574.85,584.65,574.85,584.65,8420
1517356800,581.38,589.55,578.77,587.92,12346
1517443200,587.92,590.2,584.65,586.28,12673
1517702400,584.65,590.86,581.38,583.34,6757
1517788800,583.02,583.02,574.85,574.85,6366
1517875200,584.65,584.65,574.85,578.12,3639
1517961600,587.92,587.92,573.22,574.85,5222
1518048000,574.85,579.42,571.59,578.77,5713
1518307200,581.38,587.59,578.45,579.75,5402
1518393600,579.75,584.65,574.85,579.75,3513
1518566400,581.38,581.38,577.79,581.38,6807
1518652800,584.65,595.76,583.02,595.76,16723
1518912000,595.76,607.19,584.65,584.98,10168
1519084800,592.82,594.45,577.47,579.75,5142
1519171200,578.12,581.06,574.85,578.77,5174
1519257600,576.49,579.75,574.85,575.51,10141
1519516800,574.85,577.79,572.57,573.87,6092
1519603200,587.26,599.02,579.75,582.69,58624
1519689600,582.69,589.55,581.38,584.65,37488
1519776000,584.98,586.28,578.12,579.75,23815
1520121600,578.12,578.12,560.48,561.79,19666
1520294400,562.44,569.95,553.62,567.34,14783
1520380800,568.32,581.38,565.05,581.38,16443
1520726400,581.38,578.12,558.52,561.79,14587
1520812800,561.79,568.32,559.17,563.42,8586
1520899200,564.07,564.4,561.46,561.79,12871
1520985600,557.21,566.69,557.21,563.42,6097
1521072000,563.42,566.36,562.77,564.07,5405
1521331200,561.79,566.36,561.79,563.09,15278
1521417600,563.75,566.03,556.89,560.15,17936
1521504000,560.15,563.09,547.42,548.72,15928
1521590400,548.72,553.62,526.84,528.8,21234
1521676800,529.45,532.06,506.26,522.59,29839
1522022400,512.79,512.79,499.4,504.63,35774
1522108800,504.3,527.17,482.42,517.69,66436
1522195200,517.6,532.91,497.19,510.18,20701
1522281600,512.5,515.28,506.47,510.18,13637
1522540800,514.82,514.82,480.03,489.77,12778
1522627200,486.99,491.63,482.35,486.99,10088
1522713600,482.82,486.99,475.4,482.35,8133
1522800000,491.63,500.91,486.06,498.59,6687
1522886400,505.54,519.46,500.91,519.46,20534
1523145600,519.46,553.78,519.46,544.97,18891
1523232000,554.24,563.52,538.01,545.43,18592
1523318400,540.33,551.92,536.15,540.33,8285
1523404800,538.47,542.65,530.59,536.15,6941
1523491200,544.97,544.97,533.37,535.69,6778
1523750400,535.69,537.55,522.7,536.15,6084
1523836800,533.84,547.29,533.84,546.82,11100
1523923200,547.29,563.52,550.07,560.74,25734
1524009600,565.84,569.08,551.92,556.56,17273
1524096000,556.56,560.74,551.92,556.56,14460
1524355200,556.56,575.11,558.88,570.48,29712
1524441600,581.14,581.61,556.56,563.52,30002
1524528000,558.88,566.77,549.6,556.56,21906
1524614400,567.69,567.69,547.29,551.46,10745
1524700800,551.92,551.92,538.01,540.33,11725
1524960000,546.36,549.6,528.73,540.79,3457
1525219200,540.79,540.79,534.76,540.33,4002
1525305600,551.0,556.56,538.01,547.29,16037
1525564800,540.79,549.6,538.01,539.86,13273
1525651200,531.52,539.86,531.52,538.01,12737
1525737600,540.33,547.29,535.69,544.97,20714
1525824000,546.36,550.53,539.86,542.65,13244
1525910400,542.65,543.11,538.47,540.79,19108
1526256000,538.47,544.97,538.01,538.01,7480
1526342400,538.01,540.33,535.23,537.08,3650
1526428800,535.69,540.33,533.37,533.37,5503
1526515200,533.37,539.4,533.37,535.69,7062
1526774400,538.47,544.97,537.08,537.55,4510
1526860800,540.33,540.33,531.52,536.15,2461
1526947200,538.01,541.26,533.37,534.76,6341
1527033600,531.05,535.23,531.05,531.98,2028
1527120000,531.52,538.01,529.2,531.52,1907
1527379200,531.98,531.98,521.78,522.24,3567
1527465600,522.24,535.69,514.82,533.37,9520
1527552000,542.65,542.65,528.73,530.12,3826
1527638400,533.37,544.97,529.2,531.05,2997
1527724800,533.37,533.37,523.17,524.56,11368
1527984000,519.46,525.02,500.91,510.18,15490
1528070400,500.91,520.38,496.27,498.59,11276
1528243200,510.18,510.65,492.56,493.95,14101
1528329600,510.18,510.65,492.56,493.95,14101
1528588800,493.02,500.91,477.72,478.18,16240
1528675200,482.35,488.85,468.44,479.57,7335
1528761600,482.35,486.06,470.76,478.18,23114
1528848000,478.18,480.03,469.37,477.25,12941
1528934400,482.35,484.21,474.0,476.32,10065
1529193600,468.44,477.72,468.44,471.69,4576
1529280000,468.44,472.61,465.19,469.83,5741
1529366400,470.76,470.76,466.58,468.44,5671
1529452800,463.8,466.12,463.8,466.12,9066
1529539200,461.48,469.37,460.09,467.05,3717
1529798400,476.32,476.32,467.51,470.29,3134
1529884800,470.29,470.29,463.8,465.19,3444
1529971200,465.19,468.44,461.95,463.34,6322
1530057600,461.48,467.98,461.48,454.99,5014
1530144000,468.44,468.44,459.16,462.41,4015
1530403200,462.87,464.73,460.09,460.09,4983
1530489600,460.09,463.34,455.92,459.63,7743
1530576000,459.63,466.12,457.77,461.02,2732
1530662400,461.02,469.37,461.02,467.51,5676
1530748800,468.44,483.74,464.73,483.28,8031
1531008000,492.56,496.27,483.74,484.67,15574
1531094400,485.14,486.06,475.86,478.18,8746
1531180800,469.83,482.35,469.83,475.4,7198
1531267200,478.64,493.02,475.4,475.4,5789
1531353600,477.72,480.03,463.8,463.8,10586
1531612800,463.8,476.79,463.8,475.4,3502
1531699200,468.44,486.99,468.44,486.99,6713
1531785600,486.99,493.02,478.64,480.5,8473
1531872000,486.99,487.92,471.22,474.0,5082
1531958400,473.08,477.72,471.69,473.08,4023
1532217600,473.08,473.08,465.19,470.76,5582
1532304000,468.44,473.08,467.51,471.22,3861
1532390400,471.22,479.57,471.22,475.4,2310
1532476800,473.08,475.4,472.15,472.15,4103
1532563200,469.83,473.08,466.12,468.44,8233
1532822400,475.4,475.4,468.44,470.29,5986
1532908800,470.76,470.76,467.98,463.8,4557
1532995200,468.44,470.76,466.12,466.12,4512
1533081600,470.29,471.22,466.58,469.37,6305
1533168000,469.37,470.29,467.98,468.9,2871
1533427200,470.76,470.76,466.58,469.37,2126
1533513600,477.72,477.72,465.66,466.12,8000
1533600000,468.44,469.37,463.8,464.73,5307
1533686400,464.73,467.05,461.95,463.8,4298
1533772800,464.73,464.73,447.57,448.5,22509
1534032000,446.18,446.18,422.06,422.06,40611
1534118400,415.1,439.22,405.36,438.29,13127
1534204800,439.22,442.47,433.19,438.76,8502
1534291200,442.47,445.25,435.97,445.25,10372
1534377600,449.42,449.89,438.29,443.39,11452
1534636800,446.18,447.57,441.07,442.93,5331
1534723200,440.61,440.61,433.65,435.51,7304
1534809600,435.51,435.51,430.87,433.65,4875
1534896000,429.02,429.02,424.38,426.7,7196
1534982400,426.7,427.62,422.06,424.38,9456
1535241600,417.88,428.09,417.88,424.38,3428
1535414400,424.38,425.31,417.42,417.88,18104
1535500800,417.88,420.2,416.49,418.35,9344
1535587200,417.88,424.38,414.64,420.2,18482
1535846400,420.2,420.2,412.78,415.1,32446
1535932800,417.42,428.09,408.15,417.42,127183
1536019200,421.13,425.77,415.1,417.42,33203
1536105600,418.81,428.55,417.88,425.31,25809
1536192000,425.77,428.55,422.06,424.38,14480
1536451200,422.52,424.38,417.88,420.2,9134
1536537600,422.06,422.06,417.42,417.42,7592
1536624000,417.42,422.52,417.42,419.74,5818
1536710400,417.42,422.06,417.42,420.2,4479
1536796800,419.74,422.99,417.42,417.42,13792
1537056000,422.06,428.55,418.81,423.91,10647
1537142400,426.7,435.97,425.31,431.8,11962
1537228800,433.19,438.76,429.48,432.26,9834
1537401600,432.73,433.65,427.16,429.94,7283
1537660800,424.38,427.62,424.38,426.23,9722
1537833600,426.23,429.94,426.23,427.16,11491
1537920000,429.02,434.58,429.02,434.58,28378
1538006400,435.97,445.25,431.34,439.68,20619
1538265600,440.61,448.03,438.29,439.68,13117
1538352000,439.68,439.68,431.8,432.26,10489
1538438400,432.73,435.97,430.41,435.51,14217
1538524800,435.51,435.97,431.8,433.65,18889
1538611200,433.19,435.97,429.02,432.73,15400
1538870400,431.34,435.05,430.41,432.26,22158
1538956800,429.94,432.26,429.94,431.34,9819
1539043200,431.34,435.51,430.87,431.34,10297
1539129600,426.7,435.05,426.7,435.05,4540
1539216000,431.34,434.58,426.7,431.34,12594
1539475200,431.34,435.97,431.34,434.58,3065
1539561600,434.58,435.97,431.8,431.8,3722
1540080000,435.97,435.97,433.65,434.12,255
1540166400,432.73,435.05,432.26,432.26,2758
1540252800,431.34,433.19,431.34,431.8,2653
1540339200,431.34,436.44,431.34,435.97,4606
1540425600,432.73,435.05,432.73,433.19,2064
1540684800,431.34,431.34,426.7,427.62,4171
1540771200,422.99,430.87,422.99,428.55,5469
1540857600,428.55,432.73,427.62,432.73,6729
1540944000,431.34,436.44,429.02,433.19,4390
1541030400,429.48,433.65,429.48,432.26,3419
1541289600,423.91,434.58,423.91,434.58,23510
1541376000,431.34,435.05,429.02,433.65,5662
1542153600,431.34,432.26,427.16,429.94,3072
1542240000,429.94,435.51,429.02,431.34,4815
1542499200,431.34,431.34,422.99,426.7,6076
1542585600,426.7,429.48,424.38,429.02,4317
1542672000,429.02,429.94,423.91,427.16,4291
1542758400,427.16,429.94,423.91,429.02,9089
1542844800,429.02,429.94,423.91,423.91,3229
1543104000,424.33,426.7,421.6,424.84,6899
1543190400,425.07,426.7,423.91,425.77,10485
1543276800,425.31,426.7,424.38,425.31,8291
1543363200,425.31,426.7,422.99,426.7,12968
1543449600,426.16,427.16,422.52,424.84,21174
1543708800,424.84,426.7,419.74,423.45,32334
1543795200,423.45,423.45,417.88,422.06,11714
1543881600,422.06,425.77,420.2,424.38,14225
1544054400,419.74,420.2,411.86,419.28,11821
1544313600,419.28,422.06,416.96,420.67,14941
1544400000,420.67,431.34,417.88,429.02,18202
1544486400,429.02,429.48,422.52,427.62,18489
1544572800,427.62,430.41,426.7,429.48,15533
1544659200,429.48,433.19,429.02,431.34,10087
1544918400,431.34,438.29,431.34,434.58,10653
1545004800,434.58,445.25,434.58,441.07,12916
1545091200,441.07,446.64,436.44,442.0,13428
1545177600,442.0,445.25,435.97,442.93,37120
1545264000,442.93,449.42,442.93,445.25,6399
1545523200,445.25,461.48,445.25,461.48,17856
1545609600,461.48,471.22,454.53,467.05,23560
1545696000,467.05,467.05,463.34,466.12,9188
1545782400,466.12,512.5,466.12,510.18,23927
1545868800,510.18,544.5,510.18,535.69,128682
1546128000,533.37,542.65,526.88,529.2,33382
1546214400,529.2,529.2,511.11,511.57,20732
1546300800,511.57,525.02,511.11,514.36,10868
1546387200,514.36,514.82,506.93,506.93,12927
1546473600,506.93,517.14,499.51,515.75,12385
1546732800,507.86,510.18,502.76,504.62,10089
1546819200,504.62,514.36,504.62,511.11,13752
1546905600,511.11,513.43,507.86,509.25,7497
1546992000,509.25,514.82,506.93,510.18,12067
1547078400,510.18,512.04,506.01,509.72,11524
1547337600,509.72,512.5,503.22,510.18,14601
1547424000,510.18,512.5,504.62,512.04,4326
1547510400,512.04,528.73,508.33,528.73,16269
1547596800,528.73,533.37,519.46,523.63,9966
1547683200,523.63,526.41,515.28,519.46,4242
1547942400,519.46,519.46,516.21,516.67,1595
1548028800,516.67,518.07,506.47,508.33,7445
1548115200,508.33,512.5,499.05,512.5,5762
1548201600,512.5,513.43,505.54,506.47,5202
1548288000,506.47,511.57,506.47,510.18,5704
1548547200,510.18,510.18,502.3,505.54,8703
1548633600,505.54,508.79,499.05,507.86,3938
1548720000,507.86,508.33,503.22,506.93,3816
1548806400,506.93,507.86,501.83,506.47,3615
1548892800,506.47,509.72,503.22,504.62,5905
1549152000,510.18,511.57,500.91,504.62,6725
1549238400,500.91,504.62,496.27,498.59,7890
1549324800,493.95,498.59,493.48,496.73,4385
1549411200,496.73,496.73,491.63,492.56,6809
1549497600,486.99,492.56,485.6,489.31,7064
1549756800,482.35,489.31,473.08,474.0,9037
1549843200,472.15,480.96,472.15,475.4,7810
1549929600,470.76,479.11,470.76,475.4,6611
1550016000,475.4,480.03,471.69,472.61,8012
1550102400,472.61,473.08,464.73,468.44,7221
1550361600,473.08,474.0,464.26,464.26,4565
1550448000,468.44,468.44,460.55,467.98,3452
1550534400,468.44,482.35,464.73,482.35,5673
1550620800,489.31,489.31,467.05,468.44,4584
1550707200,468.44,470.76,463.8,468.44,2974
1550966400,468.44,468.44,459.16,463.8,8145
1551052800,462.41,470.76,461.48,470.76,3563
1551139200,472.61,473.08,464.26,468.44,3900
1551225600,461.48,471.69,466.12,470.76,3806
1551571200,470.76,498.59,470.76,486.99,25277
1551744000,489.31,491.63,486.53,489.77,17797
1551830400,487.46,501.37,486.99,499.98,10942
1551916800,507.86,519.46,499.98,514.82,18107
1552089600,519.46,519.92,505.54,519.46,9572
1552176000,519.46,519.92,505.54,519.46,9572
1552262400,515.75,521.78,515.75,517.6,25938
1552348800,515.28,525.49,516.67,519.46,17604
1552435200,522.24,523.63,514.82,516.67,12868
1552521600,512.5,516.21,507.86,513.89,11790
1552780800,519.46,519.46,513.89,516.21,12300
1552867200,514.82,514.82,509.25,509.25,9130
1552953600,509.25,514.82,506.93,508.79,4150
1553126400,508.79,509.25,497.66,497.66,18867
1553385600,498.12,503.69,492.56,497.19,7858
1553472000,492.56,503.22,492.56,502.3,7690
1553558400,500.91,505.54,498.12,504.15,3742
1553644800,504.15,510.18,505.08,507.86,6369
1553731200,507.86,510.65,505.54,509.72,9091
1553990400,510.18,513.89,506.01,506.93,5586
1554076800,505.54,509.72,505.54,506.93,5740
1554163200,510.18,511.57,505.54,509.72,8426
1554249600,509.25,511.57,505.54,507.86,8815
1554336000,506.47,509.72,503.69,505.08,4311
1554595200,505.54,507.86,503.22,506.93,4934
1554681600,506.93,518.99,506.93,514.36,13827
1554768000,521.78,521.78,507.86,512.04,8861
1554854400,510.65,512.5,507.86,508.33,6144
1554940800,505.54,511.57,505.54,507.86,5540
1555286400,505.54,510.18,505.54,508.33,6677
1555372800,507.4,512.5,507.4,512.5,11774
1555459200,512.5,520.38,510.18,514.82,16108
1555545600,515.75,518.99,511.11,514.82,7697
1555804800,514.82,521.78,514.82,519.46,10558
1555891200,529.2,538.94,522.7,532.44,19890
1555977600,532.44,534.3,524.1,528.73,14085
1556064000,533.37,534.3,524.56,528.73,5655
1556150400,532.91,535.69,528.73,531.05,27259
1556409600,538.01,583.93,538.01,583.93,37686
1556496000,612.68,636.8,584.39,610.36,112191
1556582400,612.68,616.39,588.56,589.49,124075
1556755200,600.04,600.04,575.69,581.49,26598
1557014400,577.43,577.43,568.16,568.74,15545
1557100800,572.21,572.79,560.04,571.06,13232
1557187200,580.33,580.33,569.9,570.48,8342
1557273600,571.06,572.21,565.84,568.74,7120
1557360000,565.26,568.16,562.36,562.94,16805
1557619200,568.16,568.16,551.92,555.4,6698
1557705600,565.84,565.84,556.56,556.56,9841
1557792000,556.56,566.42,555.98,558.3,10121
1557878400,559.46,561.2,557.14,557.72,17613
1557964800,556.56,562.36,556.56,557.72,12010
1558224000,559.46,566.42,550.76,553.66,10327
1558310400,551.92,551.92,542.65,542.65,12972
1558396800,542.65,543.81,539.17,540.91,13065
1558483200,539.17,546.71,539.17,544.97,6100
1558569600,544.97,547.87,542.65,544.97,9155
1558828800,544.97,544.97,540.33,542.07,11354
1558915200,539.17,540.33,536.27,538.01,5982
1559001600,530.47,537.43,530.47,535.69,7802
1559088000,536.27,540.91,533.37,533.95,9904
1559174400,544.97,570.48,542.07,542.07,15433
1559433600,550.76,550.76,539.17,542.07,7401
1559520000,552.5,552.5,536.27,538.01,7229
1559606400,539.17,539.17,529.89,535.69,10836
1559779200,533.37,536.27,533.37,533.37,4409
1560124800,532.21,543.81,532.21,533.37,7200
1560211200,533.37,534.53,528.15,528.73,7904
1560297600,528.73,532.21,525.25,528.73,4157
1560384000,521.78,531.63,521.78,528.73,5329
1560643200,528.73,528.73,525.25,525.83,4603
1560729600,522.36,526.99,522.36,524.1,3827
1560816000,524.68,527.57,523.52,523.52,3288
1560902400,525.25,526.99,518.88,520.04,14130
1560988800,522.36,524.68,520.04,522.94,4760
1561248000,521.78,521.78,517.14,517.14,9647
1561334400,517.14,520.04,517.14,518.3,3635
1561420800,517.14,519.46,515.98,519.46,4316
1561507200,518.88,520.04,515.98,517.14,6308
1561593600,515.98,518.88,514.24,514.24,6102
1561852800,514.24,518.88,506.12,507.28,6837
1561939200,507.28,512.5,504.38,507.86,4567
1562025600,510.18,514.82,510.18,514.24,4272
1562112000,515.98,529.89,515.98,522.94,5286
1562198400,522.94,524.1,518.88,518.88,5987
1562457600,521.78,521.78,514.82,515.4,4646
1562544000,513.08,515.4,510.76,510.76,5206
1562630400,510.76,518.3,510.76,517.72,18863
1562716800,517.72,520.04,513.08,516.56,9488
1562803200,515.98,518.88,515.4,515.4,16333
1563062400,521.78,521.78,515.4,519.46,18773
1563148800,518.88,520.04,515.98,517.72,26244
1563235200,543.23,543.23,513.66,522.36,3553
1563321600,522.36,527.57,520.62,521.78,32820
1563408000,521.78,526.41,518.88,518.88,27437
1563667200,521.78,521.78,513.08,515.98,16475
1563753600,517.72,517.72,513.08,515.98,26717
1563840000,518.88,521.78,514.24,515.98,19439
1563926400,515.98,517.14,514.24,514.24,29155
1564012800,515.4,520.62,513.08,513.08,12606
1564272000,513.08,513.08,507.86,509.6,7972
1564358400,510.18,512.5,506.12,506.7,15445
1564444800,510.18,510.18,505.54,506.12,14263
1564531200,504.96,510.18,504.38,509.02,3833
1564617600,504.38,511.34,504.38,510.18,8433
1564876800,513.08,513.08,507.28,507.86,6193
1564963200,507.86,509.6,506.7,507.86,6053
1565049600,504.96,509.02,503.8,507.28,5057
1565136000,498.59,507.86,498.59,507.28,17642
1565222400,501.49,509.02,501.49,506.12,3303
1565481600,504.38,507.28,504.38,504.96,12327
1565568000,507.28,507.28,504.96,507.28,5143
1565654400,515.4,515.4,504.38,507.28,5663
1565740800,504.96,506.12,503.8,504.38,1830
1565827200,506.7,508.44,503.22,508.44,11632
1566086400,510.18,510.18,502.64,503.22,4265
1566172800,504.38,504.38,501.49,503.8,2711
1566259200,504.96,504.96,499.17,501.49,5176
1566345600,500.91,503.8,498.59,500.91,1655
1566432000,498.01,506.7,496.85,500.91,1464
1566691200,496.27,501.49,494.53,494.53,3569
1566777600,492.79,494.53,486.99,488.73,11009
1566864000,488.73,493.95,486.99,488.73,7437
1566950400,495.11,495.11,484.09,485.25,7167
1567036800,484.09,484.09,480.03,480.61,17927
1567296000,478.29,479.45,467.28,468.44,24157
1567382400,464.96,469.6,462.06,462.06,31197
1567468800,453.37,475.4,452.79,469.6,27921
1567555200,470.76,473.08,464.96,469.6,17452
1567641600,469.6,470.76,467.28,468.44,18782
1567900800,469.02,470.76,462.64,463.8,14142
1567987200,464.96,465.54,459.74,463.22,13415
1568073600,462.64,462.64,458.0,458.0,13661
1568160000,459.16,461.48,452.79,456.26,16479
1568246400,456.84,456.84,451.63,452.21,11378
1568505600,455.1,455.1,442.93,445.83,23622
1568592000,443.51,446.41,437.71,440.03,14795
1568678400,440.61,451.63,439.45,441.77,36898
1568764800,450.47,457.42,443.51,449.31,28230
1568851200,458.0,458.0,442.35,444.09,19769
1569110400,441.19,444.09,435.39,440.03,13429
1569196800,440.61,444.09,437.71,440.61,10963
1569283200,440.61,441.19,437.71,438.87,5440
1569456000,437.13,442.35,436.55,438.29,8311
1569715200,437.71,437.71,434.81,435.39,16367
1569801600,434.81,438.87,434.23,438.87,9121
1569888000,445.25,453.37,441.77,443.51,8827
1569974400,446.41,446.41,437.71,439.45,5153
1570060800,443.51,446.41,440.61,446.41,4248
1570665600,446.41,448.73,441.77,443.51,955
1571011200,443.51,446.99,439.45,440.61,11674
1571097600,441.77,443.51,441.77,443.51,3094
1571184000,441.19,449.31,441.19,446.41,14519
1571270400,443.51,449.89,445.83,449.89,6836
1571529600,449.89,450.47,447.57,448.15,6456
1571616000,449.31,452.21,448.15,449.89,7750
1571702400,446.41,452.21,443.51,452.21,4912
1571788800,455.1,463.8,451.05,461.48,6227
1571875200,452.79,467.86,461.48,463.8,7529
1572480000,469.02,469.02,461.48,464.96,3323
1572739200,465.54,466.7,463.22,465.54,6050
1572825600,462.64,463.8,453.95,463.8,3433
1572912000,463.8,463.8,460.9,460.9,3608
1572998400,460.9,461.48,457.42,461.48,3247
1573084800,460.9,460.9,455.1,458.0,5581
1573344000,449.89,455.1,449.89,452.79,4420
1573430400,453.37,460.32,453.37,460.32,4140
1573516800,458.58,464.96,453.37,463.8,6144
1573603200,473.08,473.08,456.26,458.0,6629
1573689600,458.0,462.64,453.95,462.64,9250
1573948800,460.32,460.32,454.53,457.42,6474
1574035200,457.42,460.32,455.1,460.32,5790
1574121600,460.9,460.9,458.0,459.16,3332
1574208000,459.16,467.86,455.1,460.32,9701
1574294400,458.58,463.8,452.79,455.1,5408
1574553600,453.37,455.1,451.63,455.1,6828
1574640000,450.47,456.84,449.89,456.26,2247
1574726400,453.95,458.0,453.37,455.68,9470
1574812800,455.1,464.38,453.37,461.48,3765
1574899200,461.48,469.6,460.9,466.12,12609
1575158400,466.12,490.47,463.8,488.15,17447
1575244800,492.79,492.79,473.08,482.35,16366
1575331200,482.35,498.01,482.35,488.15,16508
1575417600,488.15,520.04,488.15,503.22,32514
1575504000,500.33,520.62,500.33,515.98,39555
1575763200,514.24,518.88,501.49,513.66,14669
1575849600,510.18,517.72,510.18,513.08,13219
1575936000,513.08,515.98,508.44,510.76,11616
1576022400,514.24,516.56,509.6,513.08,9989
1576108800,514.82,538.59,510.18,530.47,41028
1576368000,531.63,535.11,520.62,521.78,17685
1576454400,517.14,525.25,513.08,513.66,13637
1576540800,521.78,522.94,507.28,512.5,17046
1576627200,522.36,522.36,508.44,510.76,9920
1576713600,509.6,518.88,507.28,508.44,20137
1576972800,510.18,511.92,506.12,507.28,7043
1577059200,504.38,521.2,504.38,515.98,15276
1577145600,516.56,522.36,513.08,513.08,17706
1577232000,513.66,536.27,513.66,529.31,36868
1577318400,529.31,536.85,522.36,532.21,25929
1577577600,535.11,547.87,535.11,543.23,51779
1577664000,521.78,569.9,521.78,568.16,104448
1577750400,568.16,577.43,559.46,564.68,63135
1577836800,568.16,568.16,556.56,556.56,27357
1577923200,564.68,564.68,548.44,550.76,32691
1578182400,550.76,565.84,550.76,559.46,31646
1578268800,568.16,568.16,557.72,560.04,25752
1578355200,553.66,562.36,553.66,556.56,21900
1578441600,557.72,562.36,555.98,557.14,20662
1578528000,559.46,561.2,555.98,556.56,15053
1578787200,565.26,584.39,560.62,582.65,59247
1578873600,589.61,602.94,579.75,580.33,58758
1578960000,585.55,586.13,572.21,579.75,29985
1579046400,579.75,584.97,578.59,584.39,25793
1579132800,585.55,605.26,585.55,602.36,46833
1579392000,613.96,641.78,608.74,631.93,80919
1579478400,631.93,640.63,609.32,617.44,86266
1579564800,617.44,623.23,607.0,614.54,58566
1579651200,602.36,626.13,609.9,620.33,54670
1579737600,619.75,652.22,618.59,637.73,166399
1579996800,640.63,642.36,631.93,633.67,57142
1580083200,628.45,648.74,626.13,647.58,73672
1580169600,652.22,669.03,652.22,659.18,61263
1580256000,651.64,666.71,651.64,657.44,43114
1580342400,662.66,666.13,651.64,656.86,60862
1580601600,659.18,669.61,652.8,656.86,53344
1580688000,656.86,658.02,648.16,653.96,34450
1580774400,655.12,656.28,643.52,645.26,40314
1580860800,655.12,655.12,644.1,648.16,22860
1580947200,648.74,656.28,648.16,652.22,34281
1581206400,653.38,653.38,642.94,645.84,22026
1581292800,649.32,651.64,641.21,646.42,17105
1581379200,652.8,659.18,648.16,650.48,29971
1581465600,652.22,658.02,649.32,651.64,31481
1581552000,652.22,660.92,652.22,655.12,36617
1581811200,662.08,681.21,657.44,681.21,81834
1581897600,685.85,712.51,685.85,697.44,74933
1581984000,695.7,706.72,685.85,692.8,58094
1582070400,703.82,703.82,685.85,687.59,31046
1582156800,687.59,730.49,694.54,718.89,99355
1582416000,689.9,758.89,689.9,747.88,91641
1582502400,747.88,761.21,742.08,750.2,81986
1582588800,727.59,811.65,727.59,805.85,108070
1582675200,819.77,869.05,808.75,866.15,150286
1582761600,863.83,875.42,820.93,848.18,196510
1583020800,848.18,852.23,807.01,811.65,172827
1583107200,797.16,808.17,738.6,741.5,116561
1583193600,741.5,789.62,707.3,758.31,313761
1583280000,770.49,771.07,720.63,724.69,210074
1583366400,721.79,735.12,710.78,725.27,304048
1583798400,724.69,724.69,665.55,665.55,71256
1583884800,666.71,710.2,666.71,701.5,197341
1583971200,704.4,713.09,681.21,688.17,165387
1584230400,687.01,687.01,637.73,637.73,152892
1584316800,637.73,651.64,616.28,638.89,140064
1584403200,643.52,645.84,608.74,612.8,69624
1584489600,614.54,616.86,582.65,598.3,87908
1584576000,586.71,620.33,570.48,613.96,109432
1584835200,602.36,625.55,579.17,611.06,27607
1589241600,598.88,598.88,593.09,593.09,340
1589328000,581.49,581.49,575.69,575.69,70
1593388800,564.68,620.91,525.25,620.33,36309
1593475200,631.35,682.37,631.35,682.37,30340
1593561600,695.7,736.28,695.7,730.49,54038
1593648000,742.08,744.98,657.44,659.18,50905
1593907200,651.06,696.86,650.48,684.11,87712
1593993600,678.31,700.92,675.41,700.34,65345
1594080000,701.5,718.89,701.5,709.04,70100
1594166400,718.89,718.89,689.9,702.66,58640
1594252800,702.66,715.99,702.08,711.93,77500
1594512000,721.79,742.08,718.89,739.76,127300
1594598400,739.76,753.68,731.07,733.39,74537
1594684800,743.24,743.24,730.49,734.55,39541
1594771200,739.76,740.92,730.49,730.49,46649
1594857600,742.66,742.66,733.39,738.6,28211
1595116800,753.1,812.23,753.1,812.23,820
1595203200,840.64,852.23,746.72,773.39,114881
1595289600,765.85,782.66,761.21,769.33,76952
1595376000,773.97,782.66,764.11,765.27,74654
1595462400,753.68,782.08,753.68,778.03,77028
1595721600,816.87,816.87,790.78,811.07,185964
1595808000,817.45,831.36,795.42,797.74,121084
1595894400,798.32,811.07,791.94,794.26,72067
1595980800,782.66,793.68,777.45,778.61,79722
1596067200,779.77,788.46,768.75,782.66,66693
1596326400,782.66,782.66,760.05,767.01,109650
1596412800,765.27,776.29,753.68,769.91,47778
1596585600,764.69,766.43,753.68,763.53,58961
1596672000,763.53,765.85,753.68,765.27,65270
1596931200,780.35,780.35,750.78,778.61,54667
1597017600,780.35,794.26,773.39,792.52,89015
1597104000,799.48,799.48,778.03,787.88,61720
1597190400,787.88,789.04,779.77,784.98,35311
1597276800,823.83,823.83,773.97,777.45,55013
1597536000,778.03,782.08,762.37,771.07,55897
1597622400,781.51,782.66,767.59,782.66,33962
1597708800,788.46,791.94,779.77,788.46,61934
1597795200,780.35,784.98,769.33,775.71,42059
1597881600,768.17,782.08,768.17,779.77,9757
1598140800,774.55,798.32,773.97,789.62,42164
1598227200,789.62,806.43,789.62,802.38,88254
1598313600,805.85,805.85,797.16,799.48,58603
1598400000,805.85,807.01,788.46,789.62,91039
1598486400,805.27,805.85,789.04,795.42,53730
1598745600,795.42,805.85,788.46,791.94,37521
1598832000,788.46,815.71,788.46,808.75,121081
1599004800,811.65,823.25,798.9,802.96,112873
1599091200,811.65,813.39,796.0,797.16,57038
1599350400,836.58,836.58,782.66,796.58,50927
1599436800,800.06,802.38,788.46,789.04,60251
1599523200,786.14,797.16,776.87,793.68,36413
1599609600,797.16,805.85,796.0,800.06,57481
1599696000,811.07,823.25,801.8,807.59,64572
1599955200,810.49,825.57,805.85,825.57,136820
1600041600,846.44,846.44,820.93,821.51,85101
1600128000,821.51,825.57,813.39,817.45,45476
1600214400,811.65,817.45,808.75,813.97,46089
1600300800,820.93,820.93,807.01,815.13,50943
1600560000,855.71,855.71,815.13,815.13,33448
1600646400,815.13,822.09,808.75,811.07,35548
1600732800,807.59,813.97,799.48,800.06,44624
1600819200,805.85,805.85,794.26,804.12,28725
1600905600,802.38,808.17,801.8,804.12,23164
1601164800,811.65,811.65,798.32,799.48,26689
1601251200,800.06,800.06,794.26,795.42,36356
1601337600,800.06,800.06,792.52,794.26,23790
1601424000,791.94,794.84,788.46,791.36,33821
1601510400,794.26,800.06,792.52,797.16,35173
1601769600,805.85,807.59,799.48,800.06,29373
1601856000,801.22,801.8,790.78,790.78,25677
1601942400,793.1,805.27,791.36,793.1,37443
1602028800,774.55,811.65,774.55,793.1,47903
1602115200,832.52,832.52,793.1,794.84,31097
1602374400,797.74,814.55,797.16,803.54,72413
1602460800,811.07,811.07,796.58,796.58,27014
1602547200,797.16,799.48,795.42,796.58,19756
1602633600,802.38,804.12,791.94,796.0,35969
1602720000,800.06,802.96,794.26,796.58,39913
1602979200,794.26,796.0,791.36,793.1,11913
1603065600,794.26,797.16,794.26,794.26,12175
1603152000,804.7,805.27,795.42,797.74,8593
1603238400,798.9,811.07,798.9,805.27,19518
1603324800,811.65,811.65,800.06,809.33,28056
1603843200,816.87,820.35,807.59,820.35,29392
1603929600,860.93,860.93,812.23,819.77,24816
1604188800,822.67,826.15,818.61,820.93,24083
1604275200,823.25,823.25,816.29,816.29,23955
1604361600,819.19,821.51,817.45,818.61,19968
1604448000,817.45,820.35,814.55,816.29,14805
1604534400,813.39,818.61,813.39,816.87,30893
1604793600,834.84,834.84,813.39,824.41,47943
1604880000,831.94,835.42,823.25,823.83,72225
1604966400,829.04,887.6,826.15,867.31,160848
1605052800,878.32,895.72,862.09,876.58,100379
1605139200,881.22,893.4,878.32,880.64,105237
1605657600,880.64,943.26,880.64,939.2,163906
1605744000,939.2,984.42,939.2,969.34,156025
1606003200,985.58,1005.29,931.08,947.89,177616
1606089600,994.85,994.85,927.6,931.66,143497
1606176000,931.66,968.18,916.01,957.75,111900
1606262400,963.55,985.0,956.59,973.98,82787
1606348800,985.58,991.38,958.33,965.29,130107
1606608000,965.29,985.58,962.97,982.68,157029
1606694400,987.32,1080.66,979.78,1075.44,215134
1606780800,1075.44,1139.21,1075.44,1107.33,176894
1606867200,1124.72,1159.5,1113.12,1157.76,154432
1606953600,1194.29,1194.29,1127.04,1133.41,151621
1607212800,1095.73,1123.56,1022.68,1022.68,240092
1607299200,1022.68,1101.53,1014.57,1098.63,259623
1607385600,1113.12,1135.15,1068.48,1088.19,161633
1607472000,1089.93,1109.64,1060.37,1063.26,109201
1607558400,1063.26,1113.7,1045.87,1101.53,198321
1607817600,1130.52,1185.59,1102.11,1179.79,336101
1607904000,1217.48,1297.48,1216.9,1297.48,339264
1607990400,1361.84,1387.93,1289.95,1313.14,229082
1608076800,1313.14,1321.83,1281.83,1299.8,142271
1608163200,1310.24,1316.04,1259.22,1272.55,250312
1608422400,1275.45,1284.15,1208.78,1222.12,499466
1608508800,1219.22,1246.47,1190.23,1239.51,348225
1608595200,1263.86,1363.0,1263.86,1363.0,375766
1608681600,1430.83,1499.24,1412.27,1416.33,567422
1608768000,1478.37,1478.37,1342.12,1356.62,254324
1609027200,1368.21,1368.21,1287.05,1289.37,298893
1609113600,1289.37,1304.44,1263.28,1289.37,156981
1609200000,1313.14,1313.14,1275.45,1275.45,85258
1609286400,1285.89,1303.86,1263.86,1302.7,124099
1609372800,1333.43,1341.54,1304.44,1330.53,161443
1609632000,1356.62,1419.81,1343.28,1400.68,211374
1609718400,1437.78,1449.38,1372.85,1391.4,167886
1609804800,1379.81,1401.26,1371.11,1384.45,108317
1609891200,1453.44,1453.44,1377.49,1382.13,89413
1609977600,1388.5,1397.2,1379.81,1381.55,96447
1610236800,1382.71,1390.82,1372.85,1376.33,82757
1610323200,1390.82,1390.82,1376.33,1379.81,52570
1610409600,1310.82,1403.0,1310.82,1399.52,64682
1610496000,1420.39,1426.19,1401.26,1412.27,61323
1610841600,1434.88,1437.78,1413.43,1427.93,60655
1610928000,1449.38,1449.38,1429.09,1429.09,65563
1611014400,1500.4,1565.91,1463.87,1558.95,351960
1611100800,1636.64,1702.15,1609.97,1672.58,216711
1611187200,1714.33,1739.25,1670.84,1685.92,181040
1611446400,1688.24,1738.67,1647.65,1651.71,232603
1611532800,1652.29,1681.28,1638.96,1651.71,211660
1611619200,1681.28,1698.67,1660.99,1665.05,502000
1611705600,1747.55,1831.09,1714.13,1831.09,394753
1611792000,1898.69,1898.69,1760.46,1784.01,235421
1612051200,1784.76,1784.76,1707.3,1726.29,174184
1612137600,1746.79,1761.98,1724.01,1730.08,119345
1612224000,1815.14,1815.14,1731.6,1746.03,104695
1612310400,1758.18,1773.37,1724.77,1727.04,92449
1612396800,1761.98,1761.98,1702.74,1717.93,85953
1612656000,1746.79,1765.78,1720.21,1755.9,138250
1612742400,1777.17,1868.31,1755.9,1806.03,131116
1612828800,1822.74,1826.54,1788.56,1799.95,72231
1612915200,1822.74,1822.74,1792.36,1796.16,81414
1613001600,1875.9,1875.9,1758.18,1765.02,92636
1613260800,1769.58,1803.75,1727.8,1732.36,74468
1613347200,1807.55,1807.55,1745.27,1764.26,88325
1613433600,1784.76,1796.16,1741.47,1746.03,87847
1613520000,1822.74,1822.74,1731.6,1733.12,67264
1613606400,1742.99,1746.79,1720.21,1724.77,93568
1613865600,1746.79,1765.78,1689.83,1697.43,102188
1613952000,1712.61,1712.61,1661.73,1673.88,135382
1614038400,1674.64,1674.64,1609.33,1668.57,122907
1614124800,1668.57,1731.6,1663.25,1685.27,64591
1614211200,1704.26,1712.61,1659.45,1669.32,56037
1614470400,1670.84,1670.84,1613.12,1613.12,120149
1614556800,1613.12,1655.65,1575.91,1621.48,88087
1614643200,1639.71,1643.5,1559.96,1579.71,96833
1614729600,1572.11,1579.71,1522.75,1532.62,131608
1614816000,1549.33,1594.9,1544.77,1594.9,86322
1615161600,1613.88,1625.28,1573.63,1575.91,52377
1615248000,1593.38,1593.38,1541.73,1548.57,46508
1615334400,1556.92,1566.8,1524.27,1537.18,51466
1615680000,1545.53,1545.53,1499.2,1503.76,98924
1615766400,1507.56,1529.58,1481.73,1490.09,65479
1615852800,1564.52,1564.52,1461.99,1516.67,99070
1615939200,1534.14,1556.92,1516.67,1546.29,93027
1616025600,1469.58,1587.3,1469.58,1584.26,64129
1616284800,1594.14,1686.03,1594.14,1686.03,143059
1616371200,1770.33,1770.33,1654.89,1659.45,118459
1616457600,1663.25,1669.32,1632.87,1654.14,71365
1616544000,1654.14,1680.72,1648.06,1667.05,66860
1616630400,1632.87,1696.67,1632.87,1644.26,68720
1616976000,1646.54,1651.86,1632.87,1635.91,34057
1617062400,1635.91,1654.14,1634.39,1642.74,31817
1617148800,1659.45,1670.84,1644.26,1654.14,25414
1617235200,1693.63,1693.63,1636.67,1636.67,55455
1617494400,1648.06,1655.65,1632.87,1638.19,53599
1617580800,1659.45,1659.45,1632.87,1634.39,35525
1617667200,1715.65,1715.65,1602.49,1610.09,66667
1617753600,1610.09,1617.68,1563.76,1594.9,72136
1617840000,1671.6,1671.6,1587.3,1604.77,43308
1618185600,1579.71,1648.06,1579.71,1614.64,38529
1618272000,1602.49,1632.87,1602.49,1604.01,36011
1618444800,1629.07,1629.07,1598.69,1601.73,41559
1618704000,1526.54,1613.88,1526.54,1587.3,41365
1618790400,1627.55,1627.55,1552.37,1568.31,41510
1618876800,1568.31,1591.1,1550.09,1569.83,49820
1618963200,1569.83,1591.1,1549.33,1550.09,35867
1619049600,1572.11,1572.11,1526.54,1549.33,45534
1619308800,1549.33,1549.33,1515.15,1516.67,88246
1619395200,1516.67,1526.54,1480.98,1482.49,90155
1619481600,1549.33,1549.33,1480.98,1527.3,60763
1619568000,1530.34,1541.73,1503.76,1517.43,27566
1619654400,1540.97,1540.97,1513.63,1519.71,24468
1619913600,1518.95,1618.44,1515.91,1593.38,71444
1620000000,1610.09,1617.68,1562.24,1582.74,49382
1620086400,1518.95,1594.9,1518.95,1573.63,21801
1620172800,1640.46,1640.46,1556.92,1560.72,26769
1620259200,1560.72,1572.11,1534.9,1540.21,31696
1620518400,1518.95,1540.21,1518.95,1530.34,30702
1620604800,1530.34,1552.37,1524.27,1544.01,22973
1620691200,1544.01,1572.11,1541.73,1569.07,29311
1620777600,1647.3,1647.3,1549.33,1563.0,17482
1620864000,1563.0,1569.83,1546.29,1568.31,43772
1621123200,1591.1,1606.29,1575.91,1594.9,69303
1621209600,1594.9,1640.46,1594.9,1625.28,87693
1621296000,1636.67,1648.82,1609.33,1629.07,53234
1621382400,1655.65,1669.32,1616.16,1625.28,66589
1621468800,1706.54,1706.54,1608.57,1608.57,41263
1621728000,1575.91,1617.68,1569.07,1601.73,46350
1621814400,1610.09,1632.87,1594.9,1600.21,55987
1621900800,1610.09,1634.39,1588.82,1613.88,62290
1622073600,1594.9,1610.09,1587.3,1591.1,64014
1622332800,1591.1,1621.48,1579.71,1591.86,63938
1622419200,1591.86,1613.12,1564.52,1568.31,55517
1622505600,1568.31,1575.91,1534.14,1560.72,44950
1622592000,1579.71,1602.49,1537.18,1593.38,50660
1622678400,1623.76,1623.76,1581.23,1585.78,47425
1622937600,1586.54,1594.9,1574.39,1578.19,60881
1623024000,1583.5,1593.38,1573.63,1573.63,47007
1623110400,1549.33,1610.85,1549.33,1597.93,103676
1623196800,1613.88,1670.84,1613.88,1629.07,107240
1623283200,1640.46,1655.65,1602.49,1605.53,65812
1623542400,1631.35,1632.11,1565.28,1589.58,65887
1623628800,1594.9,1616.16,1564.52,1588.06,76672
1623715200,1632.87,1632.87,1594.9,1603.25,84271
1623801600,1566.8,1594.9,1556.92,1572.11,85358
1623888000,1572.11,1583.5,1557.68,1566.04,61116
1624147200,1578.95,1579.71,1526.54,1537.94,88600
1624233600,1541.73,1556.92,1504.52,1506.04,92109
1624320000,1511.35,1533.38,1496.16,1530.34,55704
1624406400,1541.73,1541.73,1499.96,1503.0,55101
1624492800,1577.43,1577.43,1481.73,1492.37,62838
1624752000,1518.19,1518.19,1477.94,1484.77,47109
1624838400,1508.32,1508.32,1487.05,1487.81,37283
1624924800,1495.41,1495.41,1479.46,1480.98,41835
1625011200,1492.37,1492.37,1454.39,1471.1,47583
1625097600,1472.62,1491.61,1471.1,1474.9,32773
1625356800,1480.98,1484.01,1473.38,1474.9,30057
1625443200,1474.9,1477.18,1461.99,1464.27,28501
1625529600,1503.76,1503.76,1462.75,1468.06,22930
1625616000,1480.98,1480.98,1461.23,1461.99,19691
1625702400,1465.79,1473.38,1454.39,1465.03,28622
1625961600,1469.58,1507.56,1464.27,1496.16,47977
1626048000,1496.16,1526.54,1480.98,1488.57,46681
1626134400,1488.57,1495.41,1443.0,1471.86,120434
1626220800,1480.98,1480.98,1455.15,1462.75,74263
1626307200,1462.75,1480.98,1454.39,1457.43,104298
1626566400,1486.52,1494.57,1465.79,1494.49,73716
1626652800,1518.95,1521.99,1496.16,1506.8,66959
1626739200,1518.19,1518.95,1496.16,1496.24,40872
1626912000,1519.02,1519.02,1489.33,1495.41,59950
1627171200,1496.16,1518.19,1495.41,1496.16,70732
1627257600,1497.68,1505.28,1496.16,1500.72,78995
1627344000,1500.72,1518.95,1488.57,1512.87,68435
1627430400,1518.95,1563.76,1518.95,1549.33,88799
1627516800,1543.1,1583.5,1543.1,1553.13,77532
1627776000,1579.71,1579.71,1530.34,1537.18,54677
1627862400,1541.73,1545.53,1518.95,1521.23,59599
1627948800,1526.54,1534.14,1525.02,1525.02,47092
1628035200,1549.33,1549.33,1522.75,1523.51,51159
1628121600,1523.51,1527.3,1515.15,1517.66,61100
1628380800,1517.66,1519.71,1499.96,1504.52,60704
1628467200,1505.28,1509.08,1493.89,1494.65,54515
1628553600,1503.76,1511.35,1493.89,1503.08,46625
1628640000,1503.76,1518.19,1499.96,1500.72,50664
1628726400,1500.72,1515.91,1462.52,1493.2,68051
1628985600,1493.13,1493.2,1464.27,1468.82,97711
1629072000,1468.82,1468.82,1456.67,1456.67,84600
1629158400,1458.19,1460.47,1435.41,1443.0,124529
1629244800,1471.86,1471.86,1427.81,1429.33,132274
1629331200,1433.13,1526.54,1433.13,1470.34,130863
1629763200,1496.16,1502.24,1465.03,1465.03,70991
1629849600,1461.99,1463.51,1443.0,1445.28,46509
1629936000,1445.28,1461.23,1430.85,1435.41,77195
1630195200,1464.11,1464.11,1414.14,1414.14,80795
1630368000,1416.42,1420.22,1383.08,1383.76,84316
1630454400,1383.76,1415.66,1379.21,1387.56,64801
1630540800,1383.76,1405.03,1367.05,1371.61,52567
1630800000,1371.61,1378.45,1311.61,1330.6,99935
1630886400,1336.68,1393.64,1317.76,1392.88,88934
1630972800,1397.43,1397.43,1354.9,1366.29,48906
1631059200,1370.85,1370.85,1336.68,1343.51,42851
1631145600,1343.51,1363.26,1329.08,1336.68,49245
1631404800,1337.43,1355.66,1324.83,1340.47,44536
1631491200,1351.86,1373.13,1348.07,1348.83,43215
1631577600,1351.94,1359.46,1330.6,1340.47,39617
1631664000,1348.07,1348.07,1329.08,1332.88,34552
1631750400,1326.04,1327.56,1294.9,1296.04,70201
1632096000,1296.04,1296.04,1238.02,1244.02,93625
1632182400,1241.74,1298.7,1195.41,1260.73,97175
1632268800,1283.51,1313.89,1273.64,1312.37,55769
1632355200,1332.88,1363.26,1299.46,1305.54,50381
1632614400,1302.5,1319.97,1269.77,1272.12,41522
1632700800,1272.12,1288.83,1237.94,1244.78,59374
1632787200,1230.35,1253.13,1203.01,1215.16,62508
1632873600,1230.35,1237.94,1199.97,1224.27,39427
1632960000,1239.46,1248.58,1215.92,1222.83,29457
1633219200,1230.35,1241.74,1207.56,1208.32,32113
1633305600,1193.13,1230.35,1186.3,1208.32,24681
1633392000,1214.4,1224.27,1208.4,1221.23,27758
1633478400,1245.54,1249.34,1228.83,1241.82,37310
1633824000,1264.52,1310.09,1264.52,1286.55,39088
1633910400,1286.55,1286.55,1267.56,1281.23,25770
1634428800,1305.54,1305.54,1275.92,1287.31,11970
1634515200,1283.51,1291.11,1260.73,1263.77,30731
1634601600,1256.93,1256.93,1207.56,1219.72,30571
1634688000,1244.02,1272.12,1231.87,1232.63,20176
1634774400,1237.94,1245.54,1203.77,1227.31,23035
1635033600,1245.54,1250.09,1230.35,1245.54,16482
1635120000,1268.32,1290.35,1249.34,1288.83,25987
1635206400,1297.18,1329.08,1291.11,1316.17,47078
1635292800,1338.95,1338.95,1302.5,1317.69,44479
1635379200,1310.85,1320.73,1298.7,1307.81,26269
1635638400,1329.08,1332.88,1299.46,1304.78,36429
1635724800,1327.56,1327.56,1291.11,1291.87,37586
1635811200,1283.51,1307.06,1266.04,1291.87,34082
1635897600,1298.7,1317.69,1291.11,1291.11,29988
1636329600,1294.9,1305.54,1279.71,1283.51,20702
1636416000,1291.11,1291.11,1259.36,1264.52,27577
1636588800,1253.89,1260.73,1231.87,1237.18,40177
1636848000,1240.22,1240.22,1215.46,1226.55,28766
1636934400,1202.1,1253.13,1202.1,1221.23,35703
1637020800,1199.97,1218.96,1177.94,1217.44,98117
1637107200,1222.75,1239.46,1213.64,1214.4,53860
1637193600,1214.4,1214.4,1192.37,1195.41,55912
1637452800,1184.78,1192.37,1177.19,1179.46,49027
1637539200,1184.78,1192.37,1177.19,1179.46,35236
1637625600,1180.91,1180.91,1153.64,1169.59,41069
1637712000,1184.78,1184.78,1144.53,1156.68,38782
1637798400,1162.07,1168.76,1139.21,1164.27,39080
1638057600,1154.4,1158.58,1107.54,1129.34,81280
1638144000,1129.34,1145.29,1116.43,1120.45,29318
1638230400,1139.21,1139.21,1109.14,1122.5,30862
1638316800,1123.26,1136.93,1108.83,1112.71,29453
1638403200,1113.39,1118.71,1095.92,1097.44,33324
1638662400,1086.88,1087.57,1055.67,1057.95,49688
1638748800,1055.67,1076.93,1015.42,1063.26,49484
1638835200,1082.25,1100.48,1055.67,1062.43,34686
1638921600,1062.5,1063.26,1034.4,1037.44,25114
1639008000,1058.18,1058.18,1010.1,1044.28,36086
1639267200,1034.56,1055.67,998.1,1005.54,35461
1639353600,985.8,1002.51,964.53,969.09,52311
1639440000,987.32,1035.92,983.52,1025.29,23011
1639526400,1040.48,1082.25,1004.78,1032.89,44952
1639612800,1025.29,1032.89,1014.66,1019.21,21786
1639958400,1019.97,1025.21,997.42,1000.99,26123
1640044800,1000.99,1020.73,1000.99,1018.38,19319
1640131200,1025.29,1061.75,1025.29,1051.87,38642
1640217600,1072.83,1072.91,1044.28,1058.71,38404
1640476800,1078.45,1164.58,1078.45,1164.27,125395
1640563200,1187.51,1254.65,1162.0,1169.59,156993
1640649600,1192.37,1192.37,1131.62,1165.79,64705
1640736000,1158.2,1177.19,1143.01,1146.81,34091
1641081600,1169.59,1169.59,1131.62,1153.64,36427
1641168000,1174.91,1175.67,1155.16,1164.27,42108
1641254400,1187.51,1187.51,1150.6,1173.39,37859
1641340800,1196.17,1203.77,1169.59,1190.86,45365
1641427200,1190.86,1203.77,1184.78,1199.21,41288
1641686400,1207.56,1222.75,1203.01,1207.56,56784
1641772800,1215.16,1230.35,1199.97,1207.56,62098
1641859200,1215.16,1266.04,1203.01,1258.45,95523
1641945600,1272.12,1329.0,1260.73,1280.47,104414
1642032000,1306.07,1306.3,1275.92,1304.02,60658
1642291200,1329.84,1364.78,1327.11,1348.07,104737
1642377600,1367.05,1374.65,1325.28,1351.86,69721
1642464000,1352.62,1365.54,1317.69,1328.93,63369
1642550400,1348.07,1348.07,1291.11,1298.7,68637
1642636800,1294.9,1336.68,1287.31,1324.52,52842
1642896000,1350.35,1366.22,1317.69,1321.49,46337
1642982400,1321.49,1329.08,1259.21,1266.04,100843
1643068800,1275.92,1296.42,1245.54,1269.08,84818
1643155200,1294.45,1294.45,1235.66,1247.06,57078
1643241600,1271.97,1283.51,1247.13,1254.65,40455
1643500800,1279.71,1304.78,1279.71,1300.98,67766
1643587200,1275.92,1321.49,1275.92,1278.95,52992
1643673600,1283.51,1283.51,1264.52,1268.32,55879
1643846400,1275.99,1293.38,1233.39,1237.94,120203
1644105600,1213.18,1213.18,1124.78,1143.77,279896
1644192000,1143.77,1143.77,1105.04,1116.43,158345
1644278400,1124.02,1161.24,1105.04,1105.79,72064
1644364800,1105.04,1105.04,1074.66,1085.29,69047
1644451200,1078.45,1093.64,1055.67,1074.66,111262
1644710400,1053.39,1057.95,1014.51,1025.29,106373
1644796800,1025.29,1054.15,1020.73,1038.96,61169
1644883200,1040.48,1063.26,1032.89,1048.07,47625
1644969600,1067.82,1067.82,1040.48,1043.52,32249
1645056000,1041.24,1048.07,1037.44,1043.52,30149
1645315200,1023.01,1033.64,988.84,1016.18,61116
1645401600,1019.21,1023.01,1010.1,1015.42,33373
1645488000,1032.13,1032.13,1013.9,1014.35,34162
1645574400,1032.89,1032.89,1010.18,1013.14,17319
1645660800,1017.7,1017.7,972.13,981.24,84131
1645920000,961.65,979.72,958.46,962.25,102786
1646006400,962.25,981.24,934.15,943.27,92319
1646179200,941.75,941.75,895.42,899.9,135355
1646524800,915.17,915.17,879.7,880.23,121365
1646611200,888.66,896.94,874.91,877.19,94907
1646784000,877.19,892.38,873.4,888.59,39735
1646870400,896.1,925.04,880.99,919.42,72033
1647129600,937.8,975.24,926.56,967.57,155130
1647216000,986.56,986.56,951.62,966.05,52110
1647302400,979.65,983.52,945.55,948.58,94315
1647388800,956.94,971.37,937.95,942.51,67378
1647734400,949.34,963.01,937.95,939.47,131065
1647820800,957.58,961.04,941.99,960.61,77128
1647907200,974.03,1020.78,973.16,1010.39,59448
1647993600,1013.07,1017.32,985.28,987.88,45861
1648080000,1003.38,1003.46,969.7,971.43,41249
1648339200,990.48,1005.19,935.06,939.39,69836
1648425600,950.65,950.65,915.32,920.35,54127
1648512000,936.8,937.66,883.12,886.58,63695
1648598400,888.31,909.09,877.92,895.24,48992
1648684800,891.77,907.19,891.77,892.64,38075
1648944000,894.37,896.1,870.13,879.65,40551
1649030400,877.92,890.91,875.32,876.19,21879
1649116800,870.13,876.19,851.95,856.28,82031
1649203200,852.81,872.64,840.69,847.62,45733
1649289600,863.12,863.2,847.62,857.14,34304
1649635200,874.29,878.79,803.03,813.85,174050
1649721600,823.38,823.38,800.87,814.72,33353
1649808000,822.51,831.17,809.52,826.75,29560
1650153600,839.83,843.03,823.38,826.84,33790
1650240000,826.84,838.1,817.32,817.32,24298
1650326400,822.51,826.84,803.46,820.78,27822
1650412800,826.84,828.48,809.61,813.42,22228
1650499200,822.51,822.51,800.87,814.72,27342
1650758400,830.22,831.17,813.85,822.51,77509
1650844800,838.1,841.56,814.81,814.89,37294
1650931200,813.85,821.65,812.12,815.58,13730
1651017600,815.58,818.18,809.52,812.21,23108
1651104000,822.42,822.51,808.48,808.66,22681
1651449600,824.76,824.76,796.54,797.84,28676
1651622400,797.4,797.4,786.15,786.15,14774
1651708800,785.28,786.15,770.56,770.82,32718
1651968000,785.97,785.97,762.77,777.49,28214
1652054400,782.68,787.79,774.89,783.55,32580
1652140800,787.01,822.51,784.42,821.65,20887
1652227200,836.36,836.36,819.05,828.57,28201
1652313600,828.57,844.85,813.85,821.65,26517
1652745600,806.06,806.93,766.23,767.97,47804
1652832000,770.56,778.35,753.25,768.83,44222
1652918400,779.22,779.22,764.07,764.07,21616
1653004800,779.22,779.22,753.25,759.31,22389
1653264000,773.07,773.07,731.6,735.93,45127
1653350400,750.65,750.65,732.47,743.72,18398
1653436800,758.53,761.04,744.59,746.32,22493
1653523200,753.25,761.04,751.52,756.71,9549
1653609600,770.56,770.56,746.32,747.19,17658
1653868800,735.93,761.04,734.2,740.17,13914
1653955200,739.39,740.26,714.29,720.35,29488
1654041600,731.6,731.6,710.91,713.42,23642
1654128000,715.15,727.19,702.16,705.63,22279
1654214400,705.63,709.96,684.76,684.85,29398
1654473600,691.69,693.51,658.01,658.01,59431
1654560000,649.35,671.0,642.42,648.4,36462
1654646400,649.35,692.64,647.62,669.26,44527
1654732800,681.39,694.37,666.67,668.4,50237
1654819200,681.39,681.39,655.41,670.48,26906
1655078400,670.13,670.13,653.68,658.01,30186
1655164800,658.01,658.01,637.23,642.42,44709
1655251200,640.69,640.69,626.84,632.03,43308
1655337600,626.84,640.61,624.24,633.77,28716
1655424000,645.02,645.02,630.48,632.03,7812
1655596800,632.9,637.23,619.91,620.78,24466
1655683200,620.78,620.78,601.73,606.06,48891
1655769600,601.73,625.97,594.11,607.79,46333
1655856000,607.79,614.72,597.4,600.78,37943
1655942400,606.06,606.06,579.74,588.74,43807
1656028800,593.07,600.0,566.23,591.34,25998
1656201600,597.4,622.51,597.4,610.39,55781
1656288000,622.51,632.03,606.06,607.79,50461
1656374400,607.79,619.05,595.67,604.33,33686
1656460800,604.33,615.41,602.6,611.26,27112
1656547200,622.51,648.48,610.39,647.62,67918
1656633600,653.68,662.34,637.23,655.41,39299
1656806400,655.41,692.64,642.42,692.64,57141
1656892800,701.3,742.86,683.12,706.49,109119
1656979200,692.64,718.61,678.79,679.65,60540
1657065600,675.32,690.74,661.13,690.04,51101
1657152000,703.81,717.75,676.36,686.58,31218
1657238400,700.26,700.26,658.01,664.94,29749
1657497600,664.94,664.94,605.19,612.12,104645
1657584000,604.33,631.17,604.33,619.91,32302
1657670400,619.91,643.72,619.91,643.29,31858
1657756800,655.41,658.79,633.77,645.02,33615
1657843200,649.35,653.68,640.69,646.75,20520
1658016000,648.48,658.01,640.69,648.48,19801
1658102400,648.48,659.74,643.29,659.74,20436
1658188800,662.34,674.46,658.01,666.58,34051
1658275200,666.67,672.73,657.14,662.34,23404
1658361600,662.34,668.4,651.08,652.81,29874
1658448000,652.81,655.41,639.83,639.83,25662
1658620800,651.95,663.2,641.56,658.87,27931
1658707200,666.67,679.65,661.47,679.65,51103
1658793600,683.98,684.85,658.01,662.34,39159
1658880000,667.53,668.4,652.81,666.58,18916
1658966400,679.65,679.65,653.68,658.01,50748
1659052800,671.17,671.17,656.28,658.01,17833
1659225600,661.47,703.81,661.47,702.16,102315
1659312000,716.19,724.16,701.3,704.85,71211
1659398400,718.61,718.61,688.31,695.24,46241
1659484800,695.24,701.3,685.02,687.45,41457
1659571200,683.98,687.45,671.0,671.86,46568
1659657600,666.67,666.67,649.35,651.08,42274
1659830400,658.01,662.34,645.02,645.02,43846
1659916800,645.11,654.98,635.93,635.93,42998
1660003200,635.93,646.75,626.06,626.32,34593
1660089600,623.38,633.77,623.38,626.84,24727
1660176000,631.17,633.77,617.23,617.23,30516
1660435200,604.94,604.94,560.26,581.73,168624
1660521600,580.09,593.07,562.77,593.07,189048
1660608000,597.4,608.66,588.83,591.34,67302
1660694400,599.13,599.13,580.09,584.42,31064
1660780800,587.88,588.74,577.49,582.68,43501
1661040000,592.99,592.99,575.76,576.45,35963
1661126400,581.82,587.88,577.58,581.39,25775
1661212800,582.68,588.74,581.82,588.74,37587
1661299200,588.74,601.73,588.74,601.73,65005
1661385600,601.82,606.93,595.67,595.84,37331
1661472000,595.67,597.32,584.07,586.15,24619
1661644800,588.74,588.74,573.59,574.03,30636
1661731200,574.03,582.68,568.83,580.09,28429
1661817600,580.09,587.88,578.35,578.35,16726
1661904000,577.49,584.42,565.37,568.14,38060
1661990400,564.59,580.09,558.87,567.1,32698
1662076800,563.64,575.32,563.64,568.83,7359
1662249600,571.43,580.09,566.23,575.76,21165
1662336000,575.76,582.51,568.83,571.43,25567
1662422400,571.43,574.03,554.11,561.9,66543
1662508800,555.93,567.1,555.93,561.9,18109
1662595200,555.06,565.37,555.06,559.31,19982
1662854400,559.74,562.77,551.52,551.69,27750
1662940800,551.69,558.44,548.05,551.95,19700
1663027200,562.94,563.64,554.11,563.64,16864
1663113600,571.43,579.65,562.77,577.49,22576
1663200000,577.49,577.49,557.58,563.64,24716
1663286400,553.25,561.9,542.34,548.92,44826
1663459200,548.92,548.92,521.21,523.81,73171
1663632000,519.48,519.48,505.63,507.36,41241
1663718400,517.49,517.49,504.85,510.82,21540
1663804800,504.76,514.29,502.6,506.06,21631
1664064000,506.49,509.96,500.17,501.3,20512
1664236800,502.16,509.96,501.3,506.49,8306
1664323200,507.36,512.55,499.74,502.16,19626
1664409600,507.36,510.82,499.57,499.57,26071
1665273600,508.23,525.45,506.49,525.37,14726
1665360000,528.14,535.15,519.48,521.21,22888
1665446400,516.88,517.75,497.84,506.49,41703
1665532800,512.55,519.48,502.16,510.82,20039
1665619200,520.35,520.35,500.69,510.74,56105
1665878400,519.48,519.48,502.16,503.03,22819
1665964800,503.9,507.36,501.3,503.9,18647
1666137600,500.43,508.23,497.4,502.16,20865
1666224000,497.84,506.41,493.51,496.97,20944
1666483200,506.49,506.93,496.54,503.9,17513
1667174400,510.82,511.69,502.16,505.71,15715
1667260800,506.49,540.26,505.63,527.27,32523
1667347200,527.27,547.19,525.54,535.93,27439
1667433600,538.53,541.99,530.3,532.9,29218
1667692800,522.94,564.5,517.75,535.93,35468
1667779200,535.93,543.72,528.14,529.87,33623
1667865600,538.53,538.53,523.81,535.06,29168
1667952000,532.47,535.06,510.82,511.69,62506
1668038400,517.75,519.48,502.25,508.23,24927
1668297600,517.66,517.66,493.59,497.84,34454
1668384000,497.84,509.09,496.97,507.79,37727
1668470400,517.92,528.14,509.09,516.88,101193
1668556800,525.54,528.14,517.75,528.14,63445
1668643200,532.47,535.93,523.81,528.14,80266
1669075200,538.53,538.53,526.41,530.3,45889
1669161600,532.47,532.47,519.48,521.21,26463
1669248000,527.27,531.52,517.75,528.14,27971
1669507200,528.14,535.06,526.41,535.06,37316
1669593600,535.06,541.13,528.14,531.6,28119
1669680000,531.6,535.84,521.3,532.47,22127
1669766400,529.0,534.98,528.14,530.56,13374
1669852800,527.27,535.93,527.27,532.47,22265
1670112000,536.8,548.92,530.74,544.59,60543
1670198400,544.59,549.78,535.93,535.93,37907
1670284800,534.2,543.72,530.91,535.24,31681
1670371200,532.47,537.66,528.14,530.13,21956
1670716800,532.47,532.47,520.43,523.81,22338
1670803200,523.81,531.6,519.48,530.74,32341
1670889600,523.9,530.74,523.9,528.48,11418
1670976000,527.27,532.47,521.21,523.12,25845
1671062400,522.94,522.94,517.75,518.35,30385
1671321600,520.35,523.72,513.42,521.21,18960
1671408000,521.21,525.54,516.02,523.81,17774
1671494400,519.48,535.06,518.7,529.87,21170
1671580800,529.87,536.8,526.41,529.44,24494
1671667200,529.87,529.87,521.21,523.81,13707
1672012800,532.47,548.92,529.87,548.92,49438
1672099200,558.44,600.0,554.11,584.42,88980
1672185600,593.07,594.81,571.43,578.35,51063
1672272000,578.35,610.39,574.03,607.79,69290
1672531200,614.46,637.66,602.6,630.3,128592
1672617600,633.77,635.5,620.78,627.71,37153
1672704000,623.38,632.03,617.32,617.4,62125
1672790400,619.91,627.71,611.26,624.33,68888
1672876800,625.19,640.69,619.22,625.11,79958
1673136000,629.44,687.62,621.65,668.4,171232
1673222400,681.3,687.45,662.34,680.52,108052
1673308800,690.91,703.9,654.55,662.68,98452
1673481600,671.0,683.98,632.03,635.5,122709
1673913600,636.36,652.81,623.38,644.85,73246
1674000000,656.28,658.01,630.3,634.63,77356
1674086400,632.03,647.62,623.38,638.96,120170
1674432000,643.29,649.35,636.36,636.36,49273
1674518400,630.3,638.96,624.42,636.36,46204
1674604800,647.62,658.01,640.69,651.08,83596
1674691200,656.28,680.0,649.35,661.47,87042
1674950400,664.07,666.49,647.62,653.68,87517
1675036800,657.14,658.01,637.23,643.29,64954
1675123200,640.69,644.16,632.03,637.23,40962
1675209600,637.23,656.28,628.57,653.68,46247
1675296000,653.59,653.68,636.36,638.1,31603
1675555200,650.82,651.08,631.69,633.77,86995
1675641600,629.87,635.5,623.38,625.97,67568
1675728000,638.1,651.95,627.71,649.35,108847
1675814400,653.68,661.47,638.96,642.34,80465
1675900800,641.56,652.81,636.36,644.94,50143
1676160000,633.77,639.65,624.5,625.97,53153
1676332800,627.71,627.71,618.18,621.65,47077
1676505600,614.72,619.05,606.23,608.66,34446
1676851200,608.66,612.99,604.76,605.19,31020
1677024000,606.06,617.75,606.06,612.99,28749
1677110400,606.06,612.99,600.0,604.33,46295
1677369600,592.29,605.63,584.5,601.73,36891
1677456000,606.06,606.06,593.07,603.46,37417
1677542400,606.06,606.06,593.07,599.13,13330
1677628800,609.52,609.52,589.61,591.6,24412
1677715200,584.68,588.74,577.49,581.82,28690
1677974400,582.68,586.15,563.72,565.37,39638
1678147200,567.97,577.49,566.23,568.83,20167
1678320000,580.09,592.21,577.49,590.65,14473
1678579200,593.16,600.0,581.82,584.07,30729
1678665600,575.76,582.68,567.97,571.43,40780
1678752000,579.22,580.09,567.1,573.16,31393
1678838400,575.67,575.76,562.77,572.12,47063
1678924800,572.29,581.82,564.5,571.52,49914
1679184000,581.73,581.73,561.99,564.5,60131
1679270400,564.5,575.76,562.77,571.43,45746
1679443200,582.68,582.68,555.84,562.68,141236
1679529600,554.11,564.5,554.11,563.55,19805
1679788800,562.77,567.1,552.38,554.11,25295
1679875200,549.78,564.5,549.78,563.64,35967
1679961600,573.16,573.16,561.9,565.37,38348
1680048000,567.1,571.43,560.17,562.77,29193
1680134400,573.16,573.16,563.64,565.37,25086
1680393600,565.37,575.67,561.9,563.64,23201
1680480000,559.31,563.64,557.58,562.68,23131
1680566400,557.14,563.64,551.52,558.44,18152
1680652800,568.83,568.83,555.84,557.66,15333
1680739200,568.74,580.09,555.84,558.7,27655
1680998400,554.11,554.11,547.19,548.48,32596
1681084800,550.65,558.44,548.92,551.52,28291
1681171200,561.04,562.77,554.11,559.31,16859
1681257600,569.7,591.43,567.1,589.35,43493
1681344000,601.13,601.13,577.49,585.28,45599
1681603200,585.28,591.95,581.9,587.88,13754
1681689600,580.09,584.42,575.76,575.76,15545
1681776000,575.76,580.95,569.7,578.35,13874
1681862400,587.01,587.01,571.43,577.49,30629
1681948800,580.09,584.42,570.56,570.56,13683
1682208000,570.56,574.03,564.59,566.32,10821
1682294400,566.32,575.5,559.48,571.43,19722
1682380800,571.43,580.09,563.72,576.54,11310
1682467200,587.71,587.71,571.6,572.64,11196
1682553600,564.5,572.73,563.2,569.7,14720
1682812800,560.17,571.43,560.17,565.37,14917
1682985600,566.23,575.76,563.64,567.97,11762
1683072000,567.1,567.97,561.99,563.2,12501
1683158400,572.29,572.29,559.31,567.97,9551
1683417600,568.83,570.56,562.86,565.37,16413
1683504000,565.37,568.83,558.61,559.39,11351
1683590400,570.56,570.56,559.57,566.23,12926
1683676800,567.1,575.76,563.29,569.7,13283
1683763200,569.7,569.7,563.72,569.26,11421
1684022400,571.43,578.35,563.72,567.97,13421
1684108800,563.64,571.43,562.77,566.32,13650
1684195200,566.23,573.16,562.77,567.1,15476
1684281600,569.7,574.89,565.37,572.29,21211
1684368000,580.95,584.33,575.67,583.55,25615
1684627200,583.55,592.99,579.22,582.68,34145
1684713600,582.68,588.74,576.62,582.77,28392
1684800000,582.77,611.26,582.77,610.48,63211
1684886400,610.39,620.69,606.06,620.69,37079
1685232000,623.38,623.38,601.73,601.73,40481
1685404800,595.41,595.41,571.34,573.16,121055
1685491200,561.73,583.55,559.22,562.77,66415
1685577600,567.1,568.83,554.11,564.5,52628
1685836800,575.76,586.15,566.23,582.68,63925
1685923200,582.68,588.74,563.64,567.01,57764
1686009600,575.76,575.76,560.17,571.86,40021
1686096000,582.68,582.68,565.37,567.1,57463
1686182400,567.1,574.89,562.77,565.89,55278
1686441600,576.62,580.09,568.05,571.43,80664
1686528000,578.35,578.35,569.7,573.07,74077
1686614400,583.55,596.97,568.83,587.97,130059
1686700800,593.07,630.22,593.07,614.72,204923
1686787200,623.38,632.03,610.39,630.3,208130
1687046400,642.34,693.33,636.36,683.98,214860
1687132800,693.33,709.96,659.74,668.4,162103
1687219200,668.4,681.73,649.35,649.35,150595
1687305600,658.01,658.01,638.18,645.89,121852
1687392000,658.01,666.49,646.75,660.61,100868
1687651200,673.59,696.88,664.07,691.77,257931
1687737600,702.16,709.78,673.59,677.06,186943
1687824000,690.04,690.04,669.26,672.73,86178
1687910400,672.73,688.23,664.07,682.25,143690
1688256000,669.26,692.47,662.68,663.2,109697
1688342400,658.01,666.67,649.35,650.22,97368
1688428800,651.08,663.2,646.84,652.81,54381
1688515200,658.01,661.47,636.36,638.96,52578
1688601600,648.48,649.35,632.03,641.56,56379
1688860800,653.68,666.67,649.35,656.19,66648
1688947200,669.26,669.26,652.81,659.65,55880
1689033600,672.73,672.73,649.35,652.81,36335
1689120000,664.94,664.94,640.69,645.02,69420
1689206400,649.35,653.68,640.69,640.78,46006
1689465600,652.81,652.81,641.73,644.16,25527
1689552000,642.51,661.39,642.51,660.61,50533
1689638400,671.0,672.73,659.74,660.61,53343
1689724800,649.35,668.4,649.35,665.8,43307
1689811200,666.67,671.0,649.35,653.68,75277
1690070400,666.67,670.65,654.55,664.94,61604
1690156800,663.2,670.82,653.94,658.87,66223
1690243200,659.74,665.8,647.62,647.62,35943
1690329600,655.41,656.28,644.16,647.62,26858
1690416000,657.14,657.14,637.23,637.23,39216
1690675200,645.02,649.35,625.11,631.95,36604
1690761600,644.16,644.16,625.97,627.71,29761
1690848000,633.77,633.77,619.22,619.48,27174
1690934400,631.08,631.08,607.79,619.05,41104
1691020800,631.17,631.17,613.85,618.96,27212
1691280000,620.78,625.11,606.06,609.52,28175
1691366400,606.06,618.18,600.61,606.06,43574
1691452800,606.06,613.85,596.45,596.62,26465
1691539200,595.67,623.38,585.28,618.96,48018
1691625600,627.71,627.71,611.26,613.85,24957
1691884800,623.38,629.44,617.32,621.65,44130
1691971200,632.81,632.81,619.05,623.38,29246
1692057600,619.05,623.38,611.26,611.26,18443
1692144000,599.22,616.45,597.4,606.06,25600
1692230400,606.93,613.85,601.73,605.97,31423
1692489600,618.01,618.01,598.27,601.73,13106
1692576000,598.27,608.57,591.34,600.87,30134
1692662400,608.48,608.48,593.94,603.46,10901
1692748800,601.73,614.72,601.73,612.12,20300
1692835200,612.12,613.33,597.4,598.7,34862
1693094400,606.06,606.06,593.07,597.4,27367
1693180800,601.73,606.06,593.94,598.27,10277
1693267200,597.4,607.71,594.81,594.81,9183
1693353600,597.4,597.4,591.34,595.67,11703
1693699200,595.67,602.6,585.28,587.01,17887
1693785600,598.61,598.61,579.22,591.34,21507
1693872000,591.34,595.58,584.42,584.94,11054
1694044800,595.41,595.41,576.71,576.97,21709
1694304000,571.52,584.42,571.52,580.17,14650
1694390400,575.76,622.6,572.29,599.13,18843
1694476800,610.39,610.39,593.07,594.03,15845
1694563200,601.73,609.52,593.07,609.52,19308
1694908800,606.06,606.06,593.07,593.51,19004
1694995200,593.07,600.87,589.61,597.23,8088
1695081600,606.06,606.06,590.48,598.35,10652
1695254400,609.52,610.39,597.4,600.87,72890
1695513600,600.87,610.39,594.98,597.4,12556
1695600000,597.4,600.0,588.74,590.48,16888
1695686400,597.4,606.06,594.81,597.4,18751
1695772800,605.97,605.97,590.56,590.56,26006
1696118400,595.67,595.76,578.35,581.47,26773
1696204800,580.95,588.57,578.35,583.98,17700
1696291200,580.09,588.74,577.49,581.73,19684
1696377600,582.68,588.74,579.31,583.55,16284
1696464000,588.74,588.74,580.61,585.28,15066
1696723200,584.42,585.28,575.76,576.62,22406
1696809600,576.62,576.62,567.97,570.56,19353
1696896000,568.83,574.03,562.94,564.5,12438
1696982400,564.5,575.76,564.5,567.1,13710
1697068800,578.44,578.44,556.71,556.8,35947
1697414400,556.8,558.44,546.06,547.27,25589
1697500800,549.78,569.7,549.78,554.03,10250
1697587200,564.5,575.76,560.17,569.7,11651
1697673600,579.13,579.22,562.77,565.37,12090
1698537600,565.37,569.7,557.58,558.44,10033
1698624000,562.77,563.64,546.32,553.25,50718
1698710400,553.25,554.11,545.45,548.05,9594
1698796800,547.26,560.17,545.54,549.78,13482
1698883200,549.78,551.95,547.19,549.52,9567
1699142400,549.78,549.78,541.21,545.45,11065
1699228800,549.78,558.44,548.05,552.38,12167
1699315200,552.38,558.79,552.38,555.84,7542
1699401600,558.44,568.83,552.47,563.64,16004
1699488000,571.43,574.89,557.66,558.35,13824
1700438400,567.1,575.76,556.71,562.77,17011
1700524800,574.03,574.03,554.11,558.44,13303
1700611200,559.31,562.77,548.31,560.17,9797
1700697600,559.31,575.76,554.11,568.31,16372
1700956800,557.58,588.74,557.58,588.57,28464
1701043200,577.49,595.67,577.49,583.55,23199
1701129600,580.09,587.79,574.03,579.22,12490
1701216000,581.39,583.55,569.7,571.34,17017
1701302400,571.43,579.22,563.72,565.02,17278
1701561600,576.28,576.28,559.39,564.5,12553
1701648000,564.5,571.43,561.99,565.37,12727
1701734400,569.7,574.89,562.86,563.64,7677
1701820800,563.64,565.37,559.31,561.04,17214
1701907200,561.04,573.25,560.17,564.5,20444
1702166400,575.76,606.06,575.76,593.07,3936
1702252800,604.94,613.85,580.09,585.28,87743
1702339200,596.97,601.65,585.28,591.34,64195
1702425600,603.12,603.12,585.45,588.74,45278
1702512000,600.0,601.73,585.28,592.21,38703
1702771200,580.43,584.42,545.45,575.32,133906
1702857600,583.55,583.72,572.29,579.22,70563
1702944000,584.42,597.4,578.35,596.54,114598
1703030400,601.73,626.84,601.73,622.16,128472
1703116800,634.55,634.55,608.66,612.12,70475
1703376000,612.12,612.55,597.4,598.27,58378
1703635200,609.52,609.52,587.88,590.48,44402
1703721600,602.25,602.25,580.95,583.98,43099
1704067200,584.07,593.07,575.76,577.49,37725
1704153600,577.49,580.09,565.37,567.1,32939
1704240000,578.35,578.35,562.77,571.26,30206
1704326400,582.6,582.6,561.04,565.37,64723
1704585600,564.5,565.37,549.78,549.78,82347
1704672000,558.44,567.1,554.11,564.5,61735
1704758400,575.76,580.95,573.16,580.09,46929
1704844800,580.95,584.42,569.7,571.43,50137
1704931200,571.43,577.49,562.77,563.64,44057
1705190400,574.89,574.89,563.55,567.1,27037
1705363200,565.37,575.76,565.37,573.16,66221
1705449600,575.76,583.46,571.43,571.86,59629
1705536000,567.53,571.43,563.64,566.32,38735
1705795200,566.32,580.09,560.61,561.3,54076
1705881600,550.13,554.11,532.47,545.28,104029
1705968000,536.8,551.52,535.06,541.13,41977
1706054400,541.13,551.52,541.13,542.86,34813
1706140800,548.92,551.52,541.13,541.13,37353
1706400000,545.45,549.26,541.13,542.86,35053
1706486400,548.92,549.61,543.72,545.45,31840
1706572800,551.52,551.52,545.45,546.06,35833
1706659200,553.25,553.25,541.13,541.13,28535
1706745600,536.8,541.13,527.79,535.76,59742
1707004800,536.8,536.8,529.87,530.74,25595
1707091200,538.35,538.44,531.6,533.77,16814
1707177600,536.8,541.13,533.33,535.15,23771
1707264000,545.8,567.79,541.13,541.13,28205
1707350400,545.45,548.05,541.21,543.29,22032
1707609600,545.45,546.32,536.8,542.86,30118
1707696000,536.97,547.88,536.8,545.45,27121
1707782400,541.13,542.86,535.06,535.93,31953
1707868800,540.26,540.26,532.47,535.06,21939
1707955200,532.47,540.26,530.74,532.55,17127
1708214400,531.6,535.06,529.87,531.43,24055
1708387200,532.47,539.31,527.62,529.96,28272
1708473600,529.87,536.88,527.36,529.0,26693
1708560000,532.47,536.8,519.48,523.81,51774
1708819200,523.81,534.2,516.88,516.88,22433
1708905600,516.88,524.68,510.82,516.02,24145
1708992000,524.68,524.68,513.42,519.48,23676
1709078400,519.48,524.59,516.02,516.88,15201
1709164800,512.55,516.02,512.55,513.42,15582
1709424000,515.15,515.15,509.09,509.87,16884
1709510400,520.0,540.26,520.0,540.26,510
1709596800,551.0,551.0,521.13,523.72,24008
1709683200,523.81,529.7,515.15,520.35,22018
1709769600,519.57,528.14,509.09,516.02,54231
1710028800,516.97,526.23,506.49,517.75,51561
1710201600,519.48,540.69,519.48,540.26,60426
1710288000,550.65,552.38,535.06,541.99,45201
1710374400,541.99,545.37,532.47,533.33,36829
1710633600,542.68,542.68,526.49,529.0,32379
1710720000,528.14,534.98,526.41,528.14,13801
1710806400,528.14,536.54,527.27,528.14,26126
1710892800,538.53,538.53,528.14,529.87,16026
1710979200,535.41,535.41,524.59,524.68,33198
1711324800,524.68,528.14,512.55,519.48,33126
1711411200,520.35,525.45,510.82,518.61,26686
1711497600,519.39,520.26,516.02,516.88,27010
1711584000,511.77,519.48,510.82,516.02,32341
1711843200,514.46,518.61,512.55,515.06,22333
1711929600,510.91,519.48,510.82,515.93,25349
1712016000,511.95,519.31,511.86,515.24,19017
1712102400,525.54,528.05,511.69,515.5,27713
1712188800,515.5,519.48,514.72,514.72,19939
1712448000,514.72,519.48,512.55,516.97,25473
1712620800,527.27,527.27,516.02,517.75,26661
1712707200,520.35,522.94,513.42,516.88,34011
1713052800,516.88,521.21,514.29,515.15,31201
1713139200,511.77,516.88,511.77,515.15,26107
1713225600,514.29,515.15,510.82,512.55,24895
1713398400,510.82,513.42,508.23,510.82,25394
1713657600,511.69,511.69,504.33,509.96,23037
1713744000,509.96,512.55,504.76,508.66,16733
1713916800,507.36,514.2,505.8,509.09,11733
1714003200,506.49,514.29,505.63,507.36,17139
1714262400,517.49,517.49,507.19,510.82,19576
1714348800,511.77,516.88,509.96,510.82,16938
1714435200,511.69,514.29,507.36,511.69,22779
1714608000,521.9,521.9,511.69,511.77,24785
1714867200,511.69,515.15,506.49,508.23,25655
1714953600,509.09,509.09,502.16,502.16,39902
1715040000,501.3,509.44,501.13,501.73,19148
1715126400,499.57,502.16,490.04,496.97,27725
1715212800,495.32,497.14,491.77,492.73,19619
1715472000,502.51,502.51,493.51,497.84,18771
1715558400,498.7,506.41,497.84,500.43,16368
1715644800,505.54,510.82,499.57,509.96,19178
1715731200,515.06,519.39,508.23,510.82,35040
1715817600,509.09,511.6,503.46,508.14,17319
1716076800,518.18,535.93,506.58,525.63,63616
1716163200,525.54,536.71,525.37,527.27,38138
1716249600,530.74,535.93,518.61,522.34,37813
1716336000,532.47,542.86,520.69,529.87,51770
1716681600,531.6,535.06,522.94,525.54,16518
1716768000,534.98,534.98,522.94,524.68,16492
1716940800,535.15,535.15,524.68,525.97,30904
1717027200,522.25,532.38,519.74,522.08,23617
1717286400,529.87,539.22,527.27,533.77,96823
1717372800,536.8,539.39,531.6,532.55,29557
1717459200,532.47,535.5,528.14,531.6,21776
1717545600,529.44,532.47,526.06,526.41,21005
1717632000,532.03,532.03,524.68,526.32,19339
1717891200,536.8,536.8,521.13,521.65,26680
1717977600,532.03,532.03,519.48,519.74,30667
1718064000,529.0,535.84,522.42,534.81,37611
1718150400,539.39,539.39,529.87,535.93,56996
1718236800,539.39,543.72,534.2,541.13,42614
1718496000,548.92,550.65,543.72,544.59,94774
1718668800,555.41,555.41,526.41,526.41,43593
1718755200,519.48,529.0,518.79,518.79,28564
1718841600,529.09,529.09,510.82,511.69,40725
1719100800,510.82,511.69,506.49,506.49,36035
1719187200,500.43,514.29,500.43,507.1,20473
1719273600,502.16,512.21,502.16,506.67,28590
1719360000,502.6,507.36,502.25,503.38,24848
1719446400,503.38,505.19,495.24,497.92,28923
1719705600,493.59,497.84,493.59,495.24,24687
1719792000,495.24,496.97,494.03,495.24,23399
1719878400,505.11,524.68,504.85,506.49,33199
1719964800,509.96,510.74,502.16,506.41,26085
1720051200,510.39,510.82,506.41,508.23,40634
1720310400,517.75,517.75,509.09,512.55,29144
1720396800,511.69,518.61,508.31,515.93,42450
1720483200,515.15,519.48,510.82,518.18,36529
1720569600,523.81,526.41,519.74,521.21,28256
1720656000,531.6,531.6,521.56,528.92,40570
1720915200,539.48,551.95,534.2,535.93,52269
1721001600,546.32,546.32,529.87,535.93,55334
1721088000,541.13,545.45,528.23,545.45,37765
1721174400,551.95,571.43,549.0,571.43,95129
1721260800,580.09,598.27,571.86,591.34,147365
1721520000,591.34,612.12,591.34,609.96,159512
1721606400,612.21,624.24,604.33,618.61,172060
1721692800,619.05,645.02,614.81,645.02,145518
1721779200,653.68,679.65,645.02,662.34,229385
1721865600,662.34,675.58,649.44,666.67,159060
1722124800,680.0,733.33,666.67,724.68,233131
1722211200,739.13,753.16,719.48,719.48,274510
1722297600,720.35,722.94,696.1,715.15,214044
1722384000,729.44,757.58,718.61,731.6,207719
1722470400,746.23,779.22,735.93,753.25,221608
1722816000,767.97,806.93,753.25,800.87,305692
1722902400,800.87,813.85,757.66,757.66,366958
1722988800,770.56,783.46,747.19,780.09,223149
1723075200,785.28,811.26,781.04,785.28,188616
1723334400,796.54,810.65,787.88,809.52,238626
1723420800,817.32,868.4,817.32,861.47,269247
1723507200,877.92,917.75,877.92,887.45,314318
1723593600,905.19,905.19,870.13,891.77,206332
1723680000,899.74,900.43,870.13,874.46,204665
1723939200,883.12,883.12,844.16,848.48,284458
1724198400,848.48,864.94,831.26,838.96,161291
1724284800,839.83,848.48,826.84,832.99,184060
1724544000,848.48,848.48,796.54,800.87,189236
1724716800,792.21,799.13,761.9,763.64,274692
1724803200,778.87,783.55,749.78,758.44,125107
1724889600,758.7,758.7,723.98,737.66,191952
1725148800,737.66,748.92,722.94,725.54,97049
1725235200,740.0,778.96,721.21,776.54,166631
1725321600,792.03,795.84,770.65,784.5,126483
1725408000,800.09,800.09,746.32,748.05,126139
1725494400,736.88,754.11,725.63,740.26,86672
1725753600,753.25,753.25,729.87,733.33,41222
1725840000,743.72,743.72,705.63,709.52,98837
1725926400,719.48,723.64,705.28,706.49,57016
1726012800,719.91,719.91,692.64,694.37,62481
1726099200,696.97,722.94,688.31,710.82,90693
1726358400,722.94,735.76,692.64,694.37,92171
1726444800,708.23,708.23,676.19,683.98,75624
1726617600,697.66,697.66,662.34,672.73,68438
1726963200,686.15,713.42,666.67,674.46,55414
1727049600,687.88,687.88,645.02,651.86,79930
1727136000,651.86,670.04,636.36,638.96,62601
1727222400,638.96,656.71,628.57,656.28,101595
1727308800,643.29,666.67,643.29,649.35,34422
1727568000,662.34,662.34,636.36,645.8,29436
1727654400,642.42,662.77,641.56,662.08,49625
1727740800,664.68,695.24,664.68,691.77,84435
1727827200,695.24,718.61,688.31,709.09,86074
1728172800,703.03,724.68,695.24,717.75,49821
1728259200,732.03,746.32,717.75,730.48,59396
1728345600,744.07,744.07,720.35,729.87,59315
1728432000,717.06,733.33,711.69,727.27,33580
1728950400,734.89,740.26,725.97,736.8,20142
1729036800,740.26,760.17,737.66,757.58,76237
1729123200,766.23,767.97,750.22,752.81,52798
1729382400,738.53,751.52,724.24,731.6,64238
1729468800,730.74,730.74,701.47,705.63,68366
1729555200,704.76,722.94,704.76,716.36,27999
1729641600,703.12,726.32,703.12,709.09,30491
1729728000,722.08,722.08,696.97,701.56,28806
1729987200,705.63,714.29,694.46,696.02,28528
1730073600,709.87,722.94,698.7,705.54,27899
1730160000,717.75,727.27,706.75,727.27,43481
1730246400,729.87,729.87,718.61,719.48,23570
1730764800,713.42,729.87,713.42,722.86,24301
1730851200,719.48,727.27,714.29,717.75,16535
1731196800,720.35,735.93,720.35,735.06,48684
1731283200,746.32,796.54,735.93,761.9,139600
1731369600,770.56,782.68,759.48,760.95,71658
1731456000,776.1,776.1,744.59,748.92,44001
1731542400,752.64,778.35,747.19,748.92,37128
1731801600,763.9,763.9,744.59,745.45,41375
1731974400,741.13,753.16,727.27,727.27,62520
1732060800,741.82,741.82,720.35,721.21,36036
1732147200,722.08,731.6,705.71,706.49,53795
1732406400,720.35,731.6,706.06,707.88,52698
1732492800,708.23,716.02,705.63,712.55,24037
1732579200,726.75,727.27,709.52,714.29,36700
1732665600,700.0,731.0,700.0,721.21,39022
1732752000,731.6,735.06,714.29,715.15,25940
1733011200,729.44,729.44,701.73,704.76,37248
1733097600,718.79,718.79,700.69,704.76,44928
1733184000,704.76,709.09,696.97,701.3,25381
1733270400,715.32,715.32,701.3,701.3,26373
1733356800,714.2,714.2,694.37,698.7,37055
1733616000,709.87,709.87,686.58,692.64,43459
1733702400,701.3,701.3,686.58,689.18,19452
1733788800,702.86,702.86,683.98,686.58,15758
1733875200,689.18,692.47,683.98,690.91,20203
1733961600,692.64,700.87,681.39,681.39,41496
1734307200,694.37,694.37,672.73,673.77,25620
1734393600,671.0,683.12,666.67,667.79,22182
1734480000,680.52,680.52,666.93,668.4,17944
1734566400,668.4,677.92,663.2,665.8,31856
1734825600,652.55,676.19,652.55,657.14,23369
1734912000,658.01,663.2,645.02,660.61,41230
1734998400,659.74,675.32,657.14,666.67,40595
1735171200,662.34,677.06,658.01,666.23,24055
1735430400,666.67,671.0,658.01,663.2,17949
1735603200,662.34,670.91,655.41,661.04,21334
1735689600,665.8,665.8,656.45,657.32,14634
1735776000,668.31,668.31,656.28,658.01,23972
1736035200,671.0,671.0,657.66,662.34,23002
1736121600,671.0,679.65,659.05,679.65,28788
1736208000,690.82,690.82,671.08,675.32,18399
1736294400,688.74,688.74,675.32,682.16,24732
1736380800,688.31,688.31,671.08,677.06,33903
1736640000,690.56,744.59,690.56,704.76,92192
1736726400,718.79,718.79,693.51,696.45,61292
1736899200,705.63,707.36,690.91,699.31,85626
1736985600,713.25,713.25,691.77,699.83,49328
1737244800,692.64,702.16,692.64,701.3,53895
1737331200,704.76,707.36,701.3,706.41,45998
1737417600,708.23,715.15,704.76,711.69,58506
1737504000,725.89,731.6,711.69,723.9,208707
1737590400,738.29,738.29,723.81,727.62,55477
1737849600,742.1,742.1,714.29,716.19,40512
1737936000,723.81,723.81,705.71,705.71,48337
1738022400,719.71,719.71,695.24,697.14,38882
1738454400,697.14,711.43,697.14,709.52,57951
1738540800,714.29,723.81,711.43,715.24,37115
1738627200,719.05,721.9,709.52,714.29,37582
1738713600,722.19,722.19,700.95,702.86,47097
1738800000,702.86,709.52,700.95,704.76,34996
1739059200,709.52,715.24,695.24,696.29,35229
1739145600,696.29,699.05,685.71,688.57,33894
1739232000,701.9,701.9,683.81,686.67,19974
1739318400,678.19,695.24,677.24,677.24,41785
1739404800,678.1,684.76,676.19,678.1,28411
1739664000,680.95,684.76,677.14,678.95,30817
1739750400,690.48,693.81,678.1,690.0,31702
1739836800,691.43,710.48,691.43,703.81,51697
1740009600,708.57,724.57,702.86,718.1,64558
1740268800,714.29,723.62,703.81,718.1,52843
1740355200,719.05,723.81,703.81,703.81,50922
1740441600,703.81,714.29,703.81,711.43,30915
1740614400,712.38,728.57,709.52,728.57,68396
1740873600,741.9,801.43,740.95,801.43,248954
1740960000,817.14,838.1,810.48,811.43,191519
1741046400,823.81,833.33,800.0,806.57,144411
1741132800,806.57,806.67,780.0,784.76,111725
1741219200,794.19,800.38,777.62,778.29,66136
1741478400,793.81,793.81,761.05,761.71,60791
1741564800,747.71,775.24,747.71,754.29,44060
1741651200,757.14,761.9,741.9,742.86,48691
1741737600,733.33,752.38,733.33,748.57,34071
1742083200,760.95,760.95,734.29,747.43,41390
1742169600,733.33,752.67,733.33,746.67,28054
1742256000,750.0,755.62,742.86,743.33,23109
1742342400,729.52,747.62,729.52,738.1,29512
1742428800,738.1,742.86,732.0,732.95,17367
1742688000,723.81,733.33,712.38,718.17,51829
1742774400,703.81,737.05,703.81,732.48,33879
1742860800,718.1,724.0,710.67,714.31,50869
1742947200,704.86,733.43,704.86,731.3,45050
1743033600,716.76,750.48,716.76,746.8,45574
1743292800,733.33,765.14,733.33,752.63,62960
1743465600,737.62,761.43,737.62,745.18,27619
1743552000,760.0,760.0,739.33,745.22,14982
1743638400,752.38,752.38,738.48,741.78,31507
1743984000,726.95,746.57,726.95,741.23,24832
1744070400,728.57,742.76,728.57,738.48,30470
1744156800,752.38,752.38,736.19,738.61,19913
1744243200,723.9,752.19,723.9,734.5,31357
1744502400,735.24,738.1,728.57,729.91,25608
1744675200,733.33,750.95,733.33,744.0,26594
1744761600,742.95,747.62,740.95,743.12,16834
1744848000,738.1,757.14,738.1,748.33,35904
1745107200,748.57,750.48,736.19,736.8,44780
1745193600,738.1,740.0,727.62,735.58,21361
1745280000,734.29,767.9,730.48,744.9,39061
1745366400,732.38,747.62,732.38,739.34,23348
1745452800,754.1,754.1,733.33,736.91,31406
1745712000,738.1,748.57,730.86,733.53,47091
1745798400,726.76,737.14,726.67,730.59,28941
1745884800,734.29,741.9,719.05,720.02,40678
1745971200,726.67,728.57,717.43,721.71,27880
1746316800,718.1,728.57,714.29,716.51,50931
1746403200,730.48,730.48,711.52,714.71,26923
1746489600,716.19,718.95,714.38,715.32,18514
1746576000,714.38,733.33,714.29,727.5,26478
1746662400,733.33,733.33,720.19,723.99,29345
1746921600,728.57,728.57,714.29,717.47,26702
1747094400,720.0,742.86,716.19,722.85,44793
1747180800,715.24,729.52,715.24,718.12,26629
1747267200,714.57,721.9,714.57,716.7,29081
1747526400,715.33,722.1,714.76,715.39,31244
1747612800,714.29,721.9,714.29,717.53,29066
1747699200,731.43,731.43,714.29,725.34,35268
1747785600,739.81,754.29,725.71,727.49,34928
1747872000,728.48,730.48,723.81,726.14,31000
1748131200,727.62,733.33,721.52,723.68,50743
1748217600,738.1,742.86,720.0,722.85,47336
1748304000,708.48,723.81,708.48,720.56,27956
1748390400,723.81,723.81,719.05,721.49,37149
1748822400,728.57,733.33,714.29,726.7,54583
1748908800,723.81,729.52,719.05,723.96,35563
1748995200,738.1,738.1,719.05,719.36,41063
1749081600,719.14,726.67,716.57,719.41,23026
1749340800,720.0,723.81,715.24,716.33,29372
1749427200,716.1,727.62,714.29,714.83,44930
1749513600,719.43,720.95,714.19,715.85,35700
1749600000,729.52,729.52,712.29,712.87,23731
1749686400,712.38,722.86,712.38,714.42,36988
1749945600,722.86,722.86,712.57,714.4,38690
1750032000,712.29,723.81,712.29,713.94,46091
1750118400,720.95,720.95,712.57,712.96,16743
1750204800,713.33,719.05,709.05,709.61,32344
1750291200,708.48,714.29,706.67,706.88,48793
1750550400,707.62,710.48,697.14,699.9,30145
1750636800,704.76,704.76,690.48,694.78,38534
1750723200,696.19,700.0,692.57,695.0,29049
1750809600,706.57,706.57,688.67,690.13,45649
1750896000,689.52,696.19,685.71,686.46,45362
1751155200,700.0,700.0,685.71,693.01,33010
1751241600,699.43,704.76,692.38,693.93,46364
1751328000,693.93,707.81,693.33,704.94,41380
1751414400,701.71,734.19,701.71,728.24,104650
1751500800,732.38,766.67,728.57,756.74,216722
1751760000,763.81,763.81,739.05,741.69,80853
1751846400,741.05,747.62,729.05,731.96,81974
1751932800,735.24,739.43,724.76,729.05,60060
1752019200,727.62,737.14,727.62,729.23,58561
1752105600,726.67,744.76,726.67,738.09,84001
1752364800,752.38,767.62,738.1,740.21,55842
1752451200,752.38,752.38,729.52,731.35,58888
1752537600,738.1,740.38,729.52,737.99,44505
1752624000,751.43,766.38,733.33,736.16,89270
1752710400,750.48,776.19,748.57,769.42,157976
1752969600,776.19,814.29,769.52,793.73,236154
1753056000,809.52,809.52,782.38,793.27,126300
1753142400,795.24,834.29,793.14,832.93,232215
1753228800,832.38,841.9,824.86,832.4,174862
1753315200,830.57,835.62,825.71,830.66,119207
1753574400,830.57,847.62,819.05,821.85,200942
1753660800,821.85,821.85,800.19,813.2,187974
1753747200,829.24,838.1,816.48,820.95,102028
1753833600,823.81,830.67,809.71,811.18,92056
1753920000,804.76,812.38,795.33,797.25,97674
1754179200,790.48,799.05,772.29,774.29,111935
1754265600,775.24,789.52,771.52,781.74,68297
1754352000,781.74,788.57,765.33,766.7,59141
1754438400,771.43,771.43,752.48,759.95,82685
1754524800,760.95,774.29,760.1,766.09,61381
1754870400,780.95,780.95,755.24,758.32,63294
1754956800,752.38,760.95,748.57,751.82,44308
1755043200,753.33,754.29,743.14,745.81,36172
1755129600,746.67,747.62,742.86,746.81,21252
1755388800,746.81,759.05,746.48,746.9,27400
1755475200,760.95,760.95,744.0,747.74,47364
1755561600,747.74,759.05,745.05,747.05,30770
1755648000,740.0,751.43,739.14,746.42,31104
1755734400,753.33,753.33,737.14,739.56,32162
1755993600,751.43,751.43,733.33,734.43,34020
1756080000,745.71,745.71,732.38,737.5,22542
1756166400,740.95,742.86,735.24,737.43,14440
1756252800,740.0,757.14,737.14,755.27,48265
1756339200,740.86,759.05,740.86,746.72,31371
1756598400,747.62,747.62,738.57,740.4,34590
1756684800,755.14,755.14,738.1,740.97,31178
1756771200,755.71,755.71,728.57,741.4,24136
1756857600,742.86,744.67,738.1,738.63,23410
1756944000,745.71,745.71,733.33,736.18,20374
1757203200,736.19,747.62,733.33,735.77,25042
1757289600,733.33,736.95,731.43,732.51,29144
1758153600,717.9,719.05,668.57,676.19,6199
1758412800,676.19,725.71,671.43,723.29,69030
1758585600,716.19,747.62,716.19,740.95,31419
1758672000,736.19,740.95,730.29,732.38,21109
1758758400,732.38,735.43,723.81,733.43,20218
1759017600,735.24,747.62,734.48,742.1,14901
1759795200,738.1,742.86,727.62,733.33,24049
1759881600,733.33,733.33,711.81,722.19,35956
1759968000,736.57,772.29,724.76,733.33,36299
1760227200,720.57,733.33,707.71,713.33,56336
1760313600,726.67,726.67,702.86,724.76,33282
1760400000,723.81,728.57,712.38,712.38,24866
1760486400,712.38,719.05,706.95,712.48,24916
1760572800,714.29,723.81,709.33,709.33,20842
1760832000,711.43,719.05,698.1,714.29,14856
1761436800,713.33,717.14,706.29,716.19,8813
1761609600,723.81,748.57,723.81,742.86,37032
1761696000,745.71,757.14,738.1,740.0,42782
1761782400,747.52,752.38,733.43,749.52,42327
1762041600,760.0,800.0,752.57,795.33,188761
1762128000,794.29,805.71,780.0,784.86,88330
1762214400,799.81,799.81,769.52,770.48,69111
1762300800,768.57,791.43,763.81,789.52,93429
1762387200,800.0,800.0,771.43,782.0,108523
1762646400,783.81,783.81,766.67,771.43,45570
1762732800,780.95,780.95,764.76,766.29,45531
1762819200,780.0,780.0,765.71,771.43,34304
1762905600,773.33,775.14,756.0,760.0,72505
1762992000,744.95,772.29,744.95,762.86,42315
1763251200,776.19,776.19,754.29,759.9,25051
1763337600,760.0,771.43,759.05,766.19,34283
1763424000,771.43,780.0,767.33,771.33,50992
1763510400,779.9,779.9,751.43,760.95,65155
1763596800,760.95,767.62,755.24,765.71,24300
1763856000,768.76,791.81,768.76,790.48,138581
1763942400,795.24,830.48,795.24,819.05,289832
1764028800,820.95,829.52,805.71,813.33,127960
1764115200,829.52,829.52,802.86,805.9,105616
1764201600,802.86,817.05,801.05,809.24,120741
1764460800,809.62,828.57,800.95,801.05,217658
1764547200,785.71,813.33,785.71,800.0,74629
1764633600,800.95,808.57,798.19,799.24,54611
1764720000,801.9,804.76,787.62,789.52,75475
1765065600,783.81,798.1,776.19,779.05,64177
1765152000,794.57,794.57,772.38,782.86,65078
1765238400,798.48,798.48,768.57,788.57,36913
1765324800,786.67,797.14,780.0,783.62,39337
1765411200,791.24,792.38,778.1,780.95,99429
1765670400,780.95,788.57,776.29,777.14,51555
1765756800,777.14,780.0,773.33,777.14,61938
1765843200,779.05,789.43,778.57,787.14,39453
1765929600,790.48,798.95,789.52,795.24,60587
1766016000,800.0,800.0,781.9,782.86,57039
1766275200,785.71,787.62,776.19,778.57,127527
1766361600,763.0,778.0,760.5,760.8,63866
1766448000,750.3,770.0,750.3,752.0,34545
1766534400,752.1,761.0,750.3,750.5,35825
1766880000,764.9,770.0,758.5,768.1,65832
1766966400,775.0,775.0,760.4,766.0,40385
1767139200,775.0,778.8,768.0,774.9,37759
1767225600,775.0,788.0,770.0,771.0,44825
1767484800,779.0,779.0,759.0,759.0,39526
1767571200,774.1,774.1,761.0,767.0,44186
1767657600,767.0,779.9,765.0,766.1,36711
1767744000,767.0,776.5,765.1,766.9,22720
1767830400,767.0,773.0,756.7,770.0,35706
1768176000,770.1,780.0,770.0,779.0,33197
1768262400,778.7,784.0,772.0,774.0,15684
1768348800,778.0,778.4,762.5,769.0,28008
1768694400,776.1,782.0,773.1,780.0,27049
1768867200,790.0,800.0,782.0,790.0,45351
1768953600,790.0,797.0,785.0,788.9,38520
1769040000,788.0,795.0,780.0,790.0,40242
1769299200,785.0,804.9,785.0,802.0,82388
1769385600,806.0,809.0,792.0,796.0,67178
1769472000,785.0,800.7,776.6,780.0,66067
1769558400,780.1,788.9,772.1,780.0,32861
1769644800,775.0,785.0,772.6,776.9,41258
1769904000,791.0,791.0,768.0,769.4,34728
1769990400,754.2,780.0,754.2,763.2,44965
1770076800,770.0,775.0,763.0,763.0,26908
1770163200,748.0,777.0,748.0,766.0,34224
1770249600,766.2,773.0,760.0,770.1,34466
1770508800,775.0,775.0,765.2,765.3,21973
1770595200,770.0,770.0,760.1,760.2,25221
1770681600,762.0,764.0,742.0,753.5,62719
1770768000,768.5,768.5,746.0,751.0,34641
1770854400,747.5,759.0,745.0,754.0,28341
