date,open,high,low,close,volume
1325376000,33.76,34.18,33.34,33.34,530
1325462400,33.34,33.34,32.49,32.49,1220
1325548800,32.49,32.91,31.65,32.91,100
1325635200,32.91,34.18,33.34,34.18,80
1326672000,34.18,35.45,34.6,35.45,390
1326758400,35.45,35.87,35.02,35.87,530
1327449600,35.87,35.45,35.02,35.02,80
1327536000,35.02,35.87,35.45,35.87,170
1328054400,35.87,35.87,35.87,35.87,130
1328572800,35.87,35.45,35.45,35.45,460
1328745600,35.45,35.02,35.02,35.02,10
1329955200,35.02,35.45,35.02,35.02,490
1330214400,35.02,34.6,33.76,33.76,2440
1330300800,33.76,33.76,33.34,33.34,1390
1330387200,33.34,32.91,32.91,32.91,10
1330473600,32.91,32.91,32.49,32.91,400
1331769600,32.91,32.49,32.49,32.49,80
1332633600,32.49,32.49,32.49,32.49,180
1332806400,32.49,32.07,32.07,32.07,150
1332892800,32.07,31.65,31.65,31.65,640
1333497600,31.65,31.65,31.23,31.23,390
1334793600,31.23,31.23,31.23,31.23,10
1335052800,31.23,30.8,30.8,30.8,90
1336348800,30.8,31.23,31.23,31.23,40
1336435200,31.23,31.65,31.65,31.65,80
1336608000,31.65,31.23,31.23,31.23,140
1337472000,31.23,30.8,30.8,30.8,210
1337558400,30.8,32.49,31.23,32.49,100
1337644800,32.49,34.18,32.91,34.18,150
1337731200,34.18,36.29,34.6,36.29,2060
1337817600,36.29,35.87,35.87,35.87,40
1338249600,35.87,36.71,35.45,36.29,1270
1338336000,36.29,39.24,36.71,39.24,1920
1338681600,39.24,38.82,38.82,38.82,890
1338768000,38.82,38.82,37.98,38.82,1380
1338854400,38.82,39.24,38.82,38.82,730
1338940800,38.82,39.67,38.82,39.24,1060
1339027200,39.24,39.67,39.24,39.24,1610
1339286400,39.24,39.67,38.82,39.24,3160
1339372800,39.24,39.24,38.82,39.24,100
1339459200,39.24,39.67,39.24,39.24,1140
1339545600,39.24,39.24,38.82,39.24,340
1339632000,39.24,39.24,39.24,39.24,760
1339891200,39.24,39.67,39.24,39.24,1080
1339977600,39.24,38.82,38.82,38.82,490
1340064000,38.82,38.82,38.82,38.82,80
1340236800,38.82,38.4,38.4,38.4,80
1340668800,38.4,37.98,37.56,37.56,760
1340755200,37.56,37.98,37.98,37.98,150
1340841600,37.98,37.56,37.56,37.56,70
1341100800,37.56,37.13,37.13,37.13,140
1341360000,37.13,36.71,36.71,36.71,1180
1341446400,36.71,36.29,36.29,36.29,80
1341705600,36.29,35.87,35.45,35.45,720
1341792000,35.45,35.02,35.02,35.02,40
1341964800,35.02,34.6,33.76,33.76,790
1342051200,33.76,33.34,33.34,33.34,680
1342483200,33.34,33.76,33.76,33.76,130
1342569600,33.76,33.76,33.76,33.76,60
1342915200,33.76,33.76,33.76,33.76,90
1343088000,33.76,33.76,33.34,33.76,410
1343606400,33.76,33.34,33.34,33.34,40
1343779200,33.34,33.34,32.91,32.91,260
1344124800,32.91,32.49,32.49,32.49,90
1344297600,32.49,32.07,32.07,32.07,10
1344384000,32.07,32.49,32.49,32.49,70
1344729600,32.49,32.07,32.07,32.07,30
1344816000,32.07,32.07,32.07,32.07,240
1344902400,32.07,32.49,32.49,32.49,40
1344988800,32.49,32.91,32.91,32.91,60
1345593600,32.91,32.49,32.49,32.49,140
1345680000,32.49,32.91,32.49,32.91,1240
1345939200,32.91,33.34,33.34,33.34,10
1346025600,33.34,33.76,33.34,33.76,170
1346112000,33.76,34.18,33.76,34.18,550
1346198400,34.18,35.02,34.18,35.02,300
1346284800,35.02,35.45,35.02,35.45,140
1346544000,35.45,35.45,35.02,35.02,170
1346716800,35.02,35.87,35.45,35.45,60
1346803200,35.45,35.87,35.87,35.87,30
1347148800,35.87,35.45,35.45,35.45,20
1347321600,35.45,35.87,35.87,35.87,40
1347408000,35.87,35.87,35.87,35.87,460
1347494400,35.87,36.29,36.29,36.29,40
1347753600,36.29,36.29,36.29,36.29,40
1347840000,36.29,37.56,36.71,37.56,160
1347926400,37.56,37.56,37.56,37.56,150
1348012800,37.56,37.98,37.98,37.98,20
1348099200,37.98,38.82,38.4,38.82,220
1348358400,38.82,38.82,38.82,38.82,30
1348444800,38.82,38.82,38.82,38.82,310
1348531200,38.82,39.24,39.24,39.24,210
1348617600,39.24,40.09,39.67,40.09,280
1348963200,40.09,40.93,40.51,40.93,80
1349049600,40.93,41.35,40.93,41.35,200
1349136000,41.35,40.93,40.93,40.93,280
1349222400,40.93,41.78,41.35,41.78,320
1349568000,41.78,41.78,41.78,41.78,70
1349654400,41.78,41.78,41.78,41.78,70
1349740800,41.78,41.35,41.35,41.35,20
1349827200,41.35,41.78,41.78,41.78,210
1349913600,41.78,41.78,41.78,41.78,40
1350172800,41.78,42.2,42.2,42.2,930
1350259200,42.2,43.04,42.2,42.62,450
1350432000,42.62,42.2,42.2,42.2,150
1351555200,42.2,42.2,42.2,42.2,150
1351641600,42.2,42.2,42.2,42.2,200
1351728000,42.2,42.62,42.62,42.62,20
1351987200,42.62,42.2,42.2,42.2,110
1352073600,42.2,43.04,42.62,43.04,540
1352160000,43.04,42.62,42.62,42.62,210
1352246400,42.62,43.46,43.46,43.46,40
1352332800,43.46,46.0,43.46,46.0,180
1352592000,46.0,47.68,46.0,47.68,160
1353196800,47.68,48.53,47.68,48.53,620
1353369600,48.53,49.37,49.37,49.37,120
1353456000,49.37,48.53,48.53,48.53,40
1353542400,48.53,48.95,48.53,48.53,470
1353801600,48.53,49.37,49.37,49.37,120
1353974400,49.37,49.37,48.53,48.95,450
1354060800,48.95,48.95,48.11,48.95,410
1354147200,48.95,49.79,48.11,48.95,570
1354579200,48.95,48.11,48.11,48.11,420
1354665600,48.11,47.68,47.26,47.26,40
1354752000,47.26,47.68,46.42,47.68,750
1355011200,47.68,46.84,46.84,46.84,130
1355097600,46.84,46.84,46.84,46.84,160
1355184000,46.84,48.53,47.26,47.68,1350
1355356800,47.68,47.26,47.26,47.26,20
1355616000,47.26,47.68,46.84,46.84,140
1355702400,46.84,48.11,47.26,48.11,1480
1355788800,48.11,48.11,47.26,47.68,1280
1355875200,47.68,47.68,46.84,46.84,540
1355961600,46.84,48.11,46.84,48.11,2040
1356220800,48.11,48.95,47.26,48.95,220
1356480000,48.95,50.64,49.79,49.79,2840
1356566400,49.79,49.79,48.95,49.37,160
1356912000,49.37,48.53,48.53,48.53,90
1356998400,48.53,47.68,47.68,47.68,20
1357084800,47.68,47.26,46.42,47.26,1460
1357171200,47.26,48.95,48.11,48.95,190
1357430400,48.95,48.53,48.53,48.53,130
1357516800,48.53,49.79,48.53,49.79,200
1357603200,49.79,49.79,48.95,48.95,660
1357689600,48.95,49.79,48.95,48.95,340
1357776000,48.95,50.64,48.95,50.64,680
1358035200,50.64,51.48,51.48,51.48,40
1358208000,51.48,51.48,51.06,51.48,450
1358294400,51.48,51.48,51.06,51.48,40
1358380800,51.48,51.9,51.9,51.9,70
1358640000,51.9,51.48,51.48,51.48,20
1358726400,51.48,53.17,51.9,52.32,3170
1358812800,52.32,52.75,52.75,52.75,210
1358899200,52.75,54.43,52.32,54.43,1810
1358985600,54.43,54.43,53.59,54.43,80
1359244800,54.43,57.81,54.86,57.81,390
1359331200,57.81,62.87,58.65,62.87,1340
1359504000,62.87,62.87,58.23,58.23,2430
1359590400,58.23,57.39,56.54,57.39,360
1359849600,57.39,56.54,55.7,55.7,1620
1359936000,55.7,55.7,55.28,55.28,710
1360022400,55.28,54.43,53.59,54.43,210
1360108800,54.43,53.59,53.17,53.17,110
1360195200,53.17,52.32,51.48,51.48,920
1360454400,51.48,50.64,50.64,50.64,120
1360627200,50.64,51.48,50.64,51.48,210
1360713600,51.48,54.01,51.48,54.01,400
1360800000,54.01,54.01,53.17,53.17,340
1361404800,53.17,54.01,53.17,53.17,670
1361750400,53.17,53.17,51.9,52.75,1130
1361923200,52.75,52.32,51.06,52.32,230
1363737600,52.32,51.48,47.26,47.26,810
1363824000,47.26,46.42,46.0,46.42,930
1364083200,46.42,45.57,45.57,45.57,80
1364169600,45.57,44.73,44.73,44.73,160
1364342400,44.73,44.73,44.73,44.73,20
1364428800,44.73,44.73,43.89,44.31,1210
1364688000,44.31,45.15,44.73,44.73,260
1364774400,44.73,45.57,44.73,44.73,350
1364860800,44.73,46.42,44.73,46.42,370
1364947200,46.42,48.11,46.42,48.11,950
1365033600,48.11,47.68,47.26,47.26,110
1365292800,47.26,47.68,46.84,47.68,180
1365379200,47.68,47.68,46.84,47.68,160
1365465600,47.68,48.53,48.11,48.11,290
1365638400,48.11,48.11,47.26,48.11,280
1365984000,48.11,48.95,48.95,48.95,60
1366070400,48.95,49.79,49.79,49.79,210
1366156800,49.79,49.79,48.95,49.79,40
1366243200,49.79,51.48,48.95,51.48,210
1366502400,51.48,52.75,51.9,52.75,190
1366588800,52.75,56.12,53.59,56.12,260
1366675200,56.12,55.28,55.28,55.28,500
1366848000,55.28,56.12,54.86,56.12,220
1367107200,56.12,56.12,56.12,56.12,480
1367193600,56.12,56.12,56.12,56.12,690
1367280000,56.12,60.34,56.54,56.97,2520
1367452800,56.97,56.97,55.28,55.28,1000
1367712000,55.28,54.43,53.59,53.59,680
1367884800,53.59,52.75,51.06,51.06,90
1367971200,51.06,51.06,51.06,51.06,40
1368057600,51.06,51.9,51.9,51.9,170
1368316800,51.9,53.17,51.48,53.17,180
1368403200,53.17,55.7,54.01,55.7,730
1368489600,55.7,55.28,54.43,54.43,360
1368921600,54.43,57.81,55.28,56.97,1055
1369008000,56.97,56.97,56.54,56.97,1280
1369094400,56.97,56.97,55.28,56.12,3490
1369180800,56.12,57.39,56.54,57.39,50
1369267200,57.39,56.97,56.54,56.97,1970
1369526400,56.97,58.65,56.97,57.81,180
1369612800,57.81,57.81,57.39,57.81,650
1369699200,57.81,57.39,56.97,57.39,40
1369872000,57.39,59.92,58.23,59.92,2790
1370131200,59.92,59.5,58.65,59.08,1250
1370217600,59.08,60.76,59.08,60.76,80
1370304000,60.76,63.3,59.5,63.3,2090
1370476800,63.3,62.03,61.19,62.03,9850
1370736000,62.03,64.56,61.19,62.03,800
1370822400,62.03,67.52,62.87,66.25,620
1370908800,66.25,67.52,64.56,66.25,4510
1370995200,66.25,67.52,65.83,67.52,140
1371340800,67.52,66.25,65.41,65.41,390
1371427200,65.41,64.14,62.87,62.87,1080
1371513600,62.87,63.3,61.19,63.3,1240
1371600000,63.3,62.87,62.03,62.87,1170
1372032000,62.87,62.45,62.03,62.03,1230
1372118400,62.03,62.87,60.34,62.45,1590
1373155200,62.45,62.45,62.45,62.45,140
1373241600,62.45,61.61,60.76,60.76,40
1373328000,60.76,59.92,58.23,58.23,130
1373414400,58.23,57.39,55.7,56.12,1160
1373500800,56.12,57.81,54.86,56.97,810
1373760000,56.97,57.39,56.97,57.39,320
1373846400,57.39,58.23,58.23,58.23,70
1373932800,58.23,59.08,59.08,59.08,260
1374105600,59.08,58.65,58.65,58.65,910
1374364800,58.65,59.08,59.08,59.08,110
1374451200,59.08,58.65,58.65,58.65,40
1374537600,58.65,59.5,58.65,59.5,1320
1375056000,59.5,59.5,59.08,59.5,560
1375142400,59.5,59.92,59.08,59.08,490
1375228800,59.08,59.08,59.08,59.08,60
1375315200,59.08,58.23,58.23,58.23,60
1375574400,58.23,58.23,57.39,58.23,510
1375660800,58.23,57.81,57.81,57.81,70
1375747200,57.81,56.97,55.28,56.12,400
1375833600,56.12,59.92,56.97,59.92,460
1376179200,59.92,59.08,59.08,59.08,20
1376265600,59.08,58.23,58.23,58.23,70
1376352000,58.23,58.65,57.39,58.65,290
1376438400,58.65,57.81,56.97,56.97,230
1376524800,56.97,57.81,56.54,57.81,390
1376784000,57.81,58.65,57.81,58.65,260
1376870400,58.65,57.81,57.81,57.81,10
1376956800,57.81,58.23,57.39,57.39,870
1377388800,57.39,58.65,58.23,58.65,100
1377475200,58.65,59.5,59.5,59.5,310
1377561600,59.5,59.92,59.92,59.92,20
1377734400,59.92,59.5,59.5,59.5,10
1377993600,59.5,59.5,59.08,59.08,130
1378080000,59.08,60.76,59.08,59.5,690
1378166400,59.5,62.03,59.92,62.03,640
1378252800,62.03,63.72,62.87,63.3,510
1378339200,63.3,68.36,63.72,68.36,720
1378684800,68.36,72.58,67.52,71.74,1730
1378771200,71.74,73.0,71.74,73.0,380
1378857600,73.0,77.22,73.42,77.22,890
1378944000,77.22,79.75,78.07,79.75,570
1379203200,79.75,80.18,78.91,80.18,310
1379289600,80.18,88.19,81.44,88.19,1110
1379376000,88.19,96.63,89.88,96.63,2190
1379548800,96.63,100.85,98.32,98.32,890
1379808000,98.32,96.63,94.94,94.94,50
1379894400,94.94,93.26,85.66,85.66,120
1379980800,85.66,83.97,77.22,77.22,1450
1380067200,77.22,76.8,76.38,76.8,1060
1380153600,76.8,82.29,76.8,81.86,1030
1380412800,81.86,86.5,79.75,86.5,1960
1380499200,86.5,87.35,84.39,86.08,12070
1380585600,86.08,86.08,84.39,85.24,9900
1380672000,85.24,89.04,84.82,89.04,1520
1380758400,89.04,87.35,84.82,85.66,190
1381017600,85.66,85.24,83.97,84.39,810
1381104000,84.39,87.35,84.39,86.5,6040
1381190400,86.5,86.93,85.66,86.93,1230
1381276800,86.93,86.93,86.08,86.08,340
1382227200,86.08,89.46,86.5,89.46,90
1382313600,89.46,96.21,91.15,96.21,2350
1382400000,96.21,95.79,94.52,94.52,2140
1382486400,94.52,97.05,95.79,97.05,640
1382572800,97.05,97.05,94.94,96.63,1670
1382832000,96.63,96.21,95.37,96.21,350
1382918400,96.21,94.52,92.41,92.41,1230
1383004800,92.41,93.26,92.41,92.41,350
1383091200,92.41,94.1,92.83,92.83,1970
1383177600,92.83,96.21,91.15,96.21,380
1383782400,96.21,97.9,97.05,97.05,1070
1384128000,97.05,98.74,98.74,98.74,430
1384214400,98.74,98.32,95.79,98.32,350
1384300800,98.32,98.32,97.05,97.05,2270
1384387200,97.05,98.74,96.21,98.74,440
1384992000,98.74,100.43,100.43,100.43,10
1385251200,100.43,103.81,102.12,103.81,660
1385337600,103.81,107.6,103.81,105.49,640
1385424000,105.49,105.49,101.7,103.38,1220
1385510400,103.38,105.07,102.54,104.65,1240
1385596800,104.65,105.92,105.07,105.92,1910
1385856000,105.92,110.56,105.07,108.45,2840
1385942400,108.45,111.82,107.18,111.82,4130
1386028800,111.82,116.04,109.71,116.04,310
1386115200,116.04,122.37,118.15,122.37,180
1386201600,122.37,129.12,124.48,128.7,1140
1386460800,128.7,139.25,128.7,137.99,9800
1386633600,137.99,135.45,130.39,130.39,80
1386720000,130.39,127.86,119.84,120.26,940
1386806400,120.26,119.42,118.15,118.15,890
1387065600,118.15,122.37,109.71,122.37,1120
1387324800,122.37,120.26,120.26,120.26,20
1387411200,120.26,123.22,118.15,123.22,1300
1387670400,123.22,121.11,119.0,119.0,1350
1387756800,119.0,116.89,113.51,113.51,2050
1387843200,113.51,113.93,111.4,111.4,1340
1388016000,111.4,113.51,110.98,112.25,2460
1388275200,112.25,116.89,110.14,116.04,2030
1388448000,116.04,122.37,113.93,119.0,1480
1388534400,119.0,121.95,118.15,121.11,850
1388620800,121.11,129.55,122.37,127.01,7230
1388880000,127.01,134.19,124.9,131.23,3690
1388966400,131.23,136.72,130.81,136.72,1550
1389052800,136.72,142.21,134.61,137.14,720
1389139200,137.14,137.14,133.34,135.03,1950
1389225600,135.03,137.56,133.77,137.14,690
1389484800,137.14,141.36,137.14,139.67,1450
1389571200,139.67,142.21,137.14,142.21,440
1389657600,142.21,143.47,140.94,143.47,880
1389830400,143.47,143.47,137.14,139.67,1060
1390089600,139.67,141.78,139.25,141.78,520
1390176000,141.78,147.69,143.47,147.69,3090
1390262400,147.69,145.58,140.52,140.52,230
1390348800,140.52,143.47,141.36,143.47,760
1390435200,143.47,149.8,145.58,149.38,2590
1390694400,149.38,154.02,148.11,154.02,1440
1390780800,154.02,154.02,149.38,152.33,460
1390867200,152.33,151.91,148.96,149.38,380
1390953600,149.38,148.96,148.96,148.96,160
1391299200,148.96,147.69,143.47,147.69,530
1391385600,147.69,147.69,139.67,139.67,370
1391472000,139.67,147.27,137.14,144.74,1020
1391558400,144.74,152.33,145.16,152.33,860
1391644800,152.33,160.77,151.91,160.77,840
1391904000,160.77,165.41,155.29,162.88,1390
1391990400,162.88,176.39,165.84,176.39,3750
1392076800,176.39,173.01,166.68,173.01,2620
1392163200,173.01,190.31,176.39,190.31,3830
1392249600,190.31,209.3,189.89,209.3,5070
1392508800,209.3,210.99,205.5,210.99,660
1392595200,210.99,210.99,202.97,204.66,3050
1392681600,204.66,215.21,204.66,210.99,3620
1392854400,210.99,215.21,210.99,213.1,3000
1393113600,213.1,211.41,208.88,211.41,4290
1393200000,211.41,207.19,202.55,206.77,1810
1393286400,206.77,218.58,195.37,218.58,2200
1393372800,218.58,222.8,206.77,206.77,2840
1393804800,206.77,214.36,204.66,210.99,4300
1393891200,210.99,210.99,199.59,206.77,1170
1393977600,206.77,214.36,202.97,210.99,1250
1394064000,210.99,219.43,206.77,215.21,4060
1394323200,215.21,215.21,211.83,211.83,1930
1394409600,211.83,212.68,208.03,210.99,5830
1394496000,210.99,213.1,209.3,211.83,8860
1394582400,211.83,210.99,208.03,210.99,460
1394668800,210.99,219.43,208.88,219.43,1030
1395014400,219.43,220.27,208.88,210.57,2780
1395100800,210.57,211.83,209.3,210.99,2770
1395187200,210.99,210.99,206.77,208.03,720
1395273600,208.03,210.99,206.77,208.88,1220
1395532800,208.88,215.21,208.88,215.21,2710
1395619200,215.21,221.11,212.25,221.11,3760
1395705600,221.11,229.98,217.32,227.02,2730
1395792000,227.02,229.55,218.58,227.87,2440
1395878400,227.87,249.81,227.87,240.53,3010
1396224000,240.53,264.58,242.64,264.58,1490
1396310400,264.58,269.64,254.87,265.42,3220
1396396800,265.42,270.49,257.4,270.49,1650
1396483200,270.49,265.42,250.65,253.18,3720
1396742400,253.18,266.69,247.28,266.69,1880
1396828800,266.69,261.62,253.18,257.4,1180
1397001600,257.4,263.31,252.34,263.31,1460
1397088000,263.31,261.62,255.29,260.78,1190
1397347200,260.78,265.84,254.45,262.05,2920
1397520000,262.05,278.08,259.51,266.27,3840
1397606400,266.27,291.16,262.47,291.16,6910
1397692800,291.16,289.05,276.39,286.94,2340
1397952000,286.94,281.46,266.27,274.71,5920
1398038400,274.71,280.19,274.28,275.97,7190
1398124800,275.97,297.07,270.49,297.07,5270
1398211200,297.07,310.15,297.07,310.15,4380
1398556800,310.15,327.03,308.04,327.03,9360
1398643200,327.03,333.36,313.11,315.22,2810
1398729600,315.22,320.7,312.26,312.26,5980
1398816000,312.26,327.03,312.26,321.12,10790
1399161600,321.12,344.33,314.37,324.92,1380
1399248000,324.92,351.08,329.14,331.25,440
1399334400,331.25,324.92,302.13,318.59,3700
1399420800,318.59,319.43,300.87,300.87,950
1399507200,300.87,318.59,306.78,314.37,7310
1399766400,314.37,309.73,302.56,305.09,1060
1399852800,305.09,308.04,299.6,305.93,3390
1399939200,305.93,322.81,301.71,316.48,4320
1400112000,316.48,312.26,304.24,312.26,2330
1400371200,312.26,312.26,308.04,308.89,470
1400457600,308.89,307.62,297.07,307.62,2490
1400544000,307.62,318.17,295.8,318.17,5340
1400630400,318.17,320.28,314.37,320.28,580
1400716800,320.28,313.95,302.13,302.13,1040
1400976000,302.13,308.04,299.6,308.04,2250
1401062400,308.04,316.48,303.82,312.26,3160
1401148800,312.26,312.26,303.82,310.15,2830
1401235200,310.15,317.32,307.2,316.06,3620
1401580800,316.06,315.64,307.2,315.22,9470
1401667200,315.22,320.28,303.4,311.84,1970
1401753600,311.84,313.11,303.82,312.68,4110
1401840000,312.68,312.26,303.82,304.67,2335
1401926400,304.67,308.04,298.76,304.24,2790
1402185600,304.24,303.82,298.34,303.82,1760
1402272000,303.82,305.51,299.6,303.82,2370
1402358400,303.82,310.15,303.4,308.04,5360
1402444800,308.04,305.93,303.82,305.09,620
1402531200,305.09,302.13,299.6,302.13,470
1402790400,302.13,311.84,296.23,311.84,2390
1402876800,311.84,311.84,300.02,305.51,1890
1402963200,305.51,303.82,294.96,302.13,3410
1403049600,302.13,305.93,297.91,305.93,5120
1403136000,305.93,305.93,302.13,302.56,2650
1403481600,302.56,303.4,298.34,298.76,1850
1403568000,298.76,304.67,298.76,302.13,6370
1403654400,302.13,300.02,297.49,299.6,2200
1403740800,299.6,305.93,295.38,295.38,4430
1404000000,295.38,310.15,297.49,298.34,1010
1404086400,298.34,300.02,292.43,296.65,1040
1404172800,296.65,310.15,297.49,305.93,3280
1404259200,305.93,311.42,302.13,305.93,1970
1404345600,305.93,310.57,301.71,301.71,2760
1404604800,301.71,302.56,301.71,302.13,1730
1404691200,302.13,307.2,295.38,302.13,3540
1404777600,302.13,312.26,303.82,312.26,620
1404864000,312.26,312.26,312.26,312.26,10
1404950400,312.26,306.35,300.45,300.45,6130
1405209600,300.45,304.24,303.82,304.24,630
1405296000,304.24,310.15,305.93,310.15,1010
1405382400,310.15,316.48,304.24,312.26,2070
1405468800,312.26,331.25,316.48,327.03,4380
1405555200,327.03,346.02,320.7,337.58,1580
1405814400,337.58,354.46,337.58,352.35,3410
1405900800,352.35,354.46,330.83,330.83,1320
1405987200,330.83,333.36,318.59,327.03,2070
1406073600,327.03,339.69,324.92,337.16,3280
1406160000,337.16,344.33,335.47,337.58,3930
1406419200,337.58,351.08,333.36,333.36,850
1406505600,333.36,337.58,333.36,335.47,880
1406678400,335.47,337.16,333.36,333.78,2360
1406764800,333.78,329.14,327.45,327.45,1620
1407024000,327.45,344.33,321.12,337.58,7090
1407110400,337.58,339.69,327.03,327.45,1560
1407196800,327.45,333.78,332.52,333.36,1230
1407283200,333.36,331.25,327.45,327.45,890
1407369600,327.45,327.45,321.12,324.92,3740
1407801600,324.92,329.14,320.7,329.14,5490
1407888000,329.14,328.3,317.32,327.03,800
1407974400,327.03,329.14,320.7,327.03,1540
1408320000,327.03,337.58,321.12,321.12,1490
1408406400,321.12,320.28,308.04,308.04,1950
1408492800,308.04,310.15,290.32,301.71,3690
1408579200,301.71,295.8,292.85,295.38,360
1408838400,295.38,289.9,273.44,273.44,1360
1408924800,273.44,268.38,268.38,268.38,230
1409011200,268.38,283.99,270.06,283.99,380
1409097600,283.99,289.9,278.5,286.94,1200
1409184000,286.94,281.46,275.97,275.97,120
1409443200,275.97,274.28,270.49,271.33,970
1409529600,271.33,267.53,261.2,267.53,1510
1409702400,267.53,274.28,262.47,274.28,681
1409788800,274.28,268.8,258.67,258.67,950
1410048000,258.67,254.03,254.03,254.03,100
1410220800,254.03,274.28,254.03,274.28,1220
1410307200,274.28,301.29,276.39,276.39,2120
1410393600,276.39,273.86,260.78,265.84,2760
1410652800,265.84,280.61,260.78,274.28,3320
1410739200,274.28,281.88,270.06,281.88,1210
1410825600,281.88,287.36,276.39,287.36,2050
1410912000,287.36,308.04,285.25,308.04,4250
1411257600,292.43,286.86,270.61,270.61,180
1411344000,270.61,277.11,275.72,277.11,130
1411430400,277.11,280.36,273.86,280.36,210
1411516800,280.36,280.36,280.36,280.36,20
1411862400,280.36,278.97,278.5,278.97,640
1411948800,278.97,284.54,284.54,284.54,30
1412812800,284.54,287.79,287.79,287.79,200
1413072000,287.79,290.11,290.11,290.11,40
1413158400,290.11,295.68,295.68,295.68,100
1413244800,295.68,306.82,299.39,306.82,160
1413331200,306.82,318.89,306.82,318.89,410
1413417600,318.89,329.56,313.32,329.56,1460
1413763200,329.56,336.06,323.06,323.06,3610
1413849600,323.06,329.56,318.42,324.46,2550
1413936000,324.46,331.42,323.06,329.56,2730
1414281600,329.56,331.88,329.56,329.56,600
1414368000,329.56,331.88,331.88,331.88,80
1414454400,331.88,332.81,325.38,328.63,3250
1414627200,328.63,333.28,329.56,330.49,380
1414886400,330.49,324.92,323.99,324.92,700
1414972800,324.92,324.92,318.89,324.92,1460
1415059200,324.92,318.42,313.78,313.78,470
1415145600,313.78,317.96,311.0,311.92,2940
1415232000,311.92,306.35,305.89,306.35,210
1415491200,306.35,301.71,300.32,301.71,1100
1415664000,301.71,301.71,295.68,301.71,1212
1415836800,301.71,295.68,295.68,295.68,70
1416096000,295.68,297.07,290.11,297.07,560
1416182400,297.07,291.96,291.96,291.96,150
1416268800,291.96,291.5,287.79,287.79,3650
1416355200,287.79,287.79,287.32,287.79,3440
1416441600,287.79,298.93,285.47,291.04,910
1416700800,291.04,303.57,292.43,303.57,192
1417305600,303.57,297.53,284.54,291.5,640
1417392000,291.5,286.86,286.86,286.86,210
1417478400,286.86,287.79,287.79,287.79,1170
1417564800,287.79,285.47,283.15,283.15,2120
1417651200,283.15,288.72,283.15,283.15,90
1418083200,283.15,280.82,278.04,278.5,1540
1418169600,278.5,290.11,283.15,290.11,2020
1418256000,290.11,295.68,290.11,290.11,460
1418515200,290.11,295.68,294.75,295.68,1200
1418601600,295.68,301.25,301.25,301.25,20
1418688000,301.25,295.68,290.11,292.43,130
1418774400,292.43,287.32,287.32,287.32,40
1418860800,287.32,300.78,290.11,300.78,210
1419120000,300.78,296.14,290.57,296.14,550
1419206400,296.14,296.14,287.79,287.79,7300
1419292800,287.79,293.36,287.79,293.36,120
1419379200,293.36,287.79,285.93,285.93,30
1419724800,285.93,287.79,280.82,287.79,1290
1419811200,287.79,293.36,293.36,293.36,20
1419984000,293.36,287.79,286.86,287.79,8070
1420070400,287.79,287.79,282.68,286.39,5160
1420329600,286.39,293.82,285.47,287.79,12780
1420416000,287.79,292.43,287.79,291.96,1200
1420502400,291.96,294.75,287.79,294.75,7260
1420588800,294.75,311.0,293.82,310.53,3050
1420675200,310.53,326.78,301.71,326.78,17920
1420934400,326.78,329.56,317.96,329.56,12440
1421020800,329.56,335.6,310.53,316.1,3350
1421107200,316.1,342.09,316.1,342.09,7130
1421193600,342.09,336.06,329.56,334.67,4400
1421539200,334.67,338.85,334.2,337.92,5040
1421625600,337.92,357.41,338.85,343.95,4540
1421712000,343.95,348.59,336.52,338.85,3920
1421884800,338.85,345.81,336.52,341.17,1500
1422144000,341.17,348.13,335.13,345.81,1500
1422230400,345.81,350.45,338.85,341.17,3410
1422316800,341.17,352.77,341.17,345.81,1180
1422403200,345.81,343.49,343.49,343.49,500
1422489600,343.49,349.99,343.02,343.02,170
1422748800,343.02,336.52,336.06,336.52,532
1422835200,336.52,336.52,330.03,336.52,2560
1422921600,336.52,349.52,337.45,338.85,7460
1423008000,338.85,347.2,338.85,347.2,5580
1423094400,347.2,343.02,336.06,343.02,9960
1423353600,343.02,336.52,334.2,334.2,230
1423440000,334.2,340.7,334.2,336.52,810
1423526400,336.52,334.2,331.88,331.88,250
1423612800,331.88,336.52,334.2,334.2,520
1423699200,334.2,336.06,328.17,336.06,680
1423958400,336.06,342.56,336.06,342.56,20
1424044800,342.56,336.52,336.52,336.52,400
1424304000,336.52,336.52,332.35,334.2,2270
1424563200,334.2,336.52,330.03,334.2,6150
1424649600,334.2,334.2,327.71,329.56,3280
1424736000,329.56,338.85,331.88,336.52,2180
1424822400,338.85,336.52,334.67,336.52,2100
1425168000,334.67,336.52,332.81,332.81,4620
1425254400,332.81,345.81,335.6,342.09,6470
1425340800,342.09,341.63,340.24,340.7,2880
1425427200,340.7,348.59,338.85,348.59,5550
1425859200,348.59,352.77,343.49,352.77,3020
1425945600,352.77,354.63,347.66,349.99,1700
1426032000,349.99,350.45,347.2,349.06,1280
1426118400,349.06,344.42,343.49,344.42,60
1426377600,344.42,341.17,335.13,335.13,5880
1426464000,335.13,341.63,340.7,341.63,160
1426550400,341.63,343.02,336.52,343.02,440
1426636800,343.02,336.52,336.52,336.52,70
1426723200,336.52,341.17,336.99,341.17,630
1426982400,341.17,338.85,336.99,336.99,1190
1427068800,336.99,334.2,333.28,333.28,620
1427155200,333.28,334.2,329.56,334.2,670
1427241600,334.2,331.88,329.56,331.88,1230
1427328000,331.88,331.42,325.85,331.42,1070
1427673600,331.42,331.42,329.56,329.56,1050
1427760000,329.56,351.38,327.71,351.38,2400
1427846400,351.38,351.38,336.52,336.52,2091
1427932800,336.52,332.35,331.88,332.35,1040
1428192000,332.35,325.85,324.92,325.85,310
1428278400,325.85,328.63,325.38,325.38,220
1428364800,325.38,331.88,331.88,331.88,650
1428451200,331.88,336.52,332.35,332.35,1020
1428537600,332.35,336.06,329.56,336.06,330
1428796800,336.06,334.67,334.67,334.67,40
1428883200,334.67,341.17,335.13,336.52,1520
1429056000,336.52,330.03,330.03,330.03,10
1429142400,330.03,334.2,330.03,331.88,1710
1429401600,331.88,336.52,333.28,336.06,3010
1429488000,336.06,331.88,329.56,331.88,1000
1429574400,331.88,336.52,331.88,336.52,1410
1429747200,333.74,331.88,331.88,331.88,500
1433289600,331.88,325.38,298.93,301.71,7630
1433376000,301.71,304.03,297.53,301.71,2158
1433635200,301.71,307.75,301.71,306.82,340
1433721600,306.82,312.85,295.21,304.96,3210
1433808000,304.96,322.6,310.53,316.57,11700
1433894400,316.57,310.53,310.53,310.53,70
1433980800,310.53,310.53,310.53,310.53,40
1434844800,310.53,304.5,285.93,285.93,2620
1434931200,285.93,287.79,283.15,283.15,6880
1435017600,283.15,285.47,283.15,284.07,4182
1435104000,286.39,287.79,282.22,283.15,19722
1435449600,283.15,284.07,281.29,282.68,3900
1435536000,281.75,281.75,280.82,281.29,1941
1435622400,278.5,279.9,278.5,279.9,1020
1435708800,283.15,288.72,280.82,280.82,8281
1435795200,280.82,283.15,280.36,280.36,2820
1436054400,279.43,283.15,279.43,283.15,510
1436140800,278.97,278.97,273.86,273.86,2610
1436227200,269.22,278.5,269.22,278.5,3640
1436313600,280.36,288.72,280.36,288.72,160
1436400000,294.29,299.86,288.72,288.72,390
1436659200,287.79,293.36,287.79,287.79,320
1436745600,282.22,282.22,281.29,281.29,490
1436832000,285.47,285.0,283.61,283.61,620
1436918400,289.18,303.57,289.18,300.32,1340
1437004800,300.32,316.57,299.39,316.57,1450
1437523200,310.53,310.53,298.46,304.03,150
1438128000,304.03,298.0,292.43,292.43,1220
1438214400,292.43,286.86,278.5,278.5,2380
1438473600,278.5,280.82,278.5,278.5,900
1438560000,278.5,283.15,272.0,283.15,1420
1438646400,283.15,284.07,278.5,278.5,360
1438732800,278.5,280.82,275.25,275.25,1530
1438819200,275.25,289.64,278.5,284.54,592
1439078400,284.54,288.25,285.47,288.25,1200
1439164800,288.25,282.68,280.82,280.82,430
1439251200,280.82,282.68,276.18,276.18,840
1439337600,271.08,280.36,271.08,280.36,1690
1439424000,276.18,278.97,271.54,271.54,2233
1439683200,276.65,291.04,276.65,285.47,4032
1439769600,287.79,292.43,285.93,290.11,1042
1439856000,285.47,301.25,276.18,292.43,2840
1439942400,286.86,321.67,286.86,321.67,1140
1440028800,324.92,344.42,318.89,318.89,289
1440288000,313.32,313.32,301.25,306.35,64
1440460800,300.32,300.32,300.32,300.32,22
1440633600,294.75,294.75,277.57,284.07,1611
1440979200,283.15,292.43,278.5,286.86,2554
1441065600,286.86,298.0,283.15,294.75,6260
1441152000,290.11,294.75,280.36,286.39,4431
1441238400,280.82,287.79,280.82,284.54,4145
1441497600,279.43,290.11,279.43,282.22,1118
1441584000,282.22,285.93,279.43,283.15,1705
1441670400,283.15,285.47,280.36,285.47,540
1441756800,285.47,285.47,283.15,283.15,341
1441843200,283.15,283.15,277.57,278.5,1366
1442102400,283.15,287.79,283.15,287.79,3249
1442188800,283.15,287.79,283.15,285.93,1129
1442275200,286.86,286.86,284.07,285.47,559
1442361600,285.47,285.47,280.82,283.15,1957
1442448000,283.15,285.47,280.82,283.15,8946
1442880000,283.15,283.15,278.5,278.5,8903
1442966400,276.65,287.79,272.93,285.47,4150
1443052800,283.15,284.07,280.82,283.15,1350
1443398400,278.97,279.43,278.97,279.43,110
1443484800,276.18,278.97,276.18,278.97,786
1443571200,278.5,278.5,277.11,277.11,222
1443657600,276.65,282.22,274.79,276.65,1090
1443916800,272.0,274.33,269.22,274.33,444
1444003200,273.86,273.86,273.86,273.86,1570
1444089600,270.15,273.86,269.22,273.86,99
1444176000,269.22,269.22,266.9,269.22,681
1444262400,264.11,264.58,264.11,264.58,22
1444521600,259.94,264.11,259.94,264.11,331
1444780800,259.01,262.26,258.08,260.4,2259
1444867200,265.51,270.61,258.08,263.19,1026
1445126400,258.08,263.65,258.08,263.65,262
1445212800,266.9,266.9,266.9,266.9,40
1445731200,272.0,272.0,271.54,271.54,254
1446076800,276.65,277.57,257.15,274.33,2583
1446336000,271.08,271.08,256.22,256.22,435
1446422400,259.94,262.72,257.62,257.62,375
1446508800,262.72,262.72,262.72,262.72,55
1446595200,257.62,257.62,257.62,257.62,50
1446681600,255.29,255.29,250.19,250.65,4514
1446940800,254.83,254.83,250.65,250.65,506
1447027200,250.65,260.4,250.65,250.65,1186
1447113600,248.33,259.94,245.55,256.22,7910
1447545600,256.22,266.25,246.2,250.65,1464
1447632000,253.44,255.67,248.42,255.67,322
1447804800,251.77,251.77,251.77,251.77,100
1447891200,246.75,246.75,242.3,242.3,432
1448150400,242.3,246.75,242.3,246.75,72
1448236800,242.3,246.75,242.3,246.75,91
1448323200,242.3,242.3,237.84,238.4,214
1448496000,233.94,233.94,233.94,233.94,50
1448755200,230.04,230.04,214.45,214.45,2027
1448928000,214.45,222.25,217.79,222.25,160
1449014400,218.35,218.35,214.45,214.45,31
1449187200,218.35,222.25,218.35,220.02,1919
1449446400,217.23,235.61,217.23,227.26,5447
1449619200,223.92,228.37,223.92,228.37,2547
1449705600,223.92,223.92,223.36,223.36,1760
1449964800,222.8,240.63,222.8,240.63,1249
1450051200,237.28,237.28,236.73,237.28,150
1450137600,241.18,245.64,241.18,245.08,162
1450569600,245.64,241.18,232.83,237.28,2393
1450656000,237.28,243.97,236.73,243.97,16221
1450742400,239.51,250.1,239.51,250.1,3809
1450828800,250.1,245.64,245.64,245.64,649
1450915200,241.18,245.08,241.18,245.08,2170
1451001600,247.87,247.87,247.87,247.87,418
1451347200,247.87,247.87,247.87,247.87,154
1451520000,247.87,247.87,235.06,235.06,844
1451779200,231.16,231.71,227.26,231.71,350
1451865600,231.71,232.27,232.27,232.27,22
1451952000,228.37,228.37,228.37,228.37,260
1452038400,223.92,228.37,223.92,228.37,119
1452384000,228.37,231.16,225.59,230.6,141
1452470400,226.14,228.37,226.14,227.26,2306
1452556800,225.03,225.03,222.8,222.8,330
1452643200,222.8,230.6,222.8,226.14,2143
1452729600,226.7,233.94,222.8,231.16,1076
1453680000,235.61,253.99,235.61,253.99,10290
1453766400,253.99,265.14,253.99,265.14,9920
1453852800,265.14,261.79,261.79,261.79,800
1454371200,256.78,256.78,253.44,253.44,150
1454544000,250.65,255.67,250.65,255.67,5050
1454803200,255.67,250.65,250.65,250.65,100
1454889600,250.65,250.65,250.1,250.1,600
1455408000,248.42,248.42,248.42,248.42,50
1455494400,245.08,245.08,245.08,245.08,100
1456099200,242.3,242.3,242.3,242.3,200
1456185600,242.3,239.51,233.39,233.39,284
1456272000,231.16,231.16,231.16,231.16,1000
1456704000,231.16,228.37,223.92,227.82,10014
1456790400,225.59,225.59,225.59,225.59,279
1456876800,230.04,230.04,230.04,230.04,500
1456963200,234.5,252.88,234.5,252.88,5810
1457222400,257.89,257.89,252.88,252.88,60
1457568000,251.77,251.77,250.65,250.65,450
1457913600,245.64,245.64,245.64,245.64,100
1458000000,241.18,241.18,241.18,241.18,260
1458086400,245.64,250.1,241.18,250.1,675
1458172800,245.64,245.64,241.74,245.08,3833
1458432000,249.54,260.68,249.54,256.22,5360
1458518400,251.21,271.82,251.21,261.24,2128
1458691200,256.22,261.24,256.22,261.24,365
1458777600,261.24,277.95,266.25,275.72,6060
1459036800,275.72,285.74,278.5,285.74,10310
1459123200,285.74,280.17,279.62,279.62,700
1459296000,279.62,278.5,278.5,278.5,900
1459382400,278.5,272.93,268.48,268.48,32
1459641600,268.48,263.46,253.99,259.01,2323
1459728000,259.01,264.02,264.02,264.02,154
1459814400,269.03,279.06,268.48,273.49,3716
1460246400,273.49,272.93,269.03,272.93,176
1460419200,272.93,282.96,277.39,280.17,828
1460592000,280.17,288.53,284.07,284.07,1614
1460851200,278.5,278.5,272.93,272.93,20
1460937600,272.93,277.95,272.93,272.93,72
1461024000,272.93,299.67,274.05,288.53,2720
1461110400,288.53,284.07,278.5,284.07,3921
1461196800,284.07,294.66,284.07,294.66,7160
1461456000,294.66,295.21,292.43,295.21,150
1461542400,295.21,295.21,292.43,292.43,158
1461628800,292.43,295.21,295.21,295.21,20
1461715200,295.21,289.64,289.64,289.64,220
1461801600,289.64,292.43,289.64,292.43,362
1462147200,292.43,292.43,292.43,292.43,444
1462233600,292.43,286.86,281.29,281.29,20
1462320000,281.29,287.42,281.85,281.85,391
1462406400,281.85,276.28,276.28,276.28,10
1462665600,276.28,281.29,278.5,281.29,522
1462752000,278.5,281.29,278.5,281.29,540
1462838400,292.43,292.43,286.86,292.43,7215
1462924800,292.43,286.86,286.86,286.86,413
1463270400,281.29,292.43,281.29,286.86,6601
1463356800,286.86,289.09,286.86,289.09,657
1463443200,286.86,292.43,286.86,287.42,2400
1463529600,287.42,287.42,286.86,287.42,900
1463875200,287.42,286.86,281.29,281.29,93
1464048000,281.29,275.72,275.72,275.72,22
1464134400,275.72,286.3,271.26,286.3,260
1464652800,286.3,289.64,278.5,284.07,5726
1464739200,284.07,295.21,278.5,295.21,532
1464825600,295.21,306.35,289.64,295.21,520
1465084800,295.21,294.66,289.64,289.64,783
1465171200,289.64,284.07,284.07,284.07,2207
1465257600,278.5,278.5,278.5,278.5,60
1465430400,284.07,284.07,275.72,275.72,80
1465689600,275.72,275.72,255.67,275.72,85358
1465776000,275.72,292.43,280.73,292.43,1410
1465862400,289.64,311.92,289.64,306.35,12789
1465948800,312.48,312.48,295.21,300.78,2992
1466035200,300.78,306.35,300.78,300.78,710
1466380800,300.78,300.78,289.64,289.64,1626
1466467200,289.64,295.21,289.64,289.64,92
1466640000,289.64,300.78,295.21,295.21,2080
1466985600,295.21,295.21,289.64,295.21,610
1467072000,295.21,289.64,289.64,289.64,300
1467158400,289.64,306.35,295.21,306.35,42
1467244800,306.35,305.24,299.67,299.67,153
1467504000,299.67,305.24,305.24,305.24,1268
1467590400,305.24,306.35,300.78,300.78,694
1467676800,295.77,303.57,286.86,303.57,1992
1467763200,298.0,309.14,298.0,298.0,2434
1468108800,298.0,292.43,292.43,292.43,564
1468195200,292.43,295.21,286.86,286.86,898
1468281600,286.86,298.0,289.64,289.64,1040
1468368000,289.64,295.21,284.07,295.21,325
1468454400,292.43,324.73,289.09,324.73,1204
1468800000,324.73,330.86,324.73,324.73,410
1468886400,325.29,325.29,311.37,311.37,1338
1468972800,306.35,306.35,295.21,295.21,3330
1469059200,295.21,300.78,289.64,300.78,969
1469404800,300.78,298.0,292.43,298.0,1385
1469491200,298.0,325.85,300.78,325.85,20983
1469577600,325.85,354.81,331.98,351.47,8672
1469664000,351.47,358.16,337.55,342.56,4981
1469923200,342.56,354.81,341.45,345.34,4370
1470009600,345.34,352.03,338.66,352.03,5170
1470096000,352.03,350.91,339.22,339.77,6789
1470182400,339.77,347.02,333.09,345.34,2536
1470268800,345.34,338.66,319.72,319.72,9290
1470528000,319.72,326.96,320.28,325.85,2907
1470614400,325.85,319.72,319.72,319.72,50
1470787200,313.59,325.85,313.59,325.85,1615
1470873600,320.28,320.28,319.72,319.72,553
1471132800,313.59,313.59,307.47,307.47,1085
1471219200,301.34,306.35,296.33,300.78,942
1471305600,300.78,312.48,300.78,312.48,1514
1471392000,317.49,318.61,312.48,318.05,1808
1471737600,323.06,328.63,320.28,320.28,2612
1471824000,320.28,320.28,314.15,315.27,830
1471910400,317.49,317.49,309.7,309.7,1511
1471996800,315.82,335.32,315.82,335.32,2347
1472342400,328.63,334.2,316.94,334.2,1655
1472428800,334.2,334.2,327.52,327.52,100
1472515200,321.39,323.06,315.82,323.06,563
1472601600,328.63,334.76,323.06,334.76,985
1472688000,328.63,331.42,328.63,331.42,774
1472947200,337.55,344.23,337.55,337.55,2492
1473033600,334.76,344.23,334.76,336.43,1672
1473120000,343.12,349.8,334.2,334.2,5294
1473206400,340.89,347.57,339.77,339.77,410
1473292800,346.46,346.46,333.09,345.34,5031
1473552000,339.77,339.77,336.99,336.99,685
1473638400,331.42,342.56,331.42,342.56,941
1473811200,349.24,367.62,348.69,355.93,8946
1474156800,355.93,362.05,353.7,359.27,6736
1474329600,356.48,367.62,356.48,367.62,5944
1474416000,364.84,367.62,344.79,360.38,4302
1474502400,360.27,380.99,366.96,380.99,110
1474761600,360.27,380.99,366.96,380.99,110
1475366400,366.29,366.29,352.92,359.6,610
1475452800,352.92,366.29,346.24,366.29,1247
1475539200,359.6,359.6,359.6,359.6,100
1475625600,354.26,354.26,354.26,354.26,105
1475712000,360.94,364.28,360.94,364.28,1207
1476576000,370.97,370.97,363.61,363.61,152
1476748800,357.6,363.61,356.93,360.94,2266
1476835200,354.26,360.94,354.26,360.94,1522
1476921600,355.59,355.59,354.26,354.26,1013
1477180800,360.94,364.28,360.94,364.28,546
1477267200,370.97,370.97,354.26,354.26,1283
1477353600,347.57,354.26,347.57,347.57,1118
1477440000,354.26,360.94,354.26,354.26,204
1477526400,350.25,350.25,350.25,350.25,22
1478476800,356.93,356.93,350.91,354.26,1161
1478563200,350.91,350.91,350.91,350.91,15
1478736000,350.91,350.91,344.23,344.23,376
1478995200,337.55,337.55,328.86,334.2,2158
1479081600,327.52,327.52,327.52,327.52,26
1479168000,321.5,324.18,321.5,324.18,962
1479254400,324.18,336.21,324.18,336.21,42
1479340800,337.55,337.55,337.55,337.55,10
1479686400,340.89,340.89,340.89,340.89,10
1479772800,347.57,347.57,321.5,333.54,3791
1479859200,327.52,327.52,315.49,321.5,470
1479945600,327.52,327.52,327.52,327.52,10
1480204800,333.54,333.54,333.54,333.54,10
1480291200,327.52,333.54,309.47,333.54,3527
1480377600,333.54,334.2,330.86,334.2,45
1480464000,328.19,334.2,328.19,334.2,56
1480896000,328.19,334.2,327.52,327.52,142
1480982400,321.5,332.87,320.84,330.19,3092
1481068800,336.21,336.21,318.16,318.16,651
1481155200,324.18,324.18,324.18,324.18,69
1481414400,318.83,318.83,318.16,318.16,267
1481500800,314.15,320.84,314.15,320.84,561
1481673600,315.49,315.49,311.48,312.81,741
1481760000,317.49,323.51,317.49,317.49,491
1482019200,323.51,323.51,323.51,323.51,409
1482105600,317.49,317.49,312.15,312.15,1002
1482192000,312.15,318.16,312.15,314.15,534
1482278400,308.14,308.14,300.78,300.78,2752
1482364800,304.13,304.13,304.13,304.13,237
1482710400,307.47,307.47,301.45,306.8,372
1482796800,307.47,307.47,301.45,301.45,370
1482969600,306.13,318.16,306.13,312.15,1676
1483228800,318.16,318.16,318.16,318.16,10
1483315200,324.18,324.18,320.84,320.84,46
1483401600,326.85,326.85,326.85,326.85,10
1483574400,320.84,320.84,314.82,314.82,113
1483833600,308.8,320.17,308.8,320.17,195
1483920000,314.15,314.15,314.15,314.15,92
1484006400,314.15,317.49,314.15,317.49,128
1484092800,317.49,317.49,317.49,317.49,130
1484179200,311.48,311.48,307.47,307.47,1444
1484438400,313.48,313.48,310.81,310.81,44
1484524800,314.15,314.15,307.47,307.47,108
1484611200,310.81,317.49,310.81,317.49,800
1484697600,312.15,314.82,312.15,314.82,215
1484784000,320.84,332.87,314.82,332.87,10358
1485129600,327.52,327.52,320.84,320.84,526
1485216000,318.83,318.83,314.82,317.49,1871
1485302400,312.15,312.15,311.48,312.15,120
1485388800,317.49,317.49,314.15,314.15,160
1485734400,320.17,320.17,320.17,320.17,20
1485820800,314.15,314.15,314.15,314.15,149
1485907200,314.15,314.15,308.14,308.14,1268
1485993600,304.13,310.14,304.13,310.14,456
1486252800,316.16,320.84,316.16,320.84,20
1486339200,314.82,320.17,302.79,320.17,433
1486598400,314.15,314.15,307.47,307.47,81
1486857600,301.45,307.47,301.45,301.45,603
1486944000,297.44,306.8,284.74,306.8,599
1487030400,311.48,311.48,294.1,299.45,163
1487116800,304.79,306.8,301.45,301.45,1640
1487203200,302.12,316.83,300.78,316.83,776
1487462400,322.84,322.84,322.84,322.84,10
1487548800,324.18,324.18,324.18,324.18,141
1487808000,323.51,323.51,311.48,317.49,736
1488240000,312.81,312.81,307.47,307.47,190
1488326400,301.45,301.45,301.45,301.45,26
1488412800,307.47,313.48,301.45,301.45,306
1488672000,296.1,296.1,296.1,296.1,3047
1488758400,301.45,310.81,301.45,304.13,8415
1488844800,308.8,308.8,300.78,300.78,10910
1489017600,298.78,311.48,298.78,311.48,199
1489363200,317.49,317.49,311.48,317.49,100
1489449600,311.48,312.81,299.45,299.45,765
1489536000,304.79,304.79,299.45,304.79,49
1489622400,299.45,304.13,299.45,304.13,171
1489881600,304.13,322.84,310.14,322.84,1653
1489968000,324.18,347.57,324.18,334.87,8146
1490054400,340.89,354.26,334.2,340.89,16780
1490140800,347.57,366.29,340.89,359.6,2818
1490227200,366.29,366.29,346.24,354.26,1403
1490486400,348.24,374.31,340.89,366.29,10376
1490659200,366.29,389.01,359.6,389.01,1133
1490745600,389.01,403.72,388.34,389.68,9265
1490832000,389.68,383.67,375.65,383.67,2738
1491091200,391.02,405.72,391.02,398.37,323
1491177600,405.72,434.47,401.04,406.39,4446
1491264000,398.37,414.41,391.02,406.39,2712
1491436800,406.39,411.07,401.04,401.71,3102
1491696000,394.36,413.08,383.0,412.41,5572
1491782400,404.39,412.41,401.04,412.41,445
1491868800,417.75,433.8,409.07,409.73,2165
1491955200,407.73,446.5,404.39,437.81,8886
1492041600,429.12,435.8,421.77,427.11,1866
1492300800,428.45,435.13,416.42,416.42,1753
1492473600,408.4,422.43,393.69,415.75,3202
1492560000,415.75,431.12,421.1,431.12,2348
1492646400,431.12,431.12,423.77,423.77,811
1492905600,431.79,431.12,415.75,423.77,1173
1492992000,431.12,434.47,423.1,434.47,7485
1493078400,441.15,443.82,434.47,441.15,3324
1493164800,449.17,466.55,445.16,451.18,7285
1493251200,447.83,457.86,447.83,451.18,3202
1493510400,452.51,459.86,445.83,459.2,2154
1493683200,461.2,468.55,454.52,461.87,3080
1493769600,467.89,480.59,467.89,480.59,1278
1493856000,489.94,499.3,477.91,484.6,6018
1494115200,477.91,487.94,477.91,481.92,3249
1494201600,490.61,490.61,474.57,474.57,370
1494288000,474.57,494.62,474.57,494.62,2133
1494460800,497.96,507.99,485.26,499.3,6366
1494806400,507.99,507.99,490.61,491.28,1015
1494892800,490.61,490.61,487.94,487.94,73
1494979200,481.25,481.25,473.23,473.23,292
1495065600,473.23,484.6,476.57,481.25,1759
1495324800,477.91,477.91,463.21,471.23,2012
1495411200,462.54,471.23,461.87,471.23,506
1495497600,468.55,477.24,467.89,467.89,3203
1495584000,467.89,474.57,458.53,471.23,5358
1495929600,471.23,471.23,471.23,471.9,513
1496102400,464.54,464.54,455.85,464.54,2990
1496188800,464.54,461.2,450.51,459.86,1083
1496275200,467.22,467.22,451.18,451.18,946
1496534400,443.15,459.86,442.49,448.5,1313
1496620800,439.81,456.52,439.81,456.52,437
1496707200,447.83,469.89,447.83,469.89,429
1496793600,461.2,461.2,452.51,452.51,1000
1496880000,452.51,463.21,452.51,454.52,1373
1497139200,456.52,463.21,453.85,454.52,1630
1497225600,445.83,454.52,445.83,451.18,862
1497312000,457.86,459.2,449.17,451.18,691
1497398400,457.86,457.86,457.86,457.86,40
1497484800,449.17,457.86,449.17,453.85,200
1497744000,453.85,451.18,451.18,451.18,1000
1497830400,447.16,447.16,447.16,447.16,13
1497916800,451.84,467.89,451.84,458.53,489
1498003200,449.84,458.53,441.15,454.52,26675
1498089600,456.52,456.52,449.17,449.17,43
1498348800,457.86,457.86,454.52,457.86,2501
1498521600,449.17,449.17,449.17,449.17,10
1498608000,457.86,457.86,457.86,457.86,10
1498953600,451.18,451.18,441.82,441.82,550
1499040000,441.15,450.51,437.81,439.81,5278
1499126400,441.15,441.15,436.47,436.47,287
1499212800,427.78,434.47,427.78,434.47,5092
1499299200,435.8,449.84,435.8,449.84,839
1499558400,449.84,458.53,441.15,441.15,1490
1499644800,441.15,449.84,441.15,442.49,86
1499731200,451.18,459.86,451.18,452.51,105
1499817600,447.83,454.52,447.83,447.83,382
1499904000,454.52,454.52,437.14,437.14,31912
1500163200,434.47,447.83,434.47,447.83,540
1500249600,456.52,461.2,451.18,461.2,1291
1500336000,469.89,475.91,461.2,475.91,143
1500422400,471.23,475.24,467.89,467.89,5700
1500508800,467.89,467.89,458.53,467.22,11169
1500768000,459.2,474.57,459.2,474.57,759
1500854400,468.55,480.59,468.55,469.89,3776
1500940800,471.23,478.58,467.89,477.91,3549
1501027200,469.22,487.94,469.22,481.92,1442
1501113600,481.25,519.35,477.91,518.02,13911
1501372800,507.99,541.41,507.99,540.74,12681
1501459200,551.44,594.21,551.44,594.21,18154
1501545600,605.58,638.33,605.58,621.62,43072
1501632000,633.65,651.7,624.96,641.0,35473
1501718400,641.67,661.72,629.64,645.68,22825
1501977600,648.36,648.36,618.95,634.99,6986
1502064000,647.69,651.7,625.63,638.33,8328
1502236800,641.67,641.67,624.96,624.96,8015
1502323200,628.3,634.32,616.27,617.61,8044
1502582400,629.64,641.0,606.25,607.58,9040
1502755200,618.28,618.28,606.25,616.94,8808
1502841600,628.3,628.3,605.58,617.61,4217
1502928000,622.29,627.63,602.24,606.91,3314
1503187200,618.95,630.98,598.89,620.28,2289
1503273600,630.31,628.3,601.57,614.27,428
1503446400,602.24,608.25,572.16,583.52,1212
1503532800,583.52,606.25,568.82,568.82,1667
1503792000,568.82,600.9,570.15,594.88,3354
1503878400,594.88,594.88,581.51,581.51,890
1504051200,581.51,581.51,570.15,570.82,826
1504137600,570.82,582.85,571.49,582.85,1851
1504483200,574.83,594.21,571.49,583.52,899
1504656000,572.16,605.58,572.16,605.58,3193
1504742400,614.27,614.27,594.88,594.88,2077
1505001600,583.52,583.52,568.15,574.83,2010
1505088000,581.51,594.88,578.17,590.2,723
1505174400,591.54,601.57,569.48,573.49,2015
1505260800,568.15,579.51,568.15,578.84,243
1505347200,590.2,600.23,583.52,598.23,2127
1505606400,601.57,613.6,580.85,594.21,766
1505692800,582.85,583.52,571.49,583.52,1153
1505865600,584.86,584.86,572.16,572.16,1264
1506211200,578.17,601.57,568.15,601.57,655
1506297600,590.2,594.88,590.2,594.88,20
1506384000,583.52,583.52,572.16,572.16,167
1506988800,583.52,600.9,583.52,600.9,36
1507075200,600.23,600.23,586.86,596.89,12298
1507420800,585.53,585.53,564.8,578.17,3017
1507507200,589.54,589.54,561.46,571.49,880
1507593600,571.49,580.85,563.47,574.83,3775
1507680000,586.19,586.19,566.81,566.81,2499
1507766400,577.5,581.51,570.15,570.15,1083
1508025600,571.49,580.18,568.15,580.18,173
1508112000,591.54,602.9,591.54,602.9,120
1508198400,602.9,602.9,568.15,598.23,58160
1508284800,609.59,600.9,578.17,587.53,1101
1508630400,581.51,588.2,579.51,587.53,2202
1508716800,587.53,581.51,576.17,576.17,2221
1508803200,576.17,574.83,564.8,564.8,4711
1508889600,574.83,597.56,568.15,594.88,3598
1509235200,594.7,583.65,552.1,563.15,1509
1509321600,552.89,585.23,552.89,585.23,470
1509494400,584.44,584.44,563.15,567.88,2220
1509580800,556.84,582.87,556.84,582.87,107
1509926400,582.87,582.87,571.82,582.87,20
1510012800,571.82,571.82,541.06,551.32,400
1510099200,544.22,544.22,533.96,542.64,250
1510185600,532.39,538.7,522.13,528.44,350
1510444800,528.44,528.44,512.67,512.67,643
1510531200,516.61,516.61,496.11,496.89,1676
1510617600,505.57,508.73,499.26,508.73,2266
1510704000,512.67,540.27,512.67,540.27,2210
1510790400,530.02,530.02,515.03,528.44,585
1511049600,529.23,519.77,500.84,500.84,1850
1511136000,492.16,496.89,488.22,496.89,1520
1511222400,506.36,506.36,506.36,506.36,216
1511308800,496.89,496.89,489.8,492.95,806
1511395200,489.8,518.19,499.26,518.19,100
1511654400,518.19,524.5,504.78,504.78,831
1511740800,514.25,514.25,504.78,504.78,1043
1511827200,495.32,534.75,495.32,514.25,833
1511913600,523.71,533.96,516.61,516.61,1722
1512000000,524.5,534.75,524.5,534.75,1598
1512345600,524.5,555.26,524.5,552.1,1854
1512432000,566.3,566.3,545.01,545.01,180
1512518400,545.01,567.88,545.01,566.3,5588
1512864000,556.05,556.05,544.22,544.22,5425
1512950400,552.1,552.1,541.06,548.16,1586
1513036800,548.16,558.41,522.92,522.92,5410
1513123200,533.18,559.99,529.23,541.06,5155
1513209600,544.22,554.47,544.22,554.47,140
1513468800,545.8,556.05,545.8,545.8,4304
1513555200,554.47,565.51,545.01,555.26,4073
1513641600,552.1,552.1,544.22,544.22,1350
1513728000,544.22,544.22,525.29,543.43,1486
1513814400,533.18,537.91,522.92,534.75,2352
1514073600,529.23,529.23,528.44,528.44,249
1514246400,518.19,518.19,507.94,508.73,2910
1514332800,507.94,517.4,504.78,507.94,1719
1514419200,512.67,526.87,512.67,512.67,1623
1514678400,505.57,522.92,503.99,511.88,5161
1514764800,518.19,548.16,516.61,542.64,4684
1514851200,544.22,544.22,529.23,540.27,5310
1514937600,536.33,536.33,526.08,526.08,1494
1515024000,518.19,528.44,518.19,522.13,3055
1515283200,511.88,533.96,511.88,533.96,3750
1515369600,533.96,551.32,530.81,533.96,382
1515456000,533.96,543.43,533.96,535.54,2778
1515542400,528.44,534.75,518.19,523.71,5466
1515888000,514.25,516.61,512.67,515.82,4463
1516060800,526.08,527.65,513.46,520.56,2310
1516147200,519.77,523.71,514.25,523.71,723
1516492800,523.71,533.18,513.46,525.29,2027
1516579200,524.5,524.5,524.5,524.5,100
1516665600,515.03,516.61,497.68,516.61,21105
1516752000,516.61,520.56,513.46,520.56,1872
1516838400,530.81,530.81,526.08,526.08,104
1517097600,535.54,535.54,518.19,522.92,1129
1517184000,524.5,524.5,516.61,517.4,900
1517356800,520.56,526.08,520.56,526.08,1130
1517443200,528.44,528.44,528.44,528.44,10
1517702400,520.56,520.56,517.4,517.4,385
1517788800,516.61,520.56,512.67,516.61,1131
1517875200,512.67,515.82,509.51,512.67,11659
1517961600,517.4,517.4,505.57,507.15,2289
1518048000,515.03,523.71,496.89,523.71,1186
1518307200,533.96,527.65,517.4,517.4,20
1518393600,507.15,512.67,507.15,512.67,1242
1518566400,506.36,522.92,504.78,522.92,183
1518652800,520.56,522.92,504.78,520.56,1718
1518912000,522.92,532.39,522.92,522.92,400
1519171200,512.67,512.67,512.67,512.67,60
1519257600,512.67,516.61,499.26,510.3,1107
1519516800,500.84,519.77,500.84,519.77,382
1519603200,509.51,514.25,494.53,503.99,914
1519689600,512.67,512.67,512.67,512.67,20
1519776000,504.78,504.78,504.78,504.78,5
1520121600,512.67,512.67,512.67,512.67,1205
1520208000,511.88,511.88,492.95,492.95,401
1520294400,502.42,502.42,444.05,446.42,5450
1520380800,445.63,455.09,441.68,449.57,14565
1520726400,449.57,441.68,418.02,418.02,2092
1520812800,418.02,410.14,387.26,400.67,2426
1520899200,402.25,402.25,394.36,400.67,2010
1520985600,398.3,402.25,394.36,400.67,3361
1521072000,400.67,421.97,400.67,418.02,15870
1521331200,425.91,425.91,407.77,407.77,3319
1521417600,405.4,406.19,403.04,403.04,1480
1521504000,395.15,402.25,391.99,402.25,3684
1521590400,409.35,409.35,375.43,379.37,1898
1521676800,374.64,391.99,366.76,366.76,5310
1522022400,359.66,365.18,350.98,350.98,2543
1522108800,346.25,385.68,344.67,385.68,1257
1522195200,378.59,382.53,358.08,358.87,6027
1522281600,362.81,369.91,362.81,369.12,640
1522540800,362.81,369.91,362.81,369.12,366
1522627200,362.81,369.91,362.81,365.18,1143
1522713600,362.81,370.7,359.66,363.6,4040
1522800000,359.66,380.16,359.66,380.16,7396
1522886400,386.47,393.57,371.49,389.63,18099
1523145600,390.42,425.91,386.47,406.19,11889
1523232000,414.08,421.97,395.15,395.15,11098
1523318400,390.42,405.4,390.42,391.21,1405
1523404800,388.05,401.46,388.05,398.3,3276
1523491200,398.3,410.14,395.15,395.15,3459
1523750400,395.15,410.14,390.42,410.14,2709
1523836800,418.02,443.26,418.02,437.74,6651
1523923200,437.74,479.54,437.74,475.6,9477
1524009600,477.18,500.05,461.4,473.23,11240
1524096000,482.7,491.37,472.44,479.54,6323
1524355200,479.54,504.78,480.33,504.78,20167
1524441600,514.25,514.25,469.29,498.47,15017
1524528000,487.43,489.01,477.97,487.43,8783
1524614400,490.58,490.58,473.23,480.33,5100
1524700800,489.01,489.01,455.88,455.88,3727
1524960000,457.46,464.56,457.46,463.77,1070
1525219200,464.56,473.23,455.88,473.23,931
1525305600,473.23,482.7,465.35,471.66,24396
1525564800,462.98,473.23,462.98,473.23,161
1525651200,477.18,477.18,451.15,451.15,1811
1525737600,449.57,473.23,449.57,473.23,4028
1525824000,473.23,481.12,462.98,462.98,2771
1525910400,462.98,470.08,454.3,457.46,6717
1526256000,457.46,457.46,449.57,455.88,1379
1526342400,464.56,464.56,447.2,449.57,1560
1526428800,453.51,460.61,453.51,460.61,1260
1526515200,469.29,469.29,451.94,451.94,1275
1526774400,460.61,469.29,451.94,451.94,1810
1526860800,446.42,452.73,446.42,452.73,2506
1526947200,449.57,453.51,449.57,453.51,3181
1527033600,453.51,453.51,452.73,453.51,2615
1527120000,453.51,453.51,450.36,451.15,1110
1527379200,449.57,449.57,438.53,444.84,2217
1527465600,444.84,464.56,436.16,464.56,4598
1527552000,473.23,473.23,463.77,463.77,20
1527638400,461.4,477.18,455.09,455.09,3884
1527724800,462.98,462.98,449.57,449.57,1004
1527984000,440.9,440.9,432.22,432.22,5962
1528070400,440.11,440.11,418.02,425.91,1517
1528243200,434.59,434.59,426.7,426.7,700
1528329600,434.59,434.59,426.7,426.7,700
1528588800,419.6,419.6,410.92,418.02,1010
1528675200,403.04,425.91,403.04,418.02,4479
1528761600,412.5,429.85,402.25,429.85,4099
1528848000,421.97,437.74,421.97,428.28,1610
1528934400,436.16,436.16,419.6,427.49,1735
1529193600,419.6,421.97,414.08,416.44,3223
1529280000,410.14,417.23,410.14,417.23,600
1529366400,411.71,411.71,410.14,411.71,74
1529452800,403.04,410.14,402.25,404.61,8047
1529539200,411.71,419.6,411.71,412.5,300
1529798400,410.14,414.08,410.14,410.92,1172
1529971200,403.04,403.04,394.36,401.46,3775
1530057600,406.19,410.14,403.83,410.14,250
1530144000,402.25,406.98,394.36,406.19,17008
1530403200,394.36,394.36,391.99,392.78,1648
1530489600,394.36,394.36,391.21,391.99,3201
1530576000,401.46,402.25,398.3,398.3,954
1530662400,394.36,414.08,394.36,414.08,3277
1530748800,410.14,425.12,406.19,424.33,9700
1531008000,433.01,433.01,425.12,425.12,158
1531094400,417.23,417.23,402.25,404.61,3252
1531180800,412.5,412.5,401.46,403.04,748
1531267200,410.92,418.81,410.92,410.92,280
1531353600,403.83,410.14,395.15,410.14,852
1531612800,418.02,418.02,403.04,403.04,101
1531699200,410.92,410.92,410.92,410.92,50
1531785600,410.14,410.14,394.36,402.25,2000
1531958400,410.14,410.14,396.73,397.52,380
1532217600,404.61,406.19,394.36,395.15,990
1532304000,402.25,402.25,394.36,394.36,3270
1532390400,402.25,410.14,395.15,395.94,4020
1532476800,403.04,403.04,394.36,394.36,2591
1532563200,394.36,402.25,394.36,402.25,357
1532822400,402.25,402.25,402.25,402.25,300
1532908800,398.3,402.25,396.73,396.73,1840
1532995200,396.73,398.3,390.42,397.52,5604
1533081600,394.36,394.36,391.99,392.78,1648
1533168000,394.36,394.36,391.21,391.99,3201
1533427200,386.47,396.73,386.47,396.73,2635
1533513600,391.99,394.36,390.42,394.36,1823
1533600000,394.36,396.73,391.21,396.73,2228
1533686400,394.36,394.36,388.84,390.42,1650
1533772800,389.63,389.63,384.9,389.63,1240
1534032000,384.11,389.63,377.8,377.8,9357
1534118400,384.9,391.21,382.53,391.21,1071
1534204800,398.3,398.3,390.42,392.78,1046
1534291200,393.57,410.14,393.57,402.25,2198
1534377600,394.36,408.56,388.84,394.36,9013
1534636800,401.46,409.35,399.88,399.88,2940
1534723200,394.36,403.04,394.36,402.25,2885
1534809600,402.25,402.25,394.36,394.36,891
1534896000,394.36,399.88,391.99,391.99,1888
1534982400,399.09,399.09,394.36,394.36,380
1535241600,390.42,391.21,390.42,391.21,515
1535414400,388.84,396.73,388.84,396.73,530
1535500800,390.42,396.73,390.42,396.73,549
1535587200,396.73,402.25,396.73,402.25,4419
1535846400,398.3,409.35,398.3,409.35,1235
1535932800,409.35,409.35,401.46,406.19,2748
1536019200,402.25,406.19,401.46,405.4,1191
1536105600,409.35,418.81,409.35,413.29,3190
1536192000,410.14,418.02,407.77,409.35,4560
1536451200,410.14,407.77,407.77,407.77,19
1536537600,402.25,402.25,395.15,401.46,975
1536624000,402.25,408.56,402.25,408.56,625
1536710400,413.29,413.29,405.4,410.14,2520
1536796800,403.04,414.08,402.25,408.56,7857
1537056000,409.35,414.08,409.35,414.08,3700
1537142400,414.08,418.81,410.14,418.02,2739
1537228800,410.92,414.08,410.92,414.08,2770
1537401600,414.08,421.97,413.29,413.29,2552
1537660800,418.02,418.02,410.92,417.23,1388
1537833600,425.12,433.8,418.81,428.28,6306
1537920000,436.16,440.11,422.75,422.75,15630
1538006400,430.64,430.64,425.91,429.85,316
1538265600,425.91,425.91,418.02,418.02,1330
1538352000,418.02,421.18,410.14,410.92,2580
1538438400,410.14,414.08,406.98,408.56,1611
1538524800,411.71,414.08,403.04,405.4,4349
1538611200,406.19,414.08,402.25,406.98,6946
1538870400,400.91,402.72,387.3,392.74,5171
1538956800,383.67,399.09,383.67,399.09,322
1539043200,395.46,404.54,394.56,394.56,2641
1539129600,394.56,395.46,390.02,390.02,1759
1539216000,400.91,408.16,390.02,390.02,3288
1539475200,397.28,401.81,394.56,401.81,1110
1539561600,407.26,407.26,399.09,399.09,200
1540166400,399.09,399.09,395.46,395.46,1012
1540252800,395.46,395.46,395.46,395.46,256
1540339200,402.72,418.14,402.72,418.14,660
1540425600,409.98,409.98,408.16,408.16,7000
1540684800,400.91,400.91,394.56,394.56,689
1540771200,396.37,396.37,396.37,396.37,65
1540944000,403.63,409.98,400.91,400.91,5187
1541030400,394.56,408.16,394.56,400.91,1331
1541289600,403.63,403.63,400.0,400.91,694
1541376000,397.28,397.28,397.28,397.28,10
1542153600,400.0,413.61,400.0,413.61,800
1542240000,413.61,417.23,409.07,409.07,85
1542499200,409.07,409.07,399.09,408.16,950
1542585600,408.16,408.16,400.0,400.0,750
1542672000,400.0,400.0,399.09,399.09,1000
1542758400,399.09,399.09,399.09,399.09,129
1542844800,399.09,399.09,394.56,397.28,558
1543104000,397.28,397.28,390.02,390.02,1257
1543190400,390.02,394.56,389.12,394.56,1320
1543276800,394.56,394.56,388.21,394.56,1170
1543363200,394.56,394.56,390.02,390.93,320
1543449600,390.93,390.93,381.86,382.77,9765
1543708800,382.77,382.77,375.51,380.05,1955
1543795200,380.05,382.77,380.05,382.77,120
1543881600,382.77,382.77,379.14,379.14,2830
1544054400,372.79,379.14,372.79,379.14,442
1544400000,379.14,386.39,379.14,386.39,210
1544486400,386.39,390.02,386.39,390.02,100
1544659200,390.02,396.37,389.12,389.12,1000
1544918400,389.12,403.63,389.12,403.63,1420
1545004800,403.63,409.98,399.09,409.98,751
1545523200,409.98,416.33,394.56,416.33,955
1545609600,416.33,431.75,397.28,397.28,1905
1545696000,397.28,399.09,391.84,392.74,650
1545782400,391.84,413.61,391.84,413.61,2333
1545868800,413.61,421.77,404.54,404.54,3570
1546128000,404.54,404.54,398.19,403.63,1666
1546214400,403.63,403.63,396.37,396.37,187
1546300800,396.37,399.09,394.56,394.56,1182
1546387200,394.56,394.56,393.65,393.65,37
1546473600,393.65,403.63,393.65,395.46,3440
1546732800,395.46,395.46,395.46,395.46,466
1546819200,395.46,402.72,395.46,400.91,724
1546905600,400.91,401.81,399.09,401.81,457
1546992000,401.81,406.35,401.81,403.63,1823
1547078400,403.63,409.98,400.0,400.91,226
1547337600,400.91,400.91,400.91,400.91,20
1547424000,400.91,404.54,400.91,404.54,564
1547510400,404.54,411.79,404.54,411.79,222
1547596800,411.79,411.79,409.07,409.07,100
1548028800,409.07,409.07,400.91,400.91,150
1548115200,400.91,407.26,399.09,399.09,1332
1548201600,399.09,403.63,394.56,403.63,1093
1548288000,403.63,403.63,400.0,400.0,236
1548547200,400.0,401.81,395.46,400.91,5668
1548633600,400.91,403.63,397.28,397.28,2432
1548806400,397.28,403.63,390.02,403.63,4661
1548892800,403.63,403.63,391.84,392.74,1232
1549152000,394.56,399.09,391.84,394.56,826
1549238400,399.09,399.09,390.02,390.02,1202
1549324800,390.02,393.65,389.12,392.74,2089
1549411200,392.74,392.74,392.74,392.74,200
1549497600,388.21,393.65,385.49,393.65,699
1549756800,386.39,393.65,390.02,390.02,211
1549843200,390.02,390.02,390.02,390.02,135
1549929600,385.49,390.02,385.49,385.49,200
1550016000,385.49,385.49,380.95,380.95,137
1550102400,375.51,380.95,375.51,375.51,28
1550361600,382.77,382.77,375.51,379.14,526
1550448000,380.05,380.05,373.7,373.7,592
1550534400,373.7,380.95,371.88,380.95,1284
1550620800,391.84,391.84,388.21,391.84,13
1550966400,384.58,391.84,374.6,375.51,1156
1551052800,382.77,382.77,375.51,382.77,50
1551139200,375.51,382.77,371.88,371.88,596
1551225600,371.88,379.14,370.07,379.14,572
1551571200,386.39,386.39,376.42,376.42,961
1551744000,369.16,376.42,369.16,376.42,692
1551830400,372.79,381.86,371.88,381.86,768
1551916800,376.42,389.12,376.42,389.12,581
1552262400,396.37,403.63,389.12,396.37,203
1552348800,400.91,400.91,394.56,400.91,1603
1552435200,395.46,400.91,393.65,393.65,985
1552521600,392.74,392.74,390.02,390.93,421
1552780800,398.19,398.19,394.56,395.46,380
1553126400,390.93,395.46,388.21,395.46,477
1553385600,390.02,390.93,390.02,390.93,561
1553472000,390.02,393.65,386.39,393.65,1036
1553558400,397.28,397.28,389.12,394.56,1159
1553644800,394.56,393.65,386.39,386.39,1510
1553731200,380.95,395.46,380.95,395.46,1875
1553990400,394.56,394.56,389.12,390.02,482
1554076800,390.02,399.09,388.21,399.09,1027
1554163200,399.09,399.09,391.84,399.09,1160
1554249600,402.72,402.72,396.37,400.0,1053
1554336000,400.0,402.72,392.74,397.28,627
1554595200,404.54,411.79,397.28,411.79,1764
1554681600,411.79,419.95,408.16,408.16,3125
1554768000,400.0,407.26,400.0,407.26,247
1554854400,400.0,406.35,392.74,406.35,167
1554940800,406.35,406.35,394.56,399.09,1078
1555286400,399.09,413.61,399.09,413.61,655
1555372800,421.77,421.77,408.16,408.16,755
1555459200,408.16,412.7,404.54,409.98,1145
1555545600,414.51,417.23,414.51,417.23,821
1555804800,412.7,426.3,409.07,426.3,3117
1555891200,432.65,432.65,418.14,418.14,4497
1555977600,409.98,415.42,409.98,415.42,110
1556064000,423.58,440.82,423.58,433.56,2971
1556150400,441.72,456.24,435.37,441.72,4204
1556409600,449.89,465.31,444.44,453.51,25298
1556496000,457.14,475.28,456.24,475.28,16254
1556582400,466.21,476.19,458.96,469.84,12567
1556755200,462.59,482.54,460.77,482.54,31316
1557014400,491.61,497.05,480.73,489.8,7488
1557100800,492.52,497.05,481.63,497.05,8282
1557187200,494.33,535.15,494.33,530.61,15743
1557273600,521.54,530.61,515.19,526.08,12762
1557360000,536.05,543.31,514.29,526.08,13637
1557619200,530.61,572.34,522.45,572.34,48659
1557705600,574.15,584.13,556.01,565.08,22797
1557792000,574.15,601.36,554.2,601.36,24999
1557878400,589.57,603.17,577.78,580.5,16959
1557964800,571.43,593.2,569.61,585.03,17428
1558224000,595.01,595.01,571.43,571.43,15576
1558310400,582.31,597.73,571.43,578.68,12105
1558396800,578.68,588.66,578.68,587.76,6674
1558483200,590.48,625.85,590.48,621.32,49833
1558569600,633.11,644.9,612.24,630.39,31729
1558828800,619.5,619.5,596.83,600.45,10091
1558915200,611.34,612.24,589.57,607.71,4951
1559001600,598.64,603.17,595.92,595.92,9251
1559088000,598.64,612.24,584.13,607.71,22732
1559174400,607.71,625.85,580.5,593.2,21530
1559433600,598.64,602.27,581.41,597.73,14775
1559520000,586.85,586.85,570.52,570.52,5390
1559606400,580.5,581.41,564.17,581.41,10516
1559779200,592.29,606.8,580.5,582.31,21078
1560124800,585.03,585.03,575.96,584.13,7040
1560211200,585.03,586.85,580.5,585.94,7573
1560297600,589.57,596.83,578.68,588.66,2944
1560384000,580.5,589.57,580.5,589.57,6532
1560643200,578.68,580.5,575.96,580.5,3947
1560729600,579.59,580.5,575.06,575.06,2286
1560816000,578.68,578.68,571.43,571.43,548
1560902400,575.96,575.96,567.8,568.71,5048
1560988800,562.36,576.87,562.36,576.87,1695
1561248000,565.99,576.87,556.01,572.34,2309
1561334400,566.89,580.5,566.89,575.96,3251
1561420800,577.78,579.59,571.43,571.43,5755
1561507200,567.8,569.61,567.8,567.8,983
1561593600,561.45,576.87,559.64,576.87,1348
1561852800,577.78,577.78,553.29,574.15,2066
1561939200,563.27,579.59,554.2,562.36,1579
1562025600,562.36,564.17,552.38,564.17,2001
1562112000,567.8,570.52,560.54,564.17,7560
1562198400,571.43,571.43,557.82,557.82,2891
1562457600,557.82,557.82,550.57,550.57,2245
1562544000,557.82,560.54,555.1,555.1,720
1562630400,550.57,561.45,550.57,560.54,6555
1562716800,549.66,557.82,549.66,553.29,489
1562803200,548.75,549.66,548.75,549.66,1853
1563062400,553.29,558.73,548.75,548.75,502
1563148800,559.64,559.64,548.75,556.01,5336
1563235200,583.22,583.22,550.57,550.57,160
1563321600,553.29,567.8,553.29,567.8,22372
1563408000,567.8,571.43,558.73,558.73,5839
1563667200,549.66,553.29,547.85,548.75,1155
1563753600,559.64,559.64,554.2,554.2,654
1563840000,557.82,568.71,556.01,556.01,1682
1563926400,566.89,575.06,566.89,575.06,547
1564012800,569.61,569.61,553.29,553.29,10421
1564272000,546.94,553.29,546.03,553.29,814
1564358400,549.66,553.29,549.66,553.29,276
1564444800,552.38,552.38,546.94,548.75,1029
1564531200,548.75,556.92,548.75,551.47,443
1564617600,558.73,559.64,548.75,548.75,965
1564876800,559.64,559.64,559.64,559.64,11
1564963200,549.66,549.66,544.22,544.22,1583
1565049600,536.05,536.96,535.15,535.15,2005
1565136000,535.15,548.75,535.15,548.75,171
1565222400,539.68,539.68,537.87,537.87,654
1565481600,547.85,566.89,545.12,545.12,178
1565568000,555.1,555.1,555.1,555.1,10
1565654400,544.22,553.29,544.22,544.22,709
1565740800,542.4,544.22,533.33,544.22,2862
1566086400,543.31,543.31,534.24,534.24,913
1566172800,531.52,548.75,525.17,548.75,3449
1566259200,548.75,548.75,531.52,531.52,538
1566345600,530.61,530.61,530.61,530.61,381
1566432000,532.43,538.78,532.43,538.78,104
1566691200,537.87,537.87,537.87,537.87,100
1566777600,531.52,534.24,526.08,534.24,1226
1566864000,527.89,534.24,524.26,524.26,861
1566950400,524.26,524.26,524.26,524.26,42
1567036800,523.36,526.08,514.29,526.08,838
1567296000,517.01,517.01,493.42,497.05,1950
1567382400,492.52,511.56,490.7,511.56,1080
1567468800,515.19,526.08,500.68,526.08,2510
1567555200,516.1,525.17,516.1,525.17,220
1567641600,526.08,526.08,503.4,513.38,1430
1567900800,503.4,503.4,491.61,500.68,1482
1567987200,491.61,494.33,482.54,484.35,1995
1568073600,475.28,486.17,466.21,480.73,590
1568160000,471.66,487.98,471.66,475.28,2172
1568246400,478.0,484.35,465.31,465.31,3147
1568505600,442.63,471.66,442.63,468.03,2028
1568592000,467.12,468.03,450.79,450.79,957
1568678400,442.63,489.8,442.63,476.19,586
1568764800,484.35,513.38,475.28,513.38,2677
1568851200,513.38,513.38,489.8,489.8,4443
1569110400,485.26,485.26,471.66,471.66,54
1569196800,471.66,498.87,471.66,481.63,358
1569283200,482.54,482.54,472.56,472.56,450
1569456000,471.66,471.66,469.84,469.84,140
1569715200,469.84,469.84,462.59,462.59,1613
1569801600,468.03,468.03,465.31,465.31,600
1569888000,457.14,458.05,447.17,450.79,5435
1569974400,448.07,448.07,427.21,435.37,2659
1570060800,433.56,448.07,432.65,448.07,2047
1570665600,456.24,456.24,449.89,454.42,95
1571011200,445.35,445.35,431.75,431.75,5324
1571097600,440.0,448.57,440.0,448.57,152
1571184000,442.86,446.67,440.0,440.0,130
1571270400,438.1,438.1,428.57,428.57,700
1571529600,436.19,436.19,420.95,420.95,305
1571616000,420.95,428.57,420.95,420.95,60
1571702400,428.57,428.57,420.0,420.0,488
1571788800,423.81,435.24,423.81,435.24,950
1571875200,451.43,452.38,443.81,450.48,318
1572480000,459.05,466.67,450.48,455.24,220
1572739200,456.19,456.19,456.19,456.19,10
1572912000,447.62,456.19,447.62,455.24,235
1572998400,447.62,447.62,446.67,446.67,62
1573084800,446.67,446.67,426.67,426.67,700
1573344000,421.9,428.57,421.9,428.57,1596
1573430400,429.52,450.48,427.62,427.62,1259
1573516800,428.57,450.48,427.62,428.57,730
1573603200,425.71,425.71,422.86,422.86,82
1573689600,422.86,423.81,419.05,419.05,1480
1573948800,414.29,414.29,385.71,392.38,9759
1574035200,392.38,392.38,386.67,388.57,1680
1574121600,387.62,387.62,387.62,387.62,21
1574208000,385.71,398.1,385.71,393.33,3310
1574294400,390.48,391.43,388.57,388.57,860
1574553600,385.71,385.71,385.71,385.71,350
1574640000,382.86,385.71,380.95,385.71,2579
1574726400,385.71,385.71,379.05,379.05,452
1574812800,375.24,385.71,375.24,385.71,1786
1574899200,380.95,385.71,380.95,382.86,535
1575158400,382.86,382.86,382.86,382.86,300
1575244800,384.76,392.38,384.76,386.67,597
1575331200,390.48,390.48,385.71,385.71,1770
1575417600,385.71,393.33,385.71,393.33,521
1575504000,400.95,408.57,400.95,408.57,330
1575763200,408.57,408.57,400.0,400.0,817
1575849600,400.0,419.05,400.0,411.43,3400
1575936000,404.76,423.81,403.81,411.43,3575
1576022400,404.76,420.0,404.76,414.29,378
1576108800,410.48,419.05,406.67,409.52,1654
1576368000,404.76,404.76,401.9,404.76,650
1576454400,407.62,407.62,396.19,397.14,501
1576540800,392.38,400.0,392.38,397.14,1657
1576627200,392.38,392.38,392.38,392.38,10
1576713600,395.24,407.62,388.57,394.29,485
1576972800,392.38,409.52,391.43,402.86,1466
1577059200,408.57,438.1,402.86,433.33,1877
1577145600,428.57,445.71,420.0,420.0,7588
1577232000,427.62,443.81,427.62,431.43,90
1577318400,440.0,448.57,422.86,437.14,280
1577577600,428.57,437.14,416.19,420.95,1517
1577664000,413.33,428.57,413.33,422.86,1683
1577750400,428.57,445.71,422.86,432.38,8264
1577836800,440.95,475.24,434.29,475.24,59160
1577923200,480.95,483.81,445.71,450.48,17680
1578182400,459.05,466.67,450.48,455.24,6427
1578268800,462.86,463.81,440.95,453.33,5049
1578355200,453.33,457.14,441.9,450.48,9829
1578441600,446.67,452.38,442.86,442.86,2191
1578528000,451.43,457.14,434.29,440.95,6954
1578787200,433.33,470.48,433.33,468.57,11386
1578873600,478.1,494.29,463.81,471.43,37041
1578960000,467.62,480.0,462.86,478.1,16667
1579046400,480.95,485.71,472.38,476.19,12973
1579132800,489.52,523.81,480.0,501.9,23607
1579392000,511.43,541.9,511.43,516.19,23810
1579478400,506.67,516.19,485.71,490.48,20801
1579564800,497.14,516.19,487.62,498.1,7365
1579651200,507.62,507.62,490.48,492.38,2675
1579737600,501.9,508.57,485.71,489.52,4459
1579996800,489.52,499.05,480.0,480.0,3190
1580083200,493.33,501.9,485.71,501.9,3707
1580169600,507.62,507.62,485.71,487.62,1661
1580256000,497.14,505.71,487.62,491.43,4438
1580342400,495.24,509.52,495.24,499.05,9563
1580601600,495.24,508.57,493.33,502.86,15128
1580688000,493.33,508.57,489.52,498.1,1907
1580774400,488.57,491.43,483.81,483.81,6531
1580860800,479.05,494.29,479.05,494.29,3680
1580947200,493.33,493.33,484.76,489.52,2119
1581206400,480.95,482.86,465.71,465.71,5859
1581292800,459.05,482.86,457.14,466.67,5100
1581379200,475.24,476.19,468.57,472.38,2991
1581465600,473.33,483.81,473.33,483.81,1178
1581552000,474.29,474.29,457.14,460.0,9026
1581811200,468.57,486.67,455.24,461.9,11034
1581897600,458.1,475.24,452.38,456.19,25087
1581984000,447.62,466.67,447.62,459.05,3532
1582070400,457.14,465.71,452.38,465.71,3595
1582156800,458.1,485.71,452.38,480.0,18083
1582416000,485.71,495.24,467.62,469.52,13707
1582502400,469.52,480.0,464.76,464.76,11074
1582588800,466.67,482.86,466.67,480.0,56186
1582675200,480.95,520.95,475.24,509.52,55753
1582761600,500.0,524.76,482.86,503.81,34041
1583020800,503.81,496.19,476.19,476.19,18644
1583107200,467.62,468.57,453.33,453.33,14867
1583193600,453.33,469.52,447.62,451.43,11662
1583280000,447.62,451.43,434.29,434.29,11991
1583366400,425.71,445.71,414.29,414.29,9188
1583798400,406.67,406.67,383.81,383.81,2829
1583884800,383.81,406.67,383.81,406.67,10993
1583971200,410.48,410.48,376.19,381.9,13076
1584230400,375.24,375.24,347.62,347.62,9388
1584316800,354.29,361.9,342.86,349.52,4073
1584403200,345.71,347.62,328.57,333.33,8499
1584489600,327.62,327.62,315.24,320.95,5109
1584576000,315.24,333.33,304.76,318.1,7031
1584835200,322.86,322.86,322.86,322.86,500
1593475200,317.14,317.14,291.43,291.43,178
1593561600,285.71,285.71,276.19,281.9,2043
1593648000,277.14,277.14,258.1,258.1,1494
1593907200,253.33,271.43,247.62,253.33,7355
1593993600,249.52,276.19,249.52,276.19,4871
1594080000,280.95,303.81,280.95,303.81,4644
1594166400,304.76,322.86,298.1,308.57,1753
1594252800,302.86,314.29,302.86,308.57,10369
1594512000,305.71,310.48,288.57,310.48,7688
1594598400,304.76,304.76,289.52,291.43,6172
1594684800,285.71,308.57,282.86,308.57,6243
1594771200,302.86,313.33,297.14,313.33,8018
1594857600,312.38,312.38,293.33,293.33,10096
1595203200,299.05,310.48,299.05,299.05,7259
1595289600,304.76,323.81,303.81,314.29,12884
1595376000,320.0,345.71,320.0,345.71,23838
1595462400,362.86,380.0,350.48,380.0,26488
1595721600,385.71,400.0,367.62,391.43,10072
1595808000,383.81,383.81,361.9,364.76,14828
1595894400,382.86,382.86,357.14,358.1,7904
1595980800,351.43,355.24,341.9,341.9,9767
1596067200,348.57,360.95,342.86,350.48,6968
1596326400,347.62,347.62,322.86,322.86,7740
1596412800,318.1,343.81,306.67,343.81,4571
1596585600,337.14,337.14,324.76,328.57,4165
1596672000,323.81,328.57,318.1,324.76,2920
1596931200,319.05,323.81,315.24,323.81,715
1597017600,328.57,350.48,323.81,340.95,5101
1597104000,334.29,336.19,328.57,329.52,11992
1597190400,323.81,341.9,323.81,338.1,2262
1597276800,354.29,354.29,323.81,333.33,5088
1597536000,333.33,333.33,322.86,322.86,6749
1597622400,322.86,323.81,318.1,323.81,3574
1597708800,320.0,325.71,318.1,322.86,3258
1597795200,318.1,320.95,318.1,319.05,5150
1597881600,318.1,323.81,312.38,323.81,7266
1598140800,325.71,335.24,323.81,335.24,2824
1598227200,329.52,338.1,322.86,332.38,5833
1598313600,335.24,335.24,324.76,331.43,14367
1598400000,347.62,347.62,323.81,333.33,6809
1598486400,326.67,332.38,314.29,324.76,22757
1598745600,324.76,335.24,319.05,332.38,2291
1598832000,327.62,330.48,320.0,320.0,9686
1599004800,304.76,332.38,304.76,327.62,12312
1599091200,326.67,333.33,323.81,333.33,11549
1599350400,338.1,338.1,326.67,326.67,10700
1599436800,326.67,328.57,323.81,323.81,6486
1599523200,322.86,327.62,322.86,324.76,3158
1599609600,324.76,331.43,318.1,331.43,18751
1599696000,333.33,333.33,328.57,331.43,5813
1599955200,327.62,352.38,322.86,352.38,17431
1600041600,359.05,359.05,340.0,341.9,13886
1600128000,341.9,347.62,338.1,347.62,5857
1600214400,363.81,381.9,343.81,380.0,78608
1600300800,398.1,417.14,381.9,417.14,61310
1600560000,420.95,424.76,376.19,380.0,23872
1600646400,376.19,383.81,357.14,371.43,14428
1600732800,364.76,373.33,359.05,365.71,18231
1600819200,359.05,369.52,359.05,361.9,6237
1600905600,368.57,369.52,363.81,363.81,7541
1601164800,366.67,379.05,363.81,370.48,9396
1601251200,366.67,372.38,366.67,371.43,7171
1601337600,376.19,377.14,362.86,366.67,3827
1601424000,366.67,366.67,361.9,366.67,5412
1601510400,364.76,371.43,364.76,368.57,6142
1601769600,363.81,376.19,361.9,372.38,12206
1601856000,370.48,376.19,367.62,376.19,21110
1601942400,376.19,376.19,370.48,371.43,8716
1602028800,372.38,376.19,368.57,371.43,9235
1602115200,372.38,372.38,368.57,368.57,11297
1602374400,366.67,371.43,361.9,361.9,3667
1602460800,357.14,367.62,357.14,361.9,2353
1602547200,380.0,380.0,356.19,359.05,4855
1602633600,357.14,358.1,353.33,353.33,4411
1602720000,354.29,360.95,352.38,352.38,5299
1602979200,355.24,365.71,352.38,358.1,810
1603065600,358.1,359.05,357.14,359.05,2177
1603152000,363.81,365.71,359.05,363.81,4525
1603238400,369.52,369.52,357.14,360.0,2429
1603324800,353.33,358.1,346.67,353.33,14678
1603843200,353.33,361.9,353.33,357.14,5338
1603929600,361.9,361.9,357.14,361.9,4112
1604188800,361.9,366.67,359.05,360.95,1072
1604275200,360.95,360.95,354.29,357.14,7136
1604361600,356.19,358.1,352.38,356.19,2254
1604448000,356.19,357.14,352.38,354.29,6091
1604534400,347.62,362.86,352.38,362.86,6818
1604793600,356.19,369.52,356.19,362.86,4323
1604880000,361.9,368.57,361.9,364.76,27666
1604966400,369.52,393.33,369.52,389.52,41397
1605052800,394.29,409.52,385.71,409.52,33720
1605139200,402.86,419.05,395.24,405.71,33105
1605657600,398.1,444.76,395.24,437.14,65799
1605744000,441.9,480.0,439.05,480.0,130151
1606003200,503.81,503.81,452.38,464.76,33072
1606089600,469.52,504.76,461.9,485.71,63131
1606176000,494.29,500.95,479.05,499.05,33401
1606262400,503.81,527.62,489.52,493.33,25813
1606348800,485.71,501.9,476.19,476.19,31351
1606608000,476.19,485.71,460.0,467.62,44807
1606694400,475.24,476.19,459.05,466.67,31754
1606780800,475.24,475.24,452.38,464.76,29539
1606867200,464.76,503.81,456.19,460.95,38836
1606953600,469.52,487.62,460.95,468.57,14389
1607212800,460.0,460.95,445.71,445.71,10202
1607299200,445.71,472.38,440.0,468.57,10000
1607385600,468.57,471.43,454.29,454.29,17612
1607472000,462.86,462.86,428.57,440.95,46379
1607558400,448.57,449.52,441.9,446.67,22792
1607817600,451.43,455.24,437.14,449.52,18388
1607904000,458.1,476.19,456.19,458.1,25129
1607990400,466.67,466.67,455.24,457.14,26296
1608076800,465.71,465.71,455.24,463.81,10540
1608163200,457.14,463.81,444.76,444.76,7998
1608422400,451.43,452.38,439.05,440.95,22462
1608508800,433.33,442.86,433.33,442.86,11588
1608595200,451.43,460.0,434.29,454.29,36585
1608681600,447.62,451.43,437.14,442.86,8625
1608768000,434.29,465.71,434.29,465.71,7665
1609027200,457.14,457.14,443.81,444.76,3661
1609113600,436.19,449.52,436.19,449.52,2720
1609200000,449.52,452.38,442.86,445.71,1945
1609286400,445.71,453.33,439.05,439.05,3717
1609372800,440.0,447.62,438.1,447.62,4629
1609632000,440.0,456.19,440.0,454.29,8304
1609718400,454.29,462.86,445.71,449.52,10188
1609804800,458.1,458.1,435.24,453.33,10040
1609891200,460.0,460.0,448.57,454.29,2751
1609977600,453.33,454.29,447.62,448.57,5366
1610236800,449.52,458.1,444.76,458.1,7239
1610323200,457.14,457.14,449.52,452.38,1451
1610409600,457.14,469.52,445.71,452.38,11886
1610496000,460.95,460.95,442.86,447.62,10391
1610841600,455.24,464.76,452.38,456.19,10299
1610928000,453.33,488.57,453.33,478.1,35925
1611014400,478.1,481.9,461.9,464.76,8126
1611100800,472.38,481.9,459.05,465.71,12132
1611187200,474.29,482.86,461.9,468.57,2474
1611446400,475.24,480.95,467.62,473.33,19063
1611532800,476.19,480.95,467.62,474.29,26319
1611619200,465.71,510.48,465.71,507.62,83988
1611705600,507.62,507.62,487.62,497.14,27902
1611792000,488.57,497.14,480.95,487.62,9795
1612051200,487.62,487.62,465.71,472.38,11609
1612137600,480.95,518.1,476.19,504.76,79550
1612224000,514.29,519.05,481.9,483.81,36130
1612310400,492.38,511.43,477.14,477.14,33897
1612396800,484.76,493.33,480.95,483.81,25806
1612656000,493.33,499.05,484.76,499.05,26462
1612742400,502.86,504.76,491.43,497.14,32754
1612828800,501.9,501.9,488.57,489.52,17763
1612915200,490.48,519.05,487.62,519.05,29001
1613001600,519.05,519.05,499.05,499.05,18646
1613260800,504.76,504.76,490.48,497.14,11687
1613347200,498.1,506.67,489.52,506.67,25282
1613433600,503.81,503.81,492.38,499.05,5551
1613520000,495.24,495.24,489.52,491.43,5357
1613606400,494.29,502.86,490.48,500.0,7233
1613865600,492.38,501.9,491.43,499.05,6365
1613952000,495.24,495.24,485.71,485.71,7640
1614038400,480.0,488.57,476.19,478.1,10134
1614124800,476.19,495.24,476.19,485.71,2892
1614211200,485.71,493.33,476.19,493.33,4424
1614470400,483.81,485.71,475.24,479.05,7670
1614556800,479.05,495.24,476.19,495.24,10277
1614643200,500.0,500.0,472.38,479.05,13858
1614729600,476.19,484.76,456.19,463.81,17593
1614816000,466.67,475.24,457.14,471.43,12311
1615161600,471.43,471.43,457.14,466.67,12522
1615248000,475.24,475.24,460.95,461.9,7114
1615334400,454.29,461.9,454.29,460.0,3129
1615680000,453.33,460.95,452.38,459.05,2073
1615766400,460.95,460.95,452.38,457.14,2471
1615852800,464.76,464.76,438.1,460.95,11517
1615939200,453.33,465.71,451.43,464.76,14510
1616025600,457.14,462.86,452.38,453.33,3280
1616284800,461.9,470.48,453.33,468.57,9438
1616371200,476.19,476.19,458.1,459.05,1945
1616457600,456.19,466.67,450.48,465.71,3888
1616544000,463.81,489.52,457.14,469.52,20967
1616630400,462.86,462.86,447.62,455.24,25828
1616976000,452.38,455.24,446.67,455.24,6510
1617062400,463.81,463.81,444.76,455.24,18543
1617148800,448.57,460.95,447.62,451.43,7457
1617235200,447.62,460.0,447.62,450.48,8418
1617494400,445.71,457.14,445.71,449.52,4864
1617580800,458.1,458.1,440.95,447.62,6252
1617667200,449.52,450.48,444.76,448.57,5412
1617753600,455.24,455.24,450.48,454.29,5814
1617840000,450.48,452.38,448.57,452.38,1571
1618185600,452.38,457.14,443.81,447.62,3955
1618272000,448.57,448.57,443.81,446.67,2391
1618444800,447.62,448.57,439.05,446.67,8494
1618704000,440.95,445.71,434.29,434.29,19221
1618790400,434.29,436.19,418.1,428.57,14735
1618876800,421.9,428.57,415.24,419.05,7678
1618963200,415.24,423.81,409.52,410.48,9456
1619049600,414.29,423.81,412.38,419.05,5609
1619308800,419.05,419.05,390.48,392.38,6677
1619395200,386.67,400.0,381.9,383.81,5492
1619481600,392.38,393.33,384.76,389.52,4523
1619568000,381.9,395.24,381.9,386.67,2841
1619654400,383.81,391.43,383.81,386.67,1963
1619913600,404.76,404.76,382.86,394.29,5329
1620000000,395.24,399.05,390.48,390.48,803
1620086400,397.14,397.14,389.52,397.14,868
1620172800,395.24,395.24,387.62,388.57,5563
1620259200,383.81,389.52,380.95,386.67,3943
1620518400,380.95,388.57,380.95,383.81,121
1620604800,381.9,386.67,381.9,385.71,943
1620691200,390.48,392.38,384.76,384.76,2793
1620777600,384.76,388.57,383.81,387.62,1450
1620864000,388.57,389.52,381.9,386.67,10722
1621123200,380.0,400.0,379.05,397.14,7623
1621209600,393.33,404.76,385.71,400.0,15613
1621296000,400.0,440.0,397.14,440.0,33491
1621382400,461.9,483.81,448.57,455.24,83963
1621468800,463.81,463.81,430.48,438.1,19647
1621728000,429.52,438.1,413.33,433.33,15621
1621814400,438.1,457.14,429.52,436.19,16029
1621900800,429.52,444.76,428.57,433.33,9255
1622073600,433.33,440.95,429.52,433.33,12648
1622332800,441.9,476.19,441.9,476.19,97025
1622419200,500.0,500.0,461.9,462.86,45666
1622505600,458.1,470.48,453.33,458.1,17339
1622592000,458.1,468.57,449.52,466.67,11096
1622678400,458.1,469.52,458.1,468.57,11732
1622937600,461.9,466.67,455.24,460.95,10778
1623024000,458.1,464.76,454.29,457.14,24309
1623110400,464.76,464.76,451.43,454.29,12360
1623196800,454.29,465.71,454.29,456.19,10419
1623283200,464.76,464.76,457.14,460.95,20685
1623542400,465.71,506.67,459.05,506.67,122857
1623628800,531.43,557.14,519.05,557.14,113066
1623715200,584.76,612.38,521.9,589.52,194215
1623801600,578.1,620.95,557.14,571.43,84442
1623888000,600.0,600.0,543.81,559.05,37984
1624147200,568.57,590.48,539.05,548.57,49245
1624233600,558.1,558.1,516.19,517.14,31528
1624320000,526.67,547.62,512.38,542.86,34588
1624406400,542.86,543.81,515.24,522.86,31283
1624492800,532.38,546.67,519.05,533.33,25231
1624752000,543.81,543.81,523.81,527.62,31521
1624838400,523.81,556.19,523.81,545.71,57409
1624924800,537.14,577.14,537.14,577.14,111975
1625011200,605.71,605.71,564.76,582.86,54720
1625097600,588.57,640.95,576.19,640.95,99916
1625356800,640.95,704.76,640.95,695.24,119920
1625443200,695.24,698.1,660.95,673.33,77670
1625529600,660.0,700.0,654.29,690.48,56328
1625616000,724.76,724.76,657.14,668.57,35786
1625702400,666.67,675.24,657.14,670.48,45029
1625961600,671.43,674.29,652.38,652.38,27271
1626048000,684.76,684.76,619.05,619.05,37019
1626134400,649.52,649.52,614.29,625.71,29029
1626220800,633.33,640.95,623.81,638.1,15960
1626307200,650.48,662.86,613.33,622.86,14433
1626566400,628.57,640.95,622.0,628.57,20257
1626652800,628.57,635.24,614.29,618.1,26114
1626739200,623.81,656.19,623.81,647.62,38306
1626912000,660.0,668.57,633.33,661.9,51657
1627171200,661.9,661.9,630.48,642.86,29158
1627257600,642.86,662.86,639.05,661.9,73270
1627344000,666.57,666.67,640.0,652.38,46679
1627430400,652.38,692.19,647.62,654.29,44201
1627516800,666.67,676.19,643.81,644.86,12463
1627776000,651.43,657.14,632.0,638.1,16110
1627862400,638.1,638.1,625.33,630.48,14988
1627948800,623.81,657.14,623.81,628.57,18450
1628035200,638.1,646.67,626.67,628.57,25158
1628121600,633.33,633.33,616.19,619.05,54970
1628380800,619.05,629.52,609.52,616.19,27914
1628467200,616.19,628.57,604.76,616.1,43431
1628553600,619.05,626.67,601.43,604.76,31887
1628640000,609.52,631.43,600.95,623.81,46058
1628726400,623.81,636.19,600.0,600.0,50279
1628985600,609.52,633.33,595.24,602.86,31513
1629072000,591.43,614.29,591.43,598.1,14437
1629158400,600.0,604.76,588.57,591.52,23433
1629244800,587.62,615.24,575.9,609.52,40042
1629331200,620.0,621.71,591.43,591.43,16494
1629763200,580.95,608.57,580.95,590.48,15951
1629849600,586.19,589.52,579.05,580.95,9797
1629936000,590.48,592.38,571.43,572.38,18170
1630195200,572.38,595.24,556.19,566.67,13815
1630368000,556.19,566.67,540.0,542.86,10423
1630454400,552.38,595.24,550.67,576.19,35404
1630540800,585.71,590.48,560.0,562.86,14463
1630800000,562.86,566.67,516.19,523.81,20938
1630886400,534.29,567.62,523.81,567.62,9179
1630972800,578.95,578.95,542.86,542.86,4831
1631059200,535.33,544.76,532.38,533.33,11606
1631145600,523.81,543.81,523.81,531.43,12762
1631404800,541.9,551.43,540.95,540.95,7654
1631491200,544.76,563.43,538.1,550.48,16394
1631577600,557.14,557.14,533.33,542.86,9066
1631664000,538.1,542.86,531.43,539.05,6497
1631750400,528.57,534.29,523.81,523.81,18342
1632096000,520.0,523.81,481.9,485.71,25550
1632182400,476.19,518.1,476.19,493.33,10256
1632268800,495.24,523.81,495.24,523.81,10751
1632355200,534.29,534.29,506.67,509.52,7472
1632614400,499.43,502.86,497.14,502.86,8681
1632700800,495.24,495.24,473.33,476.19,9397
1632787200,466.67,495.24,466.67,481.9,15633
1632873600,491.52,491.52,466.67,490.1,5408
1632960000,480.95,489.52,472.48,473.33,5480
1633219200,464.76,471.43,452.38,453.33,8948
1633305600,444.38,480.48,435.43,445.71,6152
1633392000,449.62,478.57,449.62,462.0,4080
1633478400,471.24,475.14,466.76,471.43,2707
1633824000,471.43,484.76,471.43,476.19,3074
1633910400,467.62,471.43,457.14,465.71,4452
1634428800,465.71,483.71,459.14,476.19,1669
1634515200,475.24,476.19,457.62,461.9,6449
1634601600,470.38,470.48,445.71,448.57,4126
1634688000,457.52,476.0,457.52,472.38,3230
1634774400,463.81,463.81,457.14,457.14,3320
1635033600,457.14,472.38,455.24,472.1,980
1635120000,467.62,485.71,462.86,481.9,6675
1635206400,491.43,529.52,472.38,500.0,17029
1635292800,490.48,514.86,482.1,490.48,11632
1635379200,485.71,490.48,480.95,481.24,4521
1635638400,490.86,510.67,490.86,500.0,11262
1635724800,510.0,521.9,488.57,509.52,29196
1635811200,514.29,519.71,500.0,509.52,9543
1635897600,519.05,528.57,503.81,509.52,7720
1636329600,514.29,514.29,502.86,507.14,4277
1636416000,507.05,507.05,477.14,477.14,9563
1636588800,471.43,476.19,462.86,464.76,11668
1636848000,462.86,479.05,460.19,468.57,16236
1636934400,470.48,486.67,470.48,486.67,10988
1637020800,495.24,495.24,479.05,495.24,9462
1637107200,503.81,516.76,487.62,494.29,9813
1637193600,490.48,492.38,478.1,478.1,8457
1637452800,478.1,492.38,476.19,483.9,3595
1637539200,490.48,502.57,482.86,485.71,5241
1637625600,482.86,490.48,468.57,471.43,10653
1637712000,476.19,482.76,466.67,482.76,4576
1637798400,476.19,511.9,476.19,498.57,6758
1638057600,489.52,489.52,475.24,475.24,8116
1638144000,465.81,484.48,465.81,471.24,5520
1638230400,467.14,476.19,462.95,475.24,3783
1638316800,476.19,476.19,466.67,467.62,2440
1638403200,476.1,476.1,460.95,460.95,8974
1638662400,452.38,456.19,435.33,435.43,4040
1638748800,434.29,457.14,428.57,452.38,6430
1638835200,461.43,461.43,447.62,447.62,2250
1638921600,439.05,439.05,433.33,433.33,670
1639008000,426.67,442.86,426.67,431.43,3722
1639267200,436.19,443.81,424.86,427.62,5092
1639353600,420.0,424.76,409.52,414.29,5680
1639440000,422.57,449.71,422.57,448.57,2243
1639526400,457.14,466.29,434.48,434.95,2756
1639612800,428.67,434.29,428.57,429.52,1175
1639958400,421.43,423.81,418.1,421.33,814
1640044800,429.71,435.24,421.9,434.29,6148
1640131200,428.67,463.81,428.67,446.19,7387
1640217600,445.71,462.86,438.1,459.05,7795
1640476800,467.62,469.52,449.71,454.29,10807
1640563200,461.9,471.43,443.81,444.76,10292
1640649600,444.76,453.33,435.24,449.52,2334
1640736000,441.05,456.19,441.05,451.43,1942
1641081600,457.14,457.14,448.57,453.33,1295
1641168000,461.9,465.62,447.71,452.38,1100
1641254400,445.71,461.9,445.71,461.9,3612
1641340800,453.52,454.76,447.62,447.62,3470
1641427200,454.29,461.9,448.57,461.9,6015
1641686400,466.67,466.67,452.48,461.9,6504
1641772800,457.14,469.52,453.33,466.67,18222
1641859200,462.38,494.29,461.9,485.71,12377
1641945600,495.43,495.43,458.29,465.71,16248
1642032000,474.95,482.86,463.81,480.95,10884
1642291200,480.95,497.14,478.19,479.14,30542
1642377600,483.81,493.33,480.95,490.48,13165
1642464000,480.76,539.05,480.76,508.57,39775
1642550400,514.29,514.29,491.52,491.81,12600
1642636800,492.38,504.76,492.38,497.14,6630
1642896000,490.57,497.14,485.71,497.14,8072
1642982400,495.24,495.24,461.9,461.9,10559
1643068800,471.14,480.0,461.9,476.19,9291
1643155200,466.67,480.48,466.67,480.48,2435
1643241600,479.05,480.95,471.43,474.29,4376
1643500800,483.71,500.0,480.76,497.14,11160
1643587200,487.24,496.19,480.95,490.48,5448
1643673600,495.24,495.24,476.19,485.71,4479
1643846400,477.14,504.76,477.14,483.33,8885
1644105600,475.24,483.81,467.24,481.9,8915
1644192000,478.86,483.81,475.24,483.81,2179
1644278400,493.43,494.29,476.19,485.71,16367
1644364800,485.71,490.48,481.9,489.52,8810
1644451200,495.24,498.1,482.0,486.67,4749
1644710400,477.14,477.14,467.62,467.62,6798
1644796800,476.95,476.95,457.14,468.57,7778
1644883200,460.95,479.05,460.67,479.05,3459
1644969600,469.62,479.05,455.33,471.43,8616
1645056000,475.24,476.19,466.67,467.62,1537
1645315200,458.29,467.24,449.9,462.86,3472
1645401600,462.86,479.05,462.86,467.71,3783
1645488000,475.14,482.86,467.62,475.24,4053
1645574400,475.24,475.24,467.62,467.71,860
1645660800,467.62,467.62,454.29,457.14,5929
1645920000,457.14,460.95,442.86,451.43,24793
1646006400,460.0,460.0,442.48,447.62,26952
1646179200,441.9,447.62,438.67,438.67,3597
1646524800,446.67,447.43,430.48,439.05,12087
1646611200,447.62,447.62,430.48,430.48,4174
1646784000,431.43,431.43,419.05,423.81,7472
1646870400,428.57,441.9,428.57,441.9,5989
1647129600,442.86,468.19,442.86,466.67,11431
1647216000,471.43,471.43,452.86,466.67,2591
1647302400,465.71,502.76,452.38,476.1,16236
1647388800,476.19,493.33,466.67,490.48,37043
1647734400,490.48,490.48,476.19,478.1,11618
1647820800,477.14,485.71,472.38,483.81,8705
1647907200,485.71,485.71,471.43,476.19,2620
1647993600,472.38,480.95,471.43,471.43,5920
1648080000,471.33,471.43,463.81,463.81,7649
1648339200,458.67,476.19,458.67,464.76,1411
1648425600,466.67,466.67,458.19,464.76,3899
1648512000,459.24,469.52,459.24,467.62,4520
1648598400,461.9,484.67,461.9,483.81,8701
1648684800,476.19,476.19,468.95,468.95,6085
1648944000,466.76,471.43,466.67,466.67,3343
1649030400,471.33,476.19,465.71,465.71,4669
1649116800,460.0,471.43,457.14,469.52,8951
1649203200,469.52,485.05,466.67,479.05,47129
1649289600,480.95,498.1,479.05,488.57,28685
1649635200,491.43,491.43,472.38,476.19,5293
1649721600,484.67,484.76,476.19,476.19,8853
1649808000,476.19,487.62,476.19,485.71,4812
1650153600,483.81,490.48,476.0,485.71,17755
1650240000,478.1,478.1,466.67,466.67,7112
1650326400,476.0,476.19,461.9,475.24,3236
1650412800,484.57,484.57,463.81,463.81,6775
1650499200,472.38,472.38,459.05,470.48,1594
1650758400,479.05,488.57,466.67,487.62,11048
1650844800,477.9,495.24,477.9,487.62,15839
1650931200,496.19,496.19,481.43,486.19,9720
1651017600,485.71,498.1,481.05,496.19,21882
1651104000,496.19,496.19,490.48,490.57,14342
1651449600,492.38,493.43,474.19,477.33,10020
1651622400,486.86,486.86,471.43,471.43,3729
1651708800,462.86,471.43,462.0,471.43,3107
1651968000,476.19,478.1,469.52,471.52,1087
1652054400,477.14,490.57,477.14,479.14,8647
1652140800,480.95,488.57,480.95,488.48,3355
1652227200,479.05,495.24,479.05,495.24,8095
1652313600,498.1,503.81,478.1,482.86,21304
1652745600,473.33,474.29,464.76,468.57,1160
1652832000,477.14,477.9,466.67,475.24,6010
1652918400,471.43,471.43,466.67,466.67,7603
1653004800,475.24,483.81,468.67,468.67,8327
1653264000,460.0,476.19,457.14,466.67,5113
1653350400,458.1,475.24,458.1,475.24,1899
1653436800,475.14,476.19,458.1,475.14,4588
1653523200,465.81,472.86,465.71,469.52,2843
1653609600,466.67,466.67,461.9,462.95,2878
1653868800,463.81,463.81,450.57,450.57,4268
1653955200,443.14,459.05,443.14,450.0,1303
1654041600,444.0,452.86,444.0,447.71,499
1654128000,455.24,457.14,448.86,448.86,1594
1654214400,444.95,452.86,441.24,441.24,8943
1654473600,438.19,457.14,435.43,446.19,1390
1654560000,447.62,454.19,445.24,447.62,1696
1654646400,442.86,460.86,442.86,456.19,3080
1654732800,461.9,461.9,439.05,454.29,7270
1654819200,445.71,460.95,445.62,454.29,831
1655078400,446.19,453.33,430.57,430.67,2780
1655164800,424.76,439.24,416.38,416.38,16285
1655251200,411.43,419.05,401.33,401.9,13111
1655337600,409.81,425.71,401.33,418.1,468
1655424000,425.71,433.33,407.9,416.0,520
1655596800,423.81,432.29,402.86,404.76,2815
1655683200,396.67,410.48,396.67,410.48,17769
1655769600,418.1,424.48,409.52,409.52,2022
1655856000,417.71,426.0,402.86,416.67,3451
1655942400,416.67,420.95,401.9,403.81,3970
1656028800,401.9,419.05,398.1,409.52,6827
1656201600,417.14,437.14,417.14,437.14,15760
1656288000,429.52,438.1,418.57,426.67,19388
1656374400,418.19,434.19,418.19,428.57,12151
1656460800,428.57,444.76,423.9,436.19,1306
1656547200,442.86,455.81,440.48,455.81,4537
1656633600,446.86,455.24,446.86,447.62,2205
1656806400,451.43,466.67,451.43,457.14,15195
1656892800,448.57,466.57,441.05,461.9,11398
1656979200,461.9,464.76,446.67,450.48,11367
1657065600,442.86,452.38,442.86,452.38,1820
1657152000,443.81,452.38,443.81,444.76,2425
1657238400,436.19,436.19,427.62,431.43,1803
1657497600,431.43,431.43,410.67,428.57,4396
1657584000,420.0,437.14,415.43,437.05,6181
1657670400,428.38,454.57,428.38,454.57,4440
1657756800,445.52,462.38,436.67,461.9,5408
1657843200,470.95,470.95,450.86,460.0,1420
1658016000,452.38,457.14,451.43,451.43,2275
1658102400,460.0,481.9,452.57,473.33,19293
1658188800,482.67,487.14,470.48,478.1,3555
1658275200,486.67,495.24,459.24,475.14,2350
1658361600,480.95,480.95,460.0,464.76,1226
1658448000,472.38,472.38,449.9,449.9,2631
1658620800,441.43,466.67,441.43,462.86,1509
1658707200,470.48,471.43,454.29,470.95,5534
1658793600,480.0,480.0,455.24,457.14,9739
1658880000,465.71,472.38,457.14,462.86,1144
1658966400,455.33,476.19,452.67,452.67,13734
1659052800,460.95,476.19,454.29,466.67,8110
1659225600,474.29,489.52,471.43,489.52,15316
1659312000,480.0,487.62,471.43,485.71,18104
1659398400,476.19,495.24,476.19,489.52,5678
1659484800,480.0,486.67,470.48,485.24,6514
1659571200,476.19,480.0,466.67,466.67,4435
1659657600,460.0,476.19,459.05,460.1,3535
1659830400,469.24,471.43,462.86,471.43,2280
1659916800,462.86,487.52,461.9,466.67,3375
1660003200,458.1,476.0,455.24,463.81,2918
1660089600,457.14,469.52,454.67,460.95,858
1660176000,469.52,469.52,449.52,458.1,2318
1660435200,452.38,458.1,452.38,458.1,74
1660521600,459.05,466.67,452.38,461.9,2157
1660608000,456.19,460.95,454.95,460.95,1175
1660694400,452.86,465.71,452.86,457.14,1451
1660780800,457.14,466.29,457.14,461.9,1163
1661040000,470.48,470.48,457.24,458.1,785
1661126400,458.1,458.1,449.71,457.14,1930
1661212800,460.95,475.24,458.29,458.29,1090
1661299200,466.67,475.81,460.95,464.76,1030
1661385600,458.1,458.1,448.57,448.57,1620
1661472000,446.67,457.14,446.67,448.1,335
1661644800,457.05,457.05,435.9,435.9,2273
1661731200,427.62,461.9,427.62,438.1,254
1661817600,446.86,456.86,446.67,452.38,1068
1661904000,447.62,455.14,437.24,437.24,574
1661990400,445.71,451.14,436.19,445.71,2005
1662076800,454.29,454.29,438.0,451.43,139
1662249600,460.0,460.0,443.81,451.43,69
1662336000,460.0,460.0,439.05,439.05,1300
1662422400,436.19,442.29,433.62,442.29,1130
1662508800,451.05,451.05,433.52,433.52,1935
1662595200,428.57,445.71,427.62,445.71,1501
1662854400,453.33,454.19,430.48,433.33,3158
1662940800,441.81,458.76,430.29,430.29,1375
1663027200,421.71,462.86,421.71,439.05,680
1663113600,446.67,447.81,439.05,442.86,1464
1663200000,451.71,460.48,422.86,422.86,3697
1663286400,415.24,438.1,408.57,414.29,1564
1663459200,410.48,420.0,406.67,406.67,9496
1663632000,413.33,417.14,399.05,399.43,4960
1663718400,404.76,409.52,401.9,402.1,979
1663804800,400.1,404.76,394.1,404.76,2405
1664064000,397.14,400.0,395.24,396.19,1744
1664236800,396.19,405.71,396.19,405.71,1136
1664323200,397.62,421.9,397.62,413.52,1569
1664409600,420.95,428.57,416.19,427.62,2105
1665273600,435.71,435.71,420.95,420.95,867
1665360000,428.57,445.81,420.0,429.52,2623
1665446400,421.05,431.33,415.43,428.57,1338
1665532800,420.0,433.33,403.43,430.48,1493
1665619200,437.14,437.14,425.71,433.33,1633
1665878400,425.71,436.19,424.67,433.33,1457
1665964800,424.76,433.33,424.76,433.33,70
1666137600,425.71,428.57,424.67,427.62,1099
1666224000,419.14,427.43,411.81,427.43,520
1666483200,421.14,423.81,421.14,422.0,580
1667174400,428.57,437.14,428.57,437.14,899
1667260800,445.71,445.71,429.52,442.86,2272
1667347200,435.24,450.48,426.57,449.43,3820
1667433600,440.95,447.62,440.48,440.95,1130
1667692800,448.57,457.14,440.0,456.19,4624
1667779200,452.38,466.67,452.38,463.81,4296
1667865600,466.67,471.33,459.14,471.33,3028
1667952000,473.33,477.14,454.38,454.38,7629
1668038400,463.43,466.67,452.38,455.24,4102
1668297600,461.9,470.48,461.81,466.67,4219
1668384000,466.67,480.0,461.9,480.0,4675
1668470400,480.0,485.14,468.86,472.38,4551
1668556800,480.95,480.95,468.86,478.1,1650
1668643200,485.71,485.71,467.43,474.29,2926
1669075200,481.9,481.9,464.95,464.95,3096
1669161600,474.19,474.19,458.1,466.67,360
1669248000,471.43,474.19,471.33,471.43,417
1669507200,462.86,485.71,462.86,485.71,552
1669593600,491.43,492.38,461.9,464.76,3589
1669680000,469.52,469.52,462.86,469.52,860
1669766400,460.29,468.57,460.19,468.57,1340
1669852800,461.9,466.67,460.95,463.81,1143
1670112000,455.24,494.29,455.24,494.29,2871
1670198400,485.71,485.71,466.67,466.95,4928
1670284800,459.14,471.43,457.62,466.67,9825
1670371200,459.05,466.67,458.19,466.67,760
1670716800,461.9,466.57,458.1,459.05,1076
1670803200,467.62,485.71,450.57,456.19,2053
1670889600,461.9,467.62,449.52,465.71,3068
1670976000,474.29,474.29,454.29,457.14,2528
1671062400,457.14,464.76,457.14,459.05,2430
1671321600,466.67,466.67,445.05,457.14,573
1671408000,458.1,458.1,458.1,458.1,10
1671494400,459.05,465.71,457.14,461.9,1112
1671580800,466.67,466.67,453.62,453.62,340
1671667200,457.14,457.14,454.29,455.24,664
1672012800,463.81,471.43,447.71,471.43,5128
1672099200,476.19,497.14,466.67,497.14,12861
1672185600,487.62,487.62,472.57,479.05,7948
1672272000,483.81,492.38,474.19,486.67,16372
1672531200,484.76,495.24,476.48,484.67,14928
1672617600,476.19,496.19,476.19,495.24,36781
1672704000,496.19,521.9,495.24,498.19,43716
1672790400,508.1,509.52,495.24,504.76,22583
1672876800,504.86,542.76,500.0,534.38,42831
1673136000,538.1,554.29,523.81,531.52,27052
1673222400,531.43,553.33,524.86,538.95,13543
1673308800,538.95,553.33,515.24,516.19,29288
1673481600,526.48,527.62,500.95,505.71,16905
1673913600,512.38,551.43,500.95,540.95,26916
1674000000,551.71,573.9,542.86,552.29,52166
1674086400,552.38,552.38,534.76,534.76,5419
1674432000,526.76,536.1,519.05,519.05,19037
1674518400,517.14,528.38,508.67,512.57,6037
1674604800,518.1,530.48,516.19,523.81,11314
1674691200,534.29,544.95,523.81,523.81,8645
1674950400,513.52,542.86,513.43,528.67,12398
1675036800,519.05,539.05,512.48,517.14,19342
1675123200,507.14,523.81,507.14,519.05,7095
1675209600,518.95,522.86,516.19,520.0,3039
1675296000,510.57,522.67,510.57,515.24,7150
1675555200,509.52,525.52,509.52,520.95,2715
1675641600,512.48,517.14,512.48,512.86,3170
1675728000,522.86,535.24,519.33,531.33,9600
1675814400,533.33,550.48,524.1,524.1,13393
1675900800,524.1,529.52,516.19,529.52,4945
1676160000,520.95,520.95,511.43,511.52,6173
1676332800,501.9,519.05,501.9,509.81,3013
1676419200,518.1,518.1,507.81,512.29,2964
1676505600,502.1,513.14,493.33,501.9,2775
1676851200,492.0,512.29,482.57,502.86,2557
1677024000,492.86,521.62,483.05,511.43,2704
1677110400,501.43,508.48,496.19,502.86,2728
1677369600,493.43,499.9,475.24,499.9,3751
1677456000,500.0,532.38,491.43,532.38,9073
1677542400,524.76,541.81,522.0,530.38,12808
1677628800,519.81,519.81,504.76,504.76,5339
1677715200,509.52,509.52,496.76,501.9,962
1677974400,495.33,500.0,495.24,496.19,1264
1678147200,496.19,506.67,496.19,506.67,1904
1678320000,514.29,521.81,508.38,516.19,3615
1678579200,521.81,521.81,500.0,504.76,2890
1678665600,503.81,503.81,495.24,495.52,5971
1678752000,505.43,515.24,496.19,506.67,2600
1678838400,496.95,506.67,488.57,504.76,2588
1678924800,504.76,505.71,504.67,504.67,1800
1679184000,504.76,514.29,498.1,510.48,2611
1679270400,518.1,518.1,504.76,514.29,4634
1679443200,514.29,521.9,509.52,509.52,2065
1679529600,503.81,504.76,499.05,500.0,4782
1679788800,495.24,505.14,490.0,490.0,2897
1679875200,497.14,507.71,491.43,507.62,2650
1679961600,502.86,512.38,500.0,503.81,2941
1680048000,497.24,519.05,496.19,518.1,5715
1680134400,525.71,525.71,511.43,511.43,3476
1680393600,511.43,520.95,503.81,503.81,7152
1680480000,503.81,504.76,499.05,503.62,1074
1680566400,495.33,509.43,495.24,504.86,952
1680652800,504.76,514.95,502.86,514.95,1889
1680739200,504.76,513.24,504.76,513.24,329
1680998400,503.05,503.05,495.24,495.24,2855
1681084800,504.95,504.95,495.24,503.71,1277
1681171200,500.1,512.38,500.0,512.38,2683
1681257600,521.9,527.52,509.52,526.67,9191
1681344000,526.67,529.52,511.52,511.52,6515
1681603200,521.71,544.95,519.62,533.33,18376
1681689600,541.9,542.76,526.67,530.29,7774
1681776000,533.33,544.76,525.71,544.76,16808
1681862400,540.86,548.57,535.43,538.19,10972
1681948800,538.1,547.62,531.43,531.43,8186
1682208000,524.95,531.43,521.43,528.57,4127
1682294400,520.0,535.24,520.0,527.62,4535
1682380800,527.62,538.76,527.62,535.24,6230
1682467200,541.9,541.9,525.81,531.43,7170
1682553600,526.67,547.62,525.24,540.0,17717
1682812800,542.86,561.9,542.86,548.67,48874
1682985600,540.0,561.9,540.0,560.0,15927
1683072000,554.38,561.33,550.48,550.48,12066
1683158400,546.67,563.33,546.67,556.19,12126
1683417600,566.67,566.67,541.9,554.29,4940
1683504000,543.81,549.24,529.52,529.81,8379
1683590400,521.43,557.14,521.43,546.67,7445
1683676800,538.1,544.95,529.71,544.86,2708
1683763200,534.1,542.86,534.1,538.1,1826
1684022400,528.67,548.57,521.14,531.33,18400
1684108800,522.86,534.19,521.52,529.52,4738
1684195200,520.95,537.14,520.48,531.24,9059
1684281600,538.95,540.95,533.33,539.05,3436
1684368000,533.33,557.14,533.33,552.38,11393
1684627200,557.14,575.24,546.0,571.43,37759
1684713600,564.86,600.0,561.9,578.1,88324
1684800000,589.52,600.0,588.0,598.57,30967
1684886400,598.57,620.95,586.29,618.1,72968
1685232000,605.81,627.62,601.24,609.52,62354
1685404800,602.86,602.86,580.95,588.57,43817
1685491200,577.14,595.43,552.48,557.14,45332
1685577600,560.0,571.43,552.38,566.67,13801
1685836800,577.14,616.19,577.14,614.29,43765
1685923200,614.29,623.81,593.62,599.05,33329
1686009600,589.52,637.14,589.52,626.67,45880
1686096000,633.33,640.0,607.62,620.95,29070
1686182400,613.33,626.57,608.57,608.57,20807
1686441600,618.1,629.52,606.67,620.0,29647
1686528000,609.52,656.19,609.52,642.86,65812
1686614400,643.81,666.67,634.29,647.62,46300
1686700800,657.14,657.14,635.24,639.05,56007
1686787200,638.1,670.19,630.57,660.0,38349
1687046400,669.52,702.86,661.9,700.0,40695
1687132800,704.76,704.76,667.62,676.57,39172
1687219200,679.05,696.19,662.86,664.76,26744
1687305600,657.14,714.29,656.19,690.48,60377
1687392000,685.71,759.52,685.71,759.52,93921
1687651200,774.67,790.48,745.71,766.67,128566
1687737600,780.0,781.43,746.67,757.14,73177
1687824000,747.62,801.9,742.95,784.29,66203
1687910400,783.81,783.81,758.19,760.0,37685
1688256000,745.9,771.33,719.62,720.95,43627
1688342400,728.57,752.38,700.95,723.81,46877
1688428800,738.29,753.81,719.05,753.81,28247
1688515200,761.9,761.9,725.71,734.19,29249
1688601600,746.67,751.43,723.81,733.33,23476
1688860800,748.0,771.43,735.24,767.62,32174
1688947200,771.43,786.67,756.19,763.81,21105
1689033600,763.81,768.57,750.48,756.19,39787
1689120000,761.9,769.52,745.71,759.9,22862
1689206400,760.95,766.67,751.33,751.43,31715
1689465600,749.05,766.67,748.57,760.95,17037
1689552000,752.38,784.76,745.81,777.14,35319
1689638400,766.76,795.24,766.76,785.71,19039
1689724800,780.95,784.76,771.43,776.19,14904
1689811200,764.86,776.19,751.43,771.43,35495
1690070400,780.95,793.24,761.9,780.95,39421
1690156800,782.86,789.52,768.57,772.38,21391
1690243200,761.9,785.71,759.05,777.14,18269
1690329600,761.9,791.43,761.9,766.57,13997
1690416000,781.81,781.81,747.62,748.57,21082
1690675200,760.0,760.0,729.52,730.67,26554
1690761600,744.76,747.62,730.48,738.1,9031
1690848000,750.48,750.48,715.24,715.24,22712
1690934400,702.86,733.43,702.86,718.1,15554
1691020800,720.1,738.1,720.0,723.81,14370
1691280000,738.1,738.29,695.24,698.1,10559
1691366400,700.1,718.86,688.57,705.71,9342
1691452800,717.14,719.05,697.14,710.48,16638
1691539200,703.81,753.33,696.38,753.33,25696
1691625600,738.29,771.43,723.81,760.95,41297
1691884800,771.33,774.29,745.81,768.57,31810
1691971200,783.9,783.9,757.24,760.95,15961
1692057600,760.0,760.0,740.0,741.14,14165
1692144000,730.48,737.14,727.62,733.33,8916
1692230400,748.0,766.67,738.1,757.14,18935
1692489600,772.29,772.29,744.76,745.81,14822
1692576000,747.62,755.24,731.43,736.19,6703
1692662400,750.86,750.86,707.62,745.71,8091
1692748800,753.14,757.14,742.86,752.38,21105
1692835200,742.95,756.1,733.33,741.9,12070
1693094400,727.71,733.24,723.81,728.57,6110
1693180800,742.86,746.67,730.0,737.14,3731
1693267200,751.33,751.33,733.33,733.33,546
1693353600,730.57,738.0,730.57,734.29,6544
1693699200,728.57,728.57,720.0,720.0,4810
1693785600,724.76,747.62,709.52,727.62,12131
1693872000,735.24,738.1,713.14,738.0,7851
1694044800,723.81,733.33,710.95,712.38,1912
1694304000,700.95,726.67,700.95,726.67,3260
1694390400,733.24,741.9,718.67,739.9,12543
1694476800,733.33,745.62,723.81,732.38,5383
1694563200,742.67,752.38,728.67,752.38,6099
1694908800,742.86,742.86,723.81,723.9,4330
1694995200,736.19,741.9,727.62,741.9,3102
1695081600,728.57,728.57,702.0,715.24,55182
1695254400,715.24,742.76,704.76,727.33,9400
1695513600,715.24,718.1,704.86,705.24,10085
1695600000,704.95,714.29,704.95,706.76,5238
1695686400,720.0,720.86,704.76,709.52,7286
1695772800,717.14,717.14,696.19,701.9,12786
1696118400,699.05,699.05,680.0,691.14,8088
1696204800,682.86,699.05,678.0,685.9,4534
1696291200,676.19,685.71,673.33,673.33,4428
1696377600,684.76,685.71,662.95,685.71,5988
1696464000,695.24,695.24,681.05,681.05,2463
1696723200,676.19,676.19,661.9,666.67,3849
1696809600,666.67,666.67,647.62,657.14,1915
1696896000,647.62,657.14,631.9,656.67,13375
1696982400,668.57,668.57,641.24,642.38,13740
1697068800,654.29,654.29,633.43,633.43,2947
1697414400,628.57,635.24,611.43,635.24,3628
1697500800,646.57,647.9,630.48,640.95,859
1697587200,645.71,656.86,638.1,656.86,5997
1697673600,644.0,655.05,631.43,655.05,1366
1698537600,642.86,642.86,621.9,636.19,2524
1698624000,623.81,636.19,611.9,635.14,2695
1698710400,646.57,646.57,612.38,618.95,2490
1698796800,630.48,630.48,609.62,609.62,4357
1698883200,618.86,645.71,609.62,632.86,3294
1699142400,634.29,636.19,609.05,636.19,3638
1699228800,645.71,665.71,645.71,660.86,8306
1699315200,661.9,675.24,657.14,661.9,7398
1699401600,661.9,674.29,649.52,666.67,2715
1699488000,680.0,693.52,654.29,693.52,7110
1700438400,693.52,693.52,676.19,681.9,3340
1700524800,680.0,680.0,657.14,657.14,2882
1700611200,644.76,692.38,634.29,692.38,3196
1700697600,678.57,704.76,666.76,704.76,1820
1700956800,718.1,722.86,703.81,722.86,6479
1701043200,723.81,723.81,709.33,717.14,3033
1701129600,714.29,762.86,714.29,737.14,8123
1701216000,737.14,750.48,715.33,723.81,6818
1701302400,711.43,716.19,704.76,704.76,6183
1701561600,697.24,718.1,683.9,711.43,674
1701648000,714.29,727.62,701.05,727.62,2419
1701734400,714.29,714.29,700.95,707.62,1849
1701820800,696.29,712.86,696.29,712.38,1137
1701907200,712.38,725.71,700.0,713.9,5699
1702166400,728.1,757.14,728.1,755.24,1240
1702252800,770.29,770.29,728.57,728.57,6806
1702339200,743.14,770.48,729.52,762.86,21604
1702425600,777.14,777.14,746.67,757.14,15322
1702512000,742.0,766.67,742.0,747.62,4771
1702771200,733.33,772.86,733.33,758.1,13468
1702857600,773.24,788.67,758.1,771.43,15439
1702944000,786.86,838.1,763.52,837.14,53894
1703030400,842.86,842.86,814.86,823.81,6982
1703116800,817.24,823.81,785.71,786.67,14222
1703376000,795.24,819.05,780.95,802.86,24541
1703635200,795.24,796.19,762.86,776.19,10348
1703721600,789.52,795.24,765.71,794.19,5912
1704067200,800.0,804.76,785.71,790.48,4797
1704153600,785.71,785.71,756.29,763.81,14767
1704240000,775.24,775.24,753.43,766.95,5752
1704326400,780.95,782.86,758.0,758.1,43818
1704585600,758.1,758.1,736.19,749.52,6764
1704672000,742.86,757.71,742.86,756.19,4271
1704758400,756.19,784.67,742.86,774.29,9422
1704844800,776.19,778.1,758.86,761.9,7550
1704931200,777.14,777.14,752.38,761.9,3739
1705190400,761.9,771.43,757.24,769.52,8519
1705363200,771.43,780.0,761.9,772.38,10263
1705449600,769.52,780.95,759.14,759.14,11697
1705536000,752.38,752.38,743.81,749.43,5876
1705795200,750.48,750.48,733.33,734.29,7903
1705881600,747.62,763.81,731.81,740.95,11236
1705968000,752.38,781.9,727.71,779.05,9053
1706054400,790.48,790.48,751.43,760.95,7645
1706140800,747.71,759.81,739.05,759.81,3244
1706400000,772.38,772.38,734.29,742.86,5846
1706486400,742.86,768.57,742.86,747.71,3037
1706572800,744.76,760.86,740.1,760.86,4925
1706659200,745.71,750.95,726.67,733.33,5669
1706745600,733.33,737.14,728.57,737.14,5155
1707004800,729.05,737.14,729.05,730.19,2800
1707091200,743.81,747.62,730.48,747.62,3715
1707177600,745.71,747.62,733.33,746.67,956
1707264000,758.1,758.1,733.43,752.29,6058
1707350400,752.38,756.19,744.95,756.19,3929
1707609600,771.24,785.71,742.86,742.86,23368
1707696000,742.86,755.24,742.86,752.29,1648
1707782400,740.95,755.24,726.19,747.52,24635
1707868800,735.24,741.9,734.29,740.95,1463
1707955200,755.14,755.14,719.62,733.33,3388
1708214400,718.67,738.1,718.67,723.43,1473
1708387200,735.24,735.24,724.76,725.71,5216
1708473600,737.14,737.14,725.81,733.33,4395
1708560000,725.71,742.86,712.19,723.81,5980
1708819200,714.29,728.57,704.76,714.29,3050
1708905600,728.48,728.48,706.67,718.1,1310
1708992000,706.76,730.95,706.76,729.52,918
1709078400,716.19,728.0,711.62,727.43,1192
1709164800,714.48,714.48,704.76,706.67,1591
1709424000,698.1,709.71,690.86,707.62,2327
1709510400,720.95,720.95,720.95,720.95,10
1709596800,720.95,734.29,709.62,723.71,2064
1709683200,709.62,735.33,709.52,724.48,2550
1709769600,736.1,736.1,717.14,733.33,8268
1710028800,747.62,752.38,733.33,738.1,6112
1710201600,752.86,757.71,742.86,754.29,5060
1710288000,769.33,769.33,741.9,747.62,2401
1710374400,736.29,750.48,736.29,745.52,2448
1710633600,743.43,746.29,724.76,730.67,4018
1710720000,745.24,749.52,734.29,749.05,5652
1710806400,748.57,757.14,735.24,742.86,1585
1710892800,752.38,752.38,730.0,746.67,2469
1710979200,733.33,741.62,723.81,723.81,1476
1711324800,738.1,738.29,716.86,719.05,1998
1711411200,719.05,748.0,719.05,733.43,6845
1711497600,733.43,747.62,727.62,740.95,787
1711584000,740.95,740.95,722.19,732.38,6849
1711843200,742.86,742.86,719.05,727.14,4220
1711929600,726.57,726.57,719.14,719.14,1681
1712016000,717.14,745.71,717.14,737.14,1952
1712102400,733.33,733.33,724.95,728.57,2233
1712188800,741.9,742.86,719.14,737.62,1740
1712448000,738.1,742.86,728.0,738.1,4861
1712620800,733.33,737.14,723.81,723.81,6084
1712707200,721.05,733.33,705.33,707.62,10184
1713052800,713.33,723.81,694.29,708.57,10145
1713139200,709.52,714.29,695.24,695.24,2858
1713225600,700.0,708.57,695.24,703.81,9869
1713398400,696.19,696.29,689.52,689.62,4031
1713657600,682.48,701.81,681.9,692.38,3923
1713744000,695.24,695.24,684.76,686.86,12900
1713916800,685.71,698.1,674.67,683.81,5922
1714003200,682.86,682.86,670.48,672.38,4584
1714262400,672.38,681.9,671.43,679.05,6504
1714348800,673.33,685.71,673.33,676.19,679
1714435200,670.57,708.57,670.57,685.81,5021
1714608000,690.48,709.52,690.48,700.95,2673
1714867200,695.43,706.67,679.52,688.57,2966
1714953600,686.67,693.33,682.0,685.71,717
1715040000,686.67,690.48,680.1,680.1,1030
1715126400,672.38,685.71,672.38,675.24,2647
1715212800,674.29,737.14,674.29,732.38,17660
1715472000,742.76,742.76,705.62,719.62,10271
1715558400,718.95,726.57,706.67,718.86,6606
1715644800,731.33,760.57,714.38,760.57,11866
1715731200,745.71,752.86,718.1,718.1,13762
1715817600,714.76,722.86,714.29,722.86,1900
1716076800,737.14,737.24,715.24,728.57,4977
1716163200,742.86,749.52,723.81,726.67,6454
1716249600,738.1,738.1,719.43,729.52,3190
1716336000,732.38,746.67,719.05,732.38,10721
1716681600,732.38,755.24,727.81,744.76,30315
1716768000,752.29,752.29,733.33,733.33,4134
1716940800,745.71,767.62,737.62,744.76,19607
1717027200,733.33,757.14,719.05,733.33,8066
1717286400,718.86,742.86,714.29,717.14,11854
1717372800,720.0,733.33,714.67,726.67,6552
1717459200,717.14,725.71,716.29,718.1,4675
1717545600,718.1,719.05,712.67,713.43,5482
1717632000,710.0,715.24,704.76,707.62,6500
1717891200,720.86,750.48,720.29,737.05,16392
1717977600,729.52,738.0,723.81,725.71,5413
1718064000,740.0,740.0,715.24,736.19,5505
1718150400,726.76,747.43,726.76,738.95,3340
1718236800,742.86,768.76,738.19,741.9,21100
1718496000,756.67,756.67,727.05,742.1,9844
1718668800,751.43,752.38,728.57,729.81,3259
1718755200,724.29,724.76,719.05,723.81,1665
1718841600,724.0,738.29,710.48,723.81,10227
1719100800,712.95,730.48,712.95,713.43,2840
1719187200,727.62,728.57,714.29,718.1,2491
1719273600,731.24,746.67,720.95,722.48,3545
1719360000,716.19,726.67,712.38,713.33,4155
1719446400,712.0,723.81,712.0,712.38,12444
1719705600,719.05,719.05,711.62,711.71,4469
1719792000,711.43,726.67,711.43,726.67,6527
1719878400,741.14,755.71,725.9,728.57,1911
1719964800,716.19,730.48,716.19,729.52,1663
1720051200,740.95,740.95,717.24,731.43,11676
1720310400,742.86,759.9,734.38,757.05,18698
1720396800,772.1,772.1,747.81,756.86,17638
1720483200,761.9,761.9,749.62,753.43,15080
1720569600,753.33,761.9,752.38,761.9,13085
1720656000,761.9,771.43,752.48,760.0,9800
1720915200,775.14,790.57,755.14,757.14,11744
1721001600,757.14,769.52,736.57,747.62,6323
1721088000,747.62,785.71,740.1,773.33,22195
1721174400,788.29,823.71,785.71,815.24,24211
1721260800,828.57,857.14,800.0,846.0,20536
1721520000,846.67,875.24,824.48,864.76,30959
1721606400,848.1,899.05,833.33,857.14,27324
1721692800,840.19,900.0,840.19,894.95,35334
1721779200,879.05,903.81,862.86,862.86,23139
1721865600,845.71,900.95,845.71,885.71,16232
1722124800,885.71,903.81,853.33,885.71,23475
1722211200,895.24,895.24,864.76,881.9,50569
1722297600,864.95,968.57,864.76,956.19,39763
1722384000,938.1,1051.43,938.1,1051.43,45003
1722470400,1071.43,1125.71,1018.29,1071.43,32926
1722816000,1050.48,1147.62,1029.52,1133.24,36530
1722902400,1132.38,1133.33,1020.0,1020.0,52830
1722988800,1020.0,1069.52,1000.95,1064.76,37194
1723075200,1050.48,1080.0,1036.19,1036.19,14969
1723334400,1045.71,1045.71,1001.05,1010.48,36659
1723420800,1010.48,1111.43,1010.48,1026.67,29979
1723507200,1045.71,1045.71,990.29,996.19,14305
1723593600,999.14,1057.14,982.86,1036.19,45306
1723680000,1018.1,1071.43,1018.1,1045.71,55632
1723939200,1045.71,1057.14,1000.0,1002.0,31850
1724198400,1003.05,1023.81,979.05,979.05,19410
1724284800,966.67,1009.52,966.67,980.95,20815
1724544000,980.95,1009.52,980.95,1001.9,43407
1724716800,1001.9,1066.67,1001.9,1037.14,67979
1724803200,1047.62,1109.43,1047.62,1066.67,40902
1724889600,1087.62,1099.9,1050.48,1070.48,18092
1725148800,1081.9,1084.1,1024.86,1042.67,23596
1725235200,1022.95,1090.48,1021.9,1067.62,23743
1725321600,1075.24,1104.76,1062.86,1068.57,24289
1725408000,1057.14,1085.71,1023.81,1027.71,47802
1725494400,1023.81,1045.71,976.29,1036.19,9907
1725753600,1019.05,1036.19,1015.52,1015.52,9688
1725840000,1004.76,1015.24,980.95,999.05,5660
1725926400,1004.76,1038.1,997.14,997.14,36216
1726012800,1000.0,1004.67,972.67,1004.67,9972
1726099200,1014.29,1033.33,990.48,1022.86,6225
1726358400,1022.86,1022.86,952.38,981.14,15384
1726444800,961.52,965.71,924.76,957.14,10024
1726617600,952.38,990.48,920.0,985.71,7737
1726963200,966.86,1004.76,951.43,980.95,3746
1727049600,980.0,1000.0,955.0,955.0,22472
1727136000,936.0,955.0,882.0,915.0,9747
1727222400,898.0,923.9,898.0,920.0,5895
1727308800,906.0,935.0,853.0,920.0,12949
1727568000,902.0,912.0,867.3,912.0,4637
1727654400,895.0,925.0,880.0,925.0,18940
1727740800,908.1,962.0,908.1,960.0,11101
1727827200,945.0,974.8,910.1,974.8,9158
1728172800,955.4,973.9,940.0,971.0,2228
1728259200,956.0,1022.0,952.0,1010.8,9526
1728345600,1023.9,1024.8,960.0,1005.0,34406
1728432000,984.9,994.5,972.3,985.0,910
1728950400,980.1,999.0,966.0,999.0,2442
1729036800,1015.0,1015.0,975.0,997.9,21552
1729123200,978.0,1000.0,960.0,976.0,8434
1729382400,957.1,963.0,942.8,963.0,6088
1729468800,944.0,959.9,910.0,939.9,4618
1729555200,922.3,935.0,905.1,934.0,11195
1729641600,931.0,948.6,922.1,939.9,2150
1729728000,951.0,951.0,910.1,925.0,819
1729987200,920.0,920.0,908.0,909.0,1054
1730073600,926.0,929.9,900.9,929.9,3021
1730160000,935.0,964.5,930.0,964.5,7282
1730246400,965.0,970.0,947.0,950.0,4147
1730764800,940.0,957.0,938.0,955.0,746
1730851200,964.0,964.0,935.9,948.0,1085
1731196800,950.0,964.0,945.0,948.1,6286
1731283200,964.9,970.0,926.1,945.0,6055
1731369600,960.0,976.9,956.0,956.0,4270
1731456000,957.0,975.0,953.0,959.0,4179
1731542400,969.0,976.0,954.0,974.2,8171
1731801600,986.0,1020.0,978.0,978.0,10714
1731974400,965.0,966.5,948.0,948.0,7282
1732060800,945.0,953.0,932.1,950.0,3675
1732147200,950.0,958.0,925.0,940.0,3145
1732406400,945.0,945.0,926.6,928.0,1547
1732492800,946.0,946.0,928.0,936.5,1306
1732579200,937.0,947.0,930.5,932.0,2991
1732665600,950.3,988.0,942.0,955.0,4459
1732752000,974.0,974.0,936.0,943.0,6463
1733011200,928.0,955.7,924.2,949.0,6967
1733097600,955.7,1040.0,955.7,1023.0,38541
1733184000,1030.0,1035.0,973.1,989.9,10542
1733270400,989.9,1009.0,971.0,1002.0,5964
1733356800,982.0,982.0,950.0,965.0,9048
1733616000,965.0,981.0,951.0,953.0,6514
1733702400,953.0,960.0,937.1,941.0,6012
1733788800,955.0,955.0,940.0,940.0,5558
1733875200,955.0,955.0,935.1,944.0,1713
1733961600,956.0,956.0,926.0,938.0,3539
1734307200,924.0,924.0,906.0,908.0,3608
1734393600,900.0,918.0,890.0,910.0,4232
1734480000,900.0,918.0,900.0,900.0,1590
1734566400,910.0,910.0,875.0,890.0,2471
1734825600,873.0,902.0,860.0,887.0,1269
1734912000,877.2,893.0,870.0,885.1,3695
1734998400,886.0,936.3,886.0,887.0,2867
1735171200,902.0,904.7,888.0,893.9,3855
1735430400,892.0,892.0,863.0,888.0,4225
1735603200,889.0,889.0,849.0,857.0,4570
1735689600,842.0,880.0,842.0,863.0,1495
1735776000,857.0,861.0,851.1,851.5,3643
1736035200,851.0,867.9,850.0,867.9,3073
1736121600,850.9,913.0,850.9,904.0,3351
1736208000,887.3,898.9,882.0,890.0,6203
1736294400,880.0,916.0,880.0,893.2,2142
1736380800,895.0,918.0,895.0,908.0,3352
1736640000,902.0,902.0,890.0,900.0,600
1736726400,885.0,900.0,881.0,895.0,5892
1736899200,905.0,930.0,885.0,885.0,2570
1736985600,902.0,902.0,875.0,880.0,2303
1737244800,864.0,893.0,864.0,880.6,2612
1737331200,898.0,900.0,887.0,888.0,14673
1737417600,877.0,904.9,877.0,893.0,3548
1737504000,900.0,929.0,900.0,907.2,6504
1737590400,900.0,945.0,900.0,916.0,6794
1737849600,900.0,925.0,900.0,911.0,4236
1737936000,900.0,937.0,900.0,918.9,6534
1738022400,936.0,936.0,901.4,910.0,4736
1738454400,924.9,928.0,911.1,922.0,6244
1738540800,940.0,949.0,910.3,924.0,6122
1738627200,940.0,940.0,892.0,912.5,16769
1738713600,930.7,930.7,897.0,903.7,1571
1738800000,920.0,920.0,901.0,902.0,6177
1739059200,890.0,918.0,890.0,900.3,1664
1739145600,882.3,917.8,882.3,899.0,1891
1739232000,881.1,917.0,881.1,900.0,5440
1739318400,900.0,903.0,885.0,886.2,3293
1739404800,903.9,903.9,878.0,878.0,4942
1739664000,887.9,950.0,880.0,934.3,26457
1739750400,945.0,1027.0,945.0,1006.2,58256
1739836800,1006.0,1060.0,975.2,980.0,31256
1740009600,971.0,999.0,970.0,989.9,13406
1740268800,971.0,995.0,951.6,989.0,17563
1740355200,989.0,1000.0,972.0,973.5,8706
1740441600,975.0,975.0,948.0,960.0,7560
1740614400,979.2,997.0,960.1,985.0,18682
1740873600,991.1,1030.0,991.0,1027.0,20519
1740960000,1038.0,1038.0,1000.0,1000.0,16347
1741046400,990.0,1100.0,990.0,1006.0,38631
1741132800,1005.0,1023.5,971.0,997.0,2305
1741219200,1003.0,1010.0,975.3,980.5,8448
1741478400,980.5,986.8,952.1,958.0,11661
1741564800,977.0,977.0,932.0,943.0,5917
1741651200,927.0,977.0,927.0,940.0,10059
1741737600,957.9,957.9,923.0,926.0,8679
1742083200,923.0,958.9,905.0,914.0,9830
1742169600,910.0,929.5,890.0,900.0,14900
1742256000,918.0,936.0,892.1,898.0,12571
1742342400,915.9,925.0,882.2,905.0,10351
1742428800,891.0,914.0,873.0,891.75,4307
1742688000,886.0,892.0,857.5,865.05,13506
1742774400,850.2,880.0,850.2,873.55,3422
1742860800,857.0,874.0,857.0,861.2,4165
1742947200,852.0,872.0,852.0,870.99,3041
1743033600,871.0,889.9,861.2,881.36,4109
1743292800,895.0,909.5,888.0,899.45,10488
1743465600,910.0,910.0,877.7,885.87,6273
1743552000,874.0,903.0,870.3,887.16,2225
1743638400,903.9,903.9,885.0,886.61,3519
1743984000,870.2,887.0,870.2,874.0,1161
1744070400,874.0,879.0,870.1,875.23,1268
1744156800,885.0,900.0,883.1,898.83,4741
1744243200,892.0,895.0,885.3,888.59,2621
1744502400,885.0,887.0,875.0,876.24,3649
1744675200,885.0,901.0,858.8,885.9,11024
1744761600,886.3,890.0,873.1,884.41,4705
1744848000,872.5,905.0,872.5,889.0,9613
1745107200,889.0,889.0,879.1,879.95,2778
1745193600,876.1,920.0,876.0,898.0,3215
1745280000,909.0,909.0,875.0,877.9,7662
1745366400,877.9,892.9,852.1,873.02,17140
1745452800,867.0,875.0,865.0,869.77,5410
1745712000,856.0,878.8,838.9,845.55,8278
1745798400,862.4,870.0,840.4,850.0,9151
1745884800,866.0,867.0,845.0,849.73,2601
1745971200,848.0,852.0,843.1,843.13,4385
1746316800,859.9,875.0,848.0,849.07,5879
1746403200,847.0,854.8,841.0,849.55,7984
1746489600,848.0,858.0,842.0,856.16,1657
1746576000,852.0,869.9,840.0,852.44,8531
1746662400,854.0,862.9,846.1,852.04,7530
1746921600,845.1,921.0,845.1,901.8,35222
1747094400,905.0,905.0,882.0,883.39,14502
1747180800,867.2,874.0,866.0,867.09,2417
1747267200,867.0,919.0,867.0,891.43,16774
1747526400,895.0,980.5,886.0,945.15,190905
1747612800,964.0,964.0,932.0,959.55,80484
1747699200,946.0,1010.8,940.0,986.85,102675
1747785600,1005.0,1049.5,964.0,990.79,110436
1747872000,990.0,999.9,945.0,947.63,49107
1748131200,964.0,964.0,901.0,920.97,58827
1748217600,939.3,947.0,903.7,907.04,36418
1748304000,905.0,918.0,897.0,901.48,22278
1748390400,905.0,919.0,896.0,906.93,22719
1748822400,925.0,942.9,908.0,915.21,74116
1748908800,908.5,915.0,890.0,891.3,35598
1748995200,885.1,905.0,880.7,887.56,28521
1749081600,886.0,895.0,880.0,882.57,14061
1749340800,894.9,894.9,867.5,869.9,22751
1749427200,887.0,897.9,871.0,885.77,11448
1749513600,901.0,901.0,872.2,891.72,19483
1749600000,885.0,897.9,880.5,881.02,10982
1749686400,876.6,919.9,871.2,899.74,25637
1749945600,915.0,917.0,883.1,895.83,15546
1750032000,900.0,946.0,897.0,941.82,84052
1750118400,945.1,959.0,913.1,914.8,41749
1750204800,906.0,918.0,897.0,900.55,9641
1750291200,895.1,912.0,890.1,892.38,14573
1750550400,902.0,902.0,877.3,877.57,13136
1750636800,872.0,885.0,870.0,881.81,9225
1750723200,887.0,888.0,875.0,879.79,19960
1750809600,876.0,887.5,875.0,885.62,5648
1750896000,889.0,889.0,873.1,873.39,10745
1751155200,884.0,884.0,850.7,868.52,23388
1751241600,875.0,879.9,866.0,866.58,3428
1751328000,868.4,878.0,863.0,868.61,10872
1751414400,870.0,882.5,870.0,877.59,3746
1751500800,876.0,891.0,870.0,883.7,10436
1751760000,887.0,887.0,872.0,872.5,3847
1751846400,889.9,894.9,874.0,878.36,11845
1751932800,875.0,885.0,870.0,873.68,5784
1752019200,875.0,888.0,873.2,877.56,4223
1752105600,878.0,885.4,873.0,879.04,3786
1752364800,885.4,890.0,875.0,880.15,9119
1752451200,890.0,894.7,880.1,882.16,5776
1752537600,890.0,895.0,880.0,889.12,78683
1752624000,896.0,904.7,880.0,880.45,14766
1752710400,897.9,915.0,897.9,909.32,12933
1752969600,927.5,940.0,900.0,924.42,41388
1753056000,924.0,924.9,906.1,917.94,21230
1753142400,915.1,948.0,915.0,940.71,25361
1753228800,925.3,940.0,915.0,923.03,16667
1753315200,920.3,935.0,916.0,925.15,15268
1753574400,925.0,940.0,909.0,910.69,26112
1753660800,908.5,914.0,895.5,903.62,17886
1753747200,896.5,934.9,896.5,917.17,13067
1753833600,917.0,925.0,898.1,899.61,12848
1753920000,893.1,902.0,886.1,890.98,14163
1754179200,888.0,895.0,880.1,881.85,5586
1754265600,890.0,890.0,870.0,875.12,7818
1754352000,880.0,885.0,873.0,874.2,8416
1754438400,866.1,884.0,866.1,875.83,6312
1754524800,877.0,884.9,870.0,873.05,12118
1754870400,873.5,880.0,864.0,867.69,7755
1754956800,868.0,878.0,865.0,866.96,5164
1755043200,883.9,883.9,868.0,868.32,2942
1755129600,885.6,885.6,867.1,869.55,8078
1755388800,852.2,865.0,852.2,855.89,10494
1755475200,846.1,863.0,846.1,851.38,4906
1755561600,847.3,863.0,847.3,855.51,5765
1755648000,841.2,878.0,841.2,866.96,8051
1755734400,866.96,866.96,856.6,862.03,2725
1755993600,864.0,864.0,851.2,852.76,3527
1756080000,844.1,865.0,844.1,856.27,2204
1756166400,860.0,880.0,860.0,871.88,14491
1756252800,855.0,912.0,855.0,902.25,30417
1756339200,916.0,916.0,858.0,859.74,91197
1756598400,859.74,865.1,844.1,845.32,19712
1756684800,847.0,855.0,844.7,849.01,8438
1756771200,860.0,860.0,844.0,844.05,2847
1756857600,834.2,840.0,818.4,820.33,21458
1756944000,808.0,825.0,791.0,807.76,16140
1757203200,792.5,800.0,777.0,777.85,17799
1757289600,780.0,795.6,772.7,774.7,12982
1758153600,759.3,759.3,700.0,700.0,1120
1758412800,700.0,745.0,687.2,718.36,15364
1758585600,718.0,742.9,718.0,732.5,16384
1758672000,732.0,741.0,721.0,731.0,5725
1758758400,734.0,735.1,716.4,733.0,21898
1759017600,725.0,739.0,718.0,725.0,3737
1759795200,725.0,725.0,697.0,703.0,6429
1759881600,703.0,705.0,674.1,680.0,10654
1759968000,693.6,721.0,676.8,695.0,9903
1760227200,681.1,683.0,657.0,669.0,11805
1760313600,674.0,681.0,650.0,681.0,9608
1760400000,667.4,681.0,655.1,681.0,2135
1760486400,667.4,682.9,667.4,675.0,4941
1760572800,661.5,687.0,654.1,670.0,3984
1760832000,670.0,670.0,642.0,666.0,6645
1761436800,660.0,670.0,633.1,670.0,5160
1761609600,662.0,735.0,662.0,708.8,11685
1761696000,700.0,710.0,686.2,692.8,8902
1761782400,700.0,709.9,686.1,709.8,5571
1762041600,696.1,719.8,696.0,707.9,9114
1762128000,720.0,731.9,700.0,724.0,10281
1762214400,710.1,730.0,706.0,717.5,8983
1762300800,718.0,720.0,692.0,717.0,4340
1762387200,710.0,720.4,703.9,703.9,6390
1762646400,696.0,717.0,689.9,703.0,14739
1762732800,689.0,729.0,689.0,707.8,5169
1762819200,693.7,736.0,693.1,715.6,8862
1762905600,701.3,715.3,690.0,705.0,5364
1762992000,705.0,714.0,678.0,698.7,8942
1763251200,684.8,711.9,676.2,706.0,8018
1763337600,691.9,733.0,678.1,704.0,7464
1763424000,690.0,717.8,677.0,698.0,12334
1763510400,684.1,709.5,671.0,689.0,5010
1763596800,689.0,689.0,669.2,683.0,8185
1763856000,683.0,694.0,680.0,689.0,2468
1763942400,675.3,729.0,675.3,699.9,9180
1764028800,686.1,705.0,686.1,700.9,8430
1764115200,690.0,723.9,690.0,723.0,13267
1764201600,709.0,752.0,709.0,741.0,23303
1764460800,746.0,750.0,701.0,716.0,18576
1764547200,701.7,729.0,700.0,715.9,7693
1764633600,705.0,716.9,702.1,716.0,4699
1764720000,701.7,733.0,700.0,702.0,26492
1765065600,701.0,709.6,693.1,709.6,2833
1765152000,700.0,710.0,700.0,706.0,3154
1765238400,703.0,713.0,701.1,701.1,4744
1765324800,703.0,705.0,696.0,705.0,7041
1765411200,710.0,710.0,697.1,705.0,20156
1765670400,704.5,705.0,690.0,690.0,9421
1765756800,685.1,696.7,685.1,696.7,2391
1765843200,705.0,705.0,690.5,693.5,5778
1765929600,707.0,707.0,695.1,700.0,3742
1766016000,699.0,700.0,692.0,694.9,3987
1766275200,695.0,695.0,686.3,690.0,2191
1766361600,684.0,699.9,683.0,698.9,4950
1766448000,686.1,698.0,675.0,694.0,5522
1766534400,699.0,699.0,687.0,691.1,3066
1766880000,699.0,704.9,690.0,701.1,3773
1766966400,688.1,711.0,688.1,708.9,8210
1767139200,708.9,715.0,700.0,708.0,8712
1767225600,709.0,709.0,696.0,706.4,4825
1767484800,696.0,706.0,693.0,704.0,4016
1767571200,693.0,709.0,691.0,708.7,2474
1767657600,709.0,712.0,702.0,712.0,3350
1767744000,702.0,713.0,691.1,702.9,3078
1767830400,691.5,702.0,690.2,696.0,2032
1768176000,692.1,702.0,692.1,698.0,1256
1768262400,704.0,704.0,693.1,695.1,951
1768348800,695.1,704.0,693.6,704.0,5131
1768694400,704.0,714.0,704.0,711.0,5824
1768867200,722.0,740.0,710.1,730.0,27369
1768953600,717.0,738.0,716.0,719.0,4833
1769040000,715.5,732.0,710.5,731.8,5912
1769299200,720.0,744.0,720.0,739.8,7093
1769385600,745.0,745.0,716.0,733.0,13657
1769472000,725.0,739.0,710.0,719.7,10809
1769558400,719.7,719.7,706.0,711.3,3400
1769644800,715.0,725.0,710.0,718.0,6983
1769904000,719.0,719.0,705.0,706.3,3605
1769990400,707.0,710.9,706.0,708.0,1836
1770076800,707.0,745.0,705.2,730.0,22724
1770163200,740.0,744.0,712.0,732.5,7773
1770249600,747.1,747.1,720.0,726.0,2303
1770508800,735.9,735.9,717.0,717.0,3417
1770595200,731.0,731.0,705.6,724.0,8312
1770681600,710.1,715.0,707.0,715.0,4732
