date,open,high,low,close,volume
1325376000,92.96,94.82,93.7,94.82,1032
1325462400,94.82,97.42,95.93,97.42,592
1325548800,97.42,100.39,98.9,99.09,1124
1325635200,99.09,97.6,97.6,97.6,86
1325721600,97.6,97.42,96.12,96.12,484
1325980800,96.12,96.49,95.75,95.93,600
1326067200,95.93,97.42,97.05,97.05,503
1326153600,97.05,98.53,96.49,98.53,1052
1326240000,98.53,100.02,100.02,100.02,20
1326326400,100.02,99.83,98.35,99.09,384
1326844800,99.09,100.02,100.02,100.02,50
1327190400,100.2,100.39,98.9,100.2,1780
1327276800,100.2,99.27,99.27,99.27,109
1327449600,99.27,97.79,95.19,95.19,268
1327536000,95.19,93.7,91.85,91.85,65867
1327795200,91.85,96.3,93.33,95.0,293
1327968000,95.0,96.86,96.3,96.86,593
1328054400,96.86,96.49,96.49,96.49,1569
1328400000,96.49,97.79,96.49,96.68,325
1328486400,96.68,96.49,95.56,95.56,576
1328572800,95.56,97.05,95.56,95.93,491
1328659200,95.93,92.03,92.03,92.03,28000
1329004800,92.03,95.56,93.52,95.0,925
1329091200,95.0,95.93,94.82,95.75,254
1329177600,95.75,96.49,95.56,95.75,462
1329264000,95.75,94.82,94.82,94.82,328
1329350400,94.82,93.33,93.33,93.33,2286
1329782400,93.33,94.82,93.33,94.45,2792
1329955200,94.45,94.82,93.33,94.82,2130
1330214400,94.82,97.05,95.56,95.93,710
1330300800,95.93,96.49,94.08,95.93,2776
1330387200,95.93,97.42,96.68,97.42,644
1330473600,97.42,98.9,96.49,98.9,2511
1330560000,98.9,98.35,96.68,98.35,3453
1330819200,98.35,98.16,96.3,97.79,3314
1330905600,97.79,99.46,96.49,99.46,2697
1330992000,99.46,99.27,97.97,99.27,2150
1331424000,99.27,98.35,95.75,96.49,3241
1331510400,96.49,97.97,95.75,95.93,1486
1331596800,95.93,96.12,96.12,96.12,120
1331683200,96.12,97.42,96.49,97.23,573
1331769600,97.23,96.49,96.3,96.49,564
1332028800,96.49,97.23,96.12,96.68,1180
1332115200,96.68,97.23,96.49,97.23,238
1332201600,97.23,98.35,96.86,96.86,586
1332288000,96.86,97.23,95.38,97.23,527
1332633600,97.23,95.93,95.93,95.93,730
1332720000,95.93,96.68,96.68,96.68,27
1332806400,96.68,96.49,95.38,96.49,568
1332979200,96.49,96.68,95.93,95.93,200
1333238400,95.93,96.86,95.93,96.49,597
1333324800,96.49,96.49,96.3,96.3,340
1333411200,96.3,97.05,95.93,97.05,658
1333497600,97.05,97.42,96.49,96.86,262
1333584000,96.86,96.86,96.86,96.86,33
1333843200,96.86,99.65,97.05,98.35,1169
1333929600,98.35,99.27,99.09,99.09,265
1334016000,99.09,103.73,96.49,103.73,2534
1334102400,103.73,107.26,102.06,102.06,1562
1334188800,102.06,107.07,102.25,105.77,1874
1334448000,105.77,112.64,107.44,112.64,1354
1334534400,112.64,119.89,114.13,119.89,4480
1334620800,119.89,126.01,114.13,114.13,3510
1334707200,114.13,120.63,108.56,118.77,2143
1334793600,118.77,124.71,118.77,122.49,5585
1335052800,122.49,127.87,123.04,127.13,3173
1335225600,127.13,138.08,129.17,138.08,3245
1335312000,138.08,149.97,140.31,149.97,1132
1335398400,149.97,159.44,140.13,149.78,10322
1335657600,149.78,151.27,144.02,146.81,5553
1335744000,146.81,144.77,138.64,141.61,1541
1335916800,141.61,139.2,135.11,135.11,467
1336003200,135.11,146.81,137.34,146.81,4084
1336348800,146.81,149.22,149.22,149.22,100
1336435200,149.22,158.69,141.98,146.81,3949
1336521600,146.81,145.7,141.98,142.35,2445
1336608000,142.35,142.35,135.3,141.8,6955
1336867200,141.8,139.38,131.77,133.44,1522
1336953600,133.44,131.21,121.93,123.41,1243
1337040000,123.41,134.0,125.46,134.0,925
1337126400,134.0,145.51,136.23,145.51,2575
1337212800,145.51,152.01,140.5,140.5,6778
1337472000,140.5,142.91,136.04,139.75,3350
1337558400,139.75,144.77,136.78,143.65,6153
1337644800,143.65,141.8,138.27,139.57,5153
1337731200,139.57,137.15,128.98,128.98,964
1337817600,128.98,140.13,128.98,135.3,4405
1338076800,135.3,144.77,133.63,143.84,2938
1338249600,143.84,141.43,132.14,132.14,50
1338336000,132.14,126.57,120.81,120.81,291
1338422400,120.81,124.53,110.6,124.53,6445
1338681600,124.53,135.11,126.57,133.63,2391
1338768000,133.63,132.7,123.79,126.01,2792
1338854400,126.01,123.97,116.73,123.6,2074
1338940800,123.6,121.56,119.14,119.14,781
1339027200,119.14,123.6,120.44,121.56,823
1339286400,121.56,121.56,117.84,118.59,2614
1339372800,118.59,121.19,120.44,120.81,512
1339459200,120.81,125.27,116.91,122.49,1766
1339545600,122.49,122.3,120.44,120.81,906
1339632000,120.81,119.89,118.96,119.89,118
1339891200,119.89,119.7,117.84,118.21,1497
1339977600,118.21,120.63,116.91,120.63,1232
1340064000,120.63,120.07,118.59,120.07,2322
1340150400,120.07,122.11,120.44,120.44,697
1340236800,120.44,121.56,120.63,121.56,744
1340582400,121.56,127.13,121.93,127.13,901
1340668800,127.13,125.83,123.79,125.83,468
1340755200,125.83,130.66,127.5,128.98,2122
1340841600,128.98,135.3,130.84,132.14,2758
1341100800,132.14,130.84,129.91,130.84,2068
1341187200,130.84,132.51,129.91,132.51,976
1341273600,132.51,131.77,129.54,129.91,1264
1341360000,129.91,133.07,128.98,131.4,1983
1341446400,131.4,133.44,131.4,133.44,764
1341705600,133.44,134.55,131.77,134.55,1102
1341792000,134.55,134.0,132.33,133.07,1236
1341878400,133.07,135.3,131.77,134.55,2732
1341964800,134.55,137.15,134.55,137.15,1444
1342051200,137.15,135.48,133.26,135.48,2910
1342396800,135.48,136.41,133.26,133.26,640
1342483200,133.26,135.48,134.18,135.48,232
1342569600,135.48,135.67,133.26,135.67,222
1342656000,135.67,137.9,133.81,133.81,433
1342915200,133.81,139.75,133.81,138.08,6510
1343001600,138.08,142.91,140.13,140.5,3215
1343088000,140.5,140.13,136.41,137.15,3427
1343174400,137.15,137.34,136.23,136.23,917
1343260800,136.23,137.15,135.48,136.41,2199
1343520000,136.41,136.04,134.18,134.55,974
1343606400,134.55,134.93,132.7,134.37,1215
1343692800,134.37,136.04,131.77,136.04,1911
1343779200,136.04,136.41,136.41,136.41,19
1344124800,136.41,135.48,132.7,135.48,1702
1344211200,135.48,136.04,135.48,135.48,350
1344297600,135.48,137.34,135.48,135.48,326
1344384000,135.48,134.74,132.51,132.51,514
1344729600,132.51,132.51,128.98,131.03,1252
1344816000,131.03,133.07,130.47,133.07,390
1344902400,133.07,130.84,127.68,128.06,1030
1344988800,128.06,128.06,123.23,123.23,1008
1345075200,123.23,128.24,121.19,128.06,1398
1345593600,128.06,128.8,124.71,124.71,398
1345680000,124.71,126.01,124.53,125.27,2921
1345939200,125.27,123.6,122.3,122.3,10526
1346025600,122.3,126.01,124.16,126.01,445
1346112000,126.01,127.13,125.27,127.13,780
1346198400,127.13,126.2,125.08,126.2,546
1346284800,126.2,124.53,123.23,123.41,782
1346544000,123.41,125.27,121.74,125.27,1468
1346630400,125.27,123.41,122.11,123.41,309
1346716800,123.41,125.46,124.34,124.34,607
1346803200,124.34,123.41,121.56,123.23,1297
1346889600,123.23,127.13,123.41,125.27,2469
1347148800,125.27,124.34,123.41,123.41,4314
1347235200,123.41,125.27,121.19,125.27,1250
1347321600,125.27,126.01,125.27,125.46,1265
1347408000,125.46,125.64,125.27,125.27,174
1347494400,125.27,126.38,125.83,126.38,351
1347753600,126.38,126.2,124.34,125.83,1845
1347840000,125.83,126.2,125.08,125.08,1620
1347926400,125.08,129.17,127.13,128.98,1561
1348012800,128.98,128.98,128.06,128.06,435
1348099200,128.06,127.13,126.76,126.94,844
1348358400,126.94,125.27,123.41,125.08,730
1348444800,125.08,127.13,123.41,123.41,2421
1348531200,123.41,125.83,122.67,125.83,1097
1348617600,125.83,124.9,123.04,124.9,2101
1348704000,124.9,124.34,121.37,123.6,1861
1348963200,136.85,134.55,134.55,134.55,100
1349049600,134.55,122.02,121.6,121.81,742
1349136000,121.81,119.93,118.89,118.89,488
1349222400,118.89,120.77,119.31,120.77,502
1349308800,120.77,120.77,120.77,120.77,216
1349568000,120.77,120.77,117.01,120.77,1649
1349654400,120.77,124.74,122.65,124.74,528
1349740800,124.74,127.24,125.15,127.24,989
1349913600,127.24,127.66,127.66,127.66,880
1350172800,127.66,127.66,125.57,125.57,563
1350432000,125.57,127.66,127.66,127.66,929
1350518400,127.66,125.57,122.02,124.32,4821
1351555200,124.32,134.97,126.41,134.97,1103
1351641600,134.97,141.87,137.27,140.4,1646
1351728000,140.4,142.7,136.43,138.73,5167
1351987200,138.73,142.08,138.94,142.08,2819
1352073600,142.08,151.89,144.37,151.89,325
1352160000,151.89,151.89,146.88,151.48,5045
1352246400,151.48,156.49,152.31,154.4,5503
1352332800,154.4,163.8,154.61,159.0,9890
1352592000,159.0,156.49,150.85,150.85,1631
1352678400,150.85,156.07,149.18,153.36,2937
1353196800,153.36,158.58,153.36,157.53,2672
1353369600,157.53,162.76,157.53,158.79,1632
1353456000,158.79,162.96,149.6,156.49,5137
1353542400,156.49,159.0,153.36,156.07,7652
1353801600,156.07,161.71,154.82,156.28,5535
1353888000,156.28,157.74,153.56,156.49,30501
1353974400,156.49,156.28,153.56,155.44,5723
1354060800,155.44,158.58,155.86,158.58,8504
1354147200,158.58,159.2,155.44,157.95,3901
1354406400,157.95,155.44,153.98,153.98,553
1354492800,153.98,154.19,151.27,154.19,4716
1354579200,154.19,159.62,155.44,158.37,5001
1354665600,158.37,164.43,160.46,164.43,11532
1354752000,164.43,166.72,159.2,165.05,10375
1355011200,165.05,163.8,159.0,159.62,7943
1355097600,159.62,161.92,156.91,161.71,3596
1355184000,161.71,162.76,160.67,160.88,4447
1355356800,160.88,165.47,162.34,164.84,2303
1355616000,164.84,172.78,162.13,172.78,10100
1355702400,172.78,182.6,172.57,178.42,21384
1355788800,178.42,178.21,171.53,174.45,15992
1355875200,174.45,183.44,177.59,179.68,5833
1355961600,179.68,182.81,179.05,181.77,8155
1356220800,181.77,185.73,181.77,185.73,7129
1356307200,185.73,195.34,185.73,194.3,6007
1356480000,194.3,199.73,194.3,199.31,7723
1356566400,199.31,205.79,200.36,202.45,5812
1356912000,202.45,203.49,196.18,197.22,4806
1356998400,197.22,200.77,194.09,195.97,3590
1357084800,195.97,196.39,192.21,195.13,7502
1357171200,195.13,198.69,195.13,197.01,5169
1357430400,197.01,200.57,193.67,194.3,5622
1357516800,194.3,197.64,191.17,193.88,10601
1357603200,193.88,193.25,192.0,192.0,696
1357689600,192.0,190.96,188.87,189.08,5524
1357776000,189.08,194.09,187.82,192.0,10682
1358035200,192.0,195.34,192.0,195.34,6423
1358208000,195.34,200.57,195.13,197.64,9233
1358294400,197.64,197.22,195.13,195.55,5302
1358380800,195.55,195.13,190.96,192.63,2528
1358640000,192.63,190.96,182.6,183.85,4249
1358726400,183.85,190.96,183.85,188.45,6157
1358812800,188.45,191.79,186.78,190.33,4047
1358899200,190.33,190.75,186.99,190.12,3408
1358985600,190.12,189.08,186.36,189.08,3261
1359244800,189.08,187.61,184.69,187.61,2589
1359331200,187.61,188.24,186.78,186.78,4501
1359504000,186.78,189.08,184.69,189.08,6525
1359590400,189.08,193.05,184.69,193.05,10168
1359849600,193.05,193.25,188.87,190.96,2109
1359936000,190.96,194.3,188.03,189.29,527
1360022400,189.29,195.34,189.49,190.75,4697
1360108800,190.75,189.08,187.61,188.87,818
1360195200,188.87,188.87,186.78,188.87,1276
1360454400,188.87,188.87,186.99,188.45,1595
1360627200,188.45,200.77,191.79,200.77,2468
1360713600,200.77,197.22,194.51,195.34,1215
1360800000,195.34,198.06,193.05,195.13,7017
1361059200,195.13,209.55,198.69,206.62,7973
1361232000,206.62,217.9,199.1,199.31,10406
1361318400,199.31,198.27,192.42,195.13,1875
1361404800,195.13,200.77,194.72,198.27,3423
1361664000,198.27,196.18,192.21,195.55,2493
1361750400,195.55,202.65,195.76,198.89,3774
1361836800,198.89,202.45,198.89,199.31,1284
1361923200,199.31,195.97,192.42,192.42,783
1362009600,192.42,201.4,193.05,200.15,986
1362268800,200.15,200.57,197.64,197.64,3544
1362355200,197.64,200.36,196.6,200.36,4577
1362441600,200.36,199.31,196.81,198.27,1418
1362528000,198.27,199.31,197.85,198.06,3035
1362614400,198.06,199.31,197.22,198.06,3040
1362960000,198.06,200.36,197.01,199.1,5361
1363132800,199.1,201.82,197.22,200.98,7256
1363219200,200.98,205.58,197.22,200.57,5173
1363478400,200.57,197.22,195.13,195.76,2674
1363564800,195.76,196.6,193.25,195.34,1122
1363651200,195.34,197.22,194.3,196.81,1775
1363737600,196.81,197.22,193.05,193.25,3855
1363824000,193.25,194.3,193.05,193.05,2059
1364083200,193.05,192.63,187.82,192.63,16454
1364169600,192.63,194.09,190.96,194.09,2026
1364342400,194.09,197.43,192.0,193.05,1334
1364428800,193.05,192.0,188.87,192.0,4685
1364688000,192.0,189.29,185.53,185.73,4621
1364774400,185.73,187.82,181.56,186.78,4452
1364860800,186.78,190.96,185.32,190.96,2028
1364947200,190.96,193.46,186.78,190.54,2423
1365033600,190.54,190.96,188.87,189.08,2144
1365292800,189.08,191.58,184.69,190.54,3650
1365379200,190.54,190.54,189.08,190.54,2325
1365465600,190.54,192.84,189.29,191.37,2766
1365638400,191.37,194.51,188.03,193.46,3252
1365984000,193.46,197.01,194.3,195.55,5901
1366070400,195.55,195.97,194.09,195.97,3495
1366156800,195.97,199.1,194.09,196.18,7596
1366243200,196.18,199.73,195.13,199.73,2350
1366502400,199.73,196.18,188.87,191.37,3515
1366588800,191.37,198.06,188.03,194.3,7452
1366675200,194.3,196.18,192.21,194.51,13849
1366848000,194.51,195.13,189.7,193.05,2405
1367107200,193.05,193.05,190.12,191.17,6156
1367193600,191.17,192.63,188.87,192.42,3066
1367280000,192.42,192.21,190.96,191.58,4314
1367452800,191.58,189.49,186.36,188.03,4721
1367712000,188.03,188.87,184.69,185.73,1476
1367798400,185.73,185.11,182.81,184.69,2058
1367884800,184.69,191.17,179.47,189.08,5414
1367971200,189.08,189.08,186.78,187.41,4447
1368057600,187.41,186.78,184.9,186.78,587
1368316800,186.78,188.87,184.69,186.78,1487
1368403200,186.78,187.82,185.11,187.2,2893
1368489600,187.2,188.45,184.69,188.45,2063
1368576000,188.45,191.17,188.45,189.91,674
1368662400,189.91,193.05,190.54,190.96,963
1368921600,190.96,193.25,187.61,190.54,3373
1369008000,190.54,193.46,188.87,188.87,4006
1369094400,188.87,190.12,187.82,189.08,2479
1369180800,189.08,191.58,188.03,188.87,3909
1369267200,188.87,188.87,188.24,188.24,1167
1369526400,188.24,189.91,187.82,189.91,3228
1369612800,189.91,190.33,188.87,190.33,300
1369699200,190.33,191.58,190.54,191.17,1652
1369872000,191.17,191.37,188.87,189.91,2214
1370131200,189.91,189.91,186.99,188.87,4095
1370217600,188.87,189.08,188.87,188.87,142
1370304000,188.87,190.33,187.2,189.29,2453
1370390400,189.29,189.7,188.66,189.7,2001
1370476800,189.7,189.91,189.08,189.7,1476
1370736000,189.7,189.91,188.45,188.87,1341
1370822400,188.87,189.7,187.61,188.24,1735
1370908800,188.24,188.45,187.61,188.24,1608
1370995200,188.24,189.29,186.78,189.08,2800
1371081600,189.08,188.87,186.78,187.82,1783
1371340800,187.82,187.41,186.99,187.41,462
1371427200,187.41,189.7,188.03,189.7,132
1371513600,189.7,189.7,184.9,186.99,1083
1371600000,186.99,187.41,185.94,187.41,1415
1371686400,187.41,188.03,186.99,188.03,2695
1371945600,188.03,187.61,186.36,186.36,1955
1372032000,186.36,187.82,186.78,187.82,1176
1372118400,187.82,189.29,187.2,189.29,1508
1372204800,189.29,192.84,190.75,190.96,2130
1372291200,190.96,190.96,188.87,189.7,898
1372550400,189.7,188.66,187.82,188.03,3756
1372636800,188.03,189.29,187.82,189.08,2871
1372723200,189.08,190.96,188.45,188.87,1279
1372809600,188.87,190.75,188.24,190.75,1730
1372896000,190.75,195.13,188.87,192.0,9922
1373155200,192.0,191.17,188.03,190.96,1269
1373241600,190.96,194.93,190.96,194.93,1058
1373328000,194.93,197.01,193.46,195.13,948
1373414400,195.13,196.39,195.97,196.18,811
1373500800,196.18,197.22,194.09,197.22,4129
1373760000,197.22,196.18,195.13,195.13,2081
1373846400,195.13,195.13,192.21,195.13,435
1373932800,195.13,195.55,195.13,195.55,108
1374019200,195.55,195.13,192.0,195.13,1134
1374105600,195.13,199.52,193.05,198.27,7711
1374364800,198.27,205.16,199.73,204.33,5700
1374451200,204.33,200.77,197.22,200.36,281
1374537600,200.36,203.49,196.18,198.27,1371
1374624000,198.27,197.22,194.09,197.22,809
1374710400,197.22,196.39,194.72,196.39,1587
1374969600,196.39,197.22,195.13,197.22,856
1375056000,197.22,199.1,196.18,196.39,1853
1375142400,196.39,199.31,196.6,198.27,3076
1375228800,198.27,202.03,197.22,201.4,9898
1375315200,201.4,205.37,199.31,201.82,2220
1375574400,201.82,203.28,199.31,200.36,5465
1375660800,200.36,201.19,197.85,199.31,2523
1375747200,199.31,199.52,196.18,198.27,2252
1375833600,198.27,201.4,197.22,198.48,3826
1375920000,198.48,198.69,197.43,197.43,3781
1376179200,197.43,197.43,196.18,196.6,3087
1376265600,196.6,195.34,193.05,194.3,4033
1376352000,194.3,193.88,193.05,193.88,2800
1376438400,193.88,195.13,190.96,195.13,1662
1376524800,195.13,195.13,193.05,193.05,2578
1376784000,193.05,193.88,191.37,191.37,505
1376870400,191.37,194.09,190.96,194.09,682
1376956800,194.09,195.13,193.05,195.13,1932
1377388800,195.13,196.18,193.05,193.05,1344
1377475200,193.05,194.3,193.05,193.46,1250
1377561600,193.46,194.09,193.25,194.09,2839
1377734400,194.09,195.13,192.84,194.51,3374
1377993600,194.51,194.09,192.0,194.09,2092
1378080000,194.09,195.55,192.0,193.46,13001
1378166400,193.46,193.88,193.05,193.25,6713
1378252800,193.25,193.25,192.0,193.25,2611
1378339200,193.25,193.88,192.84,193.05,2807
1378598400,193.05,193.67,192.63,193.25,1556
1378684800,193.25,193.46,192.63,192.63,1669
1378771200,192.63,195.13,192.84,192.84,5070
1378857600,192.84,194.09,189.49,194.09,2505
1378944000,194.09,194.3,192.42,193.05,3122
1379203200,193.05,195.13,194.09,195.13,4586
1379289600,195.13,195.34,194.93,195.34,1011
1379376000,195.34,195.13,193.05,194.09,1346
1379548800,194.09,197.22,192.0,197.22,5654
1379808000,197.22,194.09,192.42,194.09,5545
1379894400,194.09,193.88,192.63,193.67,2213
1379980800,193.67,193.46,192.0,193.05,5387
1380067200,214.98,196.41,190.3,190.3,239
1380153600,190.3,187.95,186.78,187.95,1253
1380412800,187.95,187.72,183.49,184.43,2069
1380499200,184.43,185.37,184.43,184.43,2261
1380585600,184.43,186.78,182.55,186.78,1292
1380672000,186.78,186.78,186.31,186.78,26
1380758400,186.78,186.78,185.6,185.6,603
1381017600,185.6,191.48,185.6,191.48,506
1381104000,191.48,192.18,192.18,192.18,213
1381190400,192.18,195.0,192.18,195.0,798
1381276800,195.0,193.83,193.83,193.83,196
1381363200,193.83,204.17,197.35,204.17,476
1381968000,204.17,203.23,203.23,203.23,105
1382227200,203.23,203.23,200.41,203.23,1123
1382313600,203.23,206.05,202.05,204.4,2345
1382400000,204.4,203.23,203.23,203.23,115
1382486400,203.23,200.88,200.88,200.88,121
1382572800,200.88,200.88,199.7,200.88,168
1382832000,200.88,198.53,190.3,193.59,1430
1382918400,193.59,193.83,191.48,191.48,3235
1383004800,191.48,191.48,189.6,189.6,144
1383091200,189.6,196.18,192.65,192.65,2072
1383177600,192.65,204.4,195.0,204.4,1277
1383696000,204.4,204.4,204.4,204.4,4093
1384128000,204.4,200.88,199.23,200.88,2083
1384214400,200.88,202.05,198.53,202.05,3093
1384300800,202.05,205.58,202.05,203.23,8015
1384387200,203.23,202.05,199.7,201.82,2827
1385251200,201.82,220.15,205.34,220.15,8542
1385337600,220.15,221.79,212.63,214.98,4741
1385424000,214.98,217.33,213.57,214.98,3106
1385510400,214.98,216.15,214.98,215.21,2418
1385596800,215.21,214.51,212.16,212.63,3293
1385856000,212.63,214.04,212.63,213.8,517
1385942400,213.8,217.56,213.8,217.33,1000
1386028800,217.33,218.5,216.15,217.33,1614
1386115200,217.33,232.61,217.33,222.03,3134
1386201600,222.03,230.02,218.5,219.21,5128
1386460800,219.21,223.2,214.98,218.5,3255
1386547200,218.5,222.26,217.56,220.85,2597
1386633600,220.85,222.03,217.33,219.68,1199
1386720000,219.68,227.91,221.32,227.91,18793
1386806400,227.91,232.14,227.2,229.08,5764
1387065600,229.08,237.31,229.08,237.07,12070
1387152000,237.07,258.93,241.3,257.75,3956
1387324800,257.75,281.25,262.45,280.78,11147
1387411200,280.78,290.18,256.34,290.18,11677
1387670400,290.18,299.58,279.14,290.18,21282
1387756800,290.18,285.95,275.61,275.61,10215
1387843200,275.61,287.83,265.51,278.43,12971
1388016000,278.43,294.18,276.08,278.43,9271
1388275200,278.43,283.13,274.91,279.61,5324
1388448000,279.61,280.78,276.08,276.08,5274
1388534400,276.08,276.08,271.38,272.79,4591
1388620800,272.79,272.79,253.05,271.38,6012
1388880000,271.38,272.79,266.45,271.38,3014
1388966400,271.38,274.91,269.03,271.85,1620
1389052800,271.85,273.73,266.68,272.56,3103
1389139200,272.56,277.26,271.38,276.08,3565
1389225600,276.08,280.78,271.62,274.67,3481
1389484800,274.67,283.13,276.08,283.13,8914
1389571200,283.13,281.96,276.08,278.43,5371
1389657600,278.43,280.78,274.91,279.61,4405
1389830400,279.61,285.95,278.43,281.25,5480
1390089600,281.25,280.55,274.91,280.55,3647
1390176000,280.55,277.26,270.21,270.21,3889
1390262400,270.21,273.73,269.03,271.38,2645
1390348800,271.38,276.08,269.5,269.5,2809
1390435200,269.5,273.5,269.03,273.5,2345
1390694400,273.5,276.08,266.68,269.03,2448
1390780800,269.03,269.03,264.57,265.04,959
1390867200,265.04,266.68,266.68,266.68,681
1390953600,266.68,266.68,261.98,262.22,4420
1391299200,262.22,263.16,258.46,262.22,472
1391385600,262.22,257.52,250.47,252.58,5463
1391472000,252.58,258.46,253.99,258.46,3281
1391558400,258.46,264.33,257.28,262.45,3124
1391644800,262.45,266.45,254.93,266.45,4409
1391904000,266.45,266.68,261.98,261.98,987
1391990400,261.98,276.08,261.51,261.51,8019
1392076800,261.51,264.33,257.28,263.16,3314
1392163200,263.16,261.75,258.46,260.81,2409
1392249600,260.81,262.45,257.28,260.1,2929
1392508800,260.1,263.86,257.28,259.63,1963
1392595200,259.63,263.16,257.28,257.28,2195
1392681600,257.28,261.98,258.46,260.81,5725
1392854400,260.81,263.86,258.46,259.63,2349
1393113600,259.63,268.8,261.98,261.98,1971
1393200000,261.98,271.38,262.45,262.45,1181
1393286400,262.45,263.16,257.52,257.52,4128
1393372800,257.52,262.22,253.76,256.58,3599
1393804800,256.58,260.81,252.58,253.76,2346
1393891200,253.76,256.11,245.77,256.11,6471
1393977600,256.11,257.05,252.58,254.7,5523
1394064000,254.7,258.46,252.58,252.58,3836
1394323200,252.58,250.23,247.88,249.06,666
1394409600,249.06,249.06,243.18,245.53,1161
1394496000,245.53,248.82,239.89,244.36,4580
1394582400,244.36,244.36,239.66,241.54,9918
1394668800,241.54,248.35,242.24,243.18,706
1395014400,243.18,240.83,236.13,240.83,7471
1395100800,240.83,240.83,237.54,240.83,4345
1395187200,240.83,245.3,237.07,239.66,4043
1395273600,239.66,243.18,237.54,240.36,5476
1395532800,240.36,241.77,236.6,240.83,2111
1395619200,240.83,245.53,240.83,245.53,3103
1395705600,245.53,245.77,243.18,244.36,2466
1395792000,244.36,245.53,241.07,243.42,3957
1395878400,243.42,244.36,240.13,244.36,3236
1396224000,244.36,247.88,240.83,247.88,4734
1396310400,247.88,252.11,248.12,249.06,4141
1396396800,249.06,250.23,244.83,244.83,3215
1396483200,244.83,251.41,245.3,247.88,1687
1396742400,247.88,248.35,245.53,247.65,1850
1396828800,247.65,246.71,243.18,245.77,4103
1397001600,245.77,246.0,242.24,245.77,3576
1397088000,245.77,248.35,246.0,248.35,2044
1397347200,248.35,252.58,243.89,250.23,1406
1397520000,250.23,254.46,247.88,251.41,5651
1397606400,251.41,252.82,250.94,251.88,5021
1397692800,251.88,252.58,247.88,251.41,4663
1397952000,251.41,252.58,251.17,252.58,2968
1398038400,252.58,252.82,247.88,250.23,8347
1398124800,250.23,250.23,246.24,247.88,3613
1398211200,247.88,252.35,247.88,252.35,8682
1398556800,252.35,250.23,246.71,246.71,1514
1398643200,246.71,247.88,245.53,245.53,6557
1398729600,245.53,250.0,243.18,246.0,1919
1398816000,246.0,248.35,246.24,246.71,1148
1399161600,246.71,247.41,245.53,246.71,3050
1399248000,246.71,253.05,249.06,252.58,3115
1399334400,252.58,264.33,252.58,264.33,5190
1399420800,264.33,269.27,257.28,257.28,3471
1399507200,257.28,265.51,257.28,260.81,3259
1399766400,260.81,259.87,254.7,256.11,3797
1399852800,256.11,256.11,242.48,255.4,28775
1399939200,255.4,260.1,255.4,258.46,1822
1400112000,258.46,259.63,256.11,256.11,1443
1400371200,256.11,259.63,254.93,255.4,2266
1400457600,255.4,257.99,253.05,255.64,2121
1400544000,255.64,257.28,251.41,253.52,935
1400630400,253.52,259.63,254.93,259.63,2554
1400716800,259.63,261.04,256.11,261.04,967
1400976000,261.04,265.04,259.63,264.33,4126
1401062400,264.33,265.51,260.81,264.33,9182
1401148800,264.33,264.57,262.45,264.33,4077
1401235200,264.33,269.03,261.98,266.68,4875
1401580800,266.68,269.5,265.51,267.15,3031
1401667200,267.15,271.38,267.86,270.21,4050
1401753600,270.21,277.26,265.51,273.73,5249
1401840000,273.73,275.38,266.68,272.79,6641
1401926400,272.79,276.79,267.86,276.32,4855
1402185600,276.32,280.78,276.08,276.32,7937
1402272000,276.32,282.43,279.61,281.96,4285
1402358400,281.96,287.83,276.79,286.42,9320
1402444800,286.42,294.18,287.6,292.06,13384
1402531200,292.06,297.94,292.53,297.94,10438
1402790400,297.94,318.15,303.11,313.68,10401
1402876800,313.68,324.49,313.68,321.67,8186
1402963200,321.67,323.08,310.39,319.09,7339
1403049600,319.09,324.26,313.21,313.21,4353
1403136000,313.21,316.5,312.51,312.51,4954
1403481600,312.51,318.38,310.16,311.33,1860
1403568000,311.33,308.98,306.63,307.81,3100
1403654400,307.81,311.1,306.63,308.28,7526
1403740800,308.28,312.51,308.04,310.16,2842
1404000000,310.16,324.26,313.68,319.56,10013
1404086400,319.56,321.67,311.33,321.67,7971
1404172800,321.67,321.44,313.68,319.56,1541
1404259200,319.56,317.21,312.51,314.39,6262
1404345600,314.39,319.56,310.16,319.56,4883
1404604800,319.56,320.73,316.5,318.15,2463
1404691200,318.15,318.38,308.98,313.68,2451
1404777600,313.68,326.61,308.98,323.08,5543
1404864000,323.08,323.08,318.38,320.73,2377
1404950400,320.73,324.02,314.62,322.61,8044
1405209600,322.61,335.77,317.68,321.91,12796
1405296000,321.91,320.73,311.33,318.38,4167
1405382400,318.38,317.68,313.68,314.86,1248
1405468800,314.86,323.08,316.5,318.38,8534
1405555200,318.38,319.56,314.86,318.38,2798
1405814400,318.38,324.26,316.03,324.26,11145
1405900800,324.26,332.01,321.2,323.08,5159
1405987200,323.08,323.08,316.03,319.56,7134
1406073600,319.56,320.73,316.03,318.85,7306
1406160000,318.85,319.56,313.68,318.85,9424
1406419200,318.85,317.91,316.27,317.21,1337
1406505600,317.21,317.21,314.86,315.8,1023
1406678400,315.8,316.03,311.33,311.33,2035
1406764800,311.33,315.09,310.16,311.33,3611
1407024000,311.33,311.33,303.11,311.33,2375
1407110400,311.33,311.33,304.28,305.69,5392
1407196800,305.69,311.33,301.93,308.98,5417
1407283200,308.98,308.98,304.28,307.57,2697
1407369600,307.57,308.98,299.58,305.46,5697
1407801600,305.46,301.93,297.0,299.58,2699
1407888000,299.58,305.22,297.23,297.23,6265
1407974400,297.23,301.93,297.23,301.93,4404
1408320000,301.93,298.41,292.3,293.0,2671
1408406400,293.0,297.23,291.36,295.35,5147
1408492800,295.35,295.35,289.24,289.24,1973
1408579200,289.24,294.65,278.43,293.71,4227
1408838400,293.71,294.88,288.3,293.71,1758
1408924800,293.71,296.06,276.08,285.25,7180
1409011200,285.25,281.96,271.85,271.85,1713
1409097600,271.85,289.01,270.21,275.61,7604
1409184000,275.61,280.55,274.91,276.08,8807
1409443200,276.08,281.25,271.38,275.85,9087
1409529600,275.85,272.56,266.68,272.56,3396
1409702400,272.56,273.03,268.56,268.56,2098
1409788800,268.56,268.8,257.28,259.63,1816
1410048000,259.63,264.33,237.54,237.54,7021
1410220800,237.54,254.46,241.3,254.46,3176
1410307200,254.46,273.5,248.59,252.82,8480
1410393600,252.82,256.11,250.7,256.11,1324
1410652800,256.11,259.63,252.58,257.28,4446
1410739200,257.28,260.57,257.28,260.57,482
1410825600,260.57,267.86,261.98,266.21,2576
1410912000,266.21,271.15,265.74,265.74,2403
1411257600,257.28,257.28,250.23,250.23,720
1411344000,250.23,246.71,245.53,246.71,1809
1411430400,246.71,254.93,250.23,253.52,1189
1411516800,253.52,265.51,250.23,265.51,1397
1411862400,265.51,260.57,257.28,257.28,196
1411948800,257.28,271.62,261.98,271.38,406
1412035200,271.38,273.5,269.03,269.03,1374
1412726400,269.03,264.33,264.33,264.33,145
1412812800,264.33,263.16,257.28,257.52,1156
1413072000,257.52,259.63,249.29,249.53,1072
1413158400,249.53,251.41,246.94,249.29,2228
1413244800,249.29,251.41,251.41,251.41,249
1413331200,251.41,257.28,251.41,256.11,2552
1413417600,256.11,254.93,250.7,250.7,662
1413676800,250.7,260.81,250.23,260.81,3502
1413763200,260.81,263.16,254.7,254.93,1715
1413849600,254.93,255.4,253.76,253.76,2309
1413936000,253.76,254.93,247.88,247.88,1275
1414281600,247.88,257.28,247.88,256.11,2324
1414368000,256.11,255.64,252.58,252.58,1166
1414454400,252.58,253.76,251.41,253.05,519
1414627200,253.05,253.99,250.23,253.99,1662
1414886400,253.99,254.93,248.12,250.23,2537
1414972800,250.23,249.06,247.88,247.88,1142
1415059200,247.88,250.23,245.77,246.71,506
1415145600,246.71,250.47,249.06,250.47,321
1415232000,250.47,252.58,251.41,252.58,706
1415491200,252.58,252.58,248.12,248.59,1311
1415577600,248.59,248.59,243.18,245.53,1236
1415664000,245.53,246.94,236.6,245.77,2438
1415750400,245.77,244.36,241.3,244.36,878
1415836800,244.36,242.01,239.66,240.83,2572
1416096000,240.83,243.18,236.13,236.13,3416
1416182400,236.13,234.96,232.61,234.96,2937
1416268800,234.96,238.48,224.15,233.31,9101
1416355200,233.31,233.08,229.08,231.9,8316
1416441600,231.9,236.84,229.08,235.19,2355
1416700800,235.19,243.89,236.13,237.54,5201
1416787200,237.54,245.3,238.01,241.77,12164
1416873600,241.77,241.77,236.13,241.77,3951
1417305600,241.77,247.65,238.48,241.3,1724
1417392000,241.3,241.77,240.83,241.77,968
1417478400,241.77,241.77,238.01,241.77,3613
1417564800,241.77,245.06,240.83,240.83,1527
1417651200,240.83,243.65,241.77,243.65,1614
1417910400,243.65,246.71,242.01,244.36,3979
1417996800,244.36,244.36,242.24,243.18,2041
1418083200,243.18,242.71,240.6,242.01,7243
1418169600,242.01,246.47,234.96,242.01,5064
1418256000,242.01,245.3,243.18,245.3,539
1418515200,245.3,252.58,246.71,252.58,3254
1418601600,252.58,261.51,251.41,254.23,3894
1418688000,254.23,258.93,252.58,258.22,2968
1418774400,258.22,254.93,253.29,254.93,1515
1418860800,254.93,257.75,252.58,257.75,4555
1419120000,257.75,254.93,249.06,254.93,2226
1419206400,254.93,259.16,252.82,254.23,2235
1419292800,254.23,252.58,252.35,252.58,379
1419379200,252.58,252.82,250.7,250.7,2468
1419724800,250.7,263.16,253.76,263.16,27279
1419811200,263.16,266.68,257.28,265.98,20443
1419984000,265.98,268.8,258.46,268.8,24756
1420070400,268.91,277.02,264.59,277.02,838
1420329600,277.02,277.02,274.32,274.32,668
1420416000,274.32,275.94,274.59,274.59,1041
1420502400,274.59,275.67,272.97,274.32,3244
1420588800,274.32,272.16,262.43,270.0,1066
1420675200,270.0,275.4,274.32,275.4,1471
1420934400,275.4,274.32,271.89,273.24,2009
1421020800,273.24,270.27,269.45,269.45,670
1421107200,269.45,272.7,270.27,272.7,1024
1421193600,272.7,277.02,274.32,274.32,988
1421539200,274.32,279.45,274.86,274.86,1267
1421625600,274.86,285.4,279.99,284.86,1691
1421712000,284.86,281.08,274.59,275.13,1350
1421884800,275.13,275.67,270.54,275.67,953
1422144000,275.67,281.08,275.67,281.08,1520
1422230400,281.08,281.35,281.35,281.35,54
1422316800,281.35,287.56,282.97,282.97,1487
1422403200,282.97,288.37,287.83,287.83,193
1422489600,287.83,289.18,286.75,287.02,2417
1422748800,287.02,289.99,286.48,287.83,1717
1422835200,287.83,290.26,286.48,287.56,5332
1422921600,287.56,287.83,282.43,282.7,667
1423008000,282.7,287.83,282.7,287.02,1327
1423094400,287.02,287.83,283.51,283.51,1636
1423353600,283.51,286.21,282.43,286.21,1512
1423440000,286.21,288.91,284.59,284.86,1128
1423526400,284.86,283.24,281.08,282.43,4832
1423612800,282.43,282.43,282.43,282.43,110
1423699200,282.43,285.13,280.26,282.43,2032
1423958400,282.43,282.7,281.08,281.08,1223
1424044800,281.08,282.43,279.72,281.62,2771
1424304000,281.62,281.08,278.1,278.37,1867
1424563200,278.37,274.32,274.32,274.32,22
1424649600,274.32,274.86,268.91,274.86,4454
1424736000,274.86,278.37,272.97,277.02,2248
1424822400,273.24,274.32,274.32,274.32,45
1424908800,274.32,274.32,274.32,274.32,200
1425168000,271.62,270.27,264.32,270.27,2129
1425254400,270.27,274.32,267.56,274.32,7682
1425340800,274.32,272.16,269.18,271.62,242
1425427200,271.62,272.97,271.62,271.62,545
1425859200,271.62,271.62,267.29,271.62,1645
1425945600,271.62,274.32,271.62,271.62,439
1426118400,271.62,269.45,269.45,269.45,100
1426377600,269.45,268.91,266.75,266.75,2858
1426464000,266.75,266.48,266.21,266.21,477
1426550400,266.21,268.37,265.67,266.48,2112
1426636800,266.48,267.02,262.16,267.02,514
1426723200,267.02,268.37,266.48,268.1,2109
1426982400,268.1,267.56,263.51,263.51,798
1427068800,263.51,266.48,264.86,266.48,320
1427155200,266.48,266.21,263.78,266.21,3920
1427241600,266.21,265.13,262.43,263.24,2106
1427328000,263.24,264.05,263.78,264.05,110
1427587200,264.05,264.86,260.81,260.81,12965
1427673600,260.81,262.16,260.81,260.81,1045
1427760000,260.81,265.13,260.81,261.35,1413
1427932800,261.35,261.08,260.81,261.08,1029
1428192000,261.08,261.08,258.1,258.1,2120
1428278400,258.1,262.7,259.45,260.81,8752
1428364800,260.81,261.89,260.81,261.89,936
1428451200,261.89,266.75,264.86,266.21,829
1428537600,266.21,267.56,266.21,266.21,768
1428796800,266.21,264.86,262.16,264.32,1133
1428883200,264.32,262.43,260.81,261.08,2137
1429056000,261.08,267.56,260.81,260.81,739
1429142400,260.81,262.43,253.51,262.43,332
1429401600,262.43,263.51,260.81,261.89,2209
1429488000,261.89,264.86,258.37,260.81,4424
1429574400,260.81,264.86,260.81,260.81,2631
1429660800,260.81,258.1,257.02,258.1,412
1429747200,258.1,262.7,258.1,258.1,560
1432512000,258.1,253.51,234.05,234.05,110
1432598400,234.05,238.1,229.46,230.54,4099
1432684800,230.54,231.08,224.32,224.32,3304
1432771200,224.32,227.83,217.56,225.67,2877
1433030400,225.67,244.59,229.73,239.19,2854
1433116800,239.19,253.51,239.19,247.02,2183
1433203200,247.02,248.64,238.37,240.54,4168
1433289600,240.54,256.75,244.59,255.4,3467
1433376000,255.4,260.0,250.0,255.13,11213
1433635200,255.13,259.73,252.7,258.1,2499
1433721600,258.1,265.67,259.45,263.51,3447
1433808000,263.51,273.24,264.86,266.21,3872
1433894400,266.21,266.21,259.45,264.86,4499
1433980800,264.86,269.45,258.1,260.81,1793
1434240000,260.81,258.1,255.94,256.21,364
1434412800,256.21,260.81,252.7,260.81,5060
1434499200,260.81,259.45,256.75,258.1,3852
1434585600,258.1,258.91,255.4,258.91,758
1434844800,258.91,255.4,254.05,255.4,2701
1434931200,255.4,260.0,254.86,258.1,710
1435017600,257.56,257.83,256.75,256.75,2563
1435104000,257.02,258.37,257.02,258.37,1620
1435190400,259.45,261.62,258.37,258.37,3155
1435449600,258.1,259.73,258.1,258.37,1399
1435536000,262.97,262.97,259.45,259.73,1720
1435622400,260.27,260.27,258.1,258.37,451
1435708800,262.97,264.05,259.73,260.81,1974
1435795200,260.54,260.54,258.37,259.45,2546
1436054400,260.54,260.81,259.45,260.81,2707
1436140800,258.37,261.62,258.1,261.08,8839
1436227200,258.1,261.35,258.1,261.35,5313
1436313600,262.16,262.16,259.45,259.45,5840
1436400000,260.81,260.81,258.1,258.91,2346
1436659200,259.18,259.18,258.1,258.37,520
1436745600,255.4,259.18,255.13,258.1,9353
1436832000,258.1,259.45,256.75,256.75,1926
1436918400,258.1,258.1,258.1,258.1,1800
1437004800,258.1,258.1,256.75,257.29,2715
1437523200,260.81,263.51,260.54,263.51,888
1437609600,263.51,285.67,260.81,284.59,4996
1437868800,284.59,300.53,289.72,300.53,30
1437955200,300.53,328.64,305.94,317.56,42756
1438041600,317.56,320.8,301.35,311.61,9775
1438128000,311.61,320.8,305.94,315.4,10439
1438214400,315.4,327.02,315.13,322.97,17289
1438473600,322.97,328.37,323.24,326.21,7405
1438560000,326.21,326.75,320.26,324.86,7820
1438646400,324.86,331.07,321.34,322.97,9155
1438732800,322.97,322.97,318.91,322.97,4699
1438819200,322.97,334.05,322.97,325.4,11276
1439078400,325.4,345.94,331.34,341.88,26597
1439164800,341.88,357.02,336.48,355.4,30762
1439251200,355.4,366.21,355.4,357.29,18681
1439337600,355.4,357.29,348.64,357.29,19602
1439424000,357.29,362.69,354.86,359.99,19312
1439683200,360.8,382.69,358.1,372.96,18004
1439769600,379.99,408.37,379.99,408.37,14219
1439856000,405.39,416.2,395.94,412.42,13436
1439942400,414.85,429.72,414.85,429.72,14336
1440028800,436.47,461.34,436.47,450.53,16133
1440288000,445.12,455.39,431.07,447.28,7310
1440374400,448.64,448.64,443.5,444.58,3584
1440460800,441.34,443.23,429.72,438.91,2568
1440547200,436.47,437.83,432.69,437.56,3781
1440633600,434.85,434.85,420.8,420.8,4962
1440979200,414.85,441.88,414.85,441.88,7363
1441065600,441.88,440.53,428.37,428.37,6882
1441152000,425.66,429.72,423.77,429.72,5465
1441238400,424.31,427.02,420.53,426.75,8541
1441497600,427.02,432.42,415.39,427.83,13866
1441584000,429.72,431.07,425.93,428.37,2495
1441670400,428.37,431.07,422.96,427.02,712
1441756800,430.8,434.85,426.47,434.85,3664
1441843200,429.72,429.72,423.23,429.18,2537
1442102400,428.37,437.83,428.37,437.83,10708
1442188800,444.58,444.58,436.2,436.47,3682
1442275200,432.42,440.53,432.42,440.53,3539
1442361600,440.53,443.23,433.77,434.04,2656
1442448000,433.77,433.77,429.72,431.07,2229
1442880000,422.96,423.23,414.85,417.56,8459
1442966400,425.39,425.39,422.69,424.31,3646
1443052800,422.96,425.66,420.26,422.96,3578
1443398400,417.56,419.72,398.64,414.58,6291
1443484800,412.15,422.42,412.15,419.72,941
1443571200,422.69,428.37,422.69,425.66,3312
1443657600,427.02,441.88,425.93,427.02,6184
1443916800,422.96,429.72,422.96,428.37,6174
1444003200,422.96,427.02,420.26,422.96,2989
1444089600,422.96,423.23,418.37,419.45,7809
1444176000,413.77,417.83,412.15,417.29,6190
1444262400,415.12,422.96,413.5,422.96,1900
1444521600,422.96,422.96,409.45,410.53,3199
1444780800,404.58,404.58,398.64,398.64,3826
1444867200,391.88,395.94,385.13,395.94,2171
1445126400,395.67,395.94,381.07,382.42,1369
1445212800,381.07,382.42,378.1,378.37,4551
1445731200,372.96,379.72,371.34,379.72,2778
1445904000,379.72,379.72,363.5,363.5,2945
1445990400,358.1,368.37,342.69,368.37,4408
1446076800,367.56,372.96,360.8,369.45,3633
1446336000,363.77,366.21,360.8,364.86,1834
1446422400,364.86,371.61,363.77,363.77,2504
1446508800,360.26,368.91,360.26,367.56,2463
1446595200,367.56,379.72,366.21,378.91,5045
1446681600,377.02,379.72,375.67,377.29,2378
1446940800,371.61,372.15,370.26,370.26,2564
1447027200,377.02,382.42,377.02,382.42,1941
1447113600,375.4,382.42,375.4,382.42,1646
1447545600,381.07,389.18,375.67,383.5,1527
1447632000,378.37,378.37,374.31,374.31,1036
1447804800,379.72,385.13,377.02,379.45,3688
1447891200,377.02,385.67,374.86,385.67,1179
1448150400,379.72,379.72,363.5,368.91,3362
1448236800,363.5,369.18,352.69,369.18,3839
1448323200,368.91,369.45,364.32,368.91,5684
1448409600,368.91,369.72,363.5,364.05,9201
1448496000,360.8,360.8,355.4,359.45,13116
1448755200,358.1,358.1,343.24,347.56,8120
1448841600,354.05,359.45,347.29,351.34,3730
1448928000,351.34,366.21,355.4,366.21,2427
1449014400,371.61,371.61,350.26,357.02,6739
1449100800,357.02,370.26,357.02,369.72,6105
1449187200,375.67,389.72,371.61,387.83,5641
1449446400,393.23,398.64,389.45,395.4,8794
1449532800,388.1,398.64,385.67,396.75,8751
1449619200,404.31,404.31,393.23,395.4,2778
1449705600,395.94,395.94,391.34,394.58,2935
1449964800,395.94,399.72,391.88,395.94,4078
1450051200,395.94,395.94,389.18,394.58,1936
1450137600,389.18,393.23,389.18,391.88,775
1450224000,390.53,390.53,386.75,387.29,2668
1450310400,387.83,387.83,384.04,385.4,8197
1450569600,385.4,422.15,392.69,422.15,2242
1450656000,422.15,462.42,429.99,430.53,33718
1450742400,429.72,429.72,421.61,422.96,6821
1450828800,422.96,428.1,415.12,418.1,6938
1450915200,417.56,421.61,415.66,420.26,4642
1451001600,420.53,421.88,415.12,415.12,2647
1451260800,415.12,416.2,413.5,413.5,1538
1451347200,413.5,418.91,412.15,414.85,3986
1451520000,420.26,421.61,414.85,420.26,6257
1451779200,420.26,427.83,420.26,423.77,11260
1451865600,423.77,425.66,422.96,422.96,7476
1451952000,422.42,422.69,418.91,418.91,1924
1452038400,422.96,424.58,421.61,421.61,3170
1452124800,422.96,424.31,421.61,422.96,4282
1452384000,422.96,433.77,424.31,432.42,12259
1452470400,432.69,436.2,431.88,436.2,14291
1452556800,437.83,440.8,436.47,438.37,13515
1452643200,438.37,442.96,439.18,439.18,8461
1452729600,439.18,441.88,439.18,440.53,9953
1452988800,438.1,447.28,438.1,444.31,9472
1453075200,445.93,455.39,444.58,447.01,28225
1453161600,446.95,452.79,438.37,450.04,7071
1453248000,453.47,454.85,452.1,453.47,14859
1453334400,453.47,458.62,454.16,456.91,8781
1453593600,456.91,456.91,454.5,455.19,6737
1453680000,455.53,456.22,452.79,454.16,4445
1453766400,454.16,456.91,453.82,454.5,3694
1453852800,454.5,455.19,451.76,451.76,696
1453939200,450.04,456.22,450.04,453.47,1611
1454198400,450.38,456.91,450.04,453.47,1533
1454284800,453.47,467.2,453.47,463.77,6243
1454371200,467.2,477.84,467.2,467.2,24770
1454457600,467.2,475.1,467.2,470.64,12253
1454544000,472.35,484.02,472.35,480.93,18962
1454803200,480.93,513.2,490.2,512.51,21177
1454889600,512.51,525.55,515.25,516.97,11807
1455148800,516.97,525.55,510.11,518.0,1700
1455408000,527.95,527.95,510.79,511.82,8552
1455494400,510.11,510.11,499.81,505.3,4761
1455580800,505.3,508.39,498.09,504.61,4816
1455667200,504.61,505.64,498.09,498.09,5278
1455753600,498.09,513.54,498.09,511.82,3879
1456012800,511.82,511.82,506.33,508.39,3172
1456099200,504.96,506.67,498.44,500.84,5372
1456185600,500.84,511.82,498.44,503.24,6064
1456272000,496.38,503.93,494.66,503.93,4516
1456358400,498.09,500.5,492.94,500.5,9129
1456617600,500.5,501.53,498.09,500.84,4149
1456704000,500.84,499.81,494.66,498.09,3946
1456790400,496.38,504.61,496.38,500.84,2879
1456876800,504.96,506.67,504.61,506.67,1231
1456963200,503.24,503.24,501.18,501.53,11534
1457222400,501.87,503.59,499.81,499.81,13839
1457568000,498.09,508.39,498.09,504.96,6800
1457827200,506.67,511.82,503.93,503.93,5477
1457913600,512.17,511.48,500.84,500.84,1308
1458000000,499.12,504.96,499.12,503.24,2784
1458086400,498.09,504.27,498.09,501.18,2011
1458172800,504.96,506.67,501.53,503.59,2839
1458432000,503.59,511.82,498.09,504.96,2401
1458518400,504.96,508.39,498.09,502.21,3491
1458691200,508.39,516.97,508.39,511.82,8872
1458777600,511.82,526.58,514.91,523.84,28457
1459036800,523.84,553.01,527.27,546.15,28741
1459123200,546.15,551.29,532.42,545.46,11304
1459209600,544.43,549.23,541.0,543.4,6805
1459296000,543.4,541.0,537.56,537.56,3636
1459382400,537.56,539.97,534.82,537.56,12952
1459641600,537.56,544.09,528.98,539.28,7179
1459728000,539.28,541.0,535.16,537.91,2893
1459814400,539.28,544.43,539.28,540.31,4459
1459900800,540.31,541.0,537.56,537.56,3141
1460246400,537.56,549.58,539.28,546.15,6344
1460332800,546.15,549.58,542.71,547.18,6677
1460419200,547.18,553.01,546.83,549.58,9402
1460592000,549.58,566.74,549.58,566.74,14305
1460851200,570.17,601.06,566.74,594.2,14184
1460937600,594.2,617.88,595.23,613.08,17424
1461024000,613.08,621.66,601.06,604.49,10645
1461110400,604.49,613.08,606.21,606.21,24556
1461196800,606.21,611.02,604.49,609.99,32655
1461456000,609.99,631.95,612.73,628.52,14400
1461542400,628.52,633.67,628.52,631.61,6540
1461628800,631.61,635.38,618.22,618.91,6095
1461715200,618.91,618.91,613.08,615.82,5245
1461801600,615.82,621.66,605.87,621.66,9067
1462147200,621.66,625.09,616.51,623.03,15781
1462233600,623.03,628.52,621.66,628.52,21565
1462320000,628.52,626.8,616.85,625.77,6766
1462406400,625.77,621.66,618.22,619.25,5059
1462665600,619.25,623.37,611.36,619.94,5333
1462752000,618.22,625.43,618.22,624.74,9069
1462838400,616.85,623.03,616.51,618.91,6842
1462924800,618.91,618.22,614.79,615.13,1582
1463011200,615.13,615.13,607.93,607.93,550
1463270400,612.05,614.79,604.49,609.64,7577
1463356800,609.64,607.93,604.49,607.24,2169
1463443200,604.49,618.22,604.49,614.79,7738
1463529600,614.79,626.8,618.22,626.8,10721
1463616000,626.8,631.95,623.37,625.09,5102
1463875200,625.09,628.52,625.09,625.43,4135
1463961600,625.43,628.52,611.36,621.66,5047
1464048000,621.66,642.25,621.66,635.04,7639
1464134400,635.04,643.97,625.09,628.52,11178
1464220800,628.52,630.24,616.51,625.09,4514
1464480000,625.09,633.67,607.58,623.37,5955
1464566400,623.37,619.94,614.79,616.51,4680
1464652800,616.51,618.22,609.64,609.99,4751
1464739200,609.99,609.64,597.63,601.06,8234
1464825600,601.06,606.21,594.54,606.21,5117
1465084800,606.21,597.63,576.01,583.9,7015
1465171200,583.9,604.49,592.48,602.78,10774
1465257600,601.06,614.1,601.06,605.87,6647
1465344000,605.87,607.93,602.78,604.49,1412
1465430400,606.21,606.21,601.06,601.75,7230
1465689600,601.06,630.24,601.06,621.66,11734
1465776000,621.66,645.68,621.66,623.37,9559
1465862400,635.04,642.25,624.4,624.4,10138
1465948800,619.94,621.66,613.08,616.51,6164
1466035200,616.51,618.91,609.64,614.79,12140
1466294400,614.79,614.79,601.06,607.93,20040
1466380800,607.93,614.79,601.06,607.93,7046
1466467200,607.93,614.79,601.06,614.79,14440
1466553600,621.66,633.33,609.64,616.51,9562
1466640000,616.51,635.04,614.79,631.95,17920
1466899200,631.95,685.15,631.95,665.93,29337
1466985600,665.93,697.17,676.57,695.45,44240
1467072000,695.45,710.9,690.3,698.88,38175
1467158400,698.88,704.03,698.88,702.66,21175
1467244800,702.66,699.91,688.59,690.3,10623
1467504000,690.3,690.3,680.0,680.0,19794
1467590400,680.0,686.18,670.05,672.8,8161
1467676800,670.05,685.15,670.05,680.69,15071
1467763200,685.15,686.87,681.72,685.84,5711
1468108800,685.5,690.3,681.03,683.44,8757
1468195200,683.44,690.64,666.28,673.83,6931
1468281600,673.83,690.3,644.65,669.36,8921
1468368000,669.36,669.71,649.8,652.55,8697
1468454400,640.53,685.84,640.53,661.13,9874
1468713600,661.13,695.45,664.56,688.59,11272
1468800000,688.59,700.6,691.67,698.88,8012
1468886400,707.46,717.76,695.45,707.12,19390
1468972800,711.58,711.58,690.3,690.3,11057
1469059200,690.3,698.88,686.87,695.45,8581
1469404800,695.45,717.76,697.17,717.76,16032
1469491200,717.76,745.56,710.9,728.06,17099
1469577600,728.06,739.73,717.76,734.23,28455
1469664000,734.23,738.35,720.16,733.21,16386
1469923200,733.21,756.2,692.02,730.8,11375
1470009600,730.8,752.08,719.48,724.97,7593
1470096000,724.97,724.62,709.18,713.98,7759
1470182400,713.98,724.62,693.73,704.03,8765
1470268800,704.03,700.6,663.53,680.0,10944
1470528000,680.0,695.45,665.25,680.0,15395
1470614400,680.0,669.71,637.79,637.79,6030
1470700800,650.14,662.5,650.14,662.5,436
1470787200,675.2,690.3,660.1,683.44,12885
1470873600,688.59,695.45,676.57,680.0,3638
1471132800,679.66,679.66,641.22,661.13,5068
1471219200,648.43,648.43,630.58,635.38,12661
1471305600,625.09,651.52,614.79,651.52,14378
1471392000,639.5,655.98,639.5,654.26,6861
1471737600,666.96,666.96,639.85,645.68,3680
1471824000,643.28,643.28,601.06,601.06,3075
1471910400,611.36,638.82,601.06,618.22,12073
1471996800,630.24,652.55,611.36,650.83,8872
1472342400,655.98,666.28,650.14,652.55,8091
1472428800,652.55,667.99,649.11,665.59,7211
1472515200,670.05,683.44,669.71,670.05,8429
1472601600,674.86,678.29,674.86,677.95,2234
1472688000,676.57,686.87,676.57,683.44,2660
1472947200,670.39,710.21,670.39,698.88,8142
1473033600,704.03,709.18,700.6,709.18,11041
1473120000,704.03,721.19,686.87,704.03,10564
1473206400,693.73,701.63,687.21,695.45,7168
1473292800,695.45,700.6,690.3,690.3,7506
1473552000,676.92,686.18,673.14,685.15,9935
1473638400,676.92,683.44,676.92,678.97,3122
1473811200,686.87,686.87,676.57,681.03,9874
1474156800,673.14,676.57,666.96,672.11,8483
1474329600,667.31,667.31,659.41,660.1,6645
1474416000,652.55,669.71,647.74,662.84,3461
1474502400,662.84,667.99,659.41,659.41,5406
1474761600,662.84,667.99,659.41,659.41,5406
1474848000,649.11,662.84,649.11,655.64,5182
1474934400,660.1,660.1,642.94,651.17,4425
1475020800,652.55,662.5,652.55,660.1,3514
1475107200,662.84,683.44,660.44,683.44,12873
1475366400,683.44,696.48,678.63,696.48,8502
1475452800,696.48,698.88,678.63,683.44,7271
1475539200,696.14,722.91,676.92,680.0,16130
1475625600,678.29,678.29,665.93,676.57,7147
1475712000,688.59,688.59,675.54,681.72,13260
1476576000,671.42,681.72,671.42,681.38,3530
1476662400,681.72,681.72,663.87,663.87,9293
1476748800,669.71,669.71,661.13,663.19,1940
1476835200,659.41,667.99,659.41,664.56,2861
1476921600,664.56,669.36,660.78,665.93,5892
1477180800,664.56,666.28,658.72,658.72,4805
1477267200,659.41,658.72,640.53,654.26,5605
1477353600,650.83,650.83,628.52,628.52,6585
1477440000,631.95,633.67,616.51,630.24,5053
1477526400,621.66,633.67,621.66,631.95,3041
1478131200,621.66,633.33,621.66,627.15,1992
1478476800,626.8,626.8,610.67,611.7,2780
1478563200,611.36,611.36,601.06,604.15,6685
1478649600,594.54,601.75,572.57,597.63,4740
1478736000,601.06,607.93,590.77,599.0,5180
1478995200,592.48,597.63,592.48,597.63,9059
1479081600,597.63,597.63,588.71,590.77,4789
1479168000,594.2,594.2,586.65,589.05,3340
1479254400,586.3,589.05,580.47,587.33,17686
1479340800,583.9,583.9,563.31,565.02,10512
1479600000,557.47,557.47,525.55,529.67,12340
1479686400,530.7,539.28,518.69,534.13,14519
1479772800,525.55,538.59,525.55,531.73,9731
1479859200,531.73,531.73,513.2,514.91,10230
1479945600,515.25,527.27,504.96,513.54,13308
1480204800,515.25,515.25,497.75,500.5,11795
1480291200,491.23,517.31,475.78,513.54,10612
1480377600,512.17,556.44,498.09,551.64,26370
1480464000,562.28,599.35,562.28,599.35,20896
1480550400,588.02,606.21,582.87,589.74,11945
1480809600,583.9,583.9,563.31,568.46,10623
1480896000,568.46,573.6,547.86,547.86,16070
1480982400,547.86,553.01,535.85,549.92,6234
1481068800,549.58,553.01,546.15,549.58,3324
1481155200,553.01,554.73,544.43,549.58,2973
1481414400,545.8,547.86,537.22,539.28,4128
1481500800,539.28,539.28,522.12,528.98,6883
1481673600,532.42,534.13,516.63,524.18,4715
1481760000,532.07,533.45,524.18,524.18,7494
1482019200,522.12,532.07,516.97,532.07,7529
1482105600,523.84,532.42,522.12,523.84,12742
1482192000,523.84,528.98,518.69,518.69,2097
1482278400,515.25,518.69,501.53,511.48,6675
1482364800,518.69,518.69,508.73,511.82,10068
1482710400,504.96,508.39,498.09,498.09,5378
1482796800,491.92,493.97,475.1,493.97,6894
1482883200,491.23,492.6,483.33,484.36,4767
1482969600,493.63,504.96,491.92,501.53,4835
1483228800,508.39,523.84,508.39,517.31,2371
1483315200,527.27,532.07,517.31,523.84,5186
1483401600,517.66,519.72,503.24,504.96,6604
1483488000,498.09,501.87,493.63,498.09,8605
1483574400,498.09,507.7,498.09,506.67,4516
1483833600,501.53,501.53,496.72,498.09,3164
1483920000,507.7,507.7,498.09,501.53,2087
1484006400,503.24,505.99,501.53,505.99,4500
1484092800,506.33,506.67,498.09,503.24,3231
1484179200,511.48,511.48,503.24,504.27,1329
1484438400,503.59,503.59,498.09,503.24,4407
1484524800,499.81,501.53,498.09,501.53,1359
1484611200,501.53,508.39,501.53,503.59,1364
1484697600,501.53,506.67,501.53,505.3,1128
1484784000,508.39,520.75,508.39,520.75,11349
1485043200,530.7,553.01,530.7,544.43,12004
1485129600,544.43,549.58,535.85,539.28,6881
1485216000,535.85,535.85,525.55,526.92,10321
1485302400,522.81,522.81,510.11,513.54,5305
1485388800,508.39,511.82,485.74,506.67,5966
1485734400,508.39,508.39,480.25,480.93,10746
1485820800,480.93,498.09,472.35,487.8,7661
1485907200,494.66,516.97,494.66,516.97,7631
1485993600,526.92,537.56,509.42,509.42,28356
1486252800,509.63,500.84,485.46,489.86,5457
1486339200,496.45,496.45,485.46,489.86,1935
1486425600,490.73,493.37,487.66,487.66,6084
1486512000,496.45,505.23,479.75,483.27,5560
1486598400,478.87,483.27,459.1,465.69,3594
1486857600,459.1,459.1,444.17,448.12,9783
1486944000,452.51,467.89,427.03,467.89,11808
1487030400,459.54,459.54,448.56,456.03,9717
1487116800,456.91,463.5,454.71,463.06,8055
1487203200,471.84,482.83,461.3,481.07,6546
1487462400,478.87,483.27,470.09,479.31,8779
1487548800,487.66,488.1,469.65,469.65,8895
1487635200,478.43,487.66,465.69,480.63,7011
1487721600,472.28,478.43,456.91,475.8,3290
1487808000,478.43,479.31,462.62,462.62,3206
1488067200,465.69,467.89,456.91,463.5,3686
1488240000,456.91,465.25,456.03,456.91,3096
1488326400,461.3,465.25,461.3,461.3,1950
1488412800,461.3,469.65,461.3,469.65,1059
1488672000,474.48,479.75,472.28,476.68,1573
1488758400,476.68,483.27,476.68,481.07,3194
1488844800,476.68,482.39,473.16,481.07,2176
1489017600,478.87,483.27,478.87,479.75,4562
1489363200,483.27,488.54,479.31,488.54,1442
1489449600,485.46,487.66,481.51,481.51,560
1489536000,481.07,487.66,479.75,487.66,680
1489622400,478.87,488.1,478.87,488.1,534
1489881600,488.1,492.05,485.46,492.05,2646
1489968000,500.84,500.84,494.69,498.64,2583
1490054400,496.89,546.53,496.89,544.77,5241
1490140800,555.32,597.49,555.32,586.51,20884
1490227200,593.1,599.69,574.65,588.71,11279
1490486400,597.49,623.85,597.49,617.26,7100
1490659200,617.26,665.59,629.12,648.02,5631
1490745600,648.02,659.0,614.19,626.49,11145
1490832000,626.49,628.25,610.67,623.85,4331
1491091200,635.71,645.82,626.05,645.82,4010
1491177600,650.21,676.57,623.85,632.64,13581
1491264000,632.64,637.03,626.05,630.44,7708
1491436800,630.44,628.25,619.46,623.85,2526
1491696000,632.64,643.62,621.66,643.62,5781
1491782400,632.64,640.99,624.73,639.23,2855
1491868800,643.62,663.39,643.62,662.95,16011
1491955200,675.69,676.57,656.8,656.8,11039
1492041600,644.06,667.79,633.08,654.61,7202
1492300800,643.62,650.21,634.4,634.84,5914
1492473600,623.85,628.25,610.67,615.07,6560
1492560000,615.07,647.14,610.23,640.11,5444
1492646400,652.41,664.71,635.28,645.82,10047
1492905600,658.12,674.38,650.21,654.61,10995
1492992000,656.8,663.39,650.21,650.21,4176
1493078400,639.23,667.79,639.23,664.71,18710
1493164800,661.2,671.3,644.5,660.76,6795
1493251200,665.59,665.59,642.3,654.61,7893
1493510400,644.5,650.21,633.08,648.02,4648
1493683200,650.21,668.22,650.21,661.2,23629
1493769600,673.94,680.97,657.24,659.0,24286
1493856000,666.91,666.91,654.61,654.61,32852
1494115200,656.8,659.0,630.88,632.64,43900
1494201600,632.64,641.43,628.25,632.64,60255
1494288000,632.9,669.19,642.74,651.35,17148
1494460800,658.74,664.27,648.89,653.2,10588
1494806400,652.58,678.42,651.97,655.04,5328
1494892800,655.66,658.12,650.12,651.97,5118
1494979200,662.43,662.43,645.82,645.82,5775
1495065600,645.82,648.89,632.9,636.59,4272
1495324800,633.52,633.52,618.14,619.37,5302
1495411200,621.22,621.22,596.61,600.92,5004
1495497600,602.76,639.67,602.76,618.76,10601
1495584000,618.76,627.37,603.38,621.22,5572
1495929600,615.07,621.22,609.53,611.99,8098
1496102400,615.07,615.07,605.84,608.92,16949
1496188800,605.84,608.92,600.3,608.3,8952
1496275200,608.3,615.07,608.3,612.61,5211
1496534400,613.22,613.22,596.61,600.3,7730
1496620800,599.69,607.07,597.84,605.22,8620
1496707200,616.91,616.91,596.61,610.15,7868
1496793600,618.14,627.98,608.92,608.92,9880
1496880000,609.53,612.61,600.3,608.92,3751
1497139200,605.84,605.84,594.15,596.61,12759
1497225600,593.54,605.22,590.46,601.53,4633
1497312000,605.84,605.84,593.54,593.54,6588
1497398400,597.23,597.23,591.69,594.15,3510
1497484800,602.76,602.76,590.46,596.0,6806
1497744000,596.0,597.84,588.62,591.69,7908
1497830400,591.69,591.69,570.78,570.78,6978
1497916800,573.24,574.47,562.79,571.4,9329
1498003200,572.01,576.93,568.32,572.01,4037
1498089600,572.01,573.86,568.94,568.94,7637
1498348800,578.16,578.16,570.17,573.24,11558
1498521600,574.47,578.16,570.17,572.01,6916
1498608000,572.01,575.09,568.94,570.78,3055
1498953600,560.32,564.63,558.48,558.48,3502
1499040000,569.55,572.01,560.94,566.48,1147
1499126400,566.48,569.55,560.32,562.79,3304
1499212800,564.63,564.63,556.63,562.17,6555
1499299200,568.94,568.94,562.79,568.32,5027
1499558400,568.32,581.24,559.71,559.71,9037
1499644800,560.94,570.78,560.94,568.32,4317
1499731200,569.55,570.78,565.25,565.86,6035
1499817600,575.09,575.09,565.86,565.86,2885
1499904000,568.94,574.47,566.48,568.94,3508
1500163200,568.94,568.94,562.79,568.32,9987
1500249600,572.01,578.78,567.09,578.16,5888
1500336000,578.16,593.54,578.16,581.85,5464
1500422400,581.24,587.39,578.16,583.7,4996
1500508800,578.16,586.16,578.16,584.31,6889
1500768000,584.93,584.31,575.7,583.08,10654
1500854400,572.01,583.7,572.01,578.16,6695
1500940800,578.16,582.47,576.93,580.01,4268
1501027200,578.16,578.16,570.17,572.01,1412
1501113600,572.01,572.01,560.94,571.4,6927
1501372800,565.86,575.09,562.17,562.79,4944
1501459200,570.17,580.01,568.32,575.7,7506
1501545600,578.16,584.31,565.86,572.01,4008
1501632000,564.63,578.16,564.63,573.24,3269
1501718400,572.01,584.31,575.09,578.16,6365
1501977600,581.24,592.31,578.78,580.01,7644
1502064000,581.24,581.24,576.32,577.55,1901
1502236800,579.39,580.01,572.01,575.09,3027
1502323200,580.01,580.01,568.94,570.78,5714
1502582400,568.94,568.94,565.25,565.86,2422
1502755200,576.93,576.93,553.56,559.71,7987
1502841600,559.71,565.86,554.17,562.17,7244
1502928000,559.71,564.63,559.71,562.79,5595
1503187200,562.79,562.79,553.56,559.09,5742
1503273600,559.71,559.71,553.56,557.86,6817
1503360000,553.56,557.86,551.1,556.02,11446
1503446400,556.02,556.63,550.48,551.71,6688
1503532800,551.71,553.56,550.48,550.48,6710
1503792000,550.48,556.63,550.48,550.48,7432
1503878400,559.71,559.71,541.26,546.18,11180
1504051200,546.18,543.1,535.11,537.57,7250
1504137600,537.57,538.18,532.03,532.03,15627
1504483200,528.96,531.42,517.89,520.35,9138
1504656000,522.81,526.5,517.89,520.35,8696
1504742400,525.88,525.88,514.81,517.27,8351
1505001600,512.96,512.96,496.97,498.2,15664
1505088000,498.2,501.28,489.59,495.74,12685
1505174400,495.13,495.13,485.9,490.82,11237
1505260800,482.83,491.44,470.53,479.14,9664
1505347200,482.21,492.05,476.68,489.59,6414
1505606400,498.82,507.43,496.36,502.51,7552
1505692800,509.89,530.19,505.58,517.27,7521
1505865600,517.27,522.81,515.43,519.73,5765
1506211200,519.73,519.73,513.58,517.27,2546
1506297600,519.73,519.73,514.19,516.66,2990
1506384000,522.81,525.27,520.96,525.27,2505
1506988800,516.66,522.81,516.66,522.81,195
1507075200,522.81,524.04,512.96,516.66,1401
1507420800,510.5,510.5,485.9,495.74,6919
1507507200,498.2,498.2,491.44,495.13,5741
1507593600,492.05,498.2,489.59,495.74,6216
1507680000,492.05,501.89,492.05,495.74,4328
1507766400,501.28,501.28,492.05,493.28,6465
1508025600,492.05,497.59,492.05,492.05,4322
1508112000,492.05,510.5,492.05,503.74,13433
1508198400,510.5,516.66,501.89,510.5,7141
1508284800,507.43,509.27,502.51,505.58,4403
1508630400,513.58,513.58,501.28,501.28,2880
1508716800,501.28,504.35,500.05,504.35,3519
1508803200,504.35,503.12,499.43,501.28,2011
1508889600,498.2,500.66,496.36,498.2,14991
1509235200,488.36,492.05,482.83,492.05,7009
1509321600,492.05,492.05,486.52,490.21,5269
1509408000,489.59,492.05,487.13,491.44,3487
1509494400,486.52,486.52,479.75,480.37,4295
1509580800,479.75,479.75,473.6,476.68,5501
1509840000,476.68,479.14,468.68,471.14,6160
1509926400,471.14,479.14,467.45,473.6,7515
1510012800,473.6,476.68,467.45,467.45,7496
1510099200,466.83,466.83,455.15,460.68,13146
1510185600,455.15,460.07,449.0,455.15,7909
1510444800,455.15,459.45,455.15,458.22,2717
1510531200,462.53,467.45,455.76,458.22,5324
1510617600,464.37,472.37,461.3,467.45,5559
1510704000,476.68,476.68,454.53,458.22,14132
1510790400,456.99,459.45,454.53,455.15,9428
1511049600,455.15,455.76,443.46,449.0,7396
1511136000,445.92,449.61,444.69,449.61,4597
1511222400,449.61,456.99,446.54,452.07,2180
1511308800,452.07,456.38,452.07,453.92,2217
1511395200,453.92,463.76,450.23,458.22,3878
1511654400,458.22,466.83,460.68,461.3,2352
1511740800,461.3,463.14,458.22,461.3,6728
1511827200,461.91,466.22,461.91,464.99,1401
1511913600,464.99,469.3,460.68,461.3,11857
1512000000,462.53,463.14,456.99,459.45,7450
1512345600,461.3,461.3,449.0,452.69,13833
1512432000,449.0,455.15,449.0,452.69,10016
1512518400,460.68,464.37,458.84,458.84,6571
1512864000,467.45,476.68,458.22,463.14,9441
1512950400,463.76,464.37,452.07,453.92,8931
1513036800,452.69,456.38,447.77,449.0,18243
1513123200,449.0,458.22,443.46,456.38,8777
1513209600,456.38,459.45,454.53,456.99,11288
1513468800,457.89,455.05,440.14,445.11,6792
1513555200,443.69,444.4,440.14,440.14,6137
1513641600,436.59,440.14,433.04,436.59,6738
1513728000,429.49,436.59,429.49,433.04,4289
1513814400,433.04,433.04,430.2,432.33,4407
1514073600,432.33,437.3,429.49,430.2,6506
1514246400,433.04,433.04,425.24,425.95,9074
1514332800,424.53,424.53,416.72,419.56,11371
1514419200,420.27,422.4,416.72,418.85,9409
1514678400,418.85,423.82,415.3,416.72,2746
1514764800,422.4,435.17,419.56,435.17,9663
1514851200,435.17,440.14,430.2,433.04,12351
1514937600,433.75,433.75,422.4,425.95,8889
1515024000,426.66,434.46,423.82,425.24,6853
1515283200,426.66,428.08,424.53,425.24,6993
1515369600,425.95,429.49,425.95,427.37,12622
1515456000,427.37,429.49,425.95,425.95,8914
1515542400,431.62,431.62,422.4,425.24,12713
1515888000,417.43,425.95,417.43,423.11,5927
1516060800,422.4,423.82,420.27,421.69,4659
1516147200,421.69,423.11,418.14,420.27,3443
1516492800,425.24,425.24,418.85,420.27,4218
1516579200,420.98,425.24,418.85,421.69,1462
1516665600,418.85,419.56,417.43,418.14,3915
1516752000,410.33,418.85,410.33,416.72,3331
1516838400,418.85,421.69,417.43,420.27,2139
1517097600,422.4,425.95,420.98,422.4,6477
1517184000,423.11,423.82,418.85,422.4,5011
1517356800,423.82,425.95,421.69,421.69,4522
1517443200,425.95,425.95,420.98,421.69,6823
1517702400,422.4,425.95,420.27,422.4,4455
1517788800,423.82,425.24,419.56,419.56,7677
1517875200,420.98,420.98,415.3,419.56,2890
1517961600,423.82,423.82,416.01,418.14,4143
1518048000,416.01,418.85,416.01,418.85,4368
1518307200,418.85,422.4,414.59,420.98,5252
1518393600,420.27,420.27,416.01,416.72,3354
1518566400,422.4,420.27,414.59,418.85,1745
1518652800,418.85,428.08,418.85,425.95,17368
1518912000,425.95,433.04,421.69,421.69,10335
1519084800,416.01,423.82,416.01,419.56,932
1519171200,416.01,420.98,416.01,416.72,3425
1519257600,415.3,418.85,415.3,417.43,2644
1519516800,417.43,417.43,404.65,407.49,6660
1519603200,405.36,405.36,401.81,404.65,5312
1519689600,407.49,407.49,401.1,404.65,3605
1519776000,404.65,404.65,399.68,401.1,4724
1520121600,394.0,394.0,379.8,389.03,5199
1520208000,389.03,396.13,389.03,392.58,3838
1520294400,385.48,397.55,385.48,395.42,8155
1520380800,403.23,405.36,398.97,403.94,2913
1520726400,403.94,404.65,394.0,394.0,3105
1520812800,394.0,401.81,389.74,389.74,9156
1520899200,396.84,396.84,389.74,394.0,4984
1520985600,396.13,398.97,394.0,398.97,2480
1521072000,399.68,399.68,396.84,398.97,990
1521331200,392.58,400.39,392.58,393.29,1374
1521417600,393.29,396.84,391.87,396.13,1801
1521504000,391.16,391.16,381.93,390.45,1806
1521590400,384.06,384.06,374.83,376.25,4008
1521676800,376.25,386.9,369.15,386.9,11413
1522022400,379.8,379.8,365.6,369.86,6781
1522108800,362.05,376.25,351.4,376.25,6144
1522195200,376.96,390.45,372.7,383.35,4190
1522281600,386.9,386.9,379.8,384.06,4411
1522540800,377.67,379.8,370.57,379.09,3279
1522627200,376.96,376.96,371.99,371.99,2933
1522713600,371.99,371.99,366.31,369.86,8921
1522800000,370.57,373.41,369.15,369.86,16799
1522886400,376.25,376.96,372.7,374.12,24821
1523145600,380.51,389.74,376.25,388.32,16540
1523232000,395.42,397.55,386.19,391.87,19602
1523318400,391.16,399.68,387.61,388.32,8153
1523404800,383.35,389.74,383.35,389.74,2343
1523491200,388.32,394.0,385.48,390.45,8075
1523750400,390.45,390.45,386.9,389.74,3558
1523836800,394.0,397.55,390.45,394.71,2938
1523923200,394.71,400.39,394.71,399.68,5143
1524009600,403.23,422.4,398.26,408.2,6019
1524096000,413.88,423.11,408.2,416.72,9519
1524355200,415.3,436.59,423.11,436.59,9916
1524441600,442.27,450.08,428.08,442.27,16081
1524528000,436.59,436.59,423.82,425.24,7520
1524614400,422.4,433.04,414.59,420.98,3354
1524700800,428.08,429.49,401.1,401.1,8532
1524960000,397.55,408.2,397.55,406.07,3428
1525219200,403.23,408.2,397.55,408.2,2691
1525305600,412.46,414.59,403.94,403.94,5253
1525564800,397.55,401.1,394.71,396.84,3731
1525651200,396.84,405.36,393.29,398.26,3272
1525737600,395.42,399.68,395.42,399.68,5829
1525824000,399.68,404.65,397.55,397.55,2979
1525910400,397.55,398.97,389.74,397.55,3337
1526256000,397.55,397.55,390.45,392.58,4139
1526342400,390.45,392.58,386.9,390.45,1322
1526428800,398.26,398.26,384.06,390.45,2475
1526515200,390.45,398.26,389.03,389.03,1811
1526774400,395.42,395.42,385.48,387.61,1349
1526860800,387.61,387.61,376.96,382.64,3809
1526947200,376.25,383.35,376.25,378.38,7107
1527033600,380.51,384.06,379.09,379.09,2506
1527120000,379.09,379.09,374.83,376.96,6110
1527379200,373.41,374.83,367.02,370.57,10634
1527465600,369.15,381.93,365.6,378.38,12777
1527552000,383.35,383.35,372.7,376.25,7640
1527638400,376.25,383.35,376.25,377.67,5180
1527724800,376.25,376.25,372.7,372.7,1320
1527984000,369.15,375.54,362.76,364.18,6585
1528070400,362.05,365.6,357.08,364.18,3852
1528243200,372.7,372.7,358.5,364.18,5920
1528329600,372.7,372.7,358.5,364.18,5920
1528588800,357.08,358.5,352.11,355.66,7146
1528675200,357.79,362.05,352.11,358.5,10916
1528761600,354.95,362.05,354.95,355.66,3331
1528848000,359.21,361.34,356.37,361.34,3128
1528934400,362.76,367.02,362.05,365.6,1741
1529193600,365.6,365.6,354.95,356.37,6523
1529280000,354.95,358.5,351.4,357.79,1256
1529366400,356.37,357.79,354.24,354.95,2623
1529452800,354.95,356.37,354.95,355.66,2099
1529539200,354.95,360.63,353.53,357.08,2481
1529798400,358.5,360.63,354.95,354.95,3080
1529884800,352.11,354.95,352.11,354.95,13038
1529971200,355.66,356.37,353.53,353.53,9219
1530057600,352.82,354.95,349.99,352.11,2875
1530144000,354.95,354.95,352.11,352.82,4954
1530403200,352.82,354.24,347.86,352.82,10468
1530489600,354.95,358.5,354.95,356.37,1337
1530576000,351.4,351.4,345.73,347.86,2266
1530662400,344.31,351.4,341.47,349.99,6466
1530748800,351.4,359.92,347.86,359.21,4818
1531008000,359.92,370.57,358.5,364.89,3283
1531094400,360.63,360.63,352.82,355.66,1983
1531180800,356.37,357.79,354.95,355.66,2073
1531267200,355.66,357.08,354.95,357.08,1275
1531353600,354.95,362.05,347.86,352.11,6053
1531612800,355.66,356.37,351.4,354.24,1109
1531699200,354.24,354.24,353.53,354.24,712
1531785600,347.86,354.95,347.86,350.69,2146
1531872000,352.11,357.08,352.11,354.95,699
1531958400,352.82,355.66,351.4,354.95,2531
1532217600,352.82,356.37,351.4,352.11,668
1532304000,358.5,358.5,351.4,352.11,1610
1532390400,357.08,359.92,356.37,358.5,5989
1532476800,357.08,358.5,355.66,356.37,1239
1532563200,352.11,357.79,352.11,354.95,4251
1532822400,354.95,358.5,354.95,357.79,2182
1532908800,357.79,359.21,354.95,357.79,6875
1532995200,357.79,358.5,356.37,356.37,3497
1533081600,358.5,358.5,356.37,358.5,3124
1533168000,354.95,358.5,354.95,356.37,1337
1533427200,354.95,357.79,352.82,357.08,1980
1533513600,357.79,358.5,355.66,358.5,4282
1533600000,365.6,365.6,351.4,353.53,3583
1533686400,354.95,358.5,353.53,354.95,1625
1533772800,354.95,354.95,351.4,352.11,3166
1534032000,352.11,352.11,347.86,349.99,1318
1534118400,351.4,353.53,351.4,352.11,4599
1534204800,352.82,354.95,352.11,354.24,3259
1534291200,354.24,360.63,352.82,357.79,3945
1534377600,363.47,363.47,358.5,358.5,1571
1534636800,357.08,362.05,354.95,361.34,4584
1534723200,358.5,358.5,351.4,354.95,3444
1534809600,351.4,354.24,350.69,351.4,5245
1534896000,351.4,351.4,351.4,351.4,3281
1534982400,350.69,352.11,350.69,351.4,6645
1535241600,351.4,352.82,350.69,352.82,959
1535414400,354.95,354.95,349.28,351.4,1935
1535500800,347.86,354.95,347.86,352.82,4269
1535587200,351.4,352.11,347.15,349.99,2756
1535846400,351.4,356.37,349.28,351.4,5513
1535932800,354.95,356.37,353.53,353.53,3296
1536019200,355.66,356.37,351.4,353.53,6779
1536105600,351.4,363.47,351.4,362.05,10859
1536192000,365.6,366.31,354.95,354.95,9443
1536451200,358.5,358.5,354.24,354.95,4317
1536537600,352.11,354.24,351.4,352.11,6427
1536624000,354.95,354.95,352.11,353.53,8302
1536710400,352.11,355.66,351.4,355.66,9703
1536796800,356.37,356.37,352.82,356.37,11759
1537056000,359.21,367.73,358.5,362.05,13288
1537142400,360.63,362.05,358.5,359.21,8967
1537228800,355.66,362.05,352.11,359.92,4763
1537401600,358.5,359.21,354.95,355.66,4445
1537660800,353.53,357.08,352.82,354.95,7403
1537833600,358.5,363.47,358.5,362.05,7997
1537920000,361.34,364.89,358.5,359.92,4135
1538006400,359.92,359.92,354.95,355.66,9225
1538265600,355.66,360.63,353.53,353.53,2981
1538352000,353.53,353.53,347.86,347.86,9199
1538438400,354.24,354.24,347.15,348.57,13099
1538524800,348.57,349.99,347.15,348.57,9153
1538611200,354.95,354.95,344.31,347.86,2982
1538870400,347.86,347.86,345.02,347.86,4036
1538956800,351.4,351.4,344.31,345.02,5671
1539043200,345.02,345.73,344.31,344.31,1477
1539129600,344.31,345.02,343.6,344.31,2277
1539216000,344.31,346.44,342.18,345.73,1591
1539475200,345.73,347.86,344.31,347.86,923
1539561600,348.57,353.53,347.86,349.28,2554
1540080000,349.28,351.4,346.44,347.86,1995
1540166400,347.86,351.4,345.73,345.73,5386
1540252800,345.73,347.15,342.89,344.31,8729
1540339200,344.31,350.69,344.31,350.69,3201
1540425600,350.69,352.82,346.44,352.82,3401
1540684800,352.82,352.82,345.02,345.02,1558
1540771200,340.76,345.02,338.63,343.6,2671
1540857600,340.76,343.6,340.05,342.18,2885
1540944000,342.89,346.44,342.18,343.6,957
1541030400,342.89,348.57,337.21,343.6,6782
1541289600,340.76,340.76,337.21,339.34,2139
1541376000,337.92,342.18,337.21,342.18,2488
1542153600,339.34,339.34,335.08,335.08,3620
1542240000,335.08,336.5,330.11,333.66,6291
1542499200,333.66,333.66,317.33,321.59,3573
1542585600,323.01,324.43,313.07,318.04,4863
1542672000,318.04,319.46,314.49,314.49,1229
1542758400,314.49,315.2,309.52,310.94,5750
1542844800,312.36,315.91,312.36,312.36,4852
1543104000,312.36,312.36,301.71,301.71,4338
1543190400,301.71,305.26,297.45,297.45,15838
1543276800,297.45,303.84,297.45,297.45,13614
1543363200,297.45,298.16,294.61,296.03,8242
1543449600,295.36,296.03,289.64,292.48,2978
1543708800,292.48,292.48,283.96,284.67,12782
1543795200,284.67,288.93,282.54,282.54,10228
1543881600,282.54,282.54,276.15,276.86,23526
1544054400,276.15,280.41,269.77,279.7,17391
1544313600,279.7,282.54,275.44,279.7,15696
1544400000,279.7,288.22,277.57,285.38,16918
1544486400,285.38,288.93,281.12,282.54,7855
1544572800,282.54,287.51,276.86,281.12,6952
1544659200,281.12,288.93,281.12,286.8,4585
1544918400,286.8,294.61,286.8,289.64,8865
1545004800,289.64,291.06,286.8,287.51,8512
1545091200,287.51,289.64,285.38,286.8,1818
1545177600,286.8,291.06,285.38,286.09,2405
1545264000,286.09,286.8,284.67,285.38,8221
1545523200,285.38,296.74,285.38,295.32,10210
1545609600,295.32,295.32,290.35,292.48,4814
1545696000,292.48,292.48,289.64,291.06,2653
1545782400,291.06,304.55,291.06,304.55,7006
1545868800,304.55,310.23,303.13,303.13,14119
1546128000,303.13,308.1,298.87,301.71,1830
1546214400,301.71,301.71,298.16,298.16,5340
1546300800,298.16,305.97,298.16,301.0,15649
1546387200,301.0,301.0,293.69,293.69,4830
1546473600,293.69,296.67,291.45,291.45,2976
1546732800,291.45,291.45,285.49,289.96,3991
1546819200,289.96,294.43,289.96,292.2,1158
1546905600,292.2,295.18,290.71,290.71,4006
1546992000,290.71,295.18,290.71,292.2,1480
1547078400,292.2,294.43,288.47,288.47,7339
1547337600,288.47,291.45,288.47,289.22,1345
1547424000,289.22,292.2,289.22,289.96,993
1547510400,289.96,295.93,289.96,292.2,1736
1547596800,292.2,292.2,286.98,286.98,1821
1547683200,286.98,292.2,286.98,290.71,1178
1547942400,290.71,290.71,287.73,288.47,450
1548028800,288.47,297.42,288.47,297.42,6478
1548115200,297.42,298.16,292.2,298.16,5471
1548201600,298.16,298.16,294.43,297.42,2550
1548288000,297.42,297.42,289.96,292.2,3199
1548547200,292.2,292.2,283.25,285.49,7692
1548633600,285.49,289.96,283.25,283.25,3484
1548720000,283.25,286.98,283.25,284.74,5340
1548806400,284.74,284.74,283.25,283.25,6132
1548892800,283.25,284.74,281.76,284.0,3031
1549152000,284.0,285.49,282.51,282.51,3047
1549238400,281.02,282.51,280.27,281.02,5795
1549324800,283.25,285.49,281.02,284.0,2876
1549411200,284.74,285.49,282.51,282.51,2924
1549497600,283.25,287.73,282.51,284.0,979
1549756800,283.25,284.0,281.76,283.25,1543
1549843200,285.49,285.49,280.27,281.02,2389
1549929600,282.51,284.0,281.02,284.0,2125
1550016000,283.25,284.0,281.02,281.76,2801
1550102400,283.25,283.25,281.02,281.02,290
1550361600,278.04,281.02,276.54,279.53,2213
1550448000,277.29,279.53,275.8,276.54,3343
1550534400,279.53,284.0,276.54,282.51,3946
1550620800,280.27,284.74,280.27,283.25,2016
1550707200,283.25,283.25,278.78,280.27,2358
1550966400,280.27,283.25,279.53,279.53,2048
1551052800,284.74,284.74,277.29,279.53,3899
1551139200,279.53,279.53,275.8,277.29,7230
1551225600,279.53,279.53,275.8,279.53,4594
1551571200,277.29,280.27,275.8,275.8,4208
1551744000,273.56,276.54,272.82,276.54,4892
1551830400,276.54,278.04,276.54,278.04,5521
1551916800,279.53,284.74,278.04,284.74,6781
1552089600,286.98,286.98,280.27,283.25,2465
1552176000,286.98,286.98,280.27,283.25,2465
1552262400,285.49,291.45,283.25,288.47,4631
1552348800,288.47,297.42,288.47,294.43,6983
1552435200,299.65,299.65,294.43,294.43,1305
1552521600,294.43,294.43,290.71,291.45,6818
1552780800,292.2,297.42,292.2,292.2,3236
1552867200,292.2,297.42,292.2,293.69,5096
1552953600,290.71,294.43,290.71,292.2,274
1553126400,294.43,294.43,290.71,292.2,2148
1553385600,292.94,293.69,285.49,286.98,3103
1553472000,286.98,294.43,285.49,294.43,6754
1553558400,294.43,294.43,290.71,291.45,4153
1553644800,291.45,294.43,290.71,290.71,4480
1553731200,289.96,291.45,289.22,291.45,3379
1553990400,296.67,296.67,286.98,288.47,10285
1554076800,284.74,292.2,284.74,292.2,6589
1554163200,294.43,298.91,294.43,296.67,6596
1554249600,295.18,300.4,294.43,296.67,6010
1554336000,298.16,301.89,294.43,300.4,13408
1554595200,298.16,310.83,298.16,310.83,11263
1554681600,310.83,317.54,303.38,313.82,10664
1554768000,314.56,316.05,306.36,307.11,11344
1554854400,303.38,311.58,303.38,310.83,2502
1554940800,313.82,313.82,307.11,307.11,8113
1555286400,306.36,309.34,306.36,309.34,1557
1555372800,309.34,316.8,309.34,316.8,3364
1555459200,316.8,327.98,318.29,325.0,20209
1555545600,330.96,346.61,328.72,346.61,20793
1555804800,352.58,380.9,348.1,380.9,36288
1555891200,387.61,391.34,362.27,370.47,47770
1555977600,368.98,384.63,368.98,376.43,20561
1556064000,379.41,395.06,376.43,386.12,27529
1556150400,387.61,389.1,376.43,378.67,22642
1556409600,384.63,387.61,372.7,373.45,18024
1556496000,376.43,376.43,365.25,369.72,10964
1556582400,372.7,372.7,358.54,358.54,9063
1556755200,357.79,366.74,354.07,361.52,7658
1557014400,355.56,360.78,354.81,360.78,10515
1557100800,361.52,372.7,354.81,370.47,13280
1557187200,377.17,377.17,360.03,363.76,6141
1557273600,363.76,369.72,357.79,366.74,11125
1557360000,360.78,363.01,360.03,360.03,7530
1557619200,353.32,363.76,353.32,363.01,14995
1557705600,359.28,365.25,359.28,363.76,2938
1557792000,363.76,368.98,361.52,361.52,7362
1557878400,368.23,374.94,365.99,370.47,28909
1557964800,373.45,373.45,364.5,364.5,9503
1558224000,360.03,366.74,359.28,359.28,11199
1558310400,359.28,361.52,357.79,357.79,7962
1558396800,357.79,363.01,357.79,357.79,10509
1558483200,360.78,361.52,354.81,354.81,5506
1558569600,357.79,364.5,356.3,359.28,13628
1558828800,357.79,363.01,351.83,353.32,7066
1558915200,354.07,356.3,350.34,352.58,12649
1559001600,354.07,357.79,350.34,356.3,4543
1559088000,357.79,360.78,351.09,357.79,16477
1559174400,364.5,372.7,359.28,363.76,23759
1559433600,361.52,363.01,358.54,359.28,5117
1559520000,359.28,359.28,351.83,351.83,4953
1559606400,351.09,355.56,351.09,354.07,14369
1559779200,360.78,360.78,351.83,351.83,11232
1560124800,350.34,351.83,346.61,350.34,12681
1560211200,348.85,353.32,346.61,348.1,7756
1560297600,347.36,351.83,344.38,347.36,17999
1560384000,346.61,347.36,344.38,345.87,14022
1560643200,345.87,346.61,344.38,344.38,7096
1560729600,345.12,348.85,343.63,345.12,11133
1560816000,343.63,347.36,342.89,342.89,9113
1560902400,342.14,343.63,341.4,343.63,3074
1560988800,345.87,346.61,345.12,345.12,6687
1561248000,345.12,346.61,344.38,345.87,3172
1561334400,345.87,346.61,342.89,346.61,18641
1561420800,348.1,348.85,345.87,346.61,4966
1561507200,346.61,346.61,341.4,344.38,5778
1561593600,341.4,345.87,341.4,344.38,5543
1561852800,344.38,346.61,342.89,346.61,7096
1561939200,343.63,346.61,343.63,345.87,6370
1562025600,342.89,347.36,342.89,347.36,8287
1562112000,347.36,357.79,345.12,354.07,7617
1562198400,351.09,351.83,348.1,348.1,7806
1562457600,345.87,348.1,345.12,347.36,6239
1562544000,345.12,346.61,342.89,344.38,5234
1562630400,342.89,344.38,341.4,344.38,6693
1562716800,342.89,346.61,341.4,342.89,9928
1562803200,342.89,344.38,342.14,342.14,6219
1563062400,342.89,345.87,342.89,343.63,4191
1563148800,349.59,349.59,345.12,345.87,4202
1563235200,345.87,349.59,345.12,349.59,2622
1563321600,350.34,355.56,350.34,352.58,4849
1563408000,352.58,356.3,351.09,352.58,6845
1563667200,354.07,354.07,350.34,350.34,5500
1563753600,351.83,354.81,350.34,354.07,5825
1563840000,350.34,354.07,350.34,352.58,1979
1563926400,351.83,360.78,351.83,357.05,9232
1564012800,354.07,357.79,350.34,350.34,10784
1564272000,343.63,346.61,342.89,342.89,9954
1564358400,342.89,347.36,342.89,346.61,2360
1564444800,346.61,350.34,346.61,350.34,3580
1564531200,348.85,350.34,345.12,346.61,8535
1564617600,348.1,348.85,343.63,345.87,6620
1564876800,346.61,346.61,344.38,345.87,2842
1564963200,347.36,347.36,343.63,345.87,5756
1565049600,345.87,349.59,342.14,342.14,14529
1565136000,340.65,344.38,339.9,341.4,8984
1565222400,342.89,342.89,335.43,335.43,4930
1565481600,336.18,339.16,327.98,330.96,6344
1565568000,336.92,343.63,331.7,333.2,2552
1565654400,331.7,331.7,329.47,331.7,7255
1565740800,331.7,333.2,330.21,330.21,6022
1565827200,327.98,332.45,327.98,331.7,2810
1566086400,331.7,331.7,327.23,327.98,18915
1566172800,327.98,339.9,327.23,332.45,5895
1566259200,327.23,338.41,327.23,329.47,2123
1566345600,329.47,333.94,329.47,331.7,3594
1566432000,335.43,336.18,331.7,331.7,5451
1566691200,335.43,337.67,330.21,337.67,11045
1566777600,332.45,333.94,330.21,333.94,3486
1566864000,329.47,335.43,329.47,335.43,7592
1566950400,333.94,334.69,330.96,331.7,6177
1567036800,329.47,331.7,327.98,331.7,5389
1567296000,332.45,334.69,327.98,327.98,4241
1567382400,325.74,329.47,322.01,322.01,4586
1567468800,322.01,333.2,316.05,327.98,5672
1567555200,330.96,333.94,330.96,331.7,3715
1567641600,327.98,335.43,327.98,330.96,2971
1567900800,335.43,330.96,319.03,322.01,3164
1567987200,317.54,322.01,313.07,314.56,14792
1568073600,316.8,320.52,313.07,317.54,4264
1568160000,318.29,323.51,317.54,317.54,1731
1568246400,319.78,319.78,316.05,316.8,1843
1568505600,312.32,316.8,310.83,310.83,7658
1568592000,307.85,312.32,305.62,305.62,6157
1568678400,311.58,315.31,308.6,309.34,4229
1568764800,314.56,319.03,300.4,319.03,15597
1568851200,319.78,319.78,313.07,313.07,4473
1569110400,309.34,309.34,304.87,306.36,3485
1569196800,305.62,306.36,301.89,302.63,5483
1569283200,299.65,304.87,298.91,300.4,5453
1569456000,302.63,302.63,300.4,301.89,2324
1569715200,299.65,301.89,299.65,300.4,1324
1569801600,299.65,299.65,290.71,295.18,4841
1569888000,296.67,305.62,294.43,301.89,6715
1569974400,307.85,307.85,301.89,304.12,4519
1570060800,304.12,305.62,304.12,304.87,4892
1570665600,309.34,309.34,304.12,304.12,1050
1571011200,304.12,304.12,295.93,298.16,2159
1571097600,298.16,299.65,297.42,299.65,1075
1571184000,293.69,299.65,293.69,293.69,1197
1571270400,293.69,298.91,293.69,298.16,1357
1571529600,298.16,298.16,292.94,297.42,773
1571616000,298.16,301.89,298.16,300.4,394
1571702400,300.4,301.89,299.65,300.4,3580
1571788800,300.4,301.14,299.65,301.14,1771
1571875200,303.38,303.38,301.14,302.63,1446
1572480000,303.38,305.62,303.38,305.62,2924
1572739200,301.14,302.63,301.14,301.89,2651
1572825600,303.38,303.38,301.89,301.89,4034
1572912000,301.89,302.63,301.89,301.89,995
1572998400,301.89,302.63,301.89,302.63,771
1573084800,301.89,303.38,301.89,301.89,3497
1573344000,301.89,302.63,298.91,302.63,5807
1573430400,300.4,305.62,300.4,303.38,2592
1573516800,301.89,305.62,299.65,301.89,10507
1573603200,301.14,301.14,297.42,297.42,2455
1573689600,297.42,302.63,299.65,299.65,4297
1573948800,295.93,295.93,290.71,291.45,5510
1574035200,291.45,292.2,290.71,291.45,6227
1574121600,295.18,295.18,289.96,289.96,4228
1574208000,290.71,292.2,290.71,291.45,5890
1574294400,291.45,291.45,283.25,285.49,9683
1574553600,286.98,286.98,283.25,284.0,4630
1574640000,280.27,282.51,277.29,278.78,6097
1574726400,284.0,284.74,279.53,283.25,7381
1574812800,280.27,287.73,280.27,283.25,4642
1574899200,286.24,288.47,284.74,285.49,9527
1575158400,280.5,281.29,272.59,274.96,7679
1575244800,274.96,274.96,272.59,272.59,2935
1575331200,271.8,274.17,271.8,274.17,2403
1575417600,274.96,274.96,273.38,274.96,833
1575504000,274.96,278.92,273.38,273.38,3138
1575763200,274.96,278.13,274.17,274.17,1411
1575849600,274.17,284.45,274.17,278.13,4946
1575936000,282.87,282.87,280.5,280.5,842
1576022400,281.29,284.45,280.5,283.66,1549
1576108800,283.66,284.45,281.29,282.08,3039
1576368000,283.66,283.66,280.5,283.66,3414
1576454400,284.45,284.45,281.29,281.29,3004
1576540800,281.29,281.29,275.75,276.54,1349
1576627200,275.75,275.75,273.38,274.96,3594
1576713600,274.17,278.92,274.17,278.92,5170
1576972800,276.54,277.34,274.96,276.54,2386
1577059200,276.54,282.08,276.54,282.08,3818
1577145600,282.08,284.45,280.5,281.29,2818
1577232000,284.45,284.45,277.34,278.13,4174
1577318400,279.71,282.87,278.13,279.71,3328
1577577600,279.71,280.5,278.92,280.5,878
1577664000,280.5,280.5,276.54,280.5,2862
1577750400,280.5,280.5,278.13,278.13,4394
1577836800,280.5,281.29,278.13,281.29,7846
1577923200,280.5,281.29,276.54,278.92,10668
1578182400,280.5,293.14,278.92,290.77,12436
1578268800,295.51,304.99,290.77,304.99,12770
1578355200,305.78,313.68,305.78,313.68,8270
1578441600,316.05,316.05,304.99,304.99,21706
1578528000,302.62,316.05,299.46,312.1,5159
1578787200,315.26,322.37,313.68,316.84,17476
1578873600,324.74,331.06,319.21,320.0,14263
1578960000,320.0,323.16,315.26,315.26,5998
1579046400,316.05,334.22,311.31,321.58,14047
1579132800,327.9,331.85,323.95,331.06,13995
1579392000,337.38,352.4,328.69,352.4,21342
1579478400,357.93,357.93,335.8,338.97,12730
1579564800,336.59,339.76,332.64,335.8,11909
1579651200,334.22,336.59,331.85,331.85,7661
1579737600,332.64,332.64,323.95,323.95,6883
1579996800,322.37,322.37,316.05,316.05,4634
1580083200,316.05,330.27,316.05,328.69,10325
1580169600,323.16,327.11,322.37,323.95,7772
1580256000,323.95,323.95,314.47,317.63,8118
1580342400,316.84,329.48,316.84,326.32,10888
1580601600,331.85,339.76,329.48,335.8,23265
1580688000,337.38,339.76,336.59,338.18,23990
1580774400,340.55,340.55,328.69,331.85,18677
1580860800,330.27,333.43,329.48,332.64,4194
1580947200,335.8,335.8,327.11,327.11,2720
1581206400,326.32,327.9,322.37,323.16,4465
1581292800,323.16,327.9,322.37,322.37,6589
1581379200,324.74,330.27,323.95,327.11,10881
1581465600,327.11,331.85,323.95,323.95,4272
1581552000,323.95,327.11,319.21,319.21,9376
1581811200,317.63,326.32,317.63,323.95,16321
1581897600,330.27,339.76,330.27,335.01,33663
1581984000,335.01,343.71,334.22,338.97,28295
1582070400,338.97,339.76,335.01,335.01,13212
1582156800,335.01,339.76,332.64,338.97,17873
1582416000,343.71,372.15,342.92,372.15,62870
1582502400,372.15,393.48,372.94,375.31,68773
1582588800,372.15,384.79,368.2,376.89,34609
1582675200,384.0,394.27,383.21,389.53,50056
1582761600,389.53,428.25,376.89,428.25,81584
1583020800,428.25,460.64,420.35,421.93,112352
1583107200,414.82,422.72,399.81,399.81,39156
1583193600,399.81,426.67,387.95,407.71,85319
1583280000,400.6,414.82,380.05,380.05,48427
1583366400,372.94,383.21,358.72,367.41,33806
1583798400,360.3,360.3,331.06,331.06,20412
1583884800,337.38,362.67,334.22,361.88,46476
1583971200,361.88,371.36,344.5,347.66,24339
1584230400,341.34,343.71,331.06,331.06,34111
1584316800,326.32,346.08,326.32,334.22,39016
1584403200,334.22,334.22,316.05,325.53,29653
1584489600,320.0,343.71,308.94,323.16,22629
1584576000,315.26,331.85,310.52,331.85,33945
1584835200,325.53,331.85,325.53,325.53,570
1589328000,319.21,319.21,319.21,319.21,20
1593388800,312.89,312.89,296.3,300.25,6452
1593475200,294.72,320.79,294.72,320.0,2296
1593561600,326.32,338.97,323.95,338.97,5323
1593648000,343.71,343.71,306.57,306.57,6790
1593907200,308.15,318.42,304.2,316.05,29562
1593993600,312.89,323.95,312.89,322.37,12306
1594080000,322.37,337.38,316.84,324.74,11450
1594166400,325.53,325.53,318.42,323.16,20567
1594252800,316.84,324.74,312.1,321.58,15788
1594512000,321.58,326.32,319.21,323.16,17892
1594598400,327.11,327.9,320.0,327.11,16602
1594684800,325.53,331.06,323.16,330.27,12487
1594771200,326.32,349.24,326.32,343.71,22205
1594857600,350.03,355.56,346.87,348.45,16404
1595116800,354.77,367.41,354.77,367.41,60
1595203200,385.58,399.81,359.51,372.15,41242
1595289600,365.04,375.31,357.14,357.14,37329
1595376000,355.56,359.51,350.03,353.19,15876
1595462400,347.66,361.09,346.87,356.35,11033
1595721600,357.93,363.46,355.56,363.46,17270
1595808000,363.46,365.04,357.14,358.72,21109
1595894400,355.56,361.09,355.56,358.72,13670
1595980800,355.56,355.56,349.24,351.61,13494
1596067200,352.4,370.57,347.66,355.56,17138
1596326400,351.61,351.61,341.34,343.71,26316
1596412800,339.76,345.29,335.8,340.55,24753
1596585600,334.22,338.97,332.64,335.8,7114
1596672000,334.22,335.8,327.11,335.8,14567
1596931200,331.85,338.97,323.16,331.85,7378
1597017600,337.38,346.08,333.43,345.29,17015
1597104000,350.82,350.82,338.97,343.71,8017
1597190400,346.08,346.08,335.8,342.92,13216
1597276800,339.76,341.34,333.43,335.01,8557
1597536000,328.69,333.43,322.37,327.9,21864
1597622400,327.9,327.9,323.95,325.53,16896
1597708800,327.9,329.48,322.37,323.95,7423
1597795200,319.21,323.95,318.42,321.58,7040
1597881600,321.58,328.69,321.58,323.95,2547
1598140800,326.32,329.48,322.37,329.48,3637
1598227200,331.85,335.01,329.48,331.06,8293
1598313600,336.59,336.59,330.27,335.01,9118
1598400000,338.97,342.92,336.59,342.13,29643
1598486400,347.66,347.66,340.55,342.92,15769
1598745600,342.92,347.66,335.8,338.97,4498
1598832000,338.97,345.29,335.8,341.34,14674
1599004800,341.34,346.87,338.18,345.29,19318
1599091200,351.61,351.61,342.13,343.71,13974
1599350400,360.3,360.3,337.38,341.34,22466
1599436800,343.71,343.71,329.48,331.85,9212
1599523200,333.43,336.59,327.11,332.64,26985
1599609600,337.38,337.38,327.9,332.64,21133
1599696000,331.85,339.76,329.48,331.06,8702
1599955200,331.06,335.8,327.9,335.8,19719
1600041600,342.13,342.13,335.8,335.8,17970
1600128000,339.76,339.76,335.8,335.8,8377
1600214400,331.06,335.01,331.06,333.43,7917
1600300800,338.97,350.82,333.43,345.29,28753
1600560000,345.29,363.46,343.71,346.08,12399
1600646400,346.08,348.45,344.5,346.08,19495
1600732800,346.08,346.08,338.97,339.76,13602
1600819200,336.59,340.55,336.59,337.38,14852
1600905600,338.18,338.97,335.01,335.8,15571
1601164800,352.4,355.56,336.59,338.18,31241
1601251200,336.59,341.34,336.59,338.18,9458
1601337600,338.18,338.18,335.01,336.59,8372
1601424000,353.19,353.19,331.85,335.01,15510
1601510400,336.59,342.13,335.8,339.76,20032
1601769600,346.08,346.08,342.13,343.71,16607
1601856000,346.87,346.87,339.76,340.55,14803
1601942400,338.97,342.92,336.59,336.59,20350
1602028800,335.8,341.34,335.01,338.18,13839
1602115200,343.71,343.71,333.43,335.01,21978
1602374400,333.43,337.38,330.27,331.85,20792
1602460800,331.85,335.01,325.53,334.22,26589
1602547200,335.8,337.38,327.9,328.69,12292
1602633600,328.69,330.27,327.9,327.9,15362
1602720000,334.22,334.22,326.32,326.32,13949
1602979200,323.95,327.11,323.95,325.53,10474
1603065600,325.53,329.48,323.95,329.48,9432
1603152000,333.43,333.43,327.11,332.64,5978
1603238400,335.01,335.8,331.06,335.8,15661
1603324800,335.8,338.18,329.48,338.18,24045
1603843200,344.5,355.56,340.55,352.4,49367
1603929600,352.4,363.46,350.82,352.4,47151
1604188800,346.08,350.82,342.13,343.71,16671
1604275200,340.55,347.66,339.76,340.55,14941
1604361600,339.76,341.34,338.18,339.76,11213
1604448000,339.76,341.34,338.18,340.55,6214
1604534400,340.55,340.55,335.01,336.59,17071
1604793600,335.8,337.38,333.43,333.43,28364
1604880000,328.69,332.64,328.69,331.85,16991
1604966400,335.8,335.8,331.06,334.22,21339
1605052800,331.85,339.76,331.06,339.76,18991
1605139200,340.55,342.13,331.85,338.18,22772
1605657600,331.85,332.64,325.53,327.9,41098
1605744000,328.69,333.43,327.9,333.43,44067
1606003200,330.27,340.55,326.32,331.85,70509
1606089600,332.64,332.64,327.11,327.9,68919
1606176000,327.9,330.27,323.95,325.53,39268
1606262400,309.73,346.08,309.73,331.06,32702
1606348800,346.87,346.87,331.85,339.76,113083
1606608000,346.08,371.36,346.08,367.41,154712
1606694400,385.58,385.58,352.4,354.77,86123
1606780800,349.24,358.72,343.71,347.66,52193
1606867200,347.66,348.45,345.29,347.66,31924
1606953600,347.66,348.45,341.34,341.34,38255
1607212800,335.01,342.13,330.27,330.27,49283
1607299200,335.8,342.13,327.9,335.01,28907
1607385600,339.76,339.76,326.32,331.06,50135
1607472000,327.9,330.27,321.58,323.95,57122
1607558400,321.58,331.85,320.79,331.85,34694
1607817600,325.53,337.38,325.53,335.01,26947
1607904000,341.34,350.82,333.43,339.76,44423
1607990400,346.08,346.08,334.22,338.97,28445
1608076800,355.56,355.56,332.64,334.22,18609
1608163200,338.18,338.18,331.85,333.43,27475
1608422400,337.38,337.38,320.0,320.0,55879
1608508800,317.63,327.9,308.94,323.95,36532
1608595200,328.69,331.06,322.37,329.48,47786
1608681600,331.85,333.43,323.95,328.69,51638
1608768000,331.85,339.76,327.11,331.06,42471
1609027200,337.38,337.38,323.16,327.11,21932
1609113600,321.58,325.53,321.58,323.95,14681
1609200000,339.76,339.76,321.58,322.37,49368
1609372800,340.04,355.95,329.15,340.88,93964
1609632000,357.63,357.63,345.06,351.77,84299
1609718400,358.47,360.14,344.23,348.42,42720
1609804800,352.6,352.6,343.39,349.25,26521
1609891200,351.77,352.6,348.42,352.6,56120
1609977600,348.42,356.79,347.58,353.44,82189
1610236800,355.95,370.19,352.6,365.17,182391
1610323200,367.68,391.97,367.68,382.75,205247
1610409600,385.27,406.21,376.89,405.37,119594
1610496000,411.23,411.23,387.78,390.29,93017
1610841600,390.29,393.64,376.89,379.4,61837
1610928000,381.08,386.94,376.05,376.05,43175
1611014400,375.22,378.57,366.0,373.54,67283
1611100800,355.12,378.57,355.12,370.19,41214
1611187200,370.19,384.43,365.17,368.52,42776
1611446400,386.94,386.94,368.52,372.7,61663
1611532800,374.38,379.4,367.68,374.38,86106
1611619200,374.38,381.08,368.52,373.54,71925
1611705600,391.97,391.97,369.35,373.54,89624
1611792000,372.7,373.54,363.49,366.84,72139
1612051200,360.14,366.0,351.77,351.77,38218
1612137600,358.47,363.49,350.09,352.6,27025
1612224000,358.47,360.98,353.44,358.47,56724
1612310400,364.33,366.0,355.95,360.14,54559
1612396800,366.84,366.84,353.44,353.44,41417
1612656000,360.14,360.14,350.09,353.44,61664
1612742400,371.03,371.03,351.77,358.47,55943
1612828800,365.17,367.68,358.47,359.3,36817
1612915200,379.4,379.4,355.95,363.49,24163
1613001600,369.35,369.35,358.47,364.33,61977
1613260800,368.52,368.52,354.28,360.14,57351
1613347200,360.14,366.84,358.47,361.82,52494
1613433600,379.4,379.4,361.82,364.33,119201
1613520000,360.14,389.45,359.3,375.22,138431
1613606400,376.89,385.27,374.38,381.08,113213
1613865600,381.08,387.78,374.38,376.89,70249
1613952000,387.78,387.78,365.17,366.84,46423
1614038400,360.14,370.19,355.12,363.49,24941
1614124800,381.08,381.08,360.14,365.17,26410
1614211200,367.68,367.68,355.12,359.3,42281
1614470400,357.63,359.3,350.93,351.77,76641
1614556800,347.58,355.95,347.58,353.44,23508
1614643200,355.95,355.95,345.9,351.77,37949
1614729600,358.47,358.47,342.55,349.25,26690
1614816000,351.77,352.6,345.06,350.93,26254
1615161600,350.93,351.77,344.23,349.25,15500
1615248000,350.09,350.09,343.39,344.23,31650
1615334400,349.25,349.25,341.71,342.55,10612
1615680000,342.55,344.23,336.69,340.04,23240
1615766400,337.53,343.39,337.53,339.2,13178
1615852800,343.39,345.9,335.85,339.2,28245
1615939200,345.9,345.9,339.2,340.04,12005
1616025600,340.88,345.9,340.88,341.71,11474
1616284800,341.71,360.98,341.71,345.9,32122
1616371200,352.6,352.6,343.39,343.39,23706
1616457600,343.39,344.23,340.88,342.55,18670
1616544000,343.39,346.74,341.71,343.39,38474
1616630400,343.39,344.23,341.71,342.55,31652
1616976000,341.71,343.39,338.36,340.04,18220
1617062400,340.04,340.88,337.53,340.04,21415
1617148800,343.39,354.28,340.88,343.39,50758
1617235200,350.09,352.6,344.23,351.77,82973
1617494400,355.12,355.95,345.9,353.44,31503
1617580800,357.63,357.63,344.23,346.74,16410
1617667200,346.74,350.09,342.55,345.06,25005
1617753600,343.39,347.58,343.39,345.06,13159
1617840000,351.77,351.77,342.55,345.9,20220
1618185600,345.9,346.74,340.88,346.74,22439
1618272000,349.25,353.44,345.06,352.6,61001
1618444800,355.95,364.33,352.6,361.82,75234
1618704000,364.33,364.33,350.93,354.28,34253
1618790400,350.09,351.77,348.42,350.93,14655
1618876800,349.25,350.93,347.58,347.58,31684
1618963200,347.58,348.42,345.06,345.9,27381
1619049600,345.9,345.9,342.55,343.39,28524
1619308800,343.39,343.39,339.2,339.2,23822
1619395200,340.04,340.04,332.5,332.5,37147
1619481600,334.18,354.28,331.66,338.36,21190
1619568000,335.01,335.85,329.15,329.99,33638
1619654400,330.83,335.01,328.31,332.5,18246
1619913600,335.01,335.01,330.83,335.01,23761
1620000000,339.2,339.2,331.66,333.34,21198
1620086400,337.53,337.53,330.83,332.5,13737
1620172800,329.15,335.01,329.15,330.83,22289
1620259200,329.99,330.83,328.31,329.15,26405
1620518400,329.15,335.85,329.15,331.66,22825
1620604800,330.83,333.34,330.83,331.66,10973
1620691200,331.66,338.36,326.64,330.83,49566
1620777600,332.5,336.69,329.15,332.5,20675
1620864000,331.66,334.18,331.66,332.5,22234
1621123200,338.36,338.36,330.83,334.18,60652
1621209600,335.01,341.71,333.34,334.18,35962
1621296000,335.01,338.36,334.18,335.85,44672
1621382400,336.69,348.42,336.69,342.55,59847
1621468800,343.39,349.25,341.71,346.74,46047
1621728000,345.06,349.25,336.69,349.25,43845
1621814400,332.5,366.0,332.5,352.6,99210
1621900800,352.6,353.44,343.39,345.9,35727
1622073600,345.9,349.25,340.88,344.23,32951
1622332800,345.06,350.93,342.55,343.39,57280
1622419200,349.25,349.25,341.71,341.71,64680
1622505600,339.2,343.39,339.2,340.88,37019
1622592000,343.39,343.39,338.36,341.71,58676
1622678400,345.9,350.93,340.88,348.42,116726
1622937600,355.95,366.84,355.12,359.3,265933
1623024000,364.33,366.0,351.77,353.44,108410
1623110400,355.95,360.14,351.77,355.12,113779
1623196800,360.14,361.82,351.77,352.6,50091
1623283200,348.42,354.28,342.55,348.42,54711
1623542400,351.77,351.77,340.88,347.58,67430
1623628800,347.58,370.19,347.58,362.65,268473
1623715200,368.52,372.7,357.63,357.63,97663
1623801600,357.63,366.84,356.79,360.98,125930
1623888000,378.57,378.57,352.6,353.44,56526
1624147200,353.44,353.44,345.06,347.58,95522
1624233600,345.06,350.09,340.04,340.88,57222
1624320000,342.55,352.6,340.88,350.09,46011
1624406400,345.9,350.93,341.71,343.39,41732
1624492800,343.39,345.9,340.04,343.39,46659
1624752000,343.39,352.6,338.36,347.58,46675
1624838400,351.77,352.6,344.23,345.9,24057
1624924800,350.93,350.93,343.39,343.39,28686
1625011200,343.39,346.74,341.71,345.06,23693
1625097600,345.06,348.42,343.39,345.06,23639
1625356800,341.71,347.58,341.71,344.23,22170
1625443200,340.04,344.23,340.04,341.71,15008
1625529600,340.04,345.06,339.2,340.04,20296
1625616000,346.74,346.74,339.2,339.2,22529
1625702400,340.04,341.71,337.53,340.88,19634
1625961600,346.74,347.58,341.71,345.9,29179
1626048000,350.93,350.93,341.71,342.55,40285
1626134400,340.04,347.58,340.04,345.06,16766
1626220800,343.39,345.06,341.71,342.55,10492
1626307200,342.55,345.9,341.71,342.55,35759
1626566400,347.58,360.14,345.9,357.63,98206
1626652800,364.75,368.52,356.46,357.63,68978
1626739200,364.33,364.33,349.25,350.93,43575
1626912000,355.12,357.63,347.58,355.12,103383
1627171200,362.15,380.16,356.79,369.35,300429
1627257600,376.72,376.72,364.41,366.84,115082
1627344000,360.14,370.19,354.28,369.77,75021
1627430400,375.22,375.22,364.33,365.58,75545
1627516800,358.55,365.58,358.55,360.14,48276
1627776000,360.14,365.17,356.79,358.47,67864
1627862400,362.65,363.49,355.12,356.79,40086
1627948800,356.79,360.14,354.7,355.95,35229
1628035200,362.65,363.91,354.28,355.95,39884
1628121600,359.3,360.14,352.6,353.44,43891
1628380800,355.95,358.47,351.77,355.95,54413
1628467200,354.28,355.95,351.77,352.52,33403
1628553600,352.6,370.19,351.77,360.14,63944
1628640000,360.14,366.84,355.12,355.95,29509
1628726400,355.95,360.14,354.28,357.63,62765
1628985600,360.14,360.14,349.25,355.95,67594
1629072000,349.25,349.25,341.46,343.81,138377
1629158400,339.2,343.31,335.01,335.94,137752
1629244800,335.01,339.2,332.75,336.69,70910
1629331200,336.69,346.74,335.01,335.85,46906
1629763200,339.2,339.2,331.66,333.34,34748
1629849600,332.5,332.5,325.47,328.23,55489
1629936000,334.18,334.18,325.8,329.15,33732
1630195200,329.15,329.15,322.45,326.64,51282
1630368000,326.64,328.31,318.26,323.29,61136
1630454400,328.31,329.15,318.26,320.78,46379
1630540800,326.64,326.64,320.94,323.29,28557
1630800000,329.15,329.15,318.43,321.61,65310
1630886400,326.64,329.91,318.52,326.64,33288
1630972800,333.17,333.17,316.59,321.78,19487
1631059200,328.15,328.15,318.26,319.94,20761
1631145600,325.8,330.83,318.77,320.78,13400
1631404800,320.78,322.45,317.51,319.94,29515
1631491200,321.61,326.56,318.26,319.1,25150
1631577600,324.96,324.96,317.26,320.36,24598
1631664000,320.78,320.78,317.51,318.26,17560
1631750400,314.33,315.75,309.89,312.4,45463
1632096000,312.82,312.82,300.42,301.51,37307
1632182400,299.84,307.38,293.98,301.51,27219
1632268800,307.38,312.4,304.03,310.73,14883
1632355200,316.59,318.26,309.89,314.91,30518
1632614400,314.91,315.75,306.54,309.89,12489
1632700800,304.86,305.78,299.0,305.7,19456
1632787200,305.62,305.62,294.9,299.84,13632
1632873600,305.7,305.7,294.06,299.0,10152
1632960000,304.86,304.86,294.81,299.0,10612
1633219200,294.9,297.33,293.14,294.81,11563
1633305600,294.81,297.33,287.27,293.14,14862
1633392000,287.61,298.16,287.61,294.98,5736
1633478400,295.65,298.16,292.3,297.16,21845
1633824000,303.02,303.19,291.46,294.81,12900
1633910400,294.81,300.68,294.81,299.0,5502
1634428800,299.0,299.84,293.14,299.0,6495
1634515200,295.23,300.68,293.14,293.14,11264
1634601600,293.14,293.14,277.48,284.76,34314
1634688000,290.46,291.46,284.76,290.46,12863
1634774400,288.95,291.46,285.6,290.21,11114
1635033600,290.21,291.46,286.44,289.7,9776
1635120000,293.14,295.4,284.76,293.14,14799
1635206400,297.16,299.0,291.3,293.14,31353
1635292800,295.65,298.08,289.79,293.14,23111
1635379200,288.95,293.98,288.95,290.63,18284
1635638400,293.14,297.33,289.79,293.14,32362
1635724800,299.0,304.19,293.14,297.24,38192
1635811200,297.24,297.33,293.98,295.65,5376
1635897600,301.43,305.7,297.33,298.16,25974
1636329600,301.51,305.37,295.73,300.68,24684
1636416000,300.68,303.19,296.15,300.68,42664
1636588800,295.65,297.33,291.55,291.55,26504
1636848000,291.46,303.27,288.2,294.81,9700
1636934400,297.33,297.33,291.46,296.49,6509
1637020800,293.98,301.85,290.63,301.51,23596
1637107200,301.51,301.51,295.73,298.16,13158
1637193600,298.16,299.0,293.14,296.24,8715
1637452800,294.81,299.0,293.98,295.23,8971
1637539200,291.04,301.51,291.04,298.25,15456
1637625600,293.14,299.0,293.14,295.06,6271
1637712000,289.79,291.3,279.74,289.79,80223
1637798400,284.01,295.65,279.82,293.14,40078
1638057600,287.27,306.54,284.93,301.51,65928
1638144000,295.48,301.51,295.48,296.57,11556
1638230400,291.46,296.49,288.11,294.81,17838
1638316800,294.81,305.7,294.81,297.33,44224
1638403200,297.33,302.35,293.98,302.35,18857
1638662400,301.51,301.51,293.14,294.39,48982
1638748800,298.16,298.16,289.79,290.21,32544
1638835200,295.65,295.99,291.46,292.3,6470
1638921600,287.36,296.49,284.76,296.4,32821
1639008000,296.4,303.19,291.46,302.27,30846
1639267200,300.68,300.68,293.14,295.65,15126
1639353600,289.79,299.25,284.01,294.14,28598
1639440000,297.49,297.49,288.95,297.33,4047
1639526400,297.33,298.16,288.11,297.24,7086
1639612800,303.1,303.1,292.38,294.81,7553
1639958400,293.14,295.65,290.63,293.98,32790
1640044800,293.14,301.51,290.63,298.92,44412
1640131200,304.87,310.33,299.06,304.7,19689
1640217600,300.88,305.13,299.15,303.4,16505
1640476800,305.82,305.91,301.66,301.75,19411
1640563200,302.1,303.4,299.5,299.5,8945
1640649600,303.4,303.4,299.06,299.15,57399
1640736000,299.24,301.23,294.82,299.06,20738
1641081600,301.66,304.26,299.06,303.4,10664
1641168000,305.91,305.91,299.24,304.18,5247
1641254400,300.88,334.52,300.8,333.74,73964
1641340800,339.81,340.41,318.39,324.12,34112
1641427200,324.12,339.81,317.27,338.94,58906
1641686400,342.41,345.01,333.74,339.81,33363
1641772800,339.81,347.43,333.74,341.45,91973
1641859200,335.47,340.24,334.6,334.6,21110
1641945600,334.6,340.67,329.4,332.0,41127
1642032000,333.74,334.17,326.8,332.78,20126
1642291200,332.78,338.5,328.54,331.14,23332
1642377600,337.72,353.67,335.56,351.07,164720
1642464000,357.06,362.34,351.07,362.34,114884
1642550400,365.81,365.81,348.91,351.85,40717
1642636800,347.61,351.94,345.01,350.21,41592
1642896000,346.74,356.97,346.74,353.67,72858
1642982400,347.61,351.07,337.2,343.19,102382
1643068800,338.07,343.19,333.74,343.19,13132
1643155200,342.41,345.87,334.6,336.34,24181
1643241600,333.74,338.07,333.74,336.34,16629
1643500800,342.41,348.47,336.42,345.79,25771
1643587200,345.01,345.01,333.91,342.41,16218
1643673600,337.2,347.43,333.74,344.57,16084
1643846400,346.74,347.61,338.94,345.01,41619
1644105600,339.81,341.54,332.18,341.54,10655
1644192000,338.16,340.67,335.04,336.34,5421
1644278400,343.01,349.34,333.74,335.38,20372
1644364800,334.6,336.34,331.31,332.52,14206
1644451200,332.0,335.47,326.8,332.87,11463
1644710400,326.89,329.4,317.7,323.34,18616
1644796800,329.4,329.4,319.0,324.2,5889
1644883200,321.69,329.75,318.13,322.47,46769
1644969600,328.54,335.38,323.34,329.4,5838
1645056000,329.4,329.4,322.47,324.2,4677
1645315200,320.65,320.73,312.07,318.05,14190
1645401600,314.67,323.6,313.8,323.6,10271
1645488000,327.58,327.67,315.53,319.0,6816
1645574400,320.73,320.73,312.93,320.73,4929
1645660800,314.32,314.32,308.6,312.07,9716
1645920000,312.07,318.31,305.82,311.2,10963
1646006400,309.47,310.33,303.48,306.86,5130
1646179200,305.13,306.86,301.66,306.0,7801
1646524800,303.4,306.0,300.02,305.13,4132
1646611200,307.82,307.82,301.66,302.44,6704
1646784000,299.06,301.66,294.73,296.46,4569
1646870400,294.73,303.4,294.73,303.4,11456
1647129600,299.93,310.77,299.06,310.33,4992
1647216000,306.86,310.42,304.44,310.42,5001
1647302400,316.4,316.4,307.73,309.9,15839
1647388800,306.43,312.07,306.0,312.07,8434
1647734400,311.2,311.2,305.13,308.6,3486
1647820800,307.73,315.62,303.48,315.62,14567
1647907200,316.4,316.4,308.69,315.53,5222
1647993600,313.8,313.8,305.13,307.73,23031
1648080000,307.73,307.73,304.35,304.44,6093
1648339200,300.88,307.3,300.88,301.66,20604
1648425600,303.4,303.4,296.46,300.8,4282
1648512000,300.8,301.14,297.33,299.84,3806
1648598400,296.46,300.8,295.16,299.93,7493
1648684800,301.66,301.66,294.82,295.6,16233
1648944000,295.6,297.33,292.22,297.24,3883
1649030400,293.0,297.33,292.39,297.33,4491
1649116800,292.13,297.94,290.39,294.73,13135
1649203200,294.73,297.33,290.39,294.73,26992
1649289600,295.6,297.33,292.13,296.03,15596
1649635200,296.46,301.66,287.79,294.64,13494
1649721600,290.39,291.26,285.19,286.15,14978
1649808000,290.39,301.66,283.03,301.66,13794
1650153600,307.65,307.65,287.79,292.13,2305
1650240000,286.93,291.26,280.86,286.06,8304
1650326400,286.06,291.26,280.95,286.06,17107
1650412800,280.69,290.39,280.51,280.86,11890
1650499200,286.41,286.41,277.39,286.06,24466
1650758400,291.26,299.06,286.06,298.2,15928
1650844800,295.6,296.55,287.27,293.43,6888
1650931200,288.05,296.46,288.05,293.86,10208
1651017600,290.39,290.39,281.73,290.39,3464
1651104000,293.86,293.86,286.06,290.39,5468
1651449600,286.93,286.93,283.46,286.06,4761
1651622400,280.51,283.46,280.43,280.86,5475
1651708800,281.73,281.73,276.7,280.86,7541
1651968000,275.31,279.73,274.79,279.13,8267
1652054400,284.67,284.67,278.26,279.13,5040
1652140800,279.13,282.59,276.87,281.73,3694
1652227200,285.19,285.19,280.43,284.24,3206
1652313600,279.56,287.79,279.13,285.19,7724
1652745600,285.19,285.19,274.79,281.73,5969
1652832000,276.79,282.59,275.66,282.51,10946
1652918400,276.96,280.86,275.66,278.26,8695
1653004800,278.26,278.26,272.88,277.39,865
1653264000,272.28,277.57,268.72,270.46,7201
1653350400,270.46,273.06,266.99,273.06,10067
1653436800,273.06,274.62,269.59,274.62,8050
1653523200,276.53,277.39,271.32,277.39,3527
1653609600,279.13,279.13,272.19,277.22,6752
1653868800,273.06,273.06,260.06,268.72,28192
1653955200,263.52,266.99,260.06,266.12,5108
1654041600,264.39,264.39,259.19,262.66,8163
1654128000,261.79,261.79,259.19,259.88,5191
1654214400,265.0,265.0,254.85,257.37,33389
1654473600,259.19,259.19,253.12,256.5,5214
1654560000,255.72,255.72,249.91,254.59,8774
1654646400,259.19,259.19,248.96,257.45,11363
1654732800,262.57,266.12,253.12,256.59,7470
1654819200,261.7,261.7,249.83,256.59,3341
1655078400,261.7,261.7,251.56,256.59,2061
1655164800,261.62,261.62,251.91,254.85,1557
1655251200,259.88,259.88,246.36,247.05,9156
1655337600,244.45,252.17,244.45,250.52,7833
1655424000,255.46,255.46,248.79,253.99,35607
1655596800,249.65,249.65,244.54,246.19,11046
1655683200,248.79,248.79,238.04,238.04,10214
1655769600,235.96,246.62,235.87,240.12,4569
1655856000,244.89,249.65,236.65,236.65,2757
1655942400,241.33,246.1,233.18,236.65,4417
1656028800,241.33,241.33,227.98,240.98,4657
1656201600,245.75,250.52,240.12,250.52,6325
1656288000,255.46,260.23,242.02,251.3,8640
1656374400,255.72,256.24,238.9,251.39,3346
1656460800,255.72,255.72,246.27,251.21,3587
1656547200,256.15,260.06,245.75,256.59,16073
1656633600,259.01,266.12,251.56,255.72,3964
1656806400,251.39,265.95,242.98,259.97,16976
1656892800,265.08,265.08,254.25,258.15,55080
1656979200,263.26,263.26,250.52,250.52,24701
1657065600,253.12,253.12,246.36,247.05,6433
1657152000,251.99,251.99,242.11,242.72,9754
1657238400,242.72,247.05,230.32,241.85,44848
1657497600,246.19,251.04,217.67,233.88,18772
1657584000,236.56,236.56,225.38,235.78,30872
1657670400,234.05,257.02,225.38,253.38,84776
1657756800,248.35,255.72,242.72,246.19,217186
1657843200,246.19,250.52,232.06,244.71,151389
1658016000,240.12,244.45,234.05,244.45,15165
1658102400,247.05,247.05,238.38,244.45,4906
1658188800,239.6,248.7,239.6,247.05,58127
1658275200,251.39,251.39,242.11,243.58,46383
1658361600,248.44,253.12,240.12,242.72,144565
1658448000,247.05,247.05,238.38,239.25,11193
1658620800,239.25,249.48,238.82,244.45,134761
1658707200,247.83,251.39,242.11,245.32,136066
1658793600,244.45,244.45,236.3,241.85,17215
1658880000,245.32,245.32,238.56,241.76,10790
1658966400,242.72,247.05,238.38,240.98,35164
1659052800,241.85,245.23,238.64,245.23,7456
1659225600,240.38,266.12,240.38,266.12,111860
1659312000,266.99,280.86,260.06,275.66,134267
1659398400,279.99,279.99,266.99,272.19,35570
1659484800,277.57,277.57,262.66,264.39,63539
1659571200,262.66,262.66,254.07,254.85,56457
1659657600,259.19,259.19,251.56,252.25,13418
1659830400,251.39,268.72,251.39,254.85,21200
1659916800,258.32,264.39,258.32,261.79,42044
1660003200,261.79,266.9,253.12,253.99,15582
1660089600,257.45,258.32,246.88,251.39,8269
1660176000,254.85,254.85,246.45,248.79,9878
1660435200,248.79,251.39,241.85,246.88,7739
1660521600,246.19,251.04,242.72,251.04,8265
1660608000,255.98,260.92,247.66,250.52,8445
1660694400,251.39,251.39,246.45,250.52,5672
1660780800,254.59,254.59,247.92,251.3,16092
1661040000,256.24,258.15,248.09,249.65,9347
1661126400,254.59,254.59,244.97,249.65,2145
1661212800,244.8,251.39,244.8,251.39,8156
1661299200,255.72,255.72,247.23,249.65,7548
1661385600,253.99,253.99,245.58,247.92,2102
1661472000,251.39,251.39,242.11,246.62,2381
1661644800,241.94,245.32,237.6,239.25,8133
1661731200,236.82,244.89,236.82,240.98,6224
1661817600,245.32,246.88,240.98,242.63,10843
1661904000,247.4,247.4,237.52,240.03,3857
1661990400,235.87,237.6,234.92,237.52,2986
1662076800,242.2,245.06,235.87,240.12,1203
1662249600,244.8,244.89,237.52,241.85,4881
1662336000,242.72,242.72,237.52,238.38,2257
1662422400,238.38,238.38,234.05,238.38,11500
1662508800,237.52,237.52,229.98,236.65,2850
1662595200,238.38,238.38,230.84,234.05,3529
1662854400,234.05,238.47,230.32,233.96,6723
1662940800,238.56,238.56,229.8,235.7,4946
1663027200,234.05,239.94,234.05,238.3,987
1663113600,240.9,240.98,237.43,240.98,8353
1663200000,236.65,240.98,232.32,235.78,6854
1663286400,231.45,234.83,230.58,234.83,2530
1663459200,230.15,231.45,222.61,229.72,17768
1663632000,225.38,225.38,220.18,223.56,16421
1663718400,227.98,227.98,221.05,222.69,9753
1663804800,225.38,225.38,221.05,225.03,6118
1664064000,221.22,228.85,217.58,227.81,6947
1664236800,232.32,232.32,223.65,226.68,6260
1664323200,231.1,231.1,222.78,227.11,2513
1664409600,226.25,229.72,224.43,228.41,3070
1665273600,227.98,232.58,227.98,232.58,1132
1665360000,237.17,241.76,225.38,232.58,9372
1665446400,232.58,232.58,223.65,231.36,9974
1665532800,227.11,229.72,223.65,229.46,58164
1665619200,228.85,230.15,226.85,229.72,7485
1665878400,225.38,238.99,224.51,238.38,7676
1665964800,238.38,238.38,229.46,236.65,14198
1666137600,231.97,236.56,227.72,232.32,35276
1666224000,228.85,232.32,227.81,230.5,18579
1666483200,234.83,234.92,229.98,231.45,2583
1667174400,234.92,251.39,234.92,250.52,54831
1667260800,245.58,257.45,245.58,254.77,32604
1667347200,253.99,257.97,250.09,255.37,35141
1667433600,253.9,253.99,241.94,250.35,104476
1667692800,253.99,267.86,248.96,267.77,37602
1667779200,262.66,262.66,254.42,260.06,82123
1667865600,255.11,259.19,253.12,259.19,19989
1667952000,256.59,257.45,252.69,253.99,16013
1668038400,258.93,258.93,247.05,253.03,7561
1668297600,252.34,252.34,241.85,246.27,7847
1668384000,248.79,250.52,244.02,250.43,10441
1668470400,249.65,249.65,245.84,248.35,9737
1668556800,248.35,251.39,248.35,250.52,14633
1668643200,254.77,255.72,250.52,255.72,10541
1669075200,260.75,260.75,250.61,251.39,10959
1669161600,255.72,255.72,250.26,253.9,8877
1669248000,253.9,254.85,250.95,254.85,13161
1669507200,254.85,263.52,254.85,262.83,33594
1669593600,265.17,265.26,260.06,262.66,43054
1669680000,257.45,257.45,249.13,253.12,12213
1669766400,249.22,253.99,248.87,249.65,17588
1669852800,251.39,255.72,247.05,253.03,13356
1670112000,248.79,255.72,248.79,251.39,6649
1670198400,251.39,251.39,247.23,249.48,12120
1670284800,245.41,249.65,245.32,247.92,8846
1670371200,251.3,251.39,244.02,247.92,6612
1670716800,244.54,246.19,240.29,243.58,9412
1670803200,241.42,245.75,238.82,245.75,14425
1670889600,244.45,244.45,240.12,241.85,3600
1670976000,241.85,241.85,237.52,241.85,2204
1671062400,238.47,241.85,238.47,241.76,4127
1671321600,238.38,240.98,233.96,240.98,6626
1671408000,242.72,242.72,234.05,236.56,17304
1671494400,234.92,237.52,234.05,236.22,14077
1671580800,236.65,245.32,234.92,242.2,4595
1671667200,240.98,242.63,238.64,242.28,12591
1672012800,245.32,249.57,241.85,249.22,9629
1672099200,249.31,260.06,249.31,256.93,59094
1672185600,254.46,257.14,251.79,256.52,11295
1672272000,259.37,260.71,250.18,260.71,26096
1672531200,255.54,278.57,255.54,265.62,46884
1672617600,270.45,273.21,263.39,269.2,50746
1672704000,269.2,269.64,266.07,266.96,14027
1672790400,264.37,275.36,263.48,272.32,36837
1672876800,272.32,275.0,267.95,272.32,291154
1673136000,268.48,277.68,268.48,271.87,44768
1673222400,272.32,278.57,268.75,278.57,45566
1673308800,283.84,293.21,278.57,290.18,142916
1673481600,294.64,294.64,278.57,285.09,55089
1673913600,280.36,288.39,275.0,284.37,33634
1674000000,282.14,287.5,279.55,284.55,70555
1674086400,280.45,291.43,280.45,291.43,40382
1674432000,292.86,308.04,292.32,302.68,129222
1674518400,308.04,308.04,293.3,300.89,88985
1674604800,303.57,303.57,295.09,296.87,29392
1674691200,296.87,308.04,294.02,308.04,33603
1674950400,307.05,307.14,293.75,295.54,45986
1675036800,290.18,295.09,286.61,291.07,32805
1675123200,289.29,290.18,285.8,288.84,12740
1675209600,284.82,294.91,284.82,291.07,28038
1675296000,289.29,296.87,289.29,292.86,39884
1675555200,290.18,296.43,289.37,292.86,56352
1675641600,292.77,308.04,288.48,301.87,75214
1675728000,307.14,308.04,297.77,304.46,64768
1675814400,310.54,313.39,306.25,308.04,64755
1675900800,301.87,321.43,301.79,315.18,95887
1676160000,308.93,311.61,302.14,303.57,35038
1676332800,298.04,303.57,297.86,302.23,11457
1676419200,296.43,307.14,296.43,301.79,49909
1676505600,302.68,302.68,295.54,297.32,4779
1676851200,294.64,294.64,285.71,290.18,75421
1677024000,285.71,295.98,285.71,294.64,15727
1677110400,294.64,299.11,285.8,298.21,30273
1677369600,296.43,297.32,286.61,294.46,12632
1677456000,294.64,296.43,289.11,296.34,17263
1677542400,298.21,298.21,289.37,292.86,19688
1677628800,290.09,293.75,290.09,292.86,8585
1677715200,291.96,293.75,286.61,288.3,14802
1677974400,288.84,290.18,283.93,285.71,5532
1678147200,289.29,291.96,283.66,289.2,16387
1678320000,291.07,294.2,287.95,293.75,13582
1678579200,292.86,292.86,284.82,290.18,16925
1678665600,284.37,295.98,282.14,284.82,29718
1678752000,284.82,285.71,280.45,283.84,13522
1678838400,288.39,288.39,273.3,285.62,13182
1678924800,285.71,285.71,276.87,284.46,17106
1679184000,288.3,288.3,278.84,282.95,31454
1679270400,288.39,288.39,282.59,287.5,47848
1679443200,290.18,290.18,281.25,283.39,18327
1679529600,283.48,283.84,276.79,279.37,13665
1679788800,276.79,279.29,271.25,275.0,15441
1679875200,280.27,280.27,268.66,273.3,14393
1679961600,274.11,280.36,273.21,276.79,27201
1680048000,273.48,278.57,273.3,278.48,15639
1680134400,279.46,279.46,274.02,278.93,7355
1680393600,278.93,284.37,269.64,272.77,18571
1680480000,272.32,272.32,268.3,269.64,9625
1680566400,267.95,271.43,264.37,267.95,15312
1680652800,269.64,272.32,264.37,271.43,13320
1680739200,276.79,278.04,269.73,277.23,19483
1680998400,282.77,282.77,267.05,271.25,18736
1681084800,271.43,271.43,267.86,269.64,8830
1681171200,275.0,280.36,269.37,274.02,10203
1681257600,275.89,285.62,275.89,284.73,37682
1681344000,283.93,290.8,281.7,283.04,20014
1681603200,277.41,286.52,277.41,285.71,8640
1681689600,287.5,287.5,281.34,284.73,8101
1681776000,281.25,283.48,276.96,283.04,24419
1681862400,285.71,286.61,279.64,285.71,19537
1681948800,291.07,296.43,285.71,288.3,79604
1682208000,290.18,290.18,284.02,287.5,13925
1682294400,285.71,291.07,284.37,289.73,9541
1682380800,285.71,291.96,284.82,289.29,10842
1682467200,289.29,292.77,286.7,290.18,17792
1682553600,290.18,299.11,288.39,299.11,33709
1682812800,296.43,301.79,291.96,297.23,29167
1682985600,301.79,301.79,293.75,297.32,17097
1683072000,301.79,301.79,291.07,297.32,14636
1683158400,300.89,300.89,292.41,296.43,8643
1683417600,293.04,297.23,292.86,292.86,14488
1683504000,298.66,298.66,286.96,294.64,17136
1683590400,294.64,296.43,290.18,290.36,12330
1683676800,295.54,295.54,286.87,291.07,15787
1683763200,293.75,293.75,288.57,291.07,4450
1684022400,285.27,292.86,282.77,287.5,24618
1684108800,281.79,287.41,281.25,284.82,20902
1684195200,282.23,283.93,279.46,279.46,52144
1684281600,282.14,285.71,281.34,285.62,25531
1684368000,290.18,294.64,287.5,294.64,57519
1684627200,294.64,299.11,291.07,292.14,62208
1684713600,286.7,297.32,286.7,295.54,14146
1684800000,299.11,304.46,296.25,301.79,49016
1684886400,305.36,307.14,300.0,303.57,33557
1685232000,309.64,309.64,297.5,301.79,37114
1685404800,297.59,297.59,291.96,292.95,35443
1685491200,290.18,291.87,279.46,285.09,42318
1685577600,290.71,296.34,283.04,288.75,37220
1685836800,290.18,300.0,288.21,294.64,23016
1685923200,300.54,300.54,292.05,295.09,35406
1686009600,294.64,297.32,291.43,294.2,14757
1686096000,290.18,295.98,290.18,292.86,15756
1686182400,290.18,292.86,288.21,290.0,14996
1686441600,295.54,295.54,288.39,293.75,36817
1686528000,292.14,294.55,289.02,291.96,17919
1686614400,286.16,299.11,286.16,299.11,67977
1686700800,299.11,309.82,299.11,309.64,73271
1686787200,314.29,314.29,304.46,305.71,40274
1687046400,311.61,311.61,300.0,303.93,22838
1687132800,305.36,305.36,300.0,302.59,26318
1687219200,306.25,306.25,300.09,301.79,35010
1687305600,297.32,301.7,294.82,299.11,31305
1687392000,295.62,298.21,294.37,294.64,13977
1687651200,289.29,310.18,289.29,304.46,63892
1687737600,299.37,318.48,299.37,318.3,158704
1687824000,321.43,337.86,317.14,331.87,125642
1687910400,331.87,331.87,316.07,321.43,76694
1688256000,321.43,321.43,308.12,314.29,62488
1688342400,308.04,312.5,304.46,307.14,20685
1688428800,312.5,316.96,303.66,307.5,9391
1688515200,305.36,308.93,296.7,297.5,28726
1688601600,297.32,302.5,296.52,298.21,24909
1688860800,302.68,303.57,296.7,299.11,60784
1688947200,303.57,309.64,298.21,301.79,20069
1689033600,303.57,303.57,294.64,295.54,40565
1689120000,296.61,301.79,294.64,301.79,61120
1689206400,305.36,310.27,299.29,306.16,49096
1689465600,307.95,308.04,301.96,304.46,57178
1689552000,308.48,314.29,304.46,314.2,51672
1689638400,316.96,322.32,310.62,321.43,132169
1689724800,322.32,325.89,315.89,324.55,99754
1689811200,325.89,327.59,318.75,325.0,66178
1690070400,325.0,334.82,318.84,333.93,140613
1690156800,330.36,334.82,324.2,324.46,97293
1690243200,328.39,328.39,315.8,316.16,58944
1690329600,322.32,322.32,314.64,316.96,47279
1690416000,317.86,320.54,311.7,313.39,31943
1690675200,312.5,312.5,303.84,307.86,44466
1690761600,311.61,311.61,306.25,309.37,25530
1690848000,309.82,312.5,304.46,307.05,21413
1690934400,310.71,310.71,304.46,306.7,12473
1691020800,312.5,316.96,308.04,310.89,40849
1691280000,316.07,316.07,297.32,298.39,76973
1691366400,299.11,301.52,287.5,291.07,42364
1691452800,290.18,292.86,285.98,290.18,26254
1691539200,288.39,295.54,283.04,295.54,32431
1691625600,294.64,296.34,288.75,292.86,57506
1691884800,294.64,312.5,294.55,303.57,35862
1691971200,307.14,310.54,300.0,301.79,64953
1692057600,295.8,304.46,295.8,297.32,39397
1692144000,294.64,297.32,293.84,297.32,16584
1692230400,291.61,303.21,291.61,299.11,34281
1692489600,297.32,299.11,293.75,293.93,24122
1692576000,294.64,299.11,292.41,296.43,50736
1692662400,296.43,300.89,293.21,299.82,8493
1692748800,300.0,302.68,297.32,301.79,21280
1692835200,307.14,307.14,292.86,295.54,24512
1693094400,291.07,294.64,290.45,294.64,21092
1693180800,294.64,296.43,292.14,295.54,5402
1693267200,291.34,311.16,291.16,307.14,13104
1693353600,307.14,307.14,294.73,294.73,14807
1693699200,291.07,294.29,289.29,289.29,19901
1693785600,290.18,295.98,288.93,295.98,13481
1693872000,292.86,300.0,291.07,300.0,8759
1694044800,294.2,298.12,288.39,291.96,13422
1694304000,290.18,294.64,290.18,294.64,11789
1694390400,296.43,303.57,292.86,303.57,104938
1694476800,306.25,306.25,297.41,301.79,224944
1694563200,301.79,305.27,296.43,305.27,59143
1694908800,303.57,303.57,292.05,298.12,14135
1694995200,292.23,296.43,291.07,295.54,22929
1695081600,293.04,303.12,292.14,293.21,10250
1695254400,298.21,302.68,296.7,299.11,26235
1695513600,293.84,300.0,293.3,296.43,8649
1695600000,297.32,299.11,293.75,294.55,5751
1695686400,299.11,300.36,292.14,294.2,13809
1695772800,291.25,296.43,290.71,291.16,24989
1696118400,291.16,293.75,285.98,288.39,47400
1696204800,288.39,290.18,286.16,289.64,7225
1696291200,293.75,293.75,284.55,285.71,27295
1696377600,284.02,289.29,283.93,288.39,12358
1696464000,293.75,293.75,284.37,286.61,15627
1696723200,286.7,286.7,280.36,280.45,9584
1696809600,277.68,282.95,276.87,281.25,10162
1696896000,275.89,281.25,275.09,275.71,8979
1696982400,275.0,280.36,274.82,276.87,4809
1697068800,277.68,277.68,272.32,275.27,136703
1697414400,270.54,275.45,269.64,269.64,18551
1697500800,272.32,272.32,266.96,270.54,6831
1697587200,268.04,276.79,265.27,275.89,12467
1697673600,276.79,278.48,272.32,276.61,2676
1698537600,276.61,276.61,266.25,275.8,4550
1698624000,270.36,275.0,267.86,275.0,8931
1698710400,274.91,274.91,267.86,267.95,4549
1698796800,269.64,271.43,267.05,271.43,6619
1698883200,275.0,275.0,265.62,265.71,6243
1699142400,261.87,265.18,256.43,258.04,23118
1699228800,262.68,263.12,255.36,259.82,19397
1699315200,259.82,260.71,253.57,256.25,14132
1699401600,251.87,275.0,251.79,275.0,9868
1699488000,269.55,269.55,257.14,257.32,26185
1700438400,261.52,261.61,257.14,257.14,9546
1700524800,255.8,260.45,253.57,260.45,7572
1700611200,260.45,265.18,258.93,261.16,2482
1700697600,262.5,267.68,258.84,267.68,7525
1700956800,263.39,280.36,263.39,276.79,13692
1701043200,272.32,273.66,266.34,273.21,4345
1701129600,273.21,273.21,263.66,266.52,5669
1701216000,266.52,266.07,261.61,262.59,5898
1701302400,260.0,264.29,259.82,262.5,2588
1701561600,259.82,261.61,256.43,261.61,12954
1701648000,261.61,263.39,257.32,258.93,2432
1701734400,258.93,263.93,258.12,259.37,6976
1701820800,259.37,264.46,256.25,258.04,18142
1701907200,255.54,266.79,255.45,266.79,11153
1702166400,272.05,293.39,272.05,293.39,1170
1702252800,293.39,293.75,270.0,278.48,64983
1702339200,278.48,283.04,276.79,283.04,31275
1702425600,283.04,286.61,279.46,279.73,31783
1702512000,284.82,289.29,281.25,287.5,84026
1702771200,281.79,302.91,273.36,300.13,44556
1702857600,296.34,296.34,287.16,291.8,28668
1702944000,288.09,297.63,288.09,297.35,30169
1703030400,302.82,302.82,293.74,296.43,43320
1703116800,295.5,295.5,289.02,289.02,22685
1703376000,289.02,289.02,284.48,284.85,20530
1703635200,286.24,289.94,279.2,283.46,40789
1703721600,282.53,283.46,277.9,281.61,20510
1704067200,282.53,286.24,280.68,283.83,26846
1704153600,281.61,282.35,275.12,282.07,9199
1704240000,287.07,287.07,275.12,279.01,12152
1704326400,279.75,281.42,276.97,277.9,18763
1704585600,277.9,277.9,269.66,272.34,28575
1704672000,268.64,290.78,268.64,276.97,40737
1704758400,277.07,285.31,273.55,276.05,26555
1704844800,281.51,285.31,277.9,281.42,22360
1704931200,281.61,284.29,279.75,279.75,12598
1705190400,285.31,290.87,283.18,287.16,126206
1705363200,288.09,294.58,287.16,293.65,44444
1705449600,299.21,299.58,288.09,296.43,52585
1705536000,291.61,295.5,287.16,288.09,21790
1705795200,285.31,285.31,276.79,277.9,63575
1705881600,276.05,283.46,274.29,277.07,19073
1705968000,276.33,279.75,276.05,276.51,10294
1706054400,281.88,281.88,275.12,276.97,8644
1706140800,276.97,276.97,272.34,275.12,10428
1706400000,279.75,279.75,272.34,276.88,5190
1706486400,278.83,279.75,275.86,277.9,13872
1706572800,281.61,281.61,272.81,278.92,13487
1706659200,277.9,277.9,273.36,274.66,13996
1706745600,276.05,276.05,268.64,271.42,19634
1707004800,266.88,273.27,266.88,271.42,13283
1707091200,266.41,272.34,266.41,271.32,9529
1707177600,275.96,275.96,265.95,268.64,23198
1707264000,274.01,274.01,269.01,271.42,14610
1707350400,268.64,273.92,268.64,269.19,12730
1707609600,272.34,272.34,266.79,269.56,23176
1707696000,265.86,272.34,265.86,268.64,12208
1707782400,264.93,270.49,264.93,268.64,17814
1707868800,266.14,274.01,266.14,273.27,9227
1707955200,274.2,274.2,267.71,268.17,17947
1708214400,266.79,267.62,264.01,265.03,7617
1708387200,267.71,286.24,264.19,266.79,16387
1708473600,267.71,270.49,265.4,267.71,24721
1708560000,267.9,272.99,264.1,266.79,62823
1708819200,266.79,273.27,265.03,265.4,29003
1708905600,268.64,268.64,263.08,264.84,7368
1708992000,264.93,274.01,264.28,270.49,11514
1709078400,273.27,273.27,264.01,264.01,2557
1709164800,261.32,275.49,260.76,262.15,9781
1709424000,260.49,264.56,257.52,259.37,19233
1709510400,264.56,269.84,264.56,269.84,90
1709596800,275.21,275.21,265.21,265.3,17600
1709683200,260.39,269.56,260.39,264.93,3514
1709769600,270.21,275.12,268.73,271.6,37185
1710028800,276.97,276.97,268.82,272.34,4754
1710201600,269.56,276.7,269.56,276.05,18410
1710288000,277.9,281.51,272.44,278.27,25323
1710374400,274.2,277.81,272.9,272.9,9803
1710633600,277.9,277.9,267.53,274.2,14201
1710720000,279.66,279.66,269.38,275.03,15292
1710806400,275.03,275.03,269.84,273.27,6705
1710892800,277.9,277.9,267.9,268.64,7304
1710979200,271.42,273.18,266.79,270.86,16635
1711324800,270.86,270.86,265.95,266.79,6686
1711411200,266.69,267.71,264.28,267.25,6437
1711497600,271.32,271.32,261.23,263.08,10098
1711584000,268.27,268.27,260.02,260.3,7226
1711843200,265.3,265.3,259.37,260.02,10307
1711929600,260.02,264.01,257.61,262.15,21147
1712016000,267.34,267.34,257.52,262.15,17407
1712102400,264.01,264.01,257.52,262.15,16765
1712188800,264.01,264.01,257.43,261.69,14158
1712448000,256.69,264.93,256.69,264.84,11679
1712620800,270.12,270.12,260.58,261.23,19761
1712707200,265.86,266.23,260.86,263.54,11944
1713052800,264.01,264.93,258.73,261.23,17483
1713139200,261.23,263.08,252.8,254.74,23985
1713225600,251.04,257.52,250.2,257.34,13730
1713398400,253.82,258.82,251.96,253.82,5589
1713657600,251.04,254.65,248.81,253.72,13656
1713744000,253.72,258.45,249.83,256.6,7958
1713916800,261.23,261.23,249.65,249.65,8469
1714003200,249.18,258.91,249.18,255.67,23292
1714262400,257.52,257.52,252.43,254.56,10185
1714348800,259.56,263.08,254.28,263.08,54162
1714435200,268.27,268.27,261.23,263.08,22890
1714608000,268.27,268.27,256.69,260.3,10281
1714867200,255.67,264.56,254.74,258.82,19598
1714953600,263.91,263.91,250.11,252.89,22749
1715040000,252.89,258.36,251.96,253.45,4066
1715126400,252.52,254.74,250.11,253.82,7780
1715212800,256.6,256.6,250.11,250.3,5426
1715472000,250.11,258.26,250.11,251.41,7449
1715558400,256.41,264.01,251.5,263.08,21532
1715644800,268.27,268.27,260.76,260.86,10827
1715731200,260.86,267.34,258.54,258.54,11764
1715817600,263.64,263.64,254.19,258.45,6571
1716076800,263.54,268.27,260.3,264.93,13704
1716163200,270.21,282.53,265.86,274.2,58438
1716249600,279.66,281.61,273.27,277.9,20960
1716336000,276.05,289.02,276.05,286.7,57200
1716681600,286.24,287.16,277.99,283.46,32564
1716768000,278.83,300.41,278.83,281.7,31644
1716940800,287.16,291.8,277.9,279.66,33573
1717027200,283.37,283.37,273.27,276.05,21741
1717286400,280.68,281.42,270.68,275.12,8977
1717372800,280.59,284.2,270.58,275.12,4437
1717459200,280.59,280.59,276.42,277.81,22368
1717545600,283.27,283.27,272.71,275.12,2310
1717632000,278.83,278.83,271.42,274.2,16480
1717891200,279.66,281.51,270.49,276.05,26412
1717977600,281.51,281.51,273.27,275.12,14687
1718064000,280.59,280.59,270.77,276.97,12078
1718150400,277.9,280.68,275.4,277.9,9804
1718236800,276.05,277.9,273.27,277.81,12277
1718496000,273.45,276.97,272.34,272.34,4350
1718668800,271.42,274.2,268.92,270.58,6718
1718755200,275.96,275.96,268.82,271.32,3406
1718841600,276.7,276.7,266.97,271.42,4631
1719100800,268.64,282.26,266.97,273.27,6340
1719187200,277.72,277.72,267.99,271.42,8790
1719273600,268.64,271.42,264.01,268.64,9619
1719360000,273.27,273.92,265.86,268.64,23778
1719446400,274.01,275.12,264.56,265.86,9711
1719705600,270.49,272.34,265.86,268.55,17392
1719792000,264.01,271.42,261.51,269.56,14115
1719878400,274.94,285.31,269.66,277.9,18825
1719964800,283.46,283.46,266.97,276.97,7214
1720051200,281.51,282.44,276.97,278.73,26288
1720310400,282.53,282.53,277.07,282.26,44974
1720396800,287.81,288.09,280.68,282.44,42526
1720483200,288.0,288.0,280.68,284.39,8531
1720569600,290.04,290.04,284.39,289.02,76823
1720656000,294.76,299.21,290.87,299.21,73843
1720915200,305.14,312.18,296.43,311.25,73032
1721001600,317.46,317.46,301.06,303.84,173134
1721088000,304.77,312.18,301.71,312.18,35666
1721174400,318.38,337.19,314.86,336.26,191640
1721260800,330.7,368.5,330.7,352.01,213906
1721520000,352.93,369.42,344.6,362.2,218001
1721606400,367.76,370.54,355.71,362.2,201549
1721692800,365.9,393.69,355.62,389.06,293587
1721779200,395.55,396.47,371.46,378.04,236528
1721865600,373.31,388.14,373.31,379.8,264829
1722124800,387.39,417.78,387.39,417.78,532053
1722211200,417.78,427.97,406.85,408.98,336421
1722297600,417.13,417.13,397.4,406.57,174144
1722384000,406.57,412.22,402.03,407.59,285341
1722470400,402.31,414.54,400.18,401.2,86171
1722816000,401.1,416.85,393.79,399.71,135908
1722902400,394.62,398.33,379.8,385.26,184938
1722988800,384.43,400.18,378.41,387.21,68903
1723075200,391.84,391.84,378.87,389.25,102134
1723334400,397.03,397.03,385.36,393.42,113268
1723420800,400.18,420.56,398.33,417.78,314283
1723507200,421.48,422.41,403.88,417.78,185136
1723593600,416.85,416.85,401.29,408.51,62163
1723680000,416.67,430.75,408.7,415.93,244226
1723939200,421.48,430.75,412.22,413.15,289970
1724198400,412.22,446.12,408.61,435.38,604357
1724284800,444.09,460.39,443.07,451.13,346483
1724544000,451.13,452.05,426.86,427.04,209803
1724716800,435.56,435.56,398.7,412.22,208024
1724803200,420.46,427.97,408.79,411.29,85352
1724889600,404.81,412.59,404.53,405.92,68981
1725148800,400.18,413.15,393.88,398.33,119448
1725235200,405.74,438.16,392.77,430.75,94404
1725321600,437.23,437.23,416.85,423.06,198493
1725408000,431.49,431.49,400.64,403.7,74614
1725494400,411.2,411.2,392.77,403.88,41224
1725753600,405.27,421.39,398.6,401.47,177273
1725840000,398.33,423.71,394.62,397.4,110924
1725926400,405.27,405.27,396.47,401.1,52606
1726012800,404.81,404.81,391.84,394.53,21697
1726099200,402.4,402.77,390.91,392.86,49208
1726358400,400.18,407.59,386.38,392.77,47278
1726444800,385.36,406.66,379.8,387.21,44660
1726617600,387.21,391.75,380.72,386.28,52852
1726963200,378.87,402.03,378.87,389.99,40377
1727049600,397.77,397.77,383.5,384.43,51643
1727136000,383.23,387.21,378.87,386.19,119632
1727222400,379.89,388.14,379.89,386.93,24876
1727308800,393.51,393.51,381.65,382.58,36571
1727568000,389.06,389.06,374.98,382.48,20619
1727654400,386.28,393.97,382.58,393.97,34821
1727740800,398.23,413.05,393.88,409.44,99005
1727827200,402.96,418.7,402.96,410.37,112322
1728172800,412.22,425.19,412.22,421.3,114994
1728259200,426.12,431.86,422.5,431.86,356588
1728345600,432.6,436.31,426.12,427.5,90106
1728432000,432.6,432.6,419.54,422.87,136715
1728950400,428.89,438.07,414.44,429.82,47449
1729036800,430.75,439.08,430.75,434.45,120166
1729123200,438.16,462.24,435.38,445.66,373974
1729382400,437.23,452.05,437.23,444.64,134098
1729468800,451.13,452.05,432.6,435.38,88740
1729555200,442.7,477.06,433.9,452.89,185489
1729641600,461.87,478.92,443.72,447.33,394668
1729728000,438.44,490.96,438.44,490.96,215499
1729987200,481.14,508.56,445.57,457.61,434249
1730073600,448.53,459.56,445.57,445.57,142949
1730160000,454.46,454.46,441.86,446.49,81783
1730246400,454.83,454.83,444.73,447.42,127237
1730764800,456.31,456.31,439.55,443.72,88509
1730851200,435.38,470.58,435.38,441.86,105028
1731196800,447.33,450.2,444.64,449.27,124978
1731283200,458.26,465.02,445.57,445.57,143674
1731369600,454.46,455.67,444.64,447.14,83660
1731456000,456.04,456.04,439.92,441.77,47384
1731542400,443.25,445.57,434.92,435.38,107431
1731801600,439.92,443.72,432.88,433.53,63416
1731974400,431.67,440.01,430.75,431.02,60868
1732060800,439.64,439.64,429.08,432.6,28069
1732147200,440.94,440.94,425.84,425.84,40523
1732406400,434.27,434.27,421.58,425.19,162397
1732492800,433.62,433.62,425.28,427.04,25670
1732579200,435.56,435.56,428.15,434.36,28878
1732665600,442.97,445.85,434.45,443.25,110367
1732752000,452.05,452.05,435.47,436.31,62219
1733011200,445.01,445.01,426.12,427.97,48979
1733097600,430.75,436.31,428.06,428.43,31158
1733184000,434.45,435.38,426.12,428.89,33049
1733270400,428.89,435.38,421.67,428.89,65757
1733356800,436.21,436.21,424.91,426.58,42783
1733616000,421.58,428.06,418.7,420.56,41786
1733702400,419.63,421.39,415.0,421.39,46103
1733788800,429.73,429.73,413.7,420.56,238798
1733875200,427.5,427.5,416.85,426.12,27672
1733961600,434.64,434.64,421.85,424.26,53037
1734307200,418.7,421.48,413.15,414.07,24824
1734393600,411.48,419.63,411.29,419.63,39647
1734480000,416.94,421.48,415.56,417.5,33545
1734566400,417.5,418.7,409.44,409.44,47695
1734825600,413.46,413.46,405.87,409.62,44183
1734912000,413.46,413.46,405.77,411.35,51356
1734998400,405.87,435.58,405.87,408.65,19353
1735171200,404.81,422.69,404.81,418.27,47253
1735430400,425.0,425.0,411.54,413.46,40950
1735603200,409.62,411.54,404.9,411.54,29909
1735689600,408.65,418.27,403.46,403.94,102446
1735776000,410.58,411.54,404.81,404.81,22032
1736035200,405.77,410.58,403.85,404.13,118933
1736121600,412.21,412.21,404.33,409.62,113733
1736208000,417.79,425.96,405.87,412.5,89244
1736294400,415.38,417.88,406.73,409.62,43635
1736380800,405.77,413.46,405.77,412.98,39047
1736640000,407.69,416.35,405.77,412.21,8858
1736726400,413.46,442.31,405.77,442.31,37663
1736899200,433.46,433.46,413.46,417.31,71405
1736985600,417.31,423.08,413.56,423.08,32984
1737244800,415.38,426.92,415.38,425.0,28878
1737331200,433.46,433.46,402.88,408.56,270114
1737417600,402.12,411.54,401.92,408.65,153589
1737504000,402.02,415.38,402.02,405.77,33163
1737590400,413.37,413.37,401.92,406.44,34145
1737849600,398.37,407.69,398.37,402.79,28459
1737936000,399.71,401.92,397.31,401.92,112710
1738022400,401.83,403.85,397.21,400.0,87772
1738454400,403.85,415.38,400.1,406.73,46025
1738540800,405.1,411.54,404.81,407.69,55580
1738627200,413.46,413.46,402.88,402.88,20318
1738713600,409.52,409.52,401.06,403.85,18319
1738800000,408.56,408.56,397.79,401.15,41645
1739059200,397.4,403.85,397.4,398.08,29041
1739145600,399.04,403.85,397.12,399.04,28709
1739232000,399.04,400.48,395.29,398.08,30521
1739318400,398.08,398.08,393.27,395.19,67820
1739404800,394.23,398.08,389.52,393.27,20928
1739664000,391.35,399.04,391.35,399.04,49298
1739750400,396.15,409.13,396.15,408.46,45270
1739836800,416.54,416.54,402.88,406.63,50434
1740009600,401.06,405.77,399.04,403.85,30694
1740268800,399.04,405.77,392.31,405.77,94959
1740355200,406.73,407.69,401.06,404.81,70819
1740441600,408.65,410.58,402.02,403.85,27700
1740614400,411.63,419.23,406.92,413.46,124481
1740873600,414.52,420.87,412.5,420.19,117170
1740960000,426.92,427.88,413.46,413.46,62037
1741046400,415.38,416.35,408.75,412.5,45037
1741132800,412.5,412.5,404.9,405.0,48935
1741219200,404.81,417.31,404.81,407.21,11507
1741478400,414.42,414.42,398.08,407.02,44949
1741564800,406.73,412.5,398.94,400.96,34422
1741651200,408.65,408.65,395.19,398.08,26592
1741737600,399.62,400.96,395.48,400.96,19717
1742083200,398.17,402.79,394.23,400.96,19880
1742169600,396.25,400.96,396.15,400.96,19215
1742256000,399.04,402.79,397.31,399.9,12635
1742342400,395.29,403.85,395.29,400.87,26107
1742428800,399.04,400.96,396.15,398.08,12798
1742688000,396.15,397.12,391.06,392.12,24099
1742774400,387.5,395.19,387.5,392.31,17658
1742860800,384.71,389.42,384.52,386.62,128753
1742947200,386.54,399.04,386.35,396.47,37901
1743033600,404.33,404.33,391.35,396.57,14449
1743292800,396.15,403.85,396.15,400.86,28874
1743465600,397.12,402.4,394.42,400.34,18902
1743552000,408.27,408.27,393.37,398.5,29094
1743638400,394.23,425.96,394.23,401.48,32946
1743984000,394.23,406.73,392.79,398.39,17594
1744070400,396.15,407.02,391.83,400.78,20645
1744156800,408.75,408.75,398.08,398.99,18953
1744243200,405.67,405.67,398.08,400.74,194183
1744502400,403.85,405.77,400.77,404.68,23118
1744675200,412.5,412.5,401.92,404.09,120494
1744761600,412.12,413.46,401.92,412.37,39718
1744848000,413.46,416.35,403.85,409.67,37407
1745107200,408.65,433.65,401.92,425.65,123884
1745193600,423.17,423.17,405.77,407.9,63979
1745280000,402.12,409.62,396.15,400.03,39642
1745366400,394.23,401.73,392.31,393.84,31320
1745452800,400.0,400.0,391.35,393.83,15376
1745712000,388.46,397.98,387.5,388.29,85712
1745798400,395.96,395.96,387.5,388.92,43988
1745884800,395.19,395.19,379.81,380.37,77059
1745971200,377.88,382.69,373.08,374.43,42088
1746316800,381.73,381.73,370.67,371.55,96577
1746403200,371.63,376.83,363.46,364.62,50210
1746489600,358.65,393.27,357.88,362.65,41068
1746576000,369.23,378.85,361.54,375.42,49639
1746662400,368.85,379.71,368.46,372.81,14706
1746921600,377.88,377.88,365.96,369.58,19391
1747094400,376.92,376.92,364.42,366.99,25917
1747180800,367.31,367.31,360.58,361.05,22408
1747267200,365.38,367.31,360.0,361.38,19394
1747526400,367.31,367.31,359.81,363.12,10731
1747612800,367.02,367.02,360.0,364.11,23962
1747699200,360.58,376.92,358.65,372.62,23367
1747785600,380.0,393.27,373.08,375.4,43735
1747872000,375.96,400.96,373.27,393.7,142310
1748131200,394.23,400.0,382.69,385.63,28748
1748217600,393.27,400.96,386.54,388.24,41572
1748304000,384.62,390.29,383.75,387.72,19040
1748390400,387.5,394.23,382.69,393.74,31797
1748822400,396.15,401.54,394.23,398.26,167278
1748908800,394.23,401.92,387.69,392.29,100089
1748995200,392.31,399.04,384.62,398.49,29558
1749081600,390.58,413.46,390.58,393.47,52784
1749340800,393.47,396.15,382.69,384.27,24041
1749427200,390.38,390.38,382.69,386.63,9247
1749513600,394.23,394.23,385.1,387.49,10040
1749600000,386.63,394.23,381.83,382.56,22816
1749686400,379.81,385.58,376.92,379.44,15885
1749945600,379.81,381.73,375.0,375.34,21986
1750032000,374.04,379.81,372.98,376.69,28643
1750118400,382.69,382.69,370.19,371.94,27143
1750204800,377.98,385.1,371.35,373.04,16189
1750291200,379.71,379.71,365.87,370.73,30944
1750550400,365.48,372.12,362.69,363.88,46558
1750636800,362.6,380.77,362.6,372.41,10486
1750723200,379.81,379.81,370.19,373.54,24838
1750809600,374.04,374.52,370.19,370.88,6193
1750896000,369.23,376.54,368.27,371.7,21912
1751155200,368.75,378.85,368.75,377.38,16253
1751241600,379.81,383.27,377.88,381.17,16541
1751328000,377.88,388.46,377.88,387.34,26693
1751414400,395.0,395.19,384.62,393.62,60037
1751500800,387.88,399.52,387.88,394.5,55181
1751760000,394.23,401.92,389.62,397.16,52980
1751846400,392.88,396.92,389.42,393.32,105350
1751932800,394.23,394.23,388.46,391.98,35451
1752019200,389.52,397.02,389.52,395.71,38878
1752105600,395.19,416.35,395.19,414.65,230984
1752364800,422.88,429.81,414.62,421.66,231954
1752451200,418.27,422.12,411.83,413.5,156334
1752537600,413.46,423.56,408.75,421.27,205262
1752624000,426.92,430.87,421.25,423.06,342412
1752710400,428.85,434.62,423.08,424.82,234926
1752969600,423.17,428.85,417.31,418.83,77492
1753056000,413.75,426.35,413.75,421.06,60040
1753142400,428.75,429.81,419.23,425.91,157090
1753228800,430.77,433.65,421.15,425.35,69273
1753315200,425.0,427.88,420.38,422.16,49660
1753574400,427.88,427.88,414.42,414.77,139379
1753660800,415.48,418.27,407.69,416.62,131139
1753747200,424.9,427.79,418.27,425.61,105474
1753833600,434.04,434.04,415.38,416.2,62428
1753920000,420.0,420.0,406.63,409.25,71257
1754179200,405.87,410.58,396.15,399.65,37697
1754265600,391.73,409.62,391.73,407.38,23648
1754352000,415.38,423.75,401.92,402.41,40757
1754438400,410.38,410.38,398.17,398.88,18502
1754524800,390.96,406.73,390.96,401.03,16998
1754870400,406.73,407.69,399.04,399.8,40729
1754956800,397.12,401.92,393.75,394.24,14584
1755043200,394.24,396.15,390.38,390.6,19043
1755129600,389.52,391.35,375.29,379.17,75653
1755388800,379.81,383.65,375.0,375.64,16089
1755475200,368.17,386.06,368.17,374.17,14811
1755561600,379.81,379.81,370.19,375.68,16999
1755648000,375.96,381.73,371.83,372.97,29015
1755734400,365.58,375.0,365.58,370.47,43357
1755993600,370.19,375.0,367.31,368.25,19702
1756080000,374.04,374.04,367.98,370.55,11509
1756166400,371.15,378.56,370.19,371.96,11197
1756252800,371.15,379.52,371.15,378.94,18563
1756339200,372.6,379.81,372.6,375.79,22671
1756598400,370.19,379.33,369.81,376.05,14170
1756684800,383.56,383.56,372.21,379.1,39707
1756771200,386.63,386.63,380.38,381.23,32178
1756857600,375.96,382.5,374.04,375.88,12725
1756944000,383.37,383.37,369.23,371.2,18097
1757203200,370.19,380.77,370.19,377.35,50149
1757289600,371.15,379.81,369.33,369.7,35408
1758153600,362.4,362.4,362.4,362.4,50
1758412800,355.77,374.04,349.04,369.26,25820
1758585600,376.44,378.85,372.12,377.6,20379
1758672000,375.96,384.62,374.04,379.81,20603
1758758400,379.81,380.77,373.08,380.67,8475
1759017600,380.77,382.69,375.96,377.88,3248
1759795200,380.77,380.77,368.37,369.23,13295
1759881600,369.23,369.23,357.69,364.9,17904
1759968000,372.02,394.23,366.44,368.94,35439
1760227200,363.46,365.38,353.85,360.48,57477
1760313600,367.31,370.19,359.62,370.19,27498
1760400000,369.23,370.19,363.17,368.65,19256
1760486400,364.42,367.21,361.54,363.46,15360
1760572800,370.0,370.67,361.54,361.63,13570
1760832000,360.58,376.06,360.58,374.9,31829
1761436800,368.27,374.81,360.96,372.98,12365
1761609600,375.1,397.02,374.04,395.19,122589
1761696000,399.04,418.27,380.48,383.65,57003
1761782400,377.98,388.46,377.98,384.62,73722
1762041600,388.27,389.33,381.83,385.58,21767
1762128000,381.73,389.23,381.73,386.54,15862
1762214400,393.27,409.62,382.4,384.62,25835
1762300800,377.98,384.62,377.98,384.62,22079
1762387200,383.75,387.4,381.73,384.62,13849
1762646400,387.5,387.5,376.92,383.65,32720
1762732800,384.62,384.62,374.04,375.0,27702
1762819200,374.33,379.81,374.23,379.81,16323
1762905600,379.81,379.81,373.08,375.96,11197
1762992000,375.0,376.44,368.75,376.44,8981
1763251200,383.56,383.56,363.46,371.92,19565
1763337600,365.48,377.6,364.52,377.6,32180
1763424000,370.29,379.81,370.29,379.33,25420
1763510400,378.85,380.77,371.83,379.52,9727
1763596800,373.08,377.88,372.21,375.96,10357
1763856000,378.85,378.85,371.44,376.92,18073
1763942400,384.42,399.81,370.19,380.67,21841
1764028800,384.42,386.06,376.92,383.56,27999
1764115200,384.62,388.46,379.81,384.81,31253
1764201600,388.46,404.04,380.77,391.15,34531
1764460800,397.98,397.98,382.21,389.42,25352
1764547200,381.63,389.23,375.0,385.58,15803
1764633600,385.58,385.58,381.73,382.02,14130
1764720000,379.81,387.02,379.81,384.52,54859
1765065600,380.29,383.56,378.17,383.56,7234
1765152000,384.13,384.13,374.33,379.62,14933
1765238400,373.08,382.69,373.08,378.85,17190
1765324800,381.73,381.73,373.08,375.87,37223
1765411200,375.0,382.5,372.6,382.4,41568
1765670400,381.73,385.58,377.98,385.58,37959
1765756800,379.04,393.27,379.04,390.38,337101
1765843200,391.35,394.23,387.69,394.23,51238
1765929600,395.19,399.04,391.35,393.17,23921
1766016000,393.27,396.15,390.38,396.06,112425
1766275200,388.5,392.0,382.0,389.0,34598
1766361600,388.0,388.0,380.0,387.0,25099
1766448000,381.2,385.4,381.0,385.4,6314
1766534400,383.0,390.0,382.1,390.0,9533
1766880000,390.0,394.0,385.1,389.5,25009
1766966400,397.0,412.0,389.5,395.0,35449
1767139200,395.0,427.0,391.2,407.9,170585
1767225600,399.8,407.5,399.5,405.0,36796
1767484800,405.0,405.0,395.0,399.0,22284
1767571200,404.0,404.0,396.0,399.0,46176
1767657600,396.2,404.0,395.0,399.0,19467
1767744000,394.0,407.9,394.0,399.0,63389
1767830400,398.0,405.0,397.1,398.0,36828
1768176000,400.0,410.0,400.0,403.7,146728
1768262400,407.0,407.0,399.5,404.9,26219
1768348800,408.0,412.0,401.2,410.0,86052
1768694400,405.0,408.0,402.2,403.3,23433
1768867200,410.0,410.0,405.0,408.0,131572
1768953600,414.0,440.0,401.0,415.1,86404
1769040000,414.0,415.0,407.9,415.0,22387
1769299200,408.1,417.8,408.1,415.0,40887
1769385600,415.0,418.0,411.0,417.9,82589
1769472000,419.0,422.0,406.1,416.0,15993
1769558400,408.1,422.0,406.6,422.0,46184
1769644800,419.9,419.9,408.0,408.0,24069
1769904000,410.0,411.0,405.0,409.9,46960
1769990400,408.1,410.0,405.0,407.0,16136
1770076800,410.0,410.0,400.0,400.0,50278
1770163200,392.0,413.5,392.0,400.0,24335
1770249600,397.0,407.0,396.2,407.0,24349
1770508800,410.0,418.0,398.9,412.0,41210
1770595200,405.0,405.4,397.1,404.9,50211
1770681600,397.1,405.0,397.0,400.0,20830
1770768000,405.0,405.0,396.0,396.0,19257
1770854400,398.0,401.5,397.0,401.5,8730
