date,open,high,low,close,volume
1356998400,45.17,45.17,45.17,45.17,730
1357776000,45.17,49.56,45.9,49.56,931
1358380800,49.56,54.5,50.48,54.5,1321
1358640000,54.5,53.77,53.04,53.77,625
1358812800,53.77,55.6,53.95,55.6,550
1358899200,55.6,56.7,55.05,55.05,1838
1358985600,55.05,53.95,53.95,53.95,200
1359244800,53.95,54.87,53.95,54.87,1090
1359331200,54.87,54.87,54.87,54.87,100
1359504000,54.87,53.95,53.95,53.95,108
1359590400,53.95,53.22,53.04,53.04,200
1359849600,53.04,52.12,51.57,51.57,660
1359936000,51.57,51.21,51.21,51.21,220
1360022400,51.21,52.12,52.12,52.12,333
1360108800,52.12,51.21,49.75,49.75,1648
1360195200,49.75,49.38,49.38,49.38,100
1360454400,49.38,50.29,50.29,50.29,273
1360800000,50.29,51.39,51.21,51.39,400
1361318400,51.39,52.31,52.31,52.31,332
1361664000,52.31,53.22,52.31,53.22,525
1361923200,53.22,52.31,52.31,52.31,194
1362009600,52.31,51.39,50.48,50.48,300
1362268800,50.48,50.48,49.38,49.38,748
1362355200,49.38,50.29,50.29,50.29,131
1362441600,50.29,50.29,50.29,50.29,144
1362528000,50.29,51.21,51.21,51.21,100
1363478400,51.21,52.67,50.84,51.76,592
1363737600,51.76,52.67,52.67,52.67,420
1364083200,52.67,51.76,50.84,50.84,432
1364688000,50.84,50.29,48.47,50.29,4016
1364860800,50.29,49.38,49.38,49.38,261
1364947200,49.38,48.65,47.73,47.73,1443
1365033600,47.73,48.47,48.47,48.47,293
1365292800,48.47,49.38,48.47,48.47,277
1365638400,48.47,49.38,49.38,49.38,100
1365984000,49.38,50.29,50.29,50.29,240
1366502400,50.29,50.29,50.29,50.29,102
1366588800,50.29,49.38,48.47,48.47,391
1367452800,48.47,49.38,48.47,49.38,1616
1367798400,49.38,49.38,49.38,49.38,138
1368576000,49.38,48.47,48.47,48.47,2264
1369008000,48.47,47.55,46.64,46.64,4392
1370995200,46.64,49.38,47.55,48.65,1663
1372636800,48.65,53.4,49.56,53.4,3810
1372723200,53.4,53.77,53.04,53.04,549
1372809600,53.04,53.22,53.22,53.22,133
1372896000,53.22,52.31,51.21,51.21,874
1373155200,51.21,51.21,51.21,51.21,2346
1373500800,51.21,51.21,51.21,51.21,131
1373846400,51.21,50.48,50.48,50.48,131
1373932800,50.48,51.21,50.48,50.66,3704
1374105600,50.66,51.21,51.21,51.21,177
1374364800,51.21,52.12,52.12,52.12,100
1374451200,52.12,52.12,52.12,52.12,1500
1374537600,52.12,51.57,51.57,51.57,6000
1374624000,51.57,50.66,50.29,50.29,10167
1374710400,50.29,50.48,49.56,50.48,482
1375056000,50.48,50.66,49.93,49.93,2303
1375833600,49.93,51.76,50.84,51.76,641
1375920000,51.76,51.57,51.57,51.57,3000
1376438400,51.57,51.76,50.66,50.66,2200
1376524800,50.66,51.57,49.38,49.38,27325
1376784000,49.38,49.38,49.38,49.38,4392
1376870400,49.38,51.21,50.29,51.21,900
1376956800,51.21,52.49,50.29,52.31,21662
1377388800,52.31,51.39,50.48,50.48,5281
1377475200,50.48,50.48,50.48,50.48,438
1377561600,50.48,51.57,51.21,51.57,900
1377993600,51.57,51.57,50.66,51.57,14864
1378080000,51.57,52.12,51.21,51.21,16900
1378166400,51.21,51.94,51.21,51.21,30183
1378339200,51.21,51.21,51.21,51.21,338
1378684800,51.21,51.21,51.21,51.21,6000
1378771200,51.21,51.21,51.21,51.21,1865
1378857600,51.21,51.21,50.29,50.29,8487
1379289600,50.29,51.03,51.03,51.03,500
1379376000,51.03,51.21,50.11,50.29,9210
1379548800,50.29,51.03,51.03,51.03,138
1379808000,51.03,51.21,51.21,51.21,288
1379894400,51.21,53.95,52.12,53.95,564
1379980800,53.95,54.87,52.31,52.31,76569
1380067200,52.31,53.04,53.04,53.04,108
1380153600,53.04,57.06,52.12,55.96,9830
1380412800,55.96,58.52,56.33,58.52,4657
1380499200,58.52,60.72,59.44,59.44,1353
1380585600,59.44,60.35,55.05,56.15,1360
1380672000,56.15,56.15,55.05,56.15,1609
1380758400,56.15,56.33,53.4,56.33,614
1381017600,56.33,53.59,51.76,51.76,404
1381363200,51.76,56.7,52.67,56.7,9142
1382227200,56.7,62.36,57.79,62.36,4993
1382313600,62.36,64.56,62.18,62.36,1382
1382400000,62.36,63.46,62.36,63.46,4202
1382486400,63.46,69.68,64.38,69.68,21957
1382572800,69.68,74.98,70.41,72.24,11722
1382832000,72.24,74.62,71.51,71.51,2525
1382918400,71.51,72.79,71.69,71.69,2365
1383004800,71.69,70.78,70.59,70.78,623
1383091200,70.78,72.79,71.33,72.79,1823
1383177600,72.79,71.51,71.51,71.51,1200
1383696000,71.51,71.51,71.51,71.51,327
1383782400,71.51,72.97,72.24,72.97,466
1384041600,72.97,73.15,72.97,73.15,560
1384128000,73.15,74.62,73.15,74.62,9432
1384214400,74.62,73.34,72.97,72.97,4717
1384300800,72.97,74.25,72.42,72.42,1441
1384387200,72.42,74.62,72.97,72.97,5628
1385510400,80.14,80.14,72.97,80.14,49732
1385596800,80.14,84.75,81.68,84.75,300
1385856000,84.75,93.2,86.29,93.2,2687
1385942400,93.2,95.76,92.18,94.22,9800
1386028800,94.22,96.02,92.18,92.18,661
1386115200,92.18,90.38,90.38,90.38,48324
1386201600,90.38,92.43,92.18,92.18,352
1386460800,92.18,93.97,93.97,93.97,144
1386547200,93.97,92.18,90.38,90.38,393
1386720000,90.38,88.59,88.59,88.59,116
1387065600,88.59,87.05,87.05,87.05,358
1387152000,87.05,90.13,88.59,90.13,370
1387324800,90.13,93.71,91.92,92.18,1528
1387411200,92.18,95.5,93.71,95.5,2444
1387670400,95.5,97.3,97.3,97.3,100
1387756800,97.3,97.04,97.04,97.04,100
1388016000,97.04,97.04,95.25,97.04,610
1388275200,97.04,95.25,93.46,93.46,531
1388448000,93.46,93.46,90.38,90.38,2960
1388620800,90.38,93.46,90.9,93.46,650
1388880000,93.46,93.2,85.77,85.77,5669
1388966400,85.77,87.31,85.77,87.31,1329
1389052800,87.31,92.18,83.21,83.21,13391
1389139200,83.21,87.82,81.93,85.52,20508
1389225600,85.52,86.8,82.45,84.49,8059
1389571200,84.49,87.05,86.03,87.05,2482
1389657600,87.05,88.59,88.59,88.59,187
1389830400,88.59,97.3,90.13,97.3,5401
1390176000,97.3,97.3,95.5,95.76,1250
1390262400,95.76,93.97,92.18,92.18,1000
1390348800,92.18,93.97,92.18,93.97,1147
1390435200,93.97,94.74,92.18,92.18,1696
1390867200,92.18,92.18,90.38,90.38,538
1390953600,90.38,88.59,88.59,88.59,955
1391472000,88.59,87.05,87.05,87.05,347
1391558400,87.05,87.05,87.05,87.05,250
1391904000,87.05,95.76,88.59,95.76,6790
1391990400,95.76,105.23,97.55,100.62,1795
1392076800,100.62,104.47,97.3,98.58,8046
1392163200,98.58,108.31,97.3,108.31,32111
1392249600,108.31,114.19,108.82,112.91,2138
1392508800,112.91,114.96,112.66,112.66,1076
1392595200,112.66,110.61,108.56,108.56,1100
1392681600,108.56,110.61,107.54,110.61,22237
1392854400,110.61,110.61,108.56,108.82,3797
1393113600,108.82,110.87,108.82,108.82,2469
1393200000,108.82,111.38,108.82,108.82,2706
1393286400,108.82,107.54,102.42,107.54,17937
1393372800,107.54,110.87,105.49,110.87,7599
1393804800,110.87,115.99,108.05,115.99,7243
1393891200,115.99,118.29,113.68,118.29,1718
1393977600,118.29,120.34,112.91,119.57,33600
1394064000,119.57,120.08,117.27,120.08,6252
1394496000,120.08,119.06,116.76,116.76,200
1394582400,116.76,114.45,112.66,112.66,300
1394668800,112.66,110.87,106.77,106.77,749
1395014400,106.77,106.26,102.42,102.67,3444
1395100800,102.67,105.23,103.7,103.7,1920
1395187200,103.7,107.03,105.75,105.75,2200
1395273600,105.75,108.82,106.26,108.82,2531
1395532800,108.82,107.54,105.23,107.54,2777
1395705600,107.54,107.54,107.54,107.54,500
1395792000,107.54,109.33,107.54,108.82,5085
1395878400,108.82,114.19,108.05,114.19,5096
1396224000,114.19,121.62,114.19,121.62,5130
1396310400,121.62,125.2,119.06,119.06,9393
1396396800,119.06,119.06,116.76,119.06,3659
1396483200,119.06,117.78,114.45,116.5,11421
1396742400,116.5,120.08,113.17,117.78,5423
1396828800,117.78,116.5,116.5,116.5,500
1397001600,116.5,118.8,115.22,116.5,2253
1397088000,116.5,121.11,116.5,120.85,3936
1397347200,120.85,122.9,118.55,119.06,9543
1397520000,119.06,124.44,121.36,123.41,3962
1397606400,123.41,124.18,121.62,121.88,4459
1397952000,124.18,124.69,124.69,124.69,477
1398038400,124.69,122.39,122.39,122.39,506
1398124800,122.39,122.9,122.9,122.9,927
1398211200,122.9,130.58,125.2,129.3,2715
1398556800,129.3,130.07,128.02,130.07,2226
1398643200,130.07,130.58,118.55,118.55,14499
1398729600,118.55,116.24,116.24,116.24,7000
1398816000,116.24,123.41,118.55,123.41,21068
1399161600,123.41,128.28,125.72,128.28,1326
1399248000,128.28,138.77,128.02,138.77,61777
1399334400,138.77,142.1,139.03,140.31,3140
1399420800,140.31,140.82,138.26,140.82,2100
1399507200,140.82,139.29,128.02,130.07,20786
1399766400,130.07,132.12,128.02,129.56,15166
1399852800,129.56,127.77,123.16,125.46,272362
1399939200,125.46,133.14,127.77,130.58,18472
1400112000,130.58,140.57,133.14,137.75,4261
1400371200,137.75,141.08,135.19,136.47,51188
1400457600,136.47,140.57,123.92,138.26,48232
1400630400,138.26,142.87,138.26,141.34,19903
1400716800,141.34,144.15,138.77,138.77,4207
1400976000,138.77,143.38,140.82,143.38,5600
1401062400,143.38,142.87,138.26,138.26,4400
1401148800,138.26,143.38,135.7,140.82,53477
1401235200,140.82,140.82,138.26,140.82,12196
1401580800,140.82,142.1,139.54,140.82,16879
1401667200,140.82,144.66,140.57,144.66,8811
1401753600,144.66,151.06,143.38,145.18,4188
1401840000,145.18,142.62,142.62,142.62,2000
1401926400,142.62,145.94,140.82,140.82,23191
1402185600,140.82,143.38,140.82,140.82,24419
1402272000,140.82,148.76,140.82,143.9,24759
1402358400,143.9,147.48,141.59,147.22,41084
1402444800,147.22,150.04,145.69,146.2,13211
1402531200,146.2,150.55,146.97,147.74,6022
1402790400,147.74,150.55,147.74,147.74,1073
1402876800,147.74,153.63,145.94,153.63,26530
1402963200,153.63,153.63,148.5,148.5,4620
1403049600,148.5,151.58,149.02,151.58,482
1403136000,151.58,152.35,151.06,151.32,2233
1403481600,151.32,151.32,148.5,150.55,1726
1403568000,150.55,148.5,148.5,148.5,1000
1403654400,148.5,151.32,151.32,151.32,613
1403740800,151.32,153.11,151.06,152.35,1238
1404000000,152.35,153.88,151.58,153.88,2291
1404086400,153.88,154.91,151.06,153.88,11140
1404172800,153.88,157.47,152.35,152.35,1400
1404259200,152.35,152.35,152.35,152.35,3884
1404345600,152.35,152.35,150.55,150.55,1773
1404604800,150.55,153.37,151.83,151.83,693
1404691200,151.83,151.32,151.32,151.32,205
1404777600,151.32,157.21,151.06,153.63,9477
1404864000,153.63,155.16,153.63,155.16,897
1404950400,155.16,155.16,152.35,152.86,2135
1405209600,152.86,154.14,152.09,152.09,900
1405296000,152.09,151.06,151.06,151.06,10921
1405382400,151.06,151.06,150.81,150.81,12600
1405468800,150.81,148.76,147.99,148.76,5234
1405555200,148.76,151.58,151.58,151.58,136
1405814400,151.58,155.16,151.06,152.6,6185
1405900800,152.6,159.26,154.91,159.26,4055
1405987200,159.26,160.03,158.75,158.75,1376
1406073600,158.75,161.31,161.05,161.05,1300
1406160000,161.05,164.12,161.05,161.05,440
1406419200,161.05,157.98,154.91,154.91,5000
1406505600,154.91,158.23,156.19,156.19,1825
1406678400,156.19,164.38,159.26,164.38,861
1406764800,164.38,166.94,162.84,165.4,2724
1407024000,165.4,163.87,160.03,163.1,2713
1407110400,163.1,160.79,160.79,160.79,2000
1407196800,160.79,166.43,160.54,160.79,6324
1407283200,160.79,162.59,161.05,161.31,9067
1407369600,161.31,163.1,160.03,161.31,913
1407801600,161.31,160.03,153.88,157.47,1443
1407888000,157.47,157.47,154.39,157.47,3722
1407974400,157.47,159.51,159.51,159.51,250
1408320000,159.51,156.44,153.63,153.63,600
1408406400,153.63,155.67,151.06,155.67,25469
1408492800,155.67,156.19,153.63,153.63,1400
1408579200,153.63,150.55,145.94,147.48,13519
1408838400,147.48,153.63,139.29,153.63,19647
1408924800,153.63,156.7,147.22,154.39,14728
1409011200,154.39,155.67,151.06,153.11,4924
1409097600,153.11,156.19,152.35,152.35,4262
1409184000,152.35,156.7,153.37,154.91,1811
1409443200,154.91,154.39,151.32,151.32,2883
1409702400,151.32,154.14,150.81,151.06,1854
1409788800,151.06,148.25,145.94,145.94,1265
1410048000,145.94,143.13,143.13,143.13,100
1410220800,143.13,145.94,143.38,145.94,3177
1410307200,145.94,148.76,145.94,145.94,2023
1410739200,147.22,151.06,149.78,151.06,5430
1410912000,151.06,156.19,151.06,153.88,10225
1411257600,149.78,152.86,147.22,149.27,14177
1411344000,149.27,149.53,149.53,149.53,483
1411430400,149.53,152.35,150.04,150.04,1342
1411516800,150.04,152.86,152.09,152.86,1200
1411862400,152.86,153.63,152.35,153.63,1213
1411948800,153.63,161.31,156.19,161.31,5444
1412035200,161.31,158.23,154.14,154.14,3724
1412812800,154.14,156.7,153.63,153.63,1737
1413072000,153.63,155.16,153.63,154.91,7597
1413158400,154.91,156.19,153.63,153.63,2500
1413331200,153.63,154.14,147.74,153.63,27353
1413417600,153.63,153.63,150.55,153.63,3316
1413676800,153.63,153.63,152.35,153.63,10100
1413763200,153.63,153.63,147.22,153.63,42100
1413936000,153.63,156.19,152.35,153.63,2713
1414281600,153.63,155.93,152.35,152.35,3000
1414368000,152.35,152.35,147.22,151.06,83178
1414454400,151.06,154.91,152.09,154.91,12400
1414627200,154.91,154.91,153.63,153.63,14300
1414886400,153.63,154.91,151.32,154.14,5984
1414972800,154.14,152.09,151.32,152.09,4440
1415059200,152.09,152.86,150.04,151.32,3391
1415145600,151.32,152.6,149.78,152.6,1200
1415232000,152.6,153.63,152.6,153.63,10700
1415491200,153.63,153.63,153.63,153.63,1100
1415664000,153.63,152.35,152.35,152.35,100
1415750400,152.35,154.65,151.58,154.65,1000
1415836800,154.65,154.39,151.32,153.37,13781
1416096000,153.37,153.63,151.06,151.06,12060
1416182400,151.06,151.06,151.06,151.06,1000
1416268800,151.06,149.78,145.69,148.5,9036
1416355200,148.5,154.91,150.55,153.11,39361
1416441600,153.11,155.93,151.83,153.63,21141
1416700800,153.63,155.93,152.09,153.63,15261
1416787200,153.63,155.67,151.83,153.11,15693
1416873600,153.11,154.91,151.83,153.11,20377
1417305600,153.11,154.14,152.6,154.14,3176
1417392000,154.14,154.65,152.6,153.88,6708
1417478400,153.88,155.16,153.11,155.16,4678
1417564800,155.16,157.47,154.14,155.67,10815
1417651200,155.67,156.19,153.63,156.19,4659
1417910400,156.19,157.98,154.91,155.16,16307
1417996800,155.16,155.93,153.63,154.91,7120
1418083200,154.91,155.67,153.63,153.88,17049
1418169600,153.88,155.42,153.37,153.37,14148
1418256000,153.37,158.75,153.88,157.47,44745
1418515200,157.36,172.78,160.23,172.78,1050
1418601600,172.78,177.44,172.06,172.42,4373
1418688000,172.42,173.85,169.19,173.85,1333
1418774400,173.85,173.49,170.27,170.27,900
1418860800,170.27,172.42,166.68,172.06,2640
1419120000,172.06,172.06,172.06,172.06,500
1419206400,172.06,169.55,167.04,167.04,1200
1419292800,167.04,163.82,163.82,163.82,492
1419724800,163.82,167.04,164.89,166.68,1500
1419811200,166.68,170.27,168.48,170.27,510
1419984000,170.27,170.27,168.48,168.83,1262
1420070400,168.83,168.83,167.04,168.48,2400
1420329600,168.48,168.48,168.48,168.48,500
1420416000,168.48,174.93,170.27,170.27,1859
1420502400,170.27,170.27,168.48,170.27,200
1420588800,170.27,170.27,170.27,170.27,1120
1420675200,170.27,173.49,168.48,172.06,2333
1420934400,172.06,172.42,170.27,172.42,1600
1421020800,172.42,173.85,170.27,170.27,1214
1421107200,170.27,173.14,171.7,172.06,3200
1421193600,172.06,172.78,168.83,170.27,3463
1421539200,170.27,172.06,167.4,167.4,2700
1421625600,167.4,175.65,170.63,172.06,2823
1421712000,172.06,177.44,172.42,172.42,1800
1421884800,172.42,173.85,171.34,172.78,2032
1422144000,172.78,173.85,172.06,173.85,1046
1422230400,173.85,173.85,172.06,172.06,3347
1422316800,172.06,172.78,168.83,172.06,4679
1422403200,172.06,172.06,167.04,168.48,12433
1422489600,168.48,175.65,166.68,169.55,24394
1422748800,169.55,172.06,168.48,168.48,4700
1422835200,168.48,172.06,168.48,168.48,7429
1422921600,168.48,170.27,162.02,169.19,29563
1423008000,169.19,170.27,168.83,169.91,2000
1423094400,169.91,168.48,167.04,168.48,1652
1423353600,168.48,170.27,168.48,168.48,2200
1423440000,168.48,170.27,167.04,167.04,3300
1423526400,167.04,168.83,168.12,168.83,2189
1423612800,168.83,168.48,168.48,168.48,510
1423699200,168.48,170.27,166.68,167.4,4300
1423958400,167.4,168.83,168.83,168.83,100
1424044800,168.83,170.27,167.76,167.76,1200
1424563200,167.76,168.12,164.89,164.89,1000
1424649600,164.89,165.25,164.17,164.89,501
1424736000,164.89,164.89,164.89,164.89,105
1424822400,164.89,166.33,161.31,166.33,1945
1424908800,166.33,169.91,166.68,168.48,547
1425168000,174.57,171.34,171.34,171.34,800
1425254400,171.34,174.57,174.21,174.21,200
1425427200,174.21,172.06,167.4,168.83,1600
1425859200,168.83,170.27,166.68,167.04,2200
1425945600,167.04,168.48,165.25,165.25,6688
1426032000,165.25,166.33,163.1,164.17,5000
1426118400,164.17,167.4,163.1,164.17,3453
1426464000,164.17,164.17,164.17,164.17,160
1426550400,164.17,164.53,161.67,161.67,3530
1426636800,161.67,164.89,161.67,164.89,1427
1426982400,164.89,165.97,163.1,163.46,1243
1427068800,163.46,163.82,161.31,163.82,1213
1427155200,163.82,164.53,160.59,162.02,10500
1427241600,162.02,165.25,158.8,158.8,2976
1427328000,158.8,158.44,155.21,155.21,2065
1427587200,155.21,158.08,157.72,158.08,1391
1427673600,158.08,163.82,157.72,163.82,965
1427760000,163.82,165.97,162.02,165.97,21250
1427846400,165.97,165.97,159.87,163.1,4542
1427932800,163.1,161.31,159.51,159.51,3222
1428451200,159.51,162.38,161.31,162.38,304
1428537600,162.38,163.46,161.31,161.31,3166
1428796800,161.31,163.1,158.8,159.51,4952
1428883200,159.51,161.67,161.31,161.31,1680
1429056000,161.31,161.31,160.59,161.31,723
1429142400,161.31,161.31,159.51,159.51,5700
1429401600,159.51,160.59,159.51,160.23,2909
1429488000,160.23,161.31,159.16,159.51,7533
1429574400,159.51,159.87,159.51,159.51,2800
1433289600,156.65,153.78,146.97,151.27,10467
1433376000,151.27,153.42,148.76,150.55,8461
1433635200,150.55,150.91,150.55,150.91,1023
1433721600,150.91,150.55,148.76,150.19,4700
1433808000,150.19,161.67,151.99,151.99,9279
1433894400,151.99,150.91,149.12,149.48,5479
1433980800,149.48,149.48,147.69,147.69,1040
1434240000,147.69,148.04,146.25,146.25,2300
1434326400,146.25,149.84,144.82,148.04,51320
1434412800,148.04,149.48,147.33,147.69,3859
1434499200,147.69,146.97,146.25,146.97,340
1434585600,146.97,148.4,146.97,147.33,2657
1434844800,147.33,148.76,144.82,146.25,11758
1434931200,145.18,149.12,145.18,147.69,3177
1435017600,147.33,148.04,146.97,148.04,10300
1435104000,145.53,148.76,145.53,148.04,21052
1435190400,148.76,149.84,147.69,149.84,7558
1435449600,149.84,152.7,147.69,150.55,24967
1435536000,148.04,154.14,147.69,151.99,6748
1435622400,153.42,153.42,151.27,152.7,2245
1435708800,153.06,153.06,152.35,152.7,20900
1435795200,151.27,151.63,151.27,151.63,625
1436140800,150.19,150.55,150.19,150.55,1107
1436227200,150.55,152.35,149.84,152.35,6205
1436313600,150.55,152.35,150.55,152.35,5859
1436400000,150.91,152.35,150.91,152.35,2607
1436659200,150.55,152.35,150.55,150.55,16080
1436745600,150.55,150.55,150.55,150.55,2400
1436832000,151.27,154.14,150.55,152.7,7258
1436918400,152.35,155.21,151.99,155.21,4072
1437004800,155.21,152.7,150.55,152.35,12635
1437523200,154.14,157.01,154.14,157.01,1893
1437609600,157.01,158.08,157.01,158.08,1820
1437868800,158.08,161.31,160.95,161.31,300
1437955200,161.31,164.89,158.44,158.44,1554
1438041600,158.44,155.57,155.57,155.57,600
1438128000,155.57,155.21,150.19,151.27,1343
1438214400,151.27,152.35,150.55,152.35,1700
1438473600,152.35,156.65,153.42,156.65,1101
1438560000,156.65,153.78,153.78,153.78,1000
1438646400,153.78,155.93,152.35,154.14,8563
1438732800,154.14,159.87,153.06,154.85,3198
1438819200,154.85,157.72,153.06,154.14,7121
1439251200,154.14,157.01,157.01,157.01,140
1439769600,159.87,159.87,159.87,159.87,100
1439942400,162.74,175.65,162.74,175.65,3118
1440028800,178.87,185.68,175.65,178.51,3100
1440288000,179.23,179.23,172.42,173.85,2100
1440374400,177.08,178.87,171.34,171.34,10300
1440460800,168.48,172.06,168.48,168.48,4283
1440547200,168.48,169.91,166.68,169.91,2100
1440633600,168.48,171.34,168.48,171.34,600
1440979200,168.48,171.7,168.48,171.7,1800
1441065600,171.7,173.85,170.27,173.85,2884
1441152000,174.57,174.57,171.34,171.34,520
1441238400,168.48,168.48,168.48,168.48,500
1441497600,168.48,168.48,161.31,163.1,7107
1441584000,160.95,166.33,160.95,163.1,5285
1441670400,160.59,163.1,160.59,161.31,4000
1441756800,159.51,162.38,159.51,162.38,15451
1441843200,163.1,163.1,159.51,160.95,5907
1442102400,162.38,162.38,157.72,158.08,3700
1442188800,159.51,159.87,158.08,159.87,5200
1442275200,159.51,161.31,158.08,159.51,4900
1442361600,160.59,161.67,160.23,160.59,8412
1442448000,163.46,166.68,160.23,163.1,5317
1442880000,159.87,159.87,157.01,157.01,1500
1442966400,159.51,161.31,159.51,160.95,5780
1443052800,159.87,161.31,159.87,161.31,2905
1443398400,161.31,161.31,158.08,158.08,500
1443484800,157.01,158.8,157.01,158.44,1818
1443571200,161.31,161.31,161.31,161.31,100
1443657600,161.31,161.31,160.59,160.59,1100
1443916800,159.16,159.16,157.72,157.72,1200
1444003200,157.72,159.51,155.93,157.72,2980
1444089600,155.93,155.93,152.35,153.42,1613
1444176000,151.27,151.27,151.27,151.27,280
1444262400,153.42,156.29,153.42,156.29,700
1444521600,153.42,153.42,153.42,153.42,200
1444780800,154.14,154.14,154.14,154.14,100
1444867200,154.14,154.14,152.35,152.35,936
1445126400,151.27,151.27,151.27,151.27,100
1445212800,154.14,157.72,154.14,154.14,1980
1445731200,152.35,152.35,152.35,152.35,300
1445904000,149.48,149.84,146.97,149.84,800
1445990400,146.97,146.97,143.38,143.74,2600
1446076800,143.38,146.25,143.38,146.25,740
1446336000,149.12,150.55,149.12,150.55,471
1446422400,153.42,159.16,148.76,148.76,2180
1446508800,150.55,150.55,148.76,148.76,1700
1446595200,146.97,151.27,146.97,151.27,1200
1446681600,149.12,150.55,149.12,150.55,1300
1447027200,152.35,154.14,152.35,154.14,1000
1447113600,154.14,154.14,154.14,154.14,100
1447632000,154.5,154.5,154.14,154.14,3074
1447804800,154.85,154.85,153.06,153.06,946
1447891200,150.55,154.14,150.55,153.06,2609
1448150400,150.55,150.55,148.04,148.76,4240
1448236800,148.76,150.19,145.89,150.19,5650
1448409600,149.84,150.19,147.69,148.76,4333
1448496000,146.25,148.76,145.53,148.76,6270
1448755200,147.69,147.69,145.53,146.97,7682
1448841600,147.33,148.76,147.33,148.76,2959
1448928000,148.76,160.59,151.27,160.59,7280
1449100800,163.46,157.72,146.97,149.84,10263
1449187200,150.55,151.99,148.4,150.19,11114
1449446400,150.55,150.55,146.61,148.76,10642
1449532800,148.4,148.76,148.04,148.76,23500
1449619200,150.91,159.51,148.76,150.91,14300
1449705600,150.19,152.35,150.19,152.35,2340
1449964800,154.14,155.21,152.35,152.35,7011
1450051200,152.35,153.06,150.19,152.35,6150
1450137600,151.63,157.01,150.91,155.57,28032
1450224000,155.48,152.79,144.73,144.73,3600
1450310400,142.04,152.79,142.04,152.35,6617
1450656000,152.35,152.35,149.66,149.66,4300
1450742400,149.21,149.21,146.07,146.52,4100
1450828800,146.07,143.38,140.7,143.38,2700
1450915200,141.59,145.62,140.7,142.04,2800
1451001600,143.38,143.38,141.59,141.59,4100
1451260800,141.59,146.07,141.59,145.62,7370
1451347200,145.62,143.38,138.9,138.9,3749
1451520000,141.59,146.97,141.59,143.38,5769
1451779200,145.18,146.97,143.38,143.38,5316
1451865600,143.38,145.62,138.9,138.9,12580
1451952000,141.59,142.49,141.14,141.14,3200
1452038400,143.38,143.38,143.38,143.38,200
1452124800,145.62,146.07,143.38,144.73,5000
1452384000,144.73,145.62,143.38,145.18,1500
1452470400,145.62,145.62,143.38,143.38,600
1452556800,143.38,145.18,142.49,142.49,4165
1452643200,142.49,147.42,144.28,147.42,800
1452729600,145.62,147.42,142.94,146.07,16613
1452988800,148.76,151.0,147.86,147.86,1700
1453075200,150.1,152.35,149.21,151.45,6398
1453161600,151.0,152.35,150.1,150.1,750
1453248000,150.1,150.1,148.31,148.31,2500
1453334400,148.31,146.97,143.38,146.97,5500
1453593600,146.97,151.45,143.38,151.45,7375
1453680000,151.45,151.45,146.07,149.21,7911
1453766400,149.21,149.66,145.62,145.62,4331
1453852800,145.62,148.31,146.07,148.31,3080
1453939200,148.31,148.31,147.86,147.86,1593
1454198400,147.86,147.86,145.18,145.18,1300
1454284800,145.18,155.93,145.62,153.24,10400
1454371200,155.93,155.93,152.35,152.35,500
1454457600,152.35,152.35,147.86,147.86,4400
1454544000,147.86,147.86,146.97,147.86,1100
1454803200,147.86,153.24,147.86,151.45,3870
1454889600,151.45,148.76,146.07,146.07,2000
1455148800,146.07,146.07,136.66,146.07,8586
1455408000,144.28,144.28,140.7,140.7,1466
1455494400,143.38,143.38,143.38,143.38,263
1455580800,143.38,144.73,143.38,144.73,2801
1455667200,144.73,145.18,142.04,145.18,2400
1455753600,145.18,149.21,145.62,147.86,7198
1456012800,150.1,150.1,147.86,149.21,2300
1456099200,146.97,148.76,146.97,148.76,2733
1456185600,148.76,148.31,146.97,146.97,900
1456272000,144.73,144.73,144.28,144.28,4800
1456358400,146.97,146.97,142.49,144.28,2950
1456617600,144.28,144.73,142.04,143.38,3030
1456704000,143.38,143.38,143.38,143.38,482
1456790400,143.38,144.28,143.38,143.83,8380
1456876800,141.59,143.83,141.59,142.49,9493
1456963200,142.49,145.18,141.59,144.73,3470
1457222400,144.73,147.42,142.04,147.42,5533
1457568000,144.73,147.86,143.38,147.86,6880
1457827200,147.86,148.76,145.62,145.62,4880
1457913600,147.86,147.86,146.07,146.07,1220
1458000000,147.86,147.86,146.07,146.07,3880
1458086400,147.42,146.97,146.97,146.97,400
1458172800,148.76,149.21,146.07,146.97,5153
1458432000,146.97,149.66,146.97,147.42,6339
1458518400,147.42,148.76,147.42,147.86,4900
1458691200,145.62,147.86,145.62,147.86,1800
1458777600,147.86,148.76,146.52,146.52,5613
1459036800,146.52,148.76,146.07,146.52,13264
1459123200,146.52,151.45,148.31,150.1,7257
1459209600,147.86,148.76,147.86,148.76,3900
1459296000,148.76,154.14,150.1,150.1,1758
1459382400,150.1,149.21,148.31,148.31,541
1459641600,148.31,152.35,151.0,152.35,1560
1459728000,152.35,152.35,150.55,152.35,3000
1459814400,154.59,154.59,151.45,151.45,3858
1459900800,151.45,151.0,150.55,150.55,1850
1460246400,150.55,150.1,147.86,150.1,3245
1460332800,150.1,152.79,150.55,152.79,600
1460419200,152.79,154.14,152.79,154.14,3107
1460592000,154.14,155.93,153.24,155.93,2300
1460851200,154.59,156.38,153.24,153.69,1300
1460937600,153.69,157.27,153.69,157.27,10490
1461024000,157.27,163.55,158.17,158.17,900
1461110400,158.17,159.51,156.83,159.07,7946
1461196800,159.07,165.34,158.17,160.41,7352
1461456000,160.41,163.55,159.07,160.86,4286
1461542400,160.86,167.58,161.31,162.2,5900
1461628800,162.2,168.48,164.89,164.89,1300
1461715200,164.89,164.89,159.07,159.07,2200
1461801600,159.07,158.62,156.83,158.17,2498
1462147200,158.17,156.83,156.83,156.83,500
1462233600,156.83,163.1,159.07,159.96,77878
1462320000,159.96,163.55,156.83,161.31,7988
1462406400,161.31,164.44,159.07,164.44,4132
1462665600,164.44,163.55,161.31,161.31,2100
1462752000,161.31,162.65,160.86,162.2,3000
1462838400,163.55,163.55,161.31,163.1,6229
1462924800,163.1,166.24,160.86,165.79,2734
1463011200,163.55,165.34,161.31,161.31,35600
1463270400,161.31,163.55,161.31,163.1,7659
1463356800,163.1,163.55,158.17,161.31,34200
1463443200,159.51,162.65,159.07,162.65,3324
1463529600,162.65,168.92,161.31,163.1,28600
1463616000,163.1,165.79,161.31,163.55,2630
1463875200,163.55,165.79,158.17,161.31,123900
1463961600,161.31,163.1,159.07,161.31,3406
1464048000,161.31,163.1,158.62,161.31,1580
1464134400,161.31,161.31,158.17,159.07,2203
1464220800,159.07,159.07,155.03,155.03,9541
1464480000,155.03,158.62,155.03,156.83,5450
1464566400,156.83,159.07,154.14,154.59,7400
1464652800,154.59,157.27,154.59,155.93,6737
1464739200,155.93,157.27,152.35,156.83,11600
1464825600,156.83,163.1,156.83,159.96,3420
1465084800,159.96,175.65,163.1,175.65,64476
1465171200,175.65,193.12,163.55,172.06,122077
1465257600,169.82,172.06,165.79,168.48,12316
1465344000,168.48,177.44,165.34,165.34,7126
1465430400,165.79,170.27,159.96,164.89,19291
1465689600,164.89,174.3,165.79,165.79,6898
1465776000,165.79,172.06,162.65,164.89,11015
1465862400,168.03,174.3,166.68,170.27,20349
1465948800,171.61,171.61,168.92,169.37,9415
1466035200,169.37,172.51,166.24,166.68,9085
1466294400,166.68,168.03,164.44,165.79,14911
1466380800,165.79,166.68,163.1,164.89,13500
1466467200,164.89,165.79,163.55,163.55,7600
1466553600,166.68,170.27,164.0,169.82,28316
1466640000,169.82,170.27,168.03,170.27,6425
1466899200,170.27,170.27,166.24,169.37,8364
1466985600,169.37,171.16,165.79,166.68,4740
1467072000,166.68,168.92,166.24,168.92,11520
1467158400,168.92,173.4,170.27,170.27,13706
1467244800,170.27,172.96,167.13,170.72,8849
1467504000,170.72,172.96,169.82,169.82,13264
1467590400,169.82,170.27,166.68,170.27,10775
1467676800,168.92,169.37,168.92,168.92,1400
1467763200,169.82,179.68,166.68,172.06,102028
1468108800,172.06,176.54,170.27,172.96,31301
1468195200,172.96,170.27,168.03,168.03,34740
1468281600,168.03,170.27,164.0,166.68,9720
1468368000,166.68,170.27,162.65,169.82,7736
1468454400,170.27,170.27,166.68,168.03,12575
1468713600,168.03,172.51,166.68,166.68,8813
1468800000,166.68,170.27,167.13,167.13,20407
1468886400,169.37,172.51,166.68,172.51,6671
1468972800,172.51,173.85,163.55,169.82,50116
1469059200,169.82,174.75,169.82,170.27,13604
1469404800,170.27,176.99,172.51,174.75,8835
1469491200,174.75,180.57,172.51,178.78,30306
1469577600,178.78,196.26,181.47,196.26,73121
1469664000,196.26,207.46,189.09,195.81,77167
1469923200,195.81,199.39,185.05,185.95,23775
1470009600,185.95,196.26,184.61,190.43,37516
1470096000,190.43,191.78,184.61,188.19,15203
1470182400,188.19,188.19,182.37,187.29,22188
1470268800,187.29,185.95,179.23,179.23,13249
1470528000,179.23,192.22,179.23,179.23,18178
1470614400,179.23,181.92,172.51,173.4,13040
1470700800,176.54,186.85,176.54,186.85,400
1470787200,190.43,194.02,181.47,181.92,16962
1470873600,182.37,183.26,179.68,182.81,13249
1471132800,179.23,179.23,166.68,172.96,28115
1471219200,175.65,175.65,164.0,165.34,18075
1471305600,168.03,172.51,165.79,172.51,8975
1471392000,172.96,178.33,169.37,176.54,11044
1471737600,181.47,185.05,175.2,185.05,66554
1471824000,181.47,181.47,176.09,177.44,6950
1471910400,179.68,179.68,172.06,176.99,7564
1471996800,179.23,192.67,174.75,184.16,18667
1472342400,185.95,185.95,179.23,183.71,13790
1472428800,184.16,185.05,181.47,181.47,16814
1472515200,181.47,184.61,181.47,183.26,10400
1472601600,182.81,182.81,175.65,179.23,8140
1472688000,182.37,182.37,176.99,179.23,8546
1472947200,175.65,185.05,175.65,182.37,20356
1473033600,181.47,188.19,180.57,188.19,13178
1473120000,188.19,188.19,179.23,179.23,8886
1473206400,182.37,182.37,177.44,179.23,4466
1473292800,182.81,185.5,179.23,184.61,19695
1473552000,188.19,188.19,179.23,181.47,11900
1473638400,179.23,183.71,179.23,180.57,9354
1473811200,182.81,189.54,182.37,183.71,33072
1474156800,183.71,187.29,181.47,185.95,23708
1474329600,185.95,188.19,184.61,186.85,15050
1474416000,185.05,185.95,181.92,185.95,12128
1474502400,184.61,187.29,182.81,186.85,11996
1474761600,184.61,187.29,182.81,186.85,11996
1474848000,184.16,188.19,183.26,187.29,15024
1474934400,187.29,187.29,183.71,186.85,5818
1475020800,186.85,186.85,184.16,185.5,9205
1475107200,184.16,186.85,184.16,186.4,10119
1475366400,185.95,186.85,185.05,185.05,8790
1475452800,185.5,189.98,185.05,189.09,14399
1475539200,188.19,200.74,188.19,195.81,41045
1475625600,197.15,202.98,192.22,202.98,20696
1475712000,207.01,219.56,201.63,213.28,111249
1476576000,209.25,209.25,201.63,205.22,27927
1476662400,209.25,209.25,199.39,202.98,9200
1476748800,200.29,203.87,197.15,203.87,27842
1476835200,201.63,203.87,199.39,203.87,4896
1476921600,206.11,206.11,198.94,201.19,6800
1477180800,197.15,201.63,197.15,201.19,12559
1477267200,198.5,199.84,197.15,199.39,15405
1477353600,197.15,197.15,195.81,195.81,3302
1477440000,199.39,202.98,192.67,195.36,5200
1477526400,192.67,196.26,192.67,194.02,1950
1478131200,192.67,193.57,192.67,193.57,3100
1478476800,194.02,194.91,193.12,194.91,8904
1478563200,192.67,192.67,189.98,189.98,7000
1478649600,188.19,194.02,183.26,183.26,14300
1478736000,186.85,187.29,182.81,187.29,3773
1478995200,184.61,189.09,183.71,186.85,32527
1479081600,188.19,190.43,185.05,188.19,8030
1479168000,188.19,189.09,184.61,184.61,4648
1479254400,188.19,188.19,185.95,188.19,13270
1479340800,184.61,185.95,182.37,182.37,11652
1479600000,178.78,179.23,174.75,178.33,3898
1479686400,175.65,181.47,171.61,181.02,12340
1479772800,177.44,178.78,172.51,174.75,10869
1479859200,175.2,175.2,165.79,165.79,5400
1479945600,168.92,175.2,164.0,169.37,22282
1480204800,166.24,166.24,152.79,152.79,5400
1480291200,150.1,163.1,137.56,161.31,41630
1480377600,158.17,161.31,145.18,161.31,44634
1480464000,159.07,166.24,155.93,161.31,11108
1480550400,158.17,162.65,155.48,157.27,3894
1480809600,155.48,163.1,152.35,163.1,10750
1480896000,160.86,161.31,154.59,157.72,11325
1480982400,159.07,163.55,156.83,163.55,6636
1481068800,160.41,161.31,159.96,161.31,2175
1481155200,159.51,163.1,159.51,160.41,7833
1481414400,159.51,159.51,153.69,153.69,3943
1481500800,153.78,157.23,151.31,154.27,5162
1481673600,152.79,155.26,152.3,153.29,2400
1481760000,156.24,159.2,153.78,156.24,1785
1482019200,155.26,159.69,155.26,156.74,2450
1482105600,157.72,157.72,153.78,156.24,2650
1482192000,156.24,156.24,153.78,153.78,1021
1482278400,150.82,155.26,150.82,155.26,1498
1482364800,156.24,156.24,152.3,152.3,500
1482710400,150.82,150.82,144.91,147.86,4050
1482796800,148.85,149.34,146.39,146.88,2100
1482883200,147.86,151.31,147.86,150.82,11940
1482969600,152.79,155.75,152.3,155.75,2900
1483228800,158.71,161.67,156.74,158.71,7800
1483315200,161.67,164.62,157.72,157.72,4890
1483401600,154.76,157.72,151.81,154.27,2830
1483833600,151.31,157.72,151.31,157.72,875
1484006400,157.72,157.72,156.24,156.24,200
1484092800,157.72,157.72,155.26,157.23,3500
1484179200,155.26,155.26,154.76,155.26,700
1484438400,153.78,153.78,153.29,153.29,2200
1484524800,152.79,152.79,152.79,152.79,2655
1484611200,150.33,155.75,149.84,155.26,2208
1484697600,153.29,154.27,150.82,152.79,700
1484784000,152.79,152.79,151.31,151.31,1300
1485043200,154.27,154.27,152.3,152.3,1600
1485129600,155.26,155.26,149.34,151.81,6225
1485216000,150.33,152.3,149.84,150.82,1250
1485302400,150.82,150.82,144.91,144.91,6750
1485388800,147.37,147.86,140.47,142.94,6300
1485734400,140.47,140.47,128.64,128.64,8962
1485820800,126.18,141.46,126.18,141.46,9050
1485907200,140.47,146.88,140.47,146.88,1700
1485993600,144.41,146.88,141.46,142.94,5195
1486252800,142.94,142.94,142.94,142.94,100
1486339200,140.47,140.47,138.01,138.01,3700
1486425600,135.54,135.54,133.08,133.57,4494
1486512000,131.6,133.08,128.15,128.64,7905
1486598400,131.11,133.08,128.64,128.64,3931
1486857600,129.63,133.08,123.71,131.11,8665
1486944000,133.08,134.06,128.15,129.13,9941
1487030400,131.6,136.53,128.15,133.08,10625
1487116800,135.54,138.01,130.61,138.01,39884
1487203200,138.01,142.94,135.54,141.95,5179
1487462400,137.02,141.95,135.54,136.53,6625
1487548800,138.01,141.95,134.56,136.04,8173
1487635200,138.01,138.99,134.56,137.51,7672
1487721600,135.54,136.53,131.11,133.08,6785
1487808000,130.61,135.54,130.61,135.54,7131
1488067200,133.08,133.08,130.61,132.59,700
1488240000,130.61,130.61,125.19,128.64,5900
1488326400,131.11,132.09,129.13,132.09,14700
1488412800,134.56,144.91,134.56,144.91,31037
1488672000,147.37,155.75,146.88,150.33,17799
1488758400,150.33,152.79,147.86,150.33,13875
1488844800,147.37,147.86,144.91,145.89,10094
1489017600,147.86,150.82,147.86,147.86,7650
1489363200,150.82,153.78,147.86,147.86,8310
1489449600,147.86,148.36,145.4,146.88,9000
1489536000,147.86,147.86,147.37,147.86,6590
1489622400,149.84,149.84,145.4,146.88,6200
1489881600,146.88,151.81,149.34,151.81,3827
1489968000,149.34,160.19,149.34,158.71,16167
1490054400,160.19,162.16,152.79,162.16,12856
1490140800,165.12,171.03,160.19,160.19,14975
1490227200,160.19,160.19,158.71,159.2,2975
1490486400,161.67,168.07,161.67,168.07,11535
1490659200,168.07,175.96,161.67,172.51,22065
1490745600,172.51,173.49,165.12,167.58,19114
1490832000,167.58,170.04,162.65,166.59,16651
1491091200,166.59,174.97,164.13,174.97,8473
1491177600,178.42,188.77,169.55,169.55,15079
1491264000,172.51,179.41,169.06,177.44,13752
1491436800,178.42,174.97,172.51,172.51,19284
1491696000,169.06,172.51,169.06,169.55,13120
1491782400,172.51,175.47,171.03,175.47,8600
1491868800,176.94,177.44,174.48,176.94,3400
1491955200,180.39,183.35,174.97,175.47,21761
1492041600,172.02,177.44,172.02,176.45,2245
1492300800,173.0,173.99,170.54,170.54,7740
1492473600,168.07,170.54,164.62,167.58,5799
1492560000,166.59,174.48,169.55,174.48,2456
1492646400,173.99,177.44,172.51,175.96,4035
1492905600,179.41,186.31,175.47,175.96,2200
1492992000,173.49,173.99,172.51,172.51,5900
1493078400,175.96,175.96,171.52,174.97,15296
1493164800,176.45,176.45,172.02,173.0,2700
1493251200,172.51,182.37,170.04,179.41,3925
1493510400,175.96,175.96,172.51,172.51,15120
1493683200,172.51,172.51,169.06,169.06,2228
1493769600,172.02,175.47,172.02,172.02,13485
1493856000,173.99,174.97,170.04,171.03,5725
1494115200,173.0,173.0,165.61,167.58,11375
1494201600,168.57,175.47,167.09,175.47,41250
1494288000,175.47,176.45,172.51,175.96,3500
1494460800,175.47,177.44,172.51,175.96,13600
1494806400,179.41,182.86,172.51,177.44,19379
1494892800,177.44,180.89,175.47,175.47,6448
1494979200,177.44,179.9,177.44,177.44,1894
1495065600,177.44,180.39,171.52,180.39,10781
1495324800,183.84,183.84,176.45,176.45,4216
1495411200,177.44,177.44,176.94,177.44,2900
1495497600,178.42,180.89,177.93,178.42,10795
1495584000,177.93,179.41,175.96,175.96,2975
1495929600,178.42,179.9,175.47,177.44,14335
1496102400,179.9,179.9,175.47,177.44,68001
1496188800,177.44,179.9,175.47,179.9,15086
1496275200,179.9,181.38,176.45,177.93,7625
1496534400,175.96,176.45,175.96,176.45,1550
1496620800,177.44,179.41,176.45,176.45,3732
1496707200,176.94,182.37,176.45,181.87,32462
1496793600,184.34,184.34,177.44,179.41,5449
1496880000,182.37,182.37,174.97,174.97,10645
1497139200,173.0,178.42,171.52,178.42,18027
1497225600,176.45,176.45,172.51,176.45,3143
1497312000,173.0,177.44,173.0,177.44,2222
1497398400,176.94,177.44,173.49,173.49,8385
1497484800,175.96,176.45,170.04,176.45,8637
1497744000,176.45,175.96,171.03,174.97,13879
1497830400,172.02,173.0,170.04,173.0,10460
1497916800,170.54,173.0,168.57,170.54,16421
1498003200,172.02,173.0,168.57,173.0,17973
1498089600,173.99,174.97,171.52,174.97,17318
1498348800,173.49,175.96,173.0,175.47,9003
1498521600,177.93,177.93,173.0,175.96,12754
1498608000,174.97,177.93,170.54,176.94,21053
1498953600,175.47,179.9,173.99,179.9,18433
1499040000,177.44,177.44,175.96,176.45,6675
1499126400,174.97,177.93,173.0,177.44,4120
1499212800,176.94,178.42,176.45,177.44,10922
1499299200,177.93,182.37,176.45,182.37,15947
1499558400,182.37,183.35,173.0,180.39,17935
1499644800,177.44,179.41,177.44,177.93,203779
1499731200,178.92,180.89,178.92,180.39,3060
1499817600,180.39,180.39,175.96,180.39,209173
1499904000,180.39,180.39,177.44,177.44,8019
1500163200,177.44,178.42,176.45,176.94,6234
1500249600,177.93,178.92,177.44,177.44,7064
1500336000,179.9,184.83,178.42,182.37,11700
1500422400,185.32,185.32,180.39,184.34,14552
1500508800,182.37,182.86,182.37,182.37,2263
1500768000,182.37,183.35,180.39,182.37,5351
1500854400,182.37,181.87,179.41,179.9,3110
1500940800,178.92,179.9,177.93,179.9,3998
1501027200,179.9,182.37,178.92,182.37,1030
1501113600,179.41,179.9,179.41,179.41,1422
1501372800,177.44,180.89,177.44,180.89,5105
1501459200,183.84,197.15,182.37,191.73,54015
1501545600,192.22,196.17,189.76,189.76,23006
1501632000,193.21,194.2,186.8,189.76,6248
1501718400,189.76,188.28,183.84,188.28,4818
1501977600,189.76,190.75,183.84,185.32,6945
1502064000,188.77,192.22,186.31,187.29,12269
1502236800,187.29,189.76,186.31,189.27,13695
1502323200,187.29,189.76,186.31,189.76,9936
1502582400,186.8,187.29,184.83,185.82,10450
1502755200,182.37,184.34,182.37,183.35,900
1502841600,186.8,188.28,182.37,184.83,3007
1502928000,184.83,185.32,183.35,185.32,5460
1503187200,182.37,188.77,182.37,184.83,9202
1503273600,181.87,185.32,181.87,185.32,13955
1503360000,184.83,187.29,184.83,185.82,3865
1503446400,185.32,186.31,184.83,185.32,4198
1503532800,185.32,186.8,185.82,185.82,3017
1503792000,185.82,184.83,184.34,184.34,4228
1503878400,183.84,184.34,183.84,183.84,970
1504051200,183.84,182.37,180.89,182.37,2697
1504137600,182.37,181.38,179.41,179.9,8868
1504483200,183.35,183.35,177.93,178.92,9936
1504656000,180.89,180.89,177.93,178.92,870
1504742400,177.93,180.39,177.44,178.42,13618
1505001600,175.47,175.96,172.51,175.96,17934
1505088000,175.96,177.44,175.96,177.44,1040
1505174400,174.48,176.45,174.48,174.97,3800
1505260800,173.99,175.96,172.51,175.96,5450
1505347200,177.93,177.93,175.47,177.44,12451
1505606400,174.97,178.42,174.97,176.45,5825
1505692800,176.94,177.44,175.47,175.47,5283
1505865600,175.96,176.94,175.96,175.96,6680
1506297600,174.48,176.45,174.48,176.45,1255
1506384000,176.45,176.45,176.45,176.45,500
1506988800,176.45,176.45,176.45,176.45,1200
1507075200,173.0,179.9,173.0,179.9,13291
1507420800,176.45,176.45,173.0,174.97,1317
1507507200,173.49,175.47,172.51,175.47,2800
1507593600,177.44,177.44,173.99,173.99,6700
1507680000,177.44,177.44,175.96,175.96,8001
1507766400,175.96,176.45,175.47,176.45,600
1508025600,176.45,177.44,176.45,177.44,1891
1508112000,177.44,183.35,177.44,183.35,4909
1508198400,179.9,182.37,179.9,182.37,600
1508284800,178.92,183.35,178.92,183.35,4450
1508630400,183.35,183.35,177.93,177.93,9090
1508716800,177.93,179.9,174.48,177.93,7129
1508803200,177.93,177.93,176.45,177.44,1607
1508889600,179.41,179.41,174.97,177.93,11550
1509235200,179.41,179.41,175.96,176.94,16802
1509321600,174.97,174.97,173.49,174.48,310
1509408000,173.0,173.0,172.51,172.51,500
1509494400,172.51,175.96,172.51,173.49,1300
1509580800,172.51,172.51,171.52,172.51,2870
1509840000,171.52,172.02,167.58,171.52,3885
1509926400,171.52,172.51,169.06,172.02,842
1510012800,172.51,172.51,167.09,170.04,2494
1510099200,167.09,169.06,162.65,162.65,14470
1510185600,165.12,166.59,162.65,162.65,6312
1510444800,162.65,165.12,162.16,164.62,6780
1510531200,167.58,167.58,161.67,164.62,24087
1510617600,163.64,165.12,162.65,164.62,15015
1510704000,165.12,165.12,162.65,163.14,12460
1510790400,160.19,161.17,158.21,158.71,12913
1511049600,158.71,158.71,152.3,152.3,72575
1511136000,152.47,155.31,148.51,150.21,1400
1511222400,147.94,152.47,147.94,150.21,1411
1511308800,150.21,155.31,148.51,155.31,2860
1511395200,155.31,158.14,154.17,154.74,2252
1511654400,154.74,157.57,155.87,155.87,3100
1511740800,153.61,155.87,151.34,151.34,5615
1511827200,153.04,154.74,153.04,154.17,2200
1511913600,156.44,160.98,154.17,159.27,6699
1512000000,162.11,164.38,158.71,159.84,9480
1512345600,159.27,160.98,159.27,159.84,10283
1512432000,159.84,159.84,157.57,158.71,3439
1512518400,155.87,167.21,155.87,158.71,15444
1512864000,161.54,164.38,159.84,159.84,3200
1512950400,161.54,161.54,156.44,158.71,4828
1513036800,157.01,157.01,156.44,156.44,1100
1513123200,156.44,158.71,155.87,158.71,6100
1513209600,155.87,155.87,155.87,155.87,1400
1513468800,155.31,156.44,154.74,156.44,4177
1513555200,158.71,158.71,155.31,155.31,3639
1513641600,154.17,154.74,153.61,153.61,2715
1513728000,153.61,154.17,153.61,154.17,1163
1513814400,157.01,157.57,154.17,154.17,4301
1514073600,155.87,155.87,153.04,153.04,4200
1514246400,152.47,153.04,151.91,153.04,1405
1514332800,151.34,152.47,151.34,152.47,600
1514419200,151.34,152.47,150.77,152.47,1185
1514678400,150.21,153.04,150.21,153.04,2090
1514764800,153.04,161.54,153.04,161.54,3337
1514851200,158.71,161.54,155.87,157.01,5139
1514937600,154.74,154.74,154.17,154.74,700
1515024000,154.17,157.57,154.17,154.74,866
1515369600,154.17,154.17,153.04,153.04,1700
1515456000,153.04,159.84,154.17,159.27,4900
1515542400,161.54,161.54,158.71,158.71,1800
1515888000,159.84,159.84,157.01,157.01,1700
1516060800,155.87,155.87,155.87,155.87,853
1516147200,155.31,155.87,154.74,154.74,2030
1516492800,154.17,157.57,154.17,157.57,800
1516665600,154.74,154.74,152.47,154.17,1625
1516752000,155.87,155.87,154.74,154.74,1200
1516838400,157.01,157.01,157.01,157.01,140
1517097600,155.87,157.01,153.04,154.17,3100
1517184000,153.61,153.61,153.04,153.04,3200
1517356800,153.04,155.87,153.04,155.87,4325
1517443200,154.17,156.44,154.17,155.31,3950
1517702400,154.74,154.74,153.61,153.61,3780
1517788800,153.04,153.61,153.04,153.04,6640
1517875200,151.91,153.61,151.91,152.47,24500
1517961600,154.74,154.74,151.34,151.34,828
1518048000,152.47,153.04,151.34,151.34,4906
1518307200,151.91,151.91,151.34,151.34,3200
1518393600,151.34,151.34,150.77,150.77,4189
1518566400,150.21,150.77,149.64,150.77,3629
1518652800,153.61,155.31,153.04,153.04,4391
1518912000,153.04,155.87,149.07,149.07,11697
1519084800,151.91,151.91,149.64,141.14,3876
1519171200,149.64,149.64,148.51,148.51,13308
1519257600,148.51,148.51,147.37,147.37,2486
1519516800,146.24,147.37,146.24,147.37,1197
1519603200,150.21,150.21,142.84,142.84,3826
1519689600,145.1,145.67,143.97,145.67,1374
1519776000,143.4,143.4,142.84,143.4,500
1520121600,141.7,142.84,138.87,139.44,3543
1520208000,137.74,141.14,137.17,141.14,1396
1520294400,138.87,142.84,136.04,138.87,2881
1520380800,141.14,143.97,140.57,140.57,3725
1520726400,140.57,138.3,136.6,136.6,1067
1520812800,136.6,137.74,134.33,134.33,4096
1520899200,132.63,141.7,130.37,141.7,21131
1520985600,144.54,144.54,136.04,138.3,14024
1521072000,136.04,147.94,136.04,145.1,8158
1521331200,142.27,142.27,138.3,138.3,9955
1521417600,140.57,140.57,136.04,136.04,4790
1521504000,136.04,139.44,136.04,137.74,3713
1521590400,137.17,139.44,135.47,137.74,4156
1521676800,136.6,139.44,132.63,132.63,16896
1522022400,130.37,130.93,125.83,125.83,9059
1522108800,125.83,136.04,125.83,134.9,2014
1522195200,134.33,137.17,133.77,136.04,6833
1522281600,134.9,136.04,134.33,136.04,6813
1522540800,133.77,133.77,130.93,133.2,3770
1522627200,133.2,133.2,131.5,131.5,315
1522713600,133.2,133.2,133.2,133.2,1189
1522800000,135.47,137.17,134.33,136.6,1082
1522886400,136.04,138.3,136.04,136.04,7798
1523145600,138.3,145.67,137.74,143.97,9583
1523232000,143.97,143.97,138.87,140.57,2442
1523318400,140.57,142.84,140.0,141.7,2598
1523404800,143.97,143.97,137.74,138.87,3477
1523491200,140.57,141.14,137.74,141.14,2440
1523750400,141.14,141.7,138.87,141.7,4270
1523836800,141.7,146.8,141.14,144.54,12091
1523923200,144.54,150.21,144.54,149.64,17107
1524009600,152.47,160.41,145.1,153.61,16474
1524096000,155.87,158.14,151.34,155.31,16130
1524355200,155.31,160.41,155.31,159.27,19508
1524441600,157.01,158.14,149.07,152.47,14083
1524528000,155.31,155.31,147.94,151.91,8385
1524614400,151.91,151.91,149.07,149.64,3006
1524700800,147.37,153.04,146.8,146.8,53313
1524960000,145.1,152.47,144.54,150.21,10264
1525219200,150.21,151.91,149.07,151.91,1800
1525305600,153.04,153.04,148.51,150.77,12637
1525564800,148.51,149.64,143.4,147.37,7699
1525651200,147.37,150.21,144.54,145.67,4950
1525737600,144.54,147.94,143.4,147.94,3335
1525824000,147.94,150.77,147.94,147.94,200
1525910400,147.94,148.51,145.1,145.1,1078
1526256000,144.54,147.37,144.54,146.24,2652
1526342400,146.24,146.24,143.4,143.4,412
1526428800,142.84,147.37,142.84,147.37,1336
1526515200,147.37,147.94,145.1,147.94,2475
1526774400,146.8,147.37,145.1,145.1,2872
1526860800,144.54,147.37,143.97,147.37,4381
1526947200,145.1,147.94,144.54,147.94,3407
1527033600,147.37,147.37,145.1,147.37,363
1527120000,147.37,147.37,143.97,147.37,1895
1527379200,144.54,144.54,143.4,143.4,968
1527465600,143.4,151.91,142.27,151.91,3018
1527552000,150.21,150.21,148.51,148.51,600
1527638400,145.67,151.34,145.67,148.51,3850
1527724800,147.37,147.37,142.84,146.8,4912
1527984000,143.97,143.97,141.14,141.7,4000
1528070400,138.87,143.4,138.87,139.44,2062
1528243200,140.57,140.57,137.74,138.3,8746
1528329600,140.57,140.57,137.74,138.3,8746
1528588800,136.6,138.3,134.33,135.47,5829
1528675200,136.6,141.14,136.6,140.0,1950
1528761600,140.0,140.0,137.17,137.17,550
1528848000,136.6,138.87,136.04,138.3,5445
1528934400,138.87,141.14,138.87,141.14,650
1529193600,143.4,146.24,142.27,146.24,300
1529539200,143.4,143.4,137.74,137.74,3778
1529798400,139.44,140.0,137.74,137.74,2509
1529884800,137.74,137.74,137.74,137.74,100
1529971200,135.47,136.04,133.2,133.2,4688
1530057600,134.33,136.6,134.33,134.33,1500
1530144000,133.2,134.9,130.37,134.33,102478
1530403200,133.2,135.47,132.63,132.63,2670
1530489600,136.04,136.6,136.04,136.04,3599
1530576000,133.2,134.33,131.5,134.33,1972
1530662400,136.04,136.04,134.33,134.9,10862
1530748800,136.04,140.0,135.47,140.0,6793
1531008000,139.44,144.54,137.74,144.54,900
1531180800,147.37,147.37,144.54,144.54,200
1531267200,147.37,147.37,134.33,134.33,1859
1531353600,136.6,138.87,130.37,130.37,9938
1531612800,132.63,137.17,132.63,135.47,2002
1531699200,136.04,137.74,136.04,137.74,1300
1531785600,135.47,135.47,132.63,132.63,6000
1531872000,132.63,132.63,132.63,132.63,530
1531958400,133.2,135.47,132.63,135.47,3478
1532217600,133.77,133.77,131.5,131.5,643
1532390400,130.37,139.44,130.37,136.6,4497
1532476800,134.9,134.9,134.33,134.9,1539
1532563200,133.2,138.87,132.63,138.87,1800
1532822400,141.14,143.4,136.6,136.6,1027
1532908800,136.04,136.04,136.04,136.04,1105
1532995200,138.3,138.3,133.77,133.77,1223
1533081600,134.9,136.04,134.9,136.04,3616
1533168000,136.04,136.6,136.04,136.04,3599
1533427200,133.77,136.04,133.77,136.04,2551
1533513600,134.9,136.04,134.9,135.47,4486
1533600000,133.77,138.87,133.77,138.87,841
1533686400,141.14,143.4,141.14,143.4,200
1533772800,140.57,140.57,140.57,140.57,100
1534032000,142.84,142.84,142.84,142.84,100
1534118400,140.0,143.97,137.74,140.57,4790
1534204800,138.3,140.57,136.04,140.57,3194
1534291200,139.44,142.27,138.3,141.7,5803
1534377600,141.7,144.54,140.0,140.0,6003
1534636800,138.87,138.87,137.17,138.3,700
1534723200,134.9,137.17,134.9,136.6,3375
1534809600,136.04,136.6,136.04,136.6,1610
1534896000,138.87,140.57,136.6,136.6,1020
1534982400,134.9,136.04,132.63,136.04,5300
1535241600,136.6,136.6,135.47,136.6,2600
1535414400,136.04,137.17,136.04,137.17,2374
1535500800,138.87,138.87,137.17,137.17,2088
1535587200,136.04,137.74,136.04,136.04,2220
1535846400,135.47,139.44,135.47,137.74,7381
1535932800,141.14,143.4,138.87,138.87,3131
1536019200,140.0,141.14,140.0,140.57,2245
1536105600,142.27,142.84,139.44,141.7,2133
1536192000,144.54,144.54,140.57,141.7,4845
1536451200,141.7,141.7,141.7,141.7,500
1536537600,138.87,138.87,137.17,137.17,777
1536624000,139.44,141.7,139.44,141.7,2566
1536710400,141.7,141.7,141.7,141.7,1345
1536796800,144.54,145.1,141.7,145.1,1801
1537056000,145.67,145.67,145.67,145.67,500
1537142400,143.4,143.4,142.84,143.4,500
1537228800,143.4,143.97,140.57,140.57,5284
1537401600,140.57,142.84,140.57,142.84,10767
1537660800,141.14,143.4,141.14,143.4,1915
1537833600,143.97,144.54,143.97,144.54,1778
1537920000,143.97,143.97,141.7,143.97,2844
1538006400,146.8,146.8,145.1,145.1,300
1538265600,142.27,144.54,141.7,142.27,201412
1538352000,143.97,145.1,141.14,141.14,6875
1538438400,140.0,142.27,140.0,141.14,2115
1538524800,141.7,142.27,140.0,142.27,11706
1538611200,141.14,141.7,138.87,139.44,3045
1538870400,137.74,138.87,136.04,136.6,70549
1538956800,138.87,143.4,138.87,141.14,729
1539043200,139.44,139.44,139.44,139.44,100
1539129600,138.87,138.87,137.17,138.87,873
1539216000,137.17,137.17,134.9,134.9,12580
1539475200,137.17,142.84,137.17,140.0,1110
1539561600,142.27,142.27,140.57,140.57,865
1540080000,139.44,139.44,138.87,138.87,1500
1540166400,139.44,141.7,139.44,141.7,12869
1540252800,144.54,144.54,141.7,141.7,400
1540339200,143.97,149.64,141.7,147.37,1102
1540425600,144.54,144.54,144.54,144.54,200
1540684800,147.37,150.21,139.44,146.24,2464
1540771200,143.4,143.4,140.57,140.57,1315
1540857600,139.44,139.44,138.3,138.3,3256
1540944000,138.87,138.87,138.3,138.3,515
1541030400,137.74,141.7,136.6,139.44,3275
1541289600,141.7,141.7,138.87,138.87,1500
1541376000,141.14,143.4,141.14,143.4,200
1542153600,141.14,141.14,138.87,138.87,1379
1542240000,138.87,140.0,138.87,140.0,100
1542499200,140.0,142.84,140.0,141.14,13522
1542585600,140.57,141.7,139.44,139.44,4537
1542672000,139.44,141.14,138.87,139.44,3579
1542758400,139.44,140.0,136.6,136.6,5172
1542844800,136.6,140.57,136.6,138.87,1650
1543104000,139.12,139.44,136.6,136.6,51250
1543190400,136.6,138.87,134.9,134.9,8971
1543276800,134.9,138.87,134.9,136.04,4711
1543363200,136.04,139.44,135.47,136.04,155622
1543449600,136.04,138.3,135.47,136.04,3769
1543708800,136.04,136.04,132.63,133.2,11923
1543795200,133.2,136.04,132.63,132.63,6100
1543881600,132.63,134.9,132.63,132.63,8012
1544054400,132.07,136.04,130.37,131.5,14537
1544313600,131.5,133.2,131.5,132.63,6800
1544400000,132.63,134.33,132.63,134.33,9877
1544486400,134.33,135.47,132.07,132.63,39724
1544572800,132.63,132.63,112.8,116.76,8212
1544659200,128.44,129.69,125.95,127.82,3856
1544918400,127.82,128.44,125.95,128.44,2455
1545004800,128.44,129.69,127.82,127.82,9203
1545091200,127.82,127.82,126.57,127.82,1310
1545177600,127.19,127.19,126.57,126.57,580
1545264000,126.57,126.57,124.08,124.08,600
1545523200,124.08,130.31,124.08,130.31,4700
1545609600,130.31,130.93,127.82,129.06,3300
1545696000,129.06,129.06,127.19,127.19,200
1545782400,127.19,131.56,127.19,131.56,4555
1545868800,131.56,133.43,125.32,125.95,4096
1546128000,125.95,128.44,125.95,128.44,3100
1546214400,128.44,129.69,127.19,127.19,2216
1546300800,127.19,129.06,125.95,126.57,1820
1546387200,126.57,127.19,125.95,125.95,528
1546473600,125.95,129.06,125.32,127.82,12229
1546732800,127.82,127.82,125.95,127.19,7752
1546819200,127.19,128.44,126.57,128.44,5900
1546905600,128.44,128.44,127.19,127.19,545
1546992000,127.19,127.82,127.19,127.82,2400
1547078400,127.82,127.82,127.19,127.19,750
1547337600,127.19,127.19,126.57,126.57,960
1547424000,126.57,128.44,126.57,127.82,1800
1547510400,127.82,127.82,127.19,127.82,3602
1547596800,127.82,127.82,127.82,127.82,362
1547683200,127.82,128.44,127.19,127.19,1550
1547942400,127.19,128.44,127.19,127.82,627
1548028800,127.82,128.44,125.95,125.95,4140
1548115200,125.95,128.44,125.95,127.82,9912
1548201600,127.82,127.82,127.19,127.19,250
1548288000,127.19,129.06,127.19,127.82,4924
1548547200,127.82,127.82,125.95,126.57,7090
1548633600,126.57,127.19,124.7,126.57,5803
1548720000,126.57,127.19,124.7,126.57,4604
1548806400,126.57,127.82,125.32,126.57,3684
1548892800,126.57,127.82,124.7,127.82,4352
1549152000,126.57,127.82,125.95,125.95,1246
1549238400,125.95,126.57,125.32,126.57,2607
1549324800,127.82,127.82,125.95,126.57,1865
1549411200,125.32,126.57,125.32,125.32,1647
1549497600,125.32,125.95,125.32,125.32,100000
1549756800,126.57,127.19,125.32,127.19,4533
1549843200,127.82,129.06,127.19,128.44,6842
1549929600,129.06,129.06,127.82,127.82,4900
1550016000,127.82,128.44,126.57,128.44,1200
1550102400,125.95,128.44,125.95,125.95,2202
1550361600,127.19,127.19,125.95,125.95,577
1550448000,127.82,128.44,125.95,127.82,1591
1550534400,128.44,128.44,127.82,128.44,500
1550620800,127.19,128.44,127.19,127.19,1340
1550707200,127.19,127.19,127.19,127.19,635
1550966400,125.95,127.19,125.95,127.19,240
1551052800,126.57,127.19,126.57,126.57,350
1551139200,125.95,127.82,124.7,124.7,3410
1551225600,127.19,127.19,124.7,124.7,4272
1551571200,125.32,125.95,124.7,125.32,4055
1551744000,125.95,125.95,125.32,125.95,1513
1551830400,128.44,128.44,125.95,127.82,384
1551916800,125.32,127.82,124.7,127.19,1459
1552089600,125.95,127.82,125.32,127.82,1566
1552176000,125.95,127.82,125.32,127.82,1566
1552262400,127.19,127.82,127.19,127.82,510
1552348800,130.31,130.31,127.82,128.44,6550
1552435200,129.06,129.69,127.19,127.19,3644
1552521600,128.44,130.93,128.44,130.93,500
1552780800,133.43,133.43,128.44,128.44,1737
1552867200,128.44,128.44,127.19,127.19,2442
1552953600,127.82,127.82,127.19,127.19,400
1553126400,128.44,128.44,125.95,127.82,5871
1553385600,125.95,127.19,125.95,126.57,1430
1553472000,127.19,127.19,124.7,127.19,8195
1553558400,127.19,127.19,127.19,127.19,253
1553644800,127.19,129.69,129.69,129.69,100
1553731200,132.18,134.05,126.57,127.19,11700
1553990400,126.57,129.06,126.57,127.82,595
1554076800,129.69,130.31,129.69,130.31,400
1554163200,131.56,132.8,129.69,132.18,3500
1554249600,134.05,134.05,127.82,130.31,7728
1554336000,129.06,129.06,127.82,127.82,1770
1554595200,130.31,130.31,127.82,127.82,1448
1554768000,128.44,129.69,127.82,128.44,1500
1554854400,129.06,129.06,129.06,129.06,1100
1554940800,129.69,130.31,128.44,128.44,2161
1555286400,129.69,129.69,128.44,129.06,3255
1555372800,129.06,130.93,129.06,130.93,3384
1555459200,130.93,131.56,130.93,130.93,2200
1555545600,130.31,132.8,130.31,132.8,1131
1555804800,130.93,135.3,130.93,135.3,3127
1555891200,137.17,137.79,132.8,132.8,9688
1555977600,131.56,131.56,130.93,130.93,800
1556064000,132.8,135.92,132.8,135.3,2853
1556150400,137.79,139.04,135.3,138.42,11424
1556409600,140.91,147.77,140.29,147.14,6881
1556496000,147.77,149.64,141.53,145.27,8971
1556582400,144.03,144.65,140.91,143.4,12860
1556755200,141.53,144.65,141.53,143.4,6439
1557014400,142.16,143.4,140.91,140.91,8274
1557100800,140.91,142.16,139.04,142.16,3212
1557187200,142.78,154.63,142.78,149.64,30118
1557273600,149.64,149.64,145.9,147.14,8968
1557360000,149.02,149.02,143.4,145.27,3959
1557619200,142.78,152.13,141.53,151.51,19408
1557705600,150.89,155.87,149.64,154.63,21194
1557792000,155.25,157.74,152.13,152.76,33056
1557878400,155.25,156.5,150.89,150.89,11316
1557964800,150.89,155.87,149.02,149.02,8314
1558224000,151.51,151.51,148.39,149.02,6653
1558310400,147.77,150.26,147.14,147.77,11922
1558396800,146.52,149.02,146.52,147.14,3888
1558483200,147.77,152.76,147.77,149.64,21110
1558569600,151.51,161.49,148.39,152.76,57760
1558828800,155.25,157.74,151.51,152.13,8445
1558915200,150.26,152.76,149.02,151.51,8075
1559001600,151.51,151.51,149.02,150.89,3087
1559088000,152.76,153.38,148.39,150.26,12203
1559174400,152.76,152.76,149.02,149.64,22158
1559433600,149.02,149.02,147.14,149.02,10980
1559520000,147.77,149.02,147.77,147.77,5413
1559606400,147.14,149.02,144.65,149.02,10919
1559779200,151.51,152.13,149.02,149.02,20639
1560124800,144.65,149.64,144.65,146.52,8034
1560211200,147.14,149.02,145.27,145.27,8450
1560297600,145.9,146.52,144.65,145.27,15780
1560384000,143.4,147.14,143.4,145.27,4879
1560643200,144.65,145.27,142.78,143.4,6476
1560729600,143.4,145.9,143.4,145.27,4440
1560816000,145.27,147.14,144.65,144.65,4350
1560902400,145.9,145.9,143.4,144.03,5600
1560988800,144.65,146.52,144.03,144.03,7220
1561248000,144.65,145.27,143.4,143.4,21772
1561334400,145.9,147.14,145.9,145.9,20500
1561420800,145.9,145.9,143.4,144.03,8864
1561507200,144.65,147.14,144.65,144.65,377
1561593600,145.27,145.9,144.03,145.9,2827
1561852800,146.52,146.52,144.65,145.9,2648
1561939200,145.9,145.9,143.4,144.65,4932
1562025600,144.65,145.9,144.03,145.9,1100
1562112000,145.9,145.9,144.65,145.9,5480
1562198400,145.27,145.27,143.4,144.03,8219
1562457600,143.4,145.27,143.4,145.27,8219
1562544000,144.03,144.65,143.4,144.65,7786
1562630400,144.65,144.65,143.4,143.4,3998
1562716800,144.03,144.03,143.4,144.03,4956
1562803200,145.9,145.9,142.16,142.16,22134
1563062400,144.03,149.02,143.4,143.4,7449
1563148800,144.65,145.9,144.65,145.27,1606
1563235200,152.13,152.13,152.13,152.13,100
1563321600,149.64,149.64,144.65,147.14,4743
1563408000,149.64,149.64,145.27,145.27,2330
1563667200,144.03,146.52,144.03,144.65,915
1563753600,144.03,145.9,142.16,145.9,1303
1563840000,147.14,147.77,144.65,145.27,4497
1563926400,145.27,149.02,145.27,147.77,16292
1564012800,148.39,149.02,146.52,146.52,3916
1564272000,144.65,146.52,144.03,145.9,7465
1564358400,144.65,148.39,144.65,145.9,2310
1564444800,146.52,146.52,146.52,146.52,1100
1564531200,147.77,147.77,146.52,147.14,4660
1564617600,146.52,147.77,145.9,145.9,3438
1564876800,146.52,146.52,144.65,144.65,1242
1564963200,144.65,145.9,144.65,145.9,820
1565049600,145.27,145.27,143.4,144.03,5726
1565136000,146.52,147.14,144.65,144.65,24039
1565222400,143.4,144.03,143.4,143.4,3797
1565481600,143.4,144.65,143.4,144.65,4616
1565568000,144.65,145.9,144.65,145.9,4401
1565654400,145.9,145.9,144.65,144.65,1200
1565740800,145.27,145.27,143.4,143.4,1957
1565827200,145.27,145.27,143.4,144.65,1776
1566086400,144.65,144.65,142.16,144.65,8974
1566172800,144.65,146.52,142.78,143.4,72599
1566259200,142.16,144.65,140.91,144.03,189755
1566345600,145.27,145.27,140.91,142.16,180509
1566432000,144.03,144.03,142.78,142.78,2382
1566691200,142.16,143.4,142.16,143.4,2332
1566777600,142.16,142.78,142.16,142.16,1700
1566864000,143.4,143.4,142.16,142.16,959
1566950400,143.4,143.4,140.29,142.16,6690
1567036800,142.78,144.65,142.16,142.16,2243
1567296000,141.53,141.53,140.91,140.91,2300
1567382400,142.78,143.4,138.42,139.66,24359
1567468800,137.17,140.29,135.92,140.29,7728
1567555200,141.53,142.78,140.29,140.91,2670
1567641600,140.91,140.91,138.42,138.42,1400
1567900800,138.42,139.04,137.79,139.04,3701
1567987200,139.04,139.04,135.92,135.92,4581
1568073600,137.17,139.66,135.3,139.66,2300
1568160000,137.79,139.66,135.92,136.55,208860
1568246400,137.17,137.17,135.3,135.3,6700
1568505600,134.67,134.67,132.8,132.8,3793
1568592000,132.18,135.3,131.56,132.18,16043
1568678400,133.43,137.79,133.43,135.3,2159
1568764800,137.79,139.04,134.05,138.42,4113
1568851200,139.04,139.04,135.92,135.92,4710
1569110400,134.67,134.67,131.56,131.56,1838
1569196800,132.18,134.05,130.93,130.93,4084
1569283200,133.43,133.43,133.43,133.43,1370
1569456000,135.3,135.3,132.8,133.43,850
1569715200,130.93,130.93,130.31,130.31,2250
1569801600,132.18,135.3,132.18,135.3,1629
1569888000,135.3,136.55,134.67,135.3,5442
1569974400,134.67,134.67,131.56,131.56,1618
1570060800,132.8,134.05,124.7,132.8,156504
1570665600,130.93,132.18,130.93,132.18,2700
1571011200,132.18,132.18,128.44,129.06,7473
1571097600,129.06,130.31,127.82,129.06,9901
1571184000,129.69,129.69,128.44,128.44,1638
1571270400,129.06,129.69,127.82,129.06,5400
1571616000,131.56,131.56,127.82,129.69,12864
1571702400,129.69,130.93,128.44,128.44,3900
1571788800,129.69,130.31,128.44,129.06,19315
1571875200,127.82,130.93,127.19,129.06,21883
1572480000,129.69,129.69,129.69,129.69,500
1572739200,129.69,129.69,128.44,129.69,16308
1572825600,130.93,130.93,129.69,129.69,700
1572912000,129.69,129.69,129.06,129.06,1318
1572998400,129.06,129.06,128.44,129.06,1500
1573084800,129.06,129.06,127.19,128.44,6321
1573344000,127.19,127.19,126.57,127.19,3462
1573430400,129.69,130.31,129.06,130.31,3350
1573516800,130.31,130.31,127.19,129.06,1320
1573603200,129.69,129.69,127.19,129.06,3557
1573689600,129.06,129.69,129.06,129.06,500
1573948800,129.06,129.06,125.32,126.57,7667
1574035200,126.57,127.19,125.95,127.19,2578
1574121600,129.69,134.05,129.69,132.18,61640
1574208000,134.05,134.67,130.93,131.56,10745
1574294400,132.18,132.18,130.31,130.31,4720
1574553600,130.93,130.93,129.06,129.06,9601
1574640000,129.06,130.31,129.06,130.31,3071
1574726400,130.31,130.31,129.06,129.69,5699
1574812800,130.93,130.93,129.06,130.31,6552
1574899200,132.18,132.18,129.69,129.69,6478
1575158400,129.69,130.93,128.44,130.31,3606
1575244800,130.93,130.93,129.06,129.06,5032
1575331200,128.44,130.93,128.44,129.69,1700
1575417600,130.93,132.18,128.44,129.06,7176
1575504000,129.69,130.93,129.06,129.06,7619
1575763200,129.69,132.18,128.44,130.93,7250
1575849600,130.93,132.18,130.31,130.93,11458
1575936000,132.8,134.67,130.93,134.67,53373
1576022400,135.52,137.67,135.52,136.95,6770
1576108800,136.95,136.95,136.23,136.95,3550
1576368000,136.95,136.95,134.8,134.8,1277
1576454400,133.37,135.52,132.65,132.65,6234
1576540800,131.93,132.65,131.21,131.21,4700
1576627200,133.37,133.37,126.91,126.91,12782
1576713600,125.48,135.52,125.48,129.06,3495
1576972800,129.06,132.65,129.06,132.65,5579
1577059200,132.65,136.95,130.5,134.8,10874
1577145600,134.8,134.8,131.21,132.65,6265
1577232000,132.65,132.65,130.5,131.93,1591
1577318400,133.37,133.37,130.5,130.5,600
1577577600,132.65,132.65,129.78,130.5,1677
1577664000,129.06,131.21,129.06,131.21,3080
1577750400,133.37,136.23,131.21,133.37,8494
1577836800,135.52,146.27,135.52,146.27,97665
1577923200,149.14,151.29,140.54,141.25,81793
1578182400,143.4,146.27,140.54,141.97,16442
1578268800,143.4,143.4,140.54,141.97,3600
1578355200,144.84,144.84,140.54,141.97,8405
1578441600,143.4,144.12,140.54,141.25,3910
1578528000,142.69,143.4,139.82,140.54,6551
1578787200,141.25,147.71,141.25,144.84,24194
1578873600,148.42,149.14,145.55,146.27,30492
1578960000,144.12,146.99,144.12,146.27,7407
1579046400,149.14,149.14,144.84,145.55,7121
1579132800,148.42,154.88,143.4,151.29,67736
1579392000,154.16,159.9,152.73,154.16,41779
1579478400,152.73,153.44,148.42,149.86,13600
1579564800,147.71,152.01,147.71,149.86,6426
1579651200,146.99,149.14,146.99,147.71,8236
1579737600,146.27,149.86,144.84,144.84,11944
1579996800,143.4,149.14,141.25,141.97,18360
1580083200,143.4,151.29,141.97,148.42,11450
1580169600,150.57,151.29,145.55,145.55,3870
1580256000,148.42,148.42,144.84,146.99,5052
1580342400,145.55,152.01,145.55,148.42,23699
1580601600,151.29,151.29,147.71,149.14,17846
1580688000,147.71,149.14,146.99,147.71,7917
1580774400,147.71,149.14,141.97,141.97,24667
1580860800,143.4,147.71,143.4,146.27,12874
1580947200,146.99,149.86,143.4,144.12,16626
1581206400,141.25,143.4,139.1,140.54,38460
1581292800,141.25,143.4,139.82,141.97,17241
1581379200,141.97,144.12,140.54,141.25,18505
1581465600,143.4,143.4,139.82,140.54,9197
1581552000,141.97,141.97,138.38,138.38,23767
1581811200,139.82,139.82,137.67,139.1,15599
1581897600,139.82,143.4,137.67,141.97,29986
1581984000,139.82,141.97,138.38,138.38,14750
1582070400,137.67,139.82,136.23,138.38,10726
1582156800,138.38,148.42,137.67,139.82,32381
1582416000,141.97,146.99,139.82,143.4,36392
1582502400,143.4,146.27,140.54,141.97,20392
1582588800,141.97,144.84,139.82,141.25,24423
1582675200,143.4,150.57,143.4,146.27,66705
1582761600,146.99,147.71,143.4,144.12,24279
1583020800,144.12,143.4,140.54,140.54,32853
1583107200,139.1,139.1,134.8,134.8,26010
1583193600,134.8,138.38,130.5,135.52,42058
1583280000,133.37,135.52,129.06,129.06,20566
1583366400,126.91,131.93,124.76,128.35,26188
1583798400,126.2,126.2,119.03,119.03,5564
1583884800,121.18,129.78,121.18,126.91,18460
1583971200,127.63,127.63,119.74,119.74,27303
1584230400,118.31,119.74,116.16,118.31,16950
1584316800,120.46,122.61,117.59,117.59,15177
1584403200,117.59,118.31,114.01,114.01,18671
1584489600,113.29,116.16,111.14,114.01,9343
1584576000,111.14,117.59,108.99,113.29,8458
1584835200,115.44,121.18,115.44,119.03,600
1593388800,116.87,116.87,116.87,116.87,100
1593475200,114.72,114.72,114.72,114.72,100
1593648000,112.57,112.57,103.25,103.25,5075
1593907200,101.82,104.68,98.95,103.97,18212
1593993600,102.53,109.7,99.67,108.99,25672
1594080000,108.99,119.74,108.99,119.74,24911
1594166400,121.89,124.04,113.29,115.44,16588
1594252800,113.29,121.89,113.29,116.87,16245
1594512000,114.72,114.72,110.42,111.14,11591
1594598400,111.86,114.72,111.14,111.14,1979
1594684800,113.29,115.44,112.57,115.44,3557
1594771200,113.29,114.72,109.7,110.42,10927
1594857600,112.57,114.01,110.42,114.01,10978
1595203200,114.01,114.72,106.12,106.12,22266
1595289600,107.55,116.16,106.12,113.29,46662
1595376000,115.44,124.04,115.44,124.04,59357
1595462400,126.2,129.06,119.74,124.04,48952
1595721600,125.48,126.2,119.74,121.18,46691
1595808000,121.89,123.33,119.03,119.74,22071
1595894400,119.74,122.61,117.59,121.89,6287
1595980800,119.74,121.89,116.87,117.59,16534
1596067200,117.59,119.03,116.16,117.59,7650
1596326400,117.59,117.59,113.29,113.29,14344
1596412800,113.29,115.44,111.86,114.72,5523
1596585600,112.57,112.57,111.86,112.57,4510
1596672000,110.42,114.01,108.99,114.01,10069
1596931200,111.86,112.57,108.27,111.14,9358
1597017600,109.7,119.74,109.7,115.44,14486
1597104000,117.59,119.74,111.86,111.86,10916
1597190400,112.57,114.72,111.14,111.14,10308
1597276800,112.57,114.72,111.14,111.86,27667
1597536000,109.7,111.86,108.99,111.86,17907
1597622400,110.42,113.29,108.27,113.29,210896
1597708800,115.44,115.44,111.14,112.57,4959
1597795200,110.42,114.72,110.42,112.57,9780
1597881600,111.86,113.29,111.86,111.86,2900
1598140800,114.01,114.01,111.14,112.57,2473
1598227200,113.29,114.01,111.86,112.57,15000
1598313600,114.72,114.72,111.14,114.01,24657
1598400000,111.86,114.72,109.7,114.01,16070
1598486400,111.86,114.01,109.7,112.57,11753
1598745600,112.57,112.57,110.42,112.57,7064
1598832000,114.01,116.87,112.57,113.29,14047
1599004800,114.72,116.16,112.57,112.57,39242
1599091200,114.72,116.87,112.57,115.44,28836
1599350400,116.16,118.31,113.29,113.29,17505
1599436800,112.57,114.01,111.86,113.29,11245
1599523200,112.57,114.01,111.14,112.57,21854
1599609600,113.29,114.01,111.86,114.01,11884
1599696000,116.16,116.16,112.57,114.01,10031
1599955200,113.29,118.31,111.14,117.59,28611
1600041600,119.74,120.46,115.44,116.87,28845
1600128000,118.31,119.03,116.16,117.59,21328
1600214400,121.89,129.06,118.31,129.06,114858
1600300800,135.52,141.97,135.52,141.97,229315
1600560000,148.42,151.29,130.5,136.23,99387
1600646400,136.23,139.82,128.35,133.37,33110
1600732800,133.37,133.37,129.06,131.93,40413
1600819200,130.5,131.21,126.91,129.78,59038
1600905600,131.21,134.8,130.5,131.21,23338
1601164800,131.21,140.54,131.21,136.23,8495440
1601251200,135.52,139.1,133.37,134.08,24910
1601337600,136.23,136.23,132.65,133.37,18208
1601424000,135.52,135.52,130.5,131.93,15650
1601510400,132.65,136.95,131.93,132.65,32732
1601769600,133.37,136.23,130.5,130.5,61505
1601856000,133.37,134.8,131.93,133.37,22447
1601942400,132.65,134.8,132.65,134.08,21473
1602028800,134.08,141.25,131.93,139.82,63991
1602115200,141.25,141.97,134.8,136.23,51864
1602374400,135.52,136.23,132.65,133.37,21659
1602460800,132.65,134.8,130.5,134.08,25712
1602547200,136.23,136.23,133.37,133.37,14556
1602633600,131.21,134.8,131.21,134.08,4167
1602720000,132.65,134.08,131.21,132.65,16889
1602979200,131.21,132.65,128.35,131.93,8526
1603065600,130.5,134.8,130.5,133.37,5623
1603152000,135.52,135.52,132.65,134.8,12215
1603238400,133.37,134.08,132.65,133.37,6210
1603324800,133.37,136.23,132.65,132.65,16028
1603843200,134.08,135.52,131.93,135.52,18603
1603929600,136.23,136.23,132.65,133.37,14958
1604188800,135.52,135.52,131.21,131.93,14632
1604275200,133.37,134.8,132.65,133.37,16388
1604361600,135.52,135.52,132.65,133.37,9458
1604448000,131.21,135.52,131.21,134.08,14796
1604534400,134.08,134.08,132.65,134.08,40581
1604793600,132.65,137.67,131.93,136.95,31478
1604880000,139.1,139.82,133.37,136.23,34531
1604966400,137.67,144.12,136.23,142.69,84510
1605052800,144.84,147.71,139.1,145.55,59310
1605139200,143.4,145.55,141.25,144.12,41623
1605657600,141.97,146.27,137.67,144.84,59816
1605744000,141.97,159.18,141.97,159.18,315097
1606003200,164.91,166.35,149.86,150.57,106154
1606089600,153.44,160.61,150.57,157.03,140209
1606176000,157.03,157.74,151.29,152.01,53363
1606262400,154.16,159.9,149.14,152.73,62796
1606348800,154.88,154.88,149.14,149.86,72941
1606608000,149.14,152.01,146.99,149.86,78993
1606694400,152.01,153.44,146.27,150.57,78431
1606780800,153.44,153.44,145.55,148.42,75730
1606867200,151.29,157.74,150.57,152.73,95204
1606953600,155.59,155.59,149.86,150.57,28937
1607212800,157.74,157.74,145.55,145.55,64407
1607299200,148.42,150.57,144.12,148.42,32040
1607385600,149.86,154.88,147.71,149.14,26188
1607472000,149.14,149.14,143.4,144.12,82224
1607558400,146.27,150.57,143.4,146.99,29396
1607817600,146.99,149.14,145.55,145.55,17558
1607904000,148.42,152.73,145.55,149.14,37689
1607990400,149.14,149.14,146.27,146.99,22377
1608076800,144.84,150.57,144.84,147.71,31113
1608163200,146.27,148.42,145.55,146.27,11063
1608422400,146.27,146.27,140.54,141.25,50965
1608508800,140.54,143.4,133.37,139.1,42444
1608595200,141.25,142.69,138.38,139.82,28672
1608681600,137.67,139.82,137.67,139.1,17320
1608768000,136.95,149.14,134.8,146.99,95322
1609027200,147.71,149.86,138.38,139.1,32796
1609113600,137.67,139.82,137.67,139.1,14217
1609200000,137.67,141.25,136.23,139.1,27455
1609286400,140.54,140.54,136.95,137.67,6640
1609372800,138.38,139.1,136.95,136.95,26984
1609632000,136.95,140.54,136.95,139.82,14722
1609718400,145.55,145.55,138.38,140.54,7271
1609804800,139.82,139.82,137.67,137.67,19767
1609891200,139.82,141.25,137.67,137.67,12395
1609977600,139.82,141.97,137.67,139.1,12228
1610236800,141.25,141.25,138.38,139.82,22973
1610323200,139.82,142.69,139.1,139.82,17257
1610409600,140.54,142.69,139.82,141.25,14896
1610496000,143.4,143.4,141.25,141.25,18446
1610841600,143.4,143.4,140.54,141.97,39633
1610928000,139.82,155.59,139.82,150.57,125467
1611014400,147.71,154.88,146.27,149.14,54094
1611100800,146.27,152.01,143.4,146.99,33457
1611187200,144.12,152.73,144.12,148.42,41326
1611446400,149.14,151.29,148.42,150.57,71280
1611532800,149.14,149.86,146.27,147.71,28885
1611619200,147.71,149.86,144.84,149.86,38160
1611705600,152.73,152.73,146.99,148.42,41271
1611792000,148.42,148.42,144.84,146.27,27326
1612051200,149.14,151.29,142.69,144.84,38223
1612137600,139.82,159.18,139.82,159.18,314705
1612224000,163.48,163.48,153.44,154.88,121276
1612310400,157.74,157.74,151.29,152.01,36729
1612396800,144.84,155.59,144.84,149.14,80077
1612656000,152.01,154.88,149.14,150.57,47852
1612742400,157.74,157.74,150.57,152.73,41084
1612828800,154.16,154.16,150.57,152.01,33234
1612915200,149.14,156.31,149.14,153.44,51528
1613001600,153.44,154.88,150.57,150.57,27291
1613260800,149.14,150.57,147.71,149.14,44437
1613347200,150.57,152.73,149.86,150.57,25270
1613433600,150.57,153.44,147.71,150.57,38957
1613520000,150.57,152.73,148.42,149.86,12893
1613606400,151.29,151.29,148.42,149.14,50352
1613865600,150.57,152.01,148.42,150.57,30908
1613952000,150.57,152.01,148.42,149.86,25246
1614038400,149.86,154.88,146.99,147.71,28364
1614124800,150.57,154.16,149.14,151.29,45754
1614211200,154.16,154.16,148.42,149.14,26718
1614470400,146.27,150.57,146.27,147.71,24618
1614556800,146.27,149.86,144.84,147.71,23040
1614643200,149.86,150.57,146.27,146.27,24412
1614729600,146.99,146.99,144.12,146.27,20016
1614816000,146.27,148.42,144.12,144.12,28940
1615161600,144.84,147.71,144.84,146.99,22162
1615248000,148.42,149.14,146.27,147.71,7026
1615334400,146.99,147.71,145.55,145.55,17530
1615680000,143.4,146.27,143.4,144.12,13963
1615766400,146.99,146.99,144.12,145.55,11702
1615852800,143.4,146.27,143.4,144.12,11169
1615939200,141.97,145.55,141.25,144.84,6380
1616025600,144.84,146.27,144.12,145.55,9948
1616284800,146.27,149.86,143.4,148.42,53264
1616371200,149.14,149.14,144.84,145.55,12544
1616457600,146.99,146.99,144.12,145.55,26723
1616544000,146.99,154.88,143.4,146.27,49073
1616630400,146.99,146.99,143.4,144.84,54190
1616976000,144.84,146.27,143.4,144.84,17921
1617062400,144.84,145.55,144.12,144.84,7780
1617148800,144.84,145.55,144.12,144.84,17325
1617235200,140.54,145.55,140.54,143.4,46173
1617494400,143.4,145.55,143.4,144.84,30403
1617580800,143.4,145.55,143.4,144.84,17058
1617667200,144.84,144.84,143.4,144.84,15035
1617753600,143.4,145.55,143.4,144.84,27081
1617840000,144.84,144.84,143.4,143.4,16940
1618185600,142.69,144.12,142.69,143.4,25666
1618272000,142.69,144.84,142.69,143.4,19026
1618444800,140.54,146.27,140.54,144.12,14735
1618704000,144.12,144.12,141.97,143.4,34852
1618790400,142.69,142.69,141.25,141.25,25650
1618876800,140.54,142.69,139.1,140.54,28088
1618963200,140.54,142.69,139.1,140.54,42413
1619049600,139.82,140.54,137.67,138.38,23264
1619308800,136.95,138.38,135.52,135.52,37100
1619395200,137.67,137.67,131.21,131.21,27057
1619481600,132.65,134.08,131.21,132.65,17538
1619568000,134.8,134.8,131.93,133.37,6906
1619654400,134.08,135.52,132.65,132.65,12764
1619913600,131.93,136.95,131.21,135.52,13370
1620000000,134.8,139.1,132.65,136.23,31108
1620086400,136.23,136.23,134.8,135.52,7174
1620172800,133.37,135.52,133.37,134.8,10696
1620259200,131.93,135.52,130.5,133.37,19743
1620518400,131.93,133.37,130.5,132.65,24284
1620604800,134.8,134.8,131.21,132.65,8571
1620691200,131.93,136.23,131.93,134.08,12880
1620777600,134.8,136.23,132.65,134.08,5525
1620864000,136.23,136.23,132.65,135.52,16864
1621123200,134.08,139.1,133.37,136.95,34189
1621209600,136.95,138.38,134.8,136.23,24004
1621296000,134.08,149.86,134.08,149.86,231007
1621382400,157.03,164.2,149.14,154.16,442020
1621468800,154.16,159.9,152.01,157.03,142158
1621728000,149.86,158.46,147.71,154.16,106646
1621814400,154.16,157.03,152.01,152.73,79715
1621900800,155.59,155.59,150.57,151.29,51902
1622073600,148.42,155.59,147.71,152.01,90794
1622332800,154.88,167.07,154.88,167.07,532669
1622419200,174.95,183.56,171.37,172.08,282754
1622505600,173.52,174.24,166.35,166.35,96760
1622592000,166.35,169.93,162.05,169.93,107577
1622678400,170.65,178.54,170.65,174.95,221161
1622937600,175.67,179.25,170.65,172.8,177488
1623024000,174.24,175.67,172.08,172.08,67073
1623110400,174.95,174.95,170.65,172.08,95433
1623196800,172.08,178.54,172.08,174.95,110174
1623283200,183.56,183.56,172.8,173.52,95055
1623542400,182.12,190.73,175.67,190.73,178288
1623628800,200.05,209.37,200.05,209.37,68961
1623715200,219.41,230.16,209.37,215.11,543079
1623801600,204.35,213.67,195.03,195.75,411881
1623888000,194.31,210.8,192.88,205.78,212860
1624147200,207.94,214.39,192.16,197.9,182988
1624233600,200.05,200.77,186.43,186.43,163796
1624320000,186.43,201.48,186.43,196.46,165097
1624406400,205.78,205.78,190.73,192.16,85623
1624492800,194.31,200.05,190.01,194.31,102293
1624752000,197.9,197.9,190.01,191.44,102254
1624838400,190.01,200.05,187.86,191.44,76760
1624924800,191.44,198.61,187.86,190.01,72233
1625011200,193.6,193.6,179.97,184.99,71496
1625097600,188.58,202.2,188.58,197.18,150679
1625356800,200.77,207.22,198.61,198.61,178055
1625443200,200.77,200.77,191.44,194.31,50847
1625529600,203.63,203.63,190.01,190.73,23222
1625616000,192.16,193.6,183.56,185.71,77363
1625702400,188.58,190.73,181.41,187.14,75321
1625961600,190.73,196.46,188.58,196.46,64966
1626048000,197.9,199.33,188.58,190.01,68440
1626134400,193.6,195.03,184.27,192.16,28331
1626220800,201.48,201.48,186.43,192.16,46847
1626307200,193.6,197.18,187.86,187.86,91471
1626566400,191.59,198.61,191.59,193.6,63289
1626652800,197.18,197.9,190.01,191.44,65265
1626739200,195.03,197.9,191.16,195.03,88067
1626912000,195.03,196.46,192.16,192.52,78080
1627171200,195.75,195.75,191.09,193.6,94859
1627257600,194.46,197.11,192.16,195.24,184102
1627344000,197.18,197.9,193.6,195.75,83476
1627430400,197.9,215.32,197.9,211.52,510002
1627516800,215.11,223.71,203.13,207.94,232486
1627776000,211.52,211.52,201.05,205.78,143400
1627862400,207.94,207.94,202.2,205.64,98269
1627948800,205.07,208.08,202.2,205.07,65628
1628035200,207.94,209.37,204.35,209.37,128084
1628121600,212.74,212.74,204.35,206.5,138589
1628380800,206.5,210.09,202.2,203.56,62373
1628467200,205.07,207.43,200.62,203.71,64616
1628553600,207.15,210.8,201.48,204.35,118648
1628640000,204.35,212.95,204.35,211.52,287797
1628726400,211.52,217.97,211.52,212.38,310073
1628985600,212.24,215.75,203.99,207.22,137402
1629072000,207.94,209.37,201.7,205.07,63150
1629158400,202.2,204.35,198.61,201.48,130859
1629244800,200.77,200.77,194.67,199.33,133712
1629331200,200.77,202.92,197.18,197.18,52137
1629763200,195.03,212.09,191.44,196.39,72659
1629849600,196.39,200.69,192.16,192.88,56325
1629936000,193.6,197.54,187.86,193.6,44907
1630195200,197.18,200.77,190.01,190.01,56779
1630368000,190.01,192.95,186.86,187.79,56186
1630454400,191.52,200.77,187.79,198.54,126710
1630540800,201.48,204.35,192.16,192.16,88563
1630800000,190.01,192.16,176.32,181.41,90243
1630886400,184.27,196.46,182.12,194.53,71120
1630972800,196.46,196.46,186.43,189.29,30548
1631059200,192.88,192.88,184.99,186.43,52042
1631145600,186.43,189.29,184.27,185.71,60014
1631404800,188.58,190.37,184.27,187.86,42779
1631491200,191.44,198.61,187.14,188.58,39243
1631577600,191.44,192.23,185.71,189.29,31291
1631664000,192.88,192.88,184.99,186.43,18616
1631750400,182.84,186.43,179.25,184.27,58509
1632096000,186.43,188.58,172.16,172.8,68811
1632182400,175.67,183.49,169.36,179.25,58329
1632268800,182.84,190.01,181.41,187.86,44516
1632355200,190.73,190.73,182.12,182.12,40140
1632614400,185.71,185.71,175.88,177.1,27068
1632700800,179.25,179.25,172.37,173.45,30893
1632787200,172.8,180.4,168.64,171.37,65295
1632873600,174.24,174.74,168.21,172.8,33275
1632960000,170.65,174.59,170.65,170.72,19910
1633219200,167.93,170.58,162.91,163.12,40601
1633305600,162.12,171.51,157.82,163.48,37890
1633392000,166.35,169.22,164.84,164.91,20440
1633478400,167.78,171.37,165.56,166.35,26310
1633824000,168.5,171.37,163.12,163.48,26680
1633910400,161.33,163.91,158.82,161.33,30788
1634428800,159.18,165.56,159.18,162.69,14981
1634515200,161.33,166.85,159.18,159.75,24893
1634601600,157.03,158.82,152.8,155.59,31952
1634688000,158.46,162.76,157.74,161.33,27963
1634774400,164.2,164.2,157.03,157.1,21670
1635033600,157.74,160.61,157.03,159.9,20701
1635120000,159.9,165.63,158.46,164.91,26618
1635206400,168.14,181.19,168.14,177.82,74955
1635292800,179.25,181.33,170.65,174.59,45216
1635379200,171.15,174.24,168.64,173.16,28779
1635638400,175.67,179.25,172.87,176.39,54341
1635724800,174.95,177.1,172.08,174.24,29041
1635811200,174.24,174.24,170.72,174.24,24297
1635897600,174.24,175.67,171.37,171.44,32533
1636329600,174.81,177.82,170.65,172.08,15880
1636416000,169.93,171.37,165.77,166.35,19628
1636588800,164.48,169.22,161.69,161.69,25812
1636848000,163.48,168.21,161.76,161.76,23154
1636934400,162.05,168.5,162.05,165.99,20769
1637020800,166.35,175.67,164.91,172.01,68154
1637107200,174.24,174.95,169.22,172.08,63284
1637193600,169.22,174.59,169.22,172.08,35804
1637452800,174.02,174.24,167.85,168.07,14806
1637539200,170.65,174.16,168.5,169.93,22672
1637625600,167.42,170.65,164.91,164.99,16288
1637712000,163.48,166.35,162.12,164.91,16450
1637798400,167.07,174.38,162.76,169.93,32391
1638057600,167.07,167.07,161.4,162.76,43285
1638144000,162.76,166.35,160.97,161.33,19398
1638230400,161.04,163.48,159.39,161.33,11492
1638316800,162.05,165.27,159.9,160.97,15905
1638403200,161.33,161.33,155.59,155.66,40918
1638662400,154.16,155.59,151.15,151.29,26733
1638748800,149.14,155.59,144.84,153.44,33417
1638835200,156.31,159.11,151.29,151.29,15454
1638921600,154.09,154.3,145.55,146.99,27472
1639008000,149.64,149.86,144.12,147.71,28665
1639267200,147.06,148.42,142.26,142.26,16534
1639353600,139.82,148.28,134.08,137.67,52195
1639440000,140.39,147.71,140.39,147.71,17583
1639526400,150.57,153.59,145.77,145.91,34844
1639612800,146.92,146.92,142.97,143.4,20174
1639958400,143.48,146.27,141.97,141.97,10088
1640044800,144.77,146.27,143.4,144.84,5946
1640131200,147.71,152.01,146.99,149.93,23747
1640217600,148.42,152.01,147.71,150.43,25613
1640476800,147.71,156.45,147.71,153.16,43254
1640563200,152.73,155.59,149.71,152.65,30104
1640649600,152.65,152.65,147.71,147.85,12464
1640736000,147.78,153.44,146.99,149.86,33123
1641081600,150.93,150.93,147.56,149.14,18999
1641168000,149.86,152.73,149.14,151.29,17758
1641254400,150.57,154.37,149.14,153.44,36481
1641340800,153.44,155.59,149.71,150.79,17351
1641427200,151.29,157.74,149.14,155.59,29617
1641686400,154.16,160.61,154.16,157.03,50239
1641772800,159.9,161.97,156.31,157.03,73474
1641859200,155.66,170.51,155.59,168.71,113978
1641945600,167.07,172.08,161.83,164.56,50757
1642032000,164.91,166.35,160.97,164.91,31963
1642291200,164.91,171.37,165.63,166.35,57772
1642377600,165.7,168.5,164.27,166.35,28213
1642464000,164.99,175.67,164.2,172.01,141732
1642550400,172.08,172.08,165.49,165.77,30408
1642636800,164.91,168.5,164.91,166.35,30832
1642896000,168.5,168.5,160.61,162.05,31568
1642982400,159.97,162.76,156.02,156.96,55895
1643068800,155.59,162.76,154.3,159.18,31022
1643155200,162.19,162.19,154.16,155.66,26547
1643241600,155.52,157.74,154.88,155.59,15214
1643500800,157.74,164.05,157.74,163.48,29973
1643587200,164.91,164.91,158.46,161.33,13772
1643673600,161.33,165.63,158.82,162.12,22376
1643846400,162.12,163.48,160.04,160.61,22385
1644105600,159.18,160.61,157.74,159.9,24312
1644192000,157.24,162.69,157.03,160.54,61428
1644278400,163.48,170.22,159.9,159.9,19982
1644364800,157.74,159.9,156.81,159.9,21852
1644451200,160.61,160.61,156.45,156.45,17162
1644710400,153.44,154.16,150.43,150.57,40020
1644796800,152.65,153.44,149.21,150.93,18574
1644883200,152.73,153.94,150.57,153.94,11726
1644969600,153.37,155.52,150.93,151.29,23896
1645056000,152.01,153.16,150.65,152.01,10796
1645315200,149.0,150.57,146.99,149.14,21795
1645401600,149.57,152.01,149.57,151.94,9968
1645488000,152.73,154.02,149.93,151.51,13467
1645574400,152.73,153.23,149.86,149.86,10883
1645660800,148.42,149.86,147.71,148.21,22186
1645920000,150.57,150.57,146.63,148.42,27384
1646006400,150.57,152.65,146.99,146.99,22520
1646179200,149.86,149.86,144.84,145.55,14188
1646524800,144.91,148.42,144.84,145.55,17537
1646611200,148.35,149.79,146.27,146.27,16553
1646784000,147.71,147.71,143.4,144.84,13545
1646870400,144.84,148.42,143.91,148.42,13640
1647129600,148.64,161.33,148.42,158.1,110103
1647216000,160.61,160.61,153.23,156.31,11919
1647302400,159.18,171.87,155.59,166.49,144347
1647388800,163.19,179.25,161.33,173.52,273035
1647734400,173.52,174.24,164.91,169.22,127801
1647820800,167.64,170.58,163.48,166.64,57454
1647907200,168.5,170.87,164.48,169.22,42127
1647993600,170.65,172.08,167.07,168.57,48415
1648080000,167.78,169.22,162.12,166.28,35293
1648339200,163.05,164.91,159.97,160.61,50463
1648425600,159.9,162.76,157.74,160.25,35381
1648512000,162.76,167.07,161.33,162.4,28293
1648598400,165.56,168.36,162.26,168.14,28653
1648684800,169.86,169.93,162.91,163.48,26758
1648944000,161.33,164.2,160.61,161.33,18817
1649030400,162.76,164.2,159.9,161.04,20419
1649116800,159.18,164.91,158.53,163.41,44152
1649203200,164.84,172.8,161.62,169.93,138035
1649289600,173.3,173.3,168.43,168.86,45871
1649635200,170.65,171.37,163.19,163.48,53171
1649721600,164.91,167.07,161.33,163.48,77700
1649808000,164.2,168.5,160.61,164.91,52948
1650153600,163.48,166.85,160.61,161.33,39499
1650240000,161.33,162.62,158.82,159.18,32816
1650326400,158.46,164.91,158.46,161.33,25230
1650412800,162.05,162.05,156.31,157.03,44988
1650499200,157.03,160.9,154.16,157.74,37385
1650758400,155.66,166.35,155.66,162.76,38956
1650844800,162.76,165.63,161.4,164.05,36526
1650931200,163.48,164.91,161.69,163.48,23146
1651017600,162.12,165.56,161.33,165.49,30045
1651104000,164.84,164.84,161.47,162.76,20035
1651449600,159.9,160.61,156.38,156.81,31021
1651622400,155.02,157.74,151.79,152.22,39752
1651708800,150.57,154.16,149.86,152.01,36948
1651968000,152.01,157.74,151.79,157.74,21117
1652054400,157.74,158.46,154.59,155.59,13076
1652140800,157.67,158.1,153.44,157.17,16240
1652227200,158.46,161.33,156.38,160.61,40793
1652313600,161.33,162.98,157.82,159.18,41004
1652745600,157.74,159.18,154.88,156.67,26510
1652832000,156.67,158.46,154.88,157.74,18975
1652918400,156.31,157.74,154.73,155.59,17123
1653004800,157.67,158.46,155.09,155.59,13950
1653264000,154.16,154.16,151.36,151.43,23394
1653350400,151.29,154.8,150.57,153.3,10785
1653436800,154.16,154.45,149.14,153.01,32921
1653523200,154.16,154.23,152.01,152.01,30756
1653609600,154.16,154.16,149.0,152.01,37400
1653868800,150.57,150.65,147.78,149.71,24038
1653955200,146.99,149.79,146.85,148.42,18322
1654041600,151.29,151.29,147.71,150.57,8700
1654128000,151.29,151.29,147.78,147.99,8142
1654214400,147.06,149.0,146.27,146.99,26076
1654473600,149.14,150.57,147.06,148.06,11483
1654560000,148.42,148.42,146.99,146.99,9834
1654646400,148.42,154.16,146.27,150.65,13767
1654732800,148.49,152.01,146.99,148.06,23200
1654819200,146.27,147.63,145.12,146.99,4967
1655078400,144.19,147.71,144.19,146.13,5776
1655164800,144.84,147.28,143.91,144.84,23549
1655251200,145.55,145.55,141.97,143.4,18912
1655337600,146.27,146.27,142.9,144.84,15869
1655424000,145.05,145.05,143.33,143.33,4373
1655596800,141.97,144.69,140.61,140.68,18921
1655683200,138.38,141.11,137.67,138.46,20188
1655769600,140.54,146.27,137.02,140.89,11300
1655856000,139.82,140.54,138.67,139.1,3960
1655942400,136.95,139.1,133.87,135.59,29246
1656028800,135.52,141.11,134.8,136.95,4150
1656201600,139.1,148.42,139.1,145.55,15277
1656288000,142.69,146.99,141.25,141.25,38792
1656374400,139.89,141.25,139.1,139.68,6690
1656460800,141.25,145.55,141.25,145.55,13421
1656547200,145.55,152.73,143.4,152.73,48465
1656633600,154.16,154.16,150.14,152.01,8548
1656806400,152.01,155.59,149.43,154.16,31617
1656892800,154.16,157.74,149.86,152.73,73106
1656979200,149.86,153.44,147.71,149.14,21120
1657065600,146.34,150.29,143.62,148.42,21307
1657152000,146.27,151.94,145.91,146.85,9805
1657238400,148.78,148.78,140.54,140.54,17535
1657497600,139.82,143.69,138.46,141.25,20513
1657584000,141.97,144.84,139.17,143.4,22097
1657670400,145.55,146.27,142.69,144.91,19132
1657756800,146.99,146.99,144.26,146.27,11145
1657843200,144.84,145.91,143.48,145.2,8555
1658016000,145.55,147.71,144.05,144.05,18328
1658102400,142.9,154.3,142.9,150.72,60667
1658188800,152.73,155.52,149.5,151.72,24379
1658275200,154.73,154.73,148.92,150.57,12456
1658361600,150.65,151.15,149.0,149.86,11175
1658448000,148.42,148.42,146.27,148.35,13496
1658620800,150.57,151.29,145.63,151.29,37948
1658707200,153.37,156.31,152.01,156.31,44366
1658793600,154.16,154.16,149.86,152.01,20546
1658880000,149.14,152.01,147.71,152.01,21660
1658966400,149.5,159.9,149.5,157.03,163476
1659052800,158.46,168.5,157.74,165.92,150453
1659225600,167.07,172.59,162.4,171.37,184324
1659312000,171.37,181.12,167.57,168.07,102497
1659398400,170.58,170.58,162.05,163.12,77279
1659484800,163.48,168.5,158.1,164.2,48969
1659571200,166.28,166.35,157.46,157.82,50063
1659657600,158.46,161.33,156.31,157.74,29125
1659830400,159.9,162.76,157.74,160.61,28027
1659916800,162.69,162.76,155.95,156.45,44868
1660003200,154.88,157.74,154.88,157.03,25658
1660089600,154.88,157.1,154.23,157.03,21247
1660176000,154.23,157.6,152.15,152.73,60194
1660435200,151.29,154.16,148.42,151.22,49462
1660521600,152.01,157.74,152.01,156.31,27472
1660608000,157.03,157.82,153.44,154.16,17659
1660694400,152.73,156.31,152.73,156.31,6745
1660780800,153.44,158.46,153.44,156.17,17705
1661040000,159.18,168.5,159.18,161.33,126011
1661126400,164.2,164.2,159.18,160.61,14551
1661212800,160.61,160.61,156.74,157.03,9621
1661299200,159.18,159.9,155.66,156.38,23931
1661385600,159.18,159.18,154.16,154.16,14301
1661472000,154.16,154.88,152.22,153.44,13185
1661644800,152.73,153.3,149.21,149.21,27461
1661731200,147.49,152.73,147.49,152.01,16902
1661817600,149.93,154.52,149.93,151.29,10434
1661904000,149.43,153.08,148.85,149.07,28374
1661990400,147.85,150.57,147.71,149.14,12210
1662076800,151.29,152.08,140.89,149.86,100859
1662249600,147.06,152.73,146.99,146.99,26850
1662336000,148.78,149.86,147.71,147.78,15815
1662422400,150.72,150.72,146.27,147.49,12203
1662508800,146.99,147.71,145.55,146.99,5072
1662595200,144.26,148.42,144.26,147.71,18471
1662854400,149.86,150.57,144.84,144.84,15393
1662940800,146.27,146.77,144.19,146.27,23809
1663027200,147.63,148.28,145.41,147.99,18972
1663113600,150.93,151.94,145.63,150.57,25799
1663200000,152.65,152.65,145.7,146.06,34839
1663286400,143.48,145.48,141.97,144.84,20136
1663459200,142.76,146.27,141.25,141.97,23672
1663632000,140.54,143.33,138.6,140.54,26080
1663718400,143.26,143.26,139.96,141.97,8920
1663804800,140.61,141.97,139.82,141.18,10853
1664064000,139.1,139.82,138.31,139.6,39883
1664236800,139.6,142.69,137.67,140.54,28123
1664323200,138.03,141.9,137.74,140.25,22750
1664409600,137.52,145.77,137.52,141.9,9229
1665273600,143.76,145.55,141.25,145.55,8150
1665360000,147.71,147.71,139.89,141.97,15451
1665446400,139.32,144.84,139.32,143.26,7615
1665532800,141.4,145.55,141.4,142.76,7227
1665619200,142.69,148.42,142.69,143.4,4225
1665878400,143.4,145.55,142.97,144.05,15177
1665964800,142.18,145.55,142.18,145.55,4705
1666137600,148.42,155.59,148.42,152.73,175173
1666224000,154.88,155.59,147.71,150.22,33954
1666483200,149.14,150.57,147.06,147.2,31614
1667174400,149.79,150.22,146.99,149.57,16700
1667260800,150.57,153.44,149.86,149.93,32440
1667347200,152.01,154.16,150.57,152.01,21142
1667433600,152.01,153.37,150.93,150.93,14595
1667692800,151.65,153.08,150.65,152.73,30100
1667779200,155.52,155.52,152.01,152.01,34237
1667865600,152.01,153.3,149.0,152.01,15156
1667952000,153.44,153.44,147.42,149.86,33272
1668038400,151.29,151.29,146.99,147.71,31869
1668297600,150.57,150.57,147.99,149.14,5345
1668384000,146.99,149.86,146.99,149.86,13795
1668470400,149.86,152.73,149.14,151.94,29930
1668556800,150.57,152.37,150.57,150.57,19000
1668643200,152.01,153.44,151.29,152.01,29515
1669075200,153.44,154.09,151.29,152.65,17017
1669161600,153.37,153.37,151.29,152.01,6444
1669248000,150.22,152.73,150.22,152.73,10773
1669507200,152.73,154.16,152.08,154.16,18525
1669593600,154.16,155.59,153.01,154.09,18731
1669680000,154.88,154.88,152.08,154.02,17274
1669766400,153.44,154.52,152.8,153.8,8974
1669852800,153.08,155.59,153.08,154.52,11833
1670112000,154.23,159.11,154.23,156.31,41093
1670198400,156.31,159.39,154.88,156.24,46778
1670284800,156.31,156.88,154.16,155.38,13312
1670371200,156.31,157.03,154.88,154.88,13400
1670716800,154.16,155.45,152.73,154.16,25656
1670803200,155.59,155.59,153.44,155.52,18262
1670889600,154.88,156.31,154.16,156.31,13589
1670976000,156.38,159.32,156.31,158.46,31896
1671062400,157.03,158.46,156.31,157.82,19521
1671321600,157.74,158.46,155.59,156.31,37964
1671408000,157.03,157.82,156.31,157.03,27947
1671494400,157.1,163.48,157.1,161.9,68695
1671580800,162.76,165.27,161.47,162.05,145753
1671667200,158.86,158.86,150.65,154.34,45923
1672012800,156.6,159.68,153.51,156.22,67409
1672099200,157.35,164.88,155.84,160.74,46844
1672185600,159.61,161.87,158.63,158.63,27621
1672272000,156.6,165.63,156.6,163.0,35944
1672531200,163.37,164.8,160.36,161.11,39627
1672617600,161.11,163.22,159.76,161.64,16700
1672704000,164.73,170.9,162.02,165.86,84182
1672790400,166.38,168.57,162.09,167.89,27977
1672876800,169.4,176.85,166.38,175.42,98676
1673136000,173.16,180.31,171.65,178.96,85874
1673222400,180.31,180.31,174.29,176.92,50277
1673308800,180.46,180.46,170.98,170.98,115889
1673481600,174.36,174.36,164.88,167.14,61729
1673913600,163.82,173.76,163.82,173.08,45224
1674000000,176.17,177.3,169.7,172.03,62701
1674086400,173.16,174.59,170.22,170.9,22499
1674432000,173.91,173.91,168.64,168.79,32811
1674518400,165.71,172.78,165.71,172.78,21270
1674604800,170.15,176.55,170.15,174.29,46413
1674691200,177.3,177.3,173.39,175.42,36977
1674950400,173.16,176.92,169.7,176.1,29133
1675036800,176.92,177.6,170.15,170.15,38767
1675123200,169.62,170.9,166.91,167.89,48001
1675209600,167.89,173.76,166.76,173.08,29472
1675296000,169.85,172.86,167.89,168.64,14396
1675555200,168.64,174.52,168.64,170.9,26776
1675641600,168.79,172.41,168.64,172.33,18773
1675728000,171.65,176.62,171.65,176.17,58890
1675814400,177.68,179.11,173.91,174.67,85760
1675900800,174.67,176.17,172.41,174.97,30918
1676160000,172.41,176.1,168.87,172.41,46338
1676332800,170.37,173.16,170.37,170.9,14868
1676419200,172.41,172.41,166.76,167.89,21361
1676505600,168.64,169.4,165.26,166.38,28217
1677024000,167.29,170.53,165.63,170.45,14712
1677110400,167.89,170.15,163.07,164.2,42279
1677369600,162.32,169.4,162.32,169.4,25495
1677456000,171.65,171.65,163.07,170.15,20830
1677542400,167.44,170.9,167.44,169.09,17920
1677628800,167.14,168.94,165.78,167.51,12383
1677715200,167.14,168.57,162.92,166.31,18219
1677974400,166.31,167.36,162.47,163.45,12135
1678147200,164.5,166.38,163.37,164.8,15122
1678320000,164.88,169.4,164.88,168.64,15282
1678579200,169.4,169.4,166.38,169.4,11909
1678665600,166.08,169.25,166.01,168.27,10945
1678752000,166.84,169.4,165.93,168.64,12931
1678838400,167.14,169.4,164.13,168.57,15741
1678924800,167.89,170.07,166.38,166.46,14057
1679184000,167.89,169.4,166.38,166.84,15447
1679270400,167.51,170.15,167.21,170.15,21899
1679443200,172.41,173.91,169.55,170.3,28957
1679529600,169.4,170.53,167.21,168.64,14401
1679788800,170.15,170.15,165.63,167.89,95553
1679875200,167.89,170.9,167.21,170.9,16069
1679961600,172.41,172.41,169.4,172.26,48446
1680048000,172.26,177.3,169.77,175.42,65793
1680134400,173.31,181.89,173.16,179.03,82795
1680393600,179.03,186.49,173.46,179.18,78935
1680480000,175.8,180.24,174.67,176.32,38791
1680566400,174.67,178.51,173.24,176.17,34531
1680652800,173.24,179.94,170.15,177.6,35964
1680739200,179.18,179.18,175.49,176.77,23190
1680998400,180.24,180.24,172.41,172.48,16168
1681084800,172.41,175.72,171.73,175.04,8757
1681171200,176.17,181.44,175.87,178.43,22177
1681257600,181.44,184.45,178.43,184.45,121862
1681344000,187.46,187.46,181.44,185.13,105415
1681603200,187.46,201.77,185.96,194.99,151228
1681689600,195.75,198.68,190.48,192.73,87714
1681776000,192.36,198.0,188.22,197.1,93658
1681862400,195.75,199.51,194.24,199.13,43624
1681948800,196.12,202.45,196.12,197.93,57988
1682208000,198.0,198.0,190.78,191.08,60555
1682294400,190.48,193.49,188.97,190.33,21920
1682380800,189.72,195.45,189.72,194.32,33353
1682467200,192.73,198.0,192.73,194.69,49254
1682553600,197.25,199.51,192.21,199.44,64446
1682812800,198.0,202.52,196.2,200.26,59508
1682985600,198.0,201.77,198.0,199.89,36591
1683072000,201.02,201.02,194.99,195.75,33930
1683158400,191.98,199.51,188.29,197.25,37970
1683417600,195.75,197.63,194.47,195.67,30415
1683504000,194.24,197.25,192.21,193.19,25102
1683590400,196.5,199.51,193.56,196.5,41130
1683676800,192.96,199.51,192.96,197.25,37566
1683763200,198.76,199.13,195.75,198.61,26170
1684022400,199.51,202.52,190.48,195.75,69568
1684108800,196.42,196.42,190.1,193.49,24807
1684195200,192.73,196.5,192.73,194.24,15359
1684281600,192.21,195.75,191.98,194.84,26768
1684368000,194.99,203.27,194.24,202.15,86158
1684627200,203.27,210.8,201.02,210.05,95017
1684713600,210.05,222.1,206.59,213.82,216022
1684800000,213.82,222.1,213.82,219.46,129213
1684886400,221.34,232.86,215.47,232.64,190776
1685232000,237.23,240.92,225.86,226.61,284769
1685404800,224.36,228.8,217.65,222.7,181915
1685491200,218.33,225.86,213.97,215.32,122990
1685577600,219.61,224.36,214.57,219.09,105855
1685836800,222.85,240.92,222.85,240.17,260186
1685923200,244.53,248.37,237.15,240.92,226079
1686009600,240.92,264.03,239.49,262.0,284955
1686096000,266.89,271.03,252.21,258.23,290070
1686182400,258.99,264.26,254.47,257.48,218172
1686441600,261.62,263.5,252.36,260.49,203084
1686528000,256.13,283.83,256.13,282.55,421428
1686614400,281.57,298.59,278.64,290.61,314880
1686700800,289.86,296.41,283.08,286.84,275813
1686787200,286.84,306.42,278.41,306.42,412405
1687046400,309.43,334.27,303.03,333.82,391209
1687132800,333.52,338.04,314.32,328.25,413282
1687219200,325.99,339.39,322.6,329.76,248515
1687305600,336.31,356.86,324.71,354.3,420174
1687392000,354.23,389.69,344.81,386.45,595602
1687651200,380.2,402.79,369.66,389.23,757920
1687737600,389.23,403.54,381.71,391.42,520687
1687824000,399.02,401.96,383.96,389.99,428144
1687910400,397.52,397.52,373.42,378.77,462726
1688256000,386.22,386.22,360.62,363.64,420702
1688342400,365.14,380.2,350.08,364.99,429779
1688428800,370.41,374.48,358.59,372.67,149335
1688515200,378.69,378.69,359.87,361.38,196619
1688601600,362.88,368.91,354.9,365.14,221429
1688860800,366.65,380.2,366.65,377.94,281978
1688947200,385.47,386.98,368.91,373.5,664961
1689033600,380.95,380.95,365.22,369.66,215621
1689120000,374.18,374.18,361.45,361.45,187533
1689206400,357.61,375.68,357.61,365.89,364928
1689465600,371.92,371.92,361.38,365.14,111915
1689552000,367.4,376.06,360.62,374.18,157729
1689638400,380.95,380.95,359.35,365.14,169862
1689724800,368.91,368.91,356.41,362.81,105633
1689811200,367.4,367.4,353.85,361.38,195233
1690070400,365.14,370.41,357.24,359.87,166292
1690156800,359.87,365.29,347.07,350.08,221811
1690243200,346.32,363.64,340.15,356.11,326051
1690329600,357.61,361.3,348.58,349.33,126019
1690416000,349.71,353.1,342.63,344.06,104460
1690675200,345.27,346.25,326.75,337.21,268774
1690761600,338.79,344.44,332.02,336.53,121514
1690848000,342.56,343.23,322.98,323.73,143373
1690934400,329.76,333.52,319.52,330.51,121445
1691020800,333.9,336.46,327.5,328.25,101469
1691280000,328.33,332.69,314.85,318.31,152360
1691366400,318.39,325.99,311.76,321.48,178122
1691452800,326.75,326.75,309.88,316.21,96898
1691539200,310.18,329.76,310.18,329.0,125094
1691625600,329.08,354.68,324.71,347.6,372232
1691884800,350.08,364.39,343.31,359.12,307246
1691971200,364.99,365.07,347.83,348.58,231909
1692057600,353.47,353.47,338.11,338.87,166147
1692144000,336.53,341.8,329.76,341.05,133170
1692230400,346.32,356.86,338.04,348.58,295677
1692489600,352.34,352.64,340.3,340.3,88545
1692576000,338.79,347.07,334.42,338.79,127440
1692662400,339.54,347.07,335.7,344.81,90803
1692748800,341.13,353.85,341.13,348.58,151713
1692835200,348.58,353.85,341.65,342.63,170218
1693094400,348.58,348.58,335.03,337.29,109762
1693180800,338.04,344.81,332.02,340.3,109939
1693267200,345.94,345.94,338.04,338.79,46892
1693353600,342.56,342.56,338.04,339.54,55097
1693699200,344.44,344.44,327.5,329.76,88202
1693785600,332.77,337.29,325.99,333.52,76994
1693872000,335.03,335.03,327.5,330.51,40884
1694044800,327.5,330.51,325.32,326.75,92513
1694304000,333.22,335.03,328.33,329.0,79082
1694390400,329.91,346.32,329.91,343.31,115794
1694476800,340.3,347.83,335.86,336.98,65591
1694563200,331.26,350.84,331.26,349.33,146123
1694908800,345.57,346.32,334.27,336.53,102798
1694995200,335.18,344.81,333.52,339.62,51227
1695081600,339.77,342.56,337.51,339.62,50582
1695254400,346.32,353.85,340.15,346.32,161590
1695513600,342.56,351.52,338.64,339.54,79104
1695600000,338.79,345.57,336.68,338.79,52006
1695686400,343.31,346.32,335.03,340.3,51455
1695772800,341.8,341.8,335.03,336.53,64977
1696118400,332.84,337.29,330.13,330.13,47500
1696204800,323.73,329.0,316.96,324.56,189731
1696291200,319.97,326.37,319.22,323.73,48353
1696377600,323.73,333.52,323.73,329.91,48328
1696464000,330.51,333.15,322.23,326.9,70679
1696723200,332.77,332.77,317.71,317.71,98954
1696809600,317.71,323.73,316.96,317.71,45986
1696896000,318.09,319.97,308.68,311.69,59829
1696982400,317.86,317.86,309.05,312.44,32563
1697068800,313.19,313.95,306.95,306.95,59890
1697414400,305.74,305.74,293.62,297.38,54778
1697500800,301.9,307.92,294.37,295.88,36312
1697587200,293.62,308.68,293.62,304.91,28545
1697673600,304.16,304.91,297.31,299.64,37793
1698537600,298.14,299.64,291.36,295.05,20693
1698624000,289.86,295.88,289.86,293.62,27110
1698710400,292.11,294.37,290.83,292.87,22040
1698796800,293.62,295.13,287.75,288.88,26094
1698883200,289.1,303.41,288.42,302.65,71809
1699142400,302.65,307.92,293.62,304.91,45678
1699228800,311.01,325.99,304.91,322.6,152580
1699315200,327.5,329.0,318.46,326.75,86699
1699401600,322.23,328.63,322.23,322.38,50391
1699488000,322.23,322.23,316.21,316.21,90376
1700438400,317.71,317.71,301.83,307.92,167100
1700524800,304.16,307.17,298.29,301.15,71848
1700611200,301.15,313.12,298.14,310.18,55249
1700697600,306.42,317.71,304.99,312.44,63518
1700956800,306.27,317.71,306.27,313.19,70024
1701043200,313.19,318.77,311.01,313.19,79514
1701129600,309.43,328.63,309.43,322.98,153446
1701216000,322.98,330.51,317.71,323.58,98648
1701302400,323.73,325.54,317.71,318.46,102921
1701561600,318.46,320.27,312.44,319.89,54827
1701648000,322.15,324.49,314.7,317.71,59446
1701734400,318.46,320.72,313.19,316.21,34833
1701820800,315.45,317.64,313.19,313.95,38533
1701907200,312.44,323.66,312.44,316.21,70011
1702166400,322.23,335.03,322.23,331.26,35292
1702252800,335.03,337.29,325.99,331.34,244683
1702339200,333.52,357.54,332.77,350.84,257055
1702425600,353.85,356.86,340.3,342.56,126816
1702512000,344.81,354.75,339.92,347.07,106831
1702771200,342.56,357.99,339.54,354.6,173530
1702857600,360.62,374.7,348.28,367.4,381248
1702944000,372.67,391.19,363.03,387.73,569116
1703030400,395.26,401.28,381.71,381.71,474000
1703116800,388.93,388.93,368.38,370.59,221387
1703376000,367.59,387.35,364.35,364.43,265774
1703635200,369.88,371.54,357.31,363.56,104221
1703721600,368.38,373.04,358.1,364.58,147502
1704067200,369.96,374.7,360.4,362.06,137081
1704153600,365.22,365.22,348.93,349.09,162562
1704240000,355.73,361.26,347.11,359.68,138983
1704326400,365.22,373.12,358.89,361.03,234252
1704585600,358.89,367.59,355.73,358.18,122112
1704672000,363.64,367.59,359.13,362.92,139242
1704758400,370.12,388.93,366.8,382.61,363290
1704844800,385.77,390.2,379.45,382.61,262213
1704931200,380.24,387.35,371.86,377.55,77025
1705190400,381.82,386.09,373.91,377.87,88633
1705363200,381.82,388.93,376.52,383.48,160856
1705449600,387.35,390.51,371.54,377.79,207694
1705536000,375.49,379.45,366.01,370.75,150927
1705795200,370.75,377.87,364.43,366.32,144246
1705881600,363.72,375.49,360.32,364.43,97443
1705968000,367.59,375.49,363.64,374.7,124374
1706054400,381.82,381.82,366.25,369.41,170197
1706140800,369.96,373.12,360.24,364.43,62533
1706400000,363.64,370.75,356.52,363.24,66350
1706486400,369.96,371.54,363.32,365.3,58265
1706572800,366.8,367.59,363.64,364.58,73253
1706659200,366.09,369.96,356.68,358.89,94199
1706745600,363.64,363.64,357.63,358.97,60780
1707004800,352.81,363.64,347.83,361.19,35190
1707091200,362.06,367.59,355.65,361.26,61194
1707177600,367.27,367.27,360.55,363.79,23978
1707264000,365.22,373.91,363.64,369.96,110431
1707350400,371.54,373.91,366.8,371.7,79676
1707609600,379.13,379.13,364.82,367.59,71112
1707696000,365.22,368.77,363.08,367.35,37991
1707782400,360.47,364.43,353.52,358.89,67454
1707868800,358.89,362.85,350.99,358.18,52903
1707955200,358.97,362.06,352.57,357.39,64029
1708214400,364.43,364.43,348.54,355.57,33837
1708387200,357.31,359.53,354.15,355.34,34012
1708473600,360.87,360.87,347.43,353.36,35901
1708560000,358.58,358.58,344.66,347.83,41416
1708819200,342.29,351.78,341.5,342.29,32429
1708905600,342.37,350.2,341.5,349.09,20224
1708992000,347.83,351.78,344.03,345.53,17987
1709078400,343.87,350.2,342.45,347.83,21604
1709164800,347.83,348.62,338.58,338.74,33334
1709424000,338.74,343.87,336.84,341.5,36893
1709510400,348.3,361.26,348.3,361.26,2635
1709596800,363.64,363.64,346.25,346.25,37220
1709683200,340.0,355.73,338.34,349.41,75278
1709769600,343.87,355.73,343.87,345.45,31188
1710028800,345.61,358.42,338.02,350.99,41254
1710201600,357.94,370.75,345.53,367.51,135840
1710288000,371.54,371.54,357.94,365.93,128683
1710374400,366.8,366.8,357.39,360.47,45249
1710633600,358.18,361.98,348.62,353.44,46668
1710720000,354.15,358.81,353.36,356.52,52648
1710806400,356.52,362.77,349.41,358.02,31571
1710892800,355.81,358.89,348.62,352.96,16285
1710979200,351.07,357.31,347.83,350.2,31457
1711324800,351.38,351.78,337.87,347.04,31276
1711411200,345.53,353.91,343.32,349.41,44432
1711497600,349.41,352.96,344.74,346.25,22753
1711584000,346.25,349.33,336.76,346.25,49955
1711843200,344.82,347.83,337.55,342.29,34904
1711929600,343.08,345.06,342.06,343.08,28707
1712016000,347.75,347.75,342.29,343.87,46085
1712102400,344.98,347.43,338.97,347.04,29508
1712188800,345.85,348.62,345.45,346.09,31434
1712448000,346.25,356.28,346.25,354.94,48693
1712620800,354.94,354.94,343.64,352.57,44526
1712707200,345.53,351.7,345.53,347.04,45231
1713052800,348.62,350.2,341.66,347.83,34260
1713139200,341.26,348.06,341.26,345.14,12806
1713225600,347.83,347.83,335.49,341.26,44301
1713398400,341.03,342.29,333.36,339.92,23161
1713657600,337.0,344.58,330.28,339.92,25730
1713744000,343.87,345.45,339.21,339.92,19450
1713916800,343.87,343.87,338.58,339.13,29267
1714003200,339.13,340.71,332.02,340.71,26248
1714262400,343.87,343.87,334.7,341.42,18704
1714348800,339.92,341.5,333.6,339.13,19815
1714435200,339.13,359.68,332.41,350.99,52235
1714608000,348.62,351.78,342.61,347.83,58405
1714867200,347.83,347.83,337.55,341.5,32470
1714953600,341.5,343.4,337.71,341.42,23446
1715040000,342.29,347.04,338.5,339.92,14148
1715126400,340.32,341.5,337.63,339.29,20196
1715212800,346.01,367.19,343.08,364.43,318419
1715472000,371.7,371.7,344.74,350.99,146954
1715558400,354.78,354.78,347.75,350.75,86024
1715644800,355.73,357.71,345.14,350.99,53596
1715731200,357.79,357.87,344.74,351.07,53023
1715817600,356.52,356.52,339.92,345.38,126187
1716076800,347.83,354.94,345.53,350.2,74909
1716163200,355.42,356.84,343.87,350.99,74041
1716249600,354.86,354.94,343.64,350.99,55493
1716336000,350.99,359.68,349.41,354.55,112870
1716681600,357.31,363.64,351.78,360.55,219886
1716768000,362.85,363.64,351.94,355.73,78300
1716940800,362.06,362.85,348.62,352.57,95456
1717027200,358.89,358.89,342.45,346.09,122032
1717286400,346.09,351.7,338.74,346.25,42346
1717372800,347.04,350.2,339.92,344.66,33916
1717459200,351.54,351.54,337.0,343.08,62805
1717545600,342.29,346.96,335.49,341.5,38975
1717632000,340.71,347.75,337.23,342.85,35450
1717891200,344.66,351.78,341.11,347.75,71795
1717977600,344.27,348.62,337.39,343.87,76850
1718064000,347.83,347.83,337.15,346.25,45261
1718150400,347.83,351.86,339.92,345.06,84800
1718236800,349.41,350.2,339.45,344.66,75446
1718496000,345.45,348.62,342.69,342.69,32087
1718668800,341.9,344.74,341.5,341.5,25296
1718755200,339.92,341.9,338.34,339.92,56948
1718841600,343.48,343.48,335.97,336.13,53911
1719100800,336.28,339.84,332.17,332.81,56865
1719187200,333.6,337.55,329.25,332.81,46367
1719273600,333.6,338.34,329.64,335.57,36994
1719360000,333.6,339.84,331.23,336.36,41149
1719446400,335.89,340.47,333.2,333.6,28010
1719705600,334.15,334.78,332.17,332.17,35905
1719792000,333.6,335.97,332.02,333.75,20589
1719878400,340.4,353.36,335.26,337.47,39729
1719964800,335.57,338.97,329.64,337.55,33526
1720051200,339.92,341.5,333.75,339.92,75919
1720310400,344.66,353.2,340.0,350.99,164987
1720396800,351.46,354.47,348.14,349.41,58504
1720483200,347.83,349.25,346.25,347.83,53976
1720569600,354.15,354.15,341.11,348.77,53167
1720656000,349.41,355.81,341.66,352.57,83393
1720915200,359.6,365.22,351.78,356.52,69731
1721001600,358.1,359.68,347.75,349.41,56867
1721088000,349.49,362.45,347.83,360.47,118323
1721174400,367.51,386.56,359.68,381.03,341883
1721260800,381.03,388.14,372.65,377.23,205712
1721520000,380.32,412.65,375.57,404.74,678574
1721606400,408.7,416.84,395.89,407.51,361548
1721692800,411.07,418.1,402.13,414.23,223141
1721779200,414.23,417.39,393.6,408.7,405858
1721865600,404.74,420.87,403.16,409.09,264891
1722124800,411.07,418.97,398.5,409.96,270720
1722211200,418.1,418.1,400.08,410.28,294150
1722297600,404.74,443.48,403.95,441.9,663561
1722384000,450.59,458.5,433.83,443.56,324978
1722470400,450.59,450.59,430.91,437.79,369102
1722816000,445.85,477.39,433.99,475.1,505999
1722902400,484.58,487.75,438.74,438.74,511497
1722988800,438.74,469.57,434.78,464.82,286409
1723075200,474.07,483.48,446.64,456.92,371098
1723334400,454.55,474.86,449.01,469.57,271619
1723420800,475.1,499.6,475.1,489.33,569649
1723507200,498.02,502.77,470.28,478.26,275702
1723593600,487.83,496.6,460.95,493.36,490503
1723680000,503.16,503.16,479.84,484.9,268580
1723939200,475.26,488.46,460.87,462.45,252259
1724198400,467.91,472.49,459.37,462.45,136878
1724284800,471.7,471.7,453.36,458.5,138558
1724544000,456.92,466.01,447.98,451.38,155127
1724716800,445.06,461.58,442.69,445.06,260154
1724803200,453.91,466.4,439.29,445.53,147818
1724889600,446.64,456.13,435.65,443.48,126780
1725148800,448.3,450.59,429.25,430.83,102695
1725235200,434.7,446.64,418.97,445.85,128109
1725321600,450.59,458.5,441.9,443.64,82223
1725408000,442.77,448.22,425.3,427.67,144453
1725494400,419.84,433.2,412.57,423.08,120114
1725753600,431.54,431.54,415.02,416.6,80146
1725840000,413.99,420.16,403.95,407.11,138659
1725926400,415.26,415.26,403.48,411.07,78031
1726012800,405.53,419.29,400.24,406.25,59545
1726099200,405.53,418.97,400.79,416.21,101099
1726358400,419.76,422.92,402.37,402.37,104852
1726444800,410.28,410.28,391.3,394.23,92179
1726617600,400.79,400.79,384.98,396.05,70257
1726963200,403.16,406.32,391.3,391.86,45622
1727049600,389.17,392.09,377.15,381.11,71985
1727136000,379.53,388.14,372.41,373.91,75987
1727222400,378.66,387.35,366.8,386.56,92639
1727308800,391.3,391.3,377.08,380.24,40088
1727568000,381.03,384.9,371.54,372.33,51661
1727654400,379.45,382.53,372.33,382.21,25527
1727740800,388.06,407.11,383.4,407.04,111234
1727827200,407.04,407.11,391.94,401.58,82481
1728172800,401.58,411.07,396.84,410.28,47525
1728259200,411.15,433.99,411.07,423.08,117594
1728345600,420.55,427.59,411.23,412.65,53086
1728432000,408.7,422.92,407.11,417.39,30827
1728950400,418.97,421.26,411.15,421.26,27169
1729036800,418.97,430.04,418.97,427.67,53432
1729123200,428.46,430.36,422.13,422.92,72803
1729382400,418.97,422.92,411.07,412.65,85828
1729468800,405.61,412.65,400.0,405.3,53723
1729555200,408.7,410.28,401.58,408.3,20415
1729641600,409.49,413.68,399.21,403.16,35926
1729728000,404.35,408.3,399.21,401.58,32239
1729987200,403.16,409.33,395.26,402.77,25356
1730073600,402.85,407.91,396.68,407.04,17966
1730160000,407.04,423.72,407.04,423.72,85283
1730246400,432.17,464.82,432.17,445.45,373835
1730764800,454.31,462.45,447.43,454.15,148281
1730851200,454.55,454.55,445.85,449.01,77280
1731196800,450.59,450.99,443.48,449.01,100647
1731283200,452.96,453.75,437.15,448.22,99452
1731369600,448.22,450.59,435.42,444.27,67155
1731456000,444.27,447.43,437.71,438.89,61063
1731542400,445.69,445.69,438.74,441.9,71045
1731801600,441.9,456.13,441.9,454.55,174633
1731974400,457.47,457.47,437.71,444.98,105407
1732060800,450.59,450.59,438.74,444.27,49006
1732147200,446.64,450.43,436.36,439.68,62966
1732406400,439.53,448.22,438.81,439.21,63157
1732492800,447.43,447.98,434.86,443.48,77555
1732579200,450.59,450.59,438.74,444.27,89930
1732665600,450.59,452.17,438.74,450.59,266148
1732752000,450.61,460.87,450.61,452.17,100778
1733011200,461.22,461.22,438.87,447.83,56228
1733097600,439.13,474.78,439.13,461.04,173941
1733184000,465.22,469.57,451.65,453.04,42731
1733270400,451.3,462.09,451.3,454.17,37988
1733356800,448.7,452.96,430.35,439.22,68151
1733616000,444.35,444.35,426.96,428.78,57539
1733702400,436.52,437.39,423.13,423.74,51779
1733788800,425.13,430.43,421.91,424.26,24239
1733875200,420.96,428.7,420.87,428.7,20593
1733961600,428.7,430.35,418.43,421.74,30616
1734307200,420.87,423.91,408.7,411.65,46458
1734393600,418.26,418.26,408.7,414.78,25235
1734480000,422.61,422.61,413.04,413.04,32056
1734566400,417.39,420.0,408.7,408.7,28383
1734825600,410.87,411.3,395.65,405.04,26896
1734912000,410.43,410.43,398.35,405.22,34051
1734998400,408.7,413.3,406.09,411.22,29507
1735171200,408.7,410.35,400.52,407.83,20942
1735430400,404.43,409.74,401.74,403.48,23710
1735603200,408.7,408.7,397.57,402.7,33338
1735689600,400.87,409.48,399.13,409.13,26776
1735776000,404.61,412.87,404.35,409.65,17851
1736035200,409.57,412.17,405.22,409.39,29220
1736121600,413.04,427.83,408.7,426.09,58062
1736208000,432.96,432.96,419.13,429.22,41687
1736294400,427.83,430.26,418.7,427.83,23362
1736380800,430.43,432.17,420.17,427.83,22261
1736640000,427.83,427.83,417.39,426.09,20373
1736726400,424.35,425.22,415.04,417.65,39562
1736899200,417.65,426.96,416.61,426.0,31943
1736985600,421.74,438.26,421.74,428.7,33445
1737244800,430.43,430.43,421.74,425.65,28566
1737331200,426.09,429.48,425.65,426.96,32693
1737417600,426.96,439.04,426.09,434.78,40177
1737504000,434.78,451.3,434.78,450.43,137082
1737590400,452.17,452.17,434.78,446.87,43221
1737849600,446.96,450.43,441.83,447.74,65954
1737936000,446.96,447.65,435.48,443.22,38900
1738022400,444.35,449.57,434.78,447.83,44820
1738454400,443.48,457.48,443.48,453.04,101593
1738540800,455.65,462.61,449.22,457.39,91197
1738627200,457.3,457.3,446.52,447.83,41998
1738713600,443.48,448.7,434.87,447.83,46341
1738800000,449.57,450.35,440.0,443.48,38461
1739059200,435.74,446.96,434.78,440.87,21170
1739145600,440.87,440.87,434.78,439.91,18343
1739232000,432.17,438.17,424.0,428.7,41220
1739318400,426.96,433.91,422.17,429.57,34970
1739404800,421.04,434.78,418.43,426.96,30489
1739664000,426.96,438.0,413.3,433.91,127765
1739750400,433.91,456.43,426.96,443.74,92094
1739836800,444.35,455.22,434.87,440.0,59691
1740009600,439.13,446.96,426.96,436.52,34200
1740268800,430.43,443.48,422.78,433.91,52054
1740355200,431.39,441.74,423.48,429.57,51003
1740441600,429.57,436.52,422.87,430.43,40032
1740614400,430.43,437.39,422.87,432.17,29342
1740873600,438.26,454.7,431.3,450.43,117090
1740960000,449.57,453.04,440.87,444.35,74206
1741046400,447.83,451.3,432.96,440.0,66830
1741132800,440.0,446.96,429.65,437.39,47814
1741219200,437.39,440.0,426.96,434.78,41007
1741478400,434.87,439.57,426.09,433.04,52240
1741564800,433.91,437.39,426.09,428.96,44839
1741651200,425.3,435.22,421.83,422.96,42471
1741737600,430.43,431.39,424.35,425.65,18462
1742083200,430.43,431.3,417.39,426.09,44346
1742169600,421.74,429.57,421.74,426.09,24967
1742256000,429.57,430.35,415.04,424.35,22131
1742342400,429.39,430.43,424.43,426.09,37395
1742428800,429.57,430.43,421.74,425.21,25574
1742688000,421.91,426.52,417.39,418.07,40257
1742774400,417.39,422.61,410.43,421.57,36437
1742860800,413.91,419.13,409.04,410.38,56357
1742947200,412.17,420.0,410.43,419.36,18612
1743033600,415.65,421.3,407.83,418.62,38312
1743292800,418.09,426.09,417.39,423.03,33419
1743465600,417.39,422.61,408.7,416.39,25594
1743552000,416.09,422.61,410.43,421.8,28246
1743638400,419.48,426.09,419.39,422.92,35234
1743984000,417.39,420.0,413.13,416.6,30666
1744070400,413.04,417.39,408.0,414.03,32877
1744156800,417.39,431.3,413.3,430.26,62267
1744243200,432.09,432.09,417.74,427.84,22678
1744502400,425.48,430.26,414.78,428.29,25099
1744675200,432.17,440.87,426.09,440.03,107134
1744761600,441.65,443.48,431.22,439.47,75902
1744848000,445.22,447.83,435.04,442.71,94140
1745107200,447.65,447.83,431.65,436.43,66230
1745193600,434.35,441.74,426.09,435.81,60608
1745280000,442.52,446.09,433.04,441.94,107177
1745366400,442.61,443.48,434.78,435.63,78296
1745452800,435.65,438.26,424.43,431.29,42546
1745712000,429.57,442.61,428.7,437.14,109402
1745798400,437.65,440.78,434.87,435.55,57009
1745884800,436.52,436.52,425.22,434.61,30608
1745971200,434.61,438.0,428.7,436.83,52501
1746316800,436.52,440.0,436.17,437.37,61481
1746403200,430.52,438.17,430.52,436.31,27528
1746489600,436.09,439.04,426.52,435.52,49467
1746576000,440.0,443.3,431.3,440.98,70383
1746662400,446.09,447.83,434.78,444.49,109167
1746921600,447.83,488.87,447.83,481.66,573286
1747094400,488.87,492.7,464.87,471.74,253205
1747180800,480.0,488.7,457.48,460.22,188073
1747267200,460.0,500.43,456.52,497.26,824999
1747526400,496.52,509.57,486.96,492.98,409600
1747612800,483.13,499.91,473.83,482.9,346161
1747699200,487.83,513.13,483.57,506.63,505312
1747785600,516.7,526.96,495.65,509.03,412921
1747872000,506.09,519.13,495.65,498.71,347850
1748131200,496.61,501.74,474.7,489.69,318522
1748217600,499.48,504.35,478.26,485.2,230821
1748304000,479.13,491.3,475.39,488.52,226773
1748390400,478.78,504.35,478.78,496.39,315844
1748822400,506.26,522.61,502.61,509.04,561476
1748908800,509.57,512.17,488.7,496.68,236083
1748995200,497.39,503.04,490.43,492.06,123545
1749081600,485.22,497.22,478.26,487.67,212462
1749340800,485.3,499.83,484.43,491.95,297550
1749427200,482.61,495.39,479.91,485.77,239199
1749513600,491.3,502.61,485.74,497.42,315155
1749600000,494.0,499.13,486.09,487.89,194522
1749686400,497.57,504.26,479.13,495.9,350935
1749945600,502.61,502.61,481.04,490.1,159010
1750032000,481.74,525.22,481.74,521.0,900638
1750118400,531.39,537.3,511.3,515.26,501929
1750204800,515.65,519.13,506.96,511.96,144559
1750291200,510.35,518.26,498.7,504.13,358731
1750550400,504.26,505.22,482.61,484.03,213001
1750636800,489.57,495.57,472.17,489.96,142891
1750723200,497.39,499.13,483.48,484.26,96835
1750809600,485.3,492.96,478.26,489.43,97030
1750896000,487.83,502.87,474.78,478.83,204538
1751155200,469.57,485.04,469.57,481.1,99674
1751241600,481.04,488.43,478.26,481.1,96374
1751328000,482.61,486.87,473.04,485.65,84327
1751414400,483.48,491.3,478.26,488.4,87947
1751500800,490.43,491.3,477.39,486.2,114750
1751760000,491.22,491.22,478.26,486.17,106025
1751846400,492.17,501.74,482.7,491.0,169163
1751932800,495.65,495.65,478.26,490.65,84450
1752019200,491.3,495.57,481.48,490.55,75423
1752105600,494.78,501.13,480.87,490.57,72957
1752364800,497.91,500.35,479.83,493.26,169044
1752451200,494.0,499.83,485.74,492.19,120143
1752537600,493.91,503.48,490.0,498.81,171988
1752624000,508.78,508.78,493.04,502.24,181350
1752710400,506.96,520.87,502.0,511.87,192333
1752969600,513.04,521.13,500.0,508.06,228293
1753056000,505.22,517.39,497.39,507.89,156962
1753142400,516.52,534.78,509.57,533.03,544088
1753228800,534.35,535.65,511.74,522.97,319537
1753315200,533.3,533.3,513.04,526.5,212009
1753574400,529.48,538.26,511.3,513.37,453779
1753660800,505.3,517.39,500.0,512.46,210958
1753747200,521.65,521.74,507.22,509.96,151771
1753833600,513.04,515.65,493.04,501.03,237920
1753920000,491.04,506.78,491.04,499.0,136308
1754179200,504.35,504.35,486.96,494.57,101379
1754265600,499.13,500.0,486.26,492.3,106407
1754352000,496.43,496.43,484.35,486.46,113878
1754438400,482.61,491.3,478.26,488.42,60761
1754524800,486.96,495.65,486.96,491.57,45717
1754870400,487.83,495.22,478.09,484.1,79745
1754956800,484.1,487.65,478.26,483.57,43033
1755043200,482.61,486.96,478.26,485.03,26187
1755129600,484.78,491.22,483.48,487.7,42863
1755388800,487.83,493.91,478.35,488.77,42265
1755475200,492.87,493.04,482.61,491.73,29115
1755561600,494.61,494.61,482.61,488.48,38347
1755648000,487.3,503.48,486.96,497.3,86698
1755734400,501.65,503.48,486.96,490.11,24961
1755993600,494.78,497.39,478.26,485.63,45670
1756080000,486.96,489.04,478.26,487.93,24835
1756166400,490.43,491.3,482.61,488.52,15674
1756252800,491.74,500.0,482.61,496.65,48014
1756339200,496.52,500.0,486.96,488.65,87475
1756598400,492.17,492.17,478.43,486.37,35900
1756684800,482.61,491.3,480.0,488.21,21663
1756771200,483.74,491.3,479.83,489.83,40466
1756857600,485.3,490.87,482.61,484.64,44279
1756944000,485.22,487.83,475.65,479.81,73684
1757203200,481.74,484.35,478.35,480.13,40514
1757289600,487.83,487.83,471.3,473.31,32918
1758153600,463.91,463.91,426.0,426.0,5696
1758412800,417.57,456.52,417.57,450.09,89896
1758585600,453.04,469.57,451.3,467.04,37955
1758672000,469.57,469.57,452.17,462.61,32711
1758758400,455.13,465.22,447.83,461.04,26208
1759017600,469.48,469.48,457.39,466.43,12303
1759795200,457.39,460.87,448.26,453.04,40916
1759881600,448.0,450.43,433.04,439.74,56489
1759968000,448.52,466.52,440.0,444.35,31500
1760227200,438.52,439.13,409.04,415.83,132788
1760313600,414.78,435.65,414.78,435.65,55736
1760400000,434.61,435.57,424.35,428.7,20551
1760486400,422.61,433.04,422.61,424.78,30371
1760572800,423.91,429.57,420.26,421.74,19520
1760832000,429.57,430.87,421.74,430.0,21984
1761436800,424.35,437.13,421.74,435.65,17881
1761609600,439.83,451.22,434.0,451.22,61184
1761696000,460.17,486.78,460.17,472.26,207945
1761782400,480.87,482.61,467.91,477.39,102925
1762041600,482.61,484.78,477.39,480.0,76357
1762128000,477.39,482.61,467.91,476.52,47749
1762214400,486.0,486.0,467.04,473.04,35815
1762300800,464.35,473.91,464.35,471.48,41106
1762387200,472.17,482.61,466.26,469.57,48155
1762646400,473.91,473.91,465.22,469.57,35370
1762732800,471.3,472.7,466.09,472.7,35661
1762819200,473.91,482.09,461.74,477.22,83496
1762905600,479.91,479.91,469.57,470.87,25230
1762992000,475.65,475.65,466.09,469.3,48141
1763251200,472.87,472.87,456.52,466.09,59547
1763337600,469.57,478.26,463.48,472.17,28431
1763424000,469.57,479.04,469.57,473.91,28435
1763510400,480.0,480.0,471.3,474.61,28517
1763596800,478.26,480.0,473.04,474.78,96431
1763856000,480.0,481.0,464.0,471.9,46349
1763942400,472.0,480.0,471.9,477.0,30245
1764028800,477.5,479.7,470.0,477.9,15265
1764115200,479.0,494.0,477.9,493.0,50083
1764201600,494.0,496.5,490.0,495.0,24097
1764460800,495.0,500.0,487.2,498.4,63990
1764547200,491.3,500.0,488.0,493.0,24408
1764633600,495.0,496.0,486.0,487.4,11361
1764720000,481.0,496.7,478.2,484.0,16548
1765065600,491.2,491.2,478.0,480.0,17710
1765152000,470.4,485.1,470.4,479.7,11295
1765238400,480.0,487.8,475.0,484.5,13710
1765324800,488.0,490.0,479.3,489.0,19935
1765411200,485.0,489.8,475.3,485.5,8582
1765670400,485.0,487.8,485.0,487.0,11112
1765756800,487.0,497.0,480.0,486.0,10782
1765843200,487.0,495.0,483.0,495.0,13058
1765929600,495.0,496.0,485.0,491.6,14580
1766016000,491.0,494.8,486.0,494.7,15109
1766275200,488.0,493.0,480.0,486.0,9156
1766361600,477.0,485.7,470.0,478.6,34104
1766448000,478.0,485.0,471.0,479.5,15466
1766534400,479.5,486.0,475.0,480.5,11182
1766880000,470.9,490.1,470.9,488.5,12144
1766966400,485.0,493.0,480.0,488.1,29177
1767139200,493.0,493.0,485.0,492.0,25981
1767225600,490.0,494.0,480.0,487.9,14998
1767484800,487.9,493.0,475.0,489.0,17633
1767571200,485.0,496.0,485.0,494.0,42684
1767657600,494.0,510.0,490.0,499.9,58331
1767744000,500.0,500.0,490.0,495.0,14764
1767830400,491.1,500.0,491.1,497.0,11547
1768176000,492.2,498.9,483.2,493.0,62815
1768262400,486.0,497.9,486.0,495.7,16894
1768348800,499.0,503.0,487.7,498.0,46757
1768694400,502.0,502.0,497.3,498.0,29400
1768867200,502.0,515.2,499.0,515.0,99453
1768953600,509.0,512.0,500.0,502.0,31970
1769040000,500.0,510.0,495.0,501.8,17717
1769299200,499.9,515.2,495.0,508.5,40572
1769385600,507.0,514.4,498.5,513.0,33023
1769472000,515.0,523.0,499.2,507.0,62156
1769558400,505.0,507.1,493.0,503.1,22435
1769644800,499.0,513.0,499.0,501.5,27785
1769904000,501.5,504.9,490.0,496.1,30983
1769990400,500.0,500.0,490.1,493.1,10981
1770076800,493.2,513.0,493.1,497.0,38791
1770163200,500.0,505.0,495.0,499.0,25371
1770249600,494.0,504.0,494.0,503.5,16517
1770508800,500.0,504.0,496.0,498.0,27063
1770595200,495.0,499.0,490.0,497.0,25082
1770681600,504.9,504.9,494.6,496.0,18543
1770768000,505.9,507.0,494.0,497.0,10898
1770854400,495.1,503.0,488.1,491.5,41181
