date,open,high,low,close,volume
1390348800,208.86,119.67,119.67,119.67,10
1390435200,119.67,128.7,121.36,128.7,60
1390694400,128.7,133.5,133.5,133.5,10
1390780800,133.5,141.4,135.47,141.4,40
1390867200,141.4,152.69,143.66,152.69,252
1390953600,152.69,165.11,154.95,165.11,1380
1391299200,165.11,178.66,167.65,178.66,64607
1391385600,178.66,181.48,167.93,169.34,64378
1391472000,169.34,169.06,155.79,167.65,19086
1391558400,167.65,170.19,167.65,169.62,14465
1391644800,169.62,176.96,168.78,174.7,12863
1391904000,174.7,174.99,169.34,173.58,17399
1391990400,173.58,182.04,172.45,176.12,11836
1392076800,176.12,175.83,172.16,173.86,21014
1392163200,173.86,172.73,169.34,172.73,8511
1392249600,172.73,172.73,171.6,172.73,9708
1392508800,172.73,172.45,169.91,170.75,6069
1392595200,170.75,172.73,169.34,171.04,22549
1392681600,171.04,176.12,170.75,173.58,11226
1392854400,173.58,177.81,173.29,177.81,9012
1393113600,177.81,192.77,177.81,191.92,33835
1393200000,191.92,204.62,192.49,192.49,23880
1393286400,192.49,195.59,186.28,195.59,25759
1393372800,195.59,198.69,178.94,189.1,14762
1393804800,189.1,187.69,182.33,184.87,7794
1393891200,184.87,183.45,178.37,183.17,18136
1393977600,183.17,192.49,179.22,186.28,12657
1394064000,186.28,189.1,184.87,186.28,27561
1394323200,186.28,186.28,180.63,183.45,15006
1394409600,183.45,183.45,177.81,183.17,8932
1394496000,183.17,182.04,177.81,177.81,10786
1394582400,177.81,182.04,176.4,180.63,10038
1394668800,180.63,182.04,178.09,180.63,9115
1395014400,180.63,180.63,173.58,176.4,9794
1395100800,176.4,177.81,172.45,173.58,5212
1395187200,173.58,179.22,172.16,176.4,4212
1395273600,176.4,178.37,173.58,178.37,2766
1395532800,178.37,183.45,176.68,180.63,10299
1395619200,180.63,187.97,180.07,186.28,10249
1395705600,186.28,191.92,182.61,189.1,21974
1395792000,189.1,194.46,186.28,193.05,22124
1395878400,193.05,198.98,191.92,198.69,39017
1396224000,198.69,206.6,197.57,206.6,19441
1396310400,206.6,215.91,204.9,214.5,18629
1396396800,214.5,225.79,212.52,221.27,35568
1396483200,221.27,225.79,208.86,209.42,18448
1396742400,209.42,209.98,206.03,208.86,10967
1396828800,208.86,213.09,205.47,213.09,10843
1397001600,213.09,217.89,209.42,217.32,7401
1397088000,217.32,218.73,214.22,218.17,5842
1397347200,218.17,221.56,214.5,221.56,15886
1397520000,221.56,222.97,215.91,221.56,12285
1397606400,221.56,222.68,215.35,217.32,8958
1397952000,220.14,221.84,218.17,218.17,9516
1398038400,218.17,220.43,213.94,216.76,6649
1398124800,216.76,221.84,213.94,220.14,9748
1398211200,220.14,221.56,217.6,219.3,13283
1398556800,219.3,220.14,214.5,217.89,4486
1398643200,217.89,217.04,212.52,214.5,3711
1398729600,214.5,216.76,213.09,214.78,4659
1398816000,214.78,211.68,204.9,209.42,14040
1399161600,209.42,211.68,206.03,207.44,7737
1399248000,207.44,215.91,201.52,213.09,9585
1399334400,213.09,213.09,209.42,212.81,2437
1399420800,212.81,214.22,208.86,211.68,4894
1399507200,211.68,215.91,211.4,213.37,7781
1399766400,213.37,213.94,206.03,206.03,4525
1399852800,206.03,209.42,204.62,208.01,2471
1399939200,208.01,208.86,204.34,208.86,2726
1400112000,208.86,211.68,200.95,210.27,2409
1400371200,210.27,212.81,208.86,208.86,3155
1400457600,208.86,210.55,206.6,208.86,6262
1400544000,208.86,209.98,206.32,208.57,4881
1400630400,208.57,211.11,207.44,208.86,5065
1400716800,208.86,210.27,206.03,208.86,3716
1400976000,208.86,218.17,210.27,211.68,8110
1401062400,211.68,214.5,209.14,214.22,8712
1401148800,214.22,217.89,211.68,214.5,6168
1401235200,214.5,220.14,211.11,217.32,16331
1401580800,217.32,222.68,212.24,218.73,14235
1401667200,218.73,228.05,218.45,223.25,5875
1401753600,223.25,223.81,217.32,217.6,4027
1401840000,217.6,221.27,214.78,221.27,4150
1401926400,221.27,224.94,218.73,222.4,4755
1402185600,222.4,224.66,220.14,222.68,3198
1402272000,222.68,223.25,220.14,222.97,3578
1402358400,222.97,225.79,220.14,222.97,4805
1402444800,222.97,226.64,221.56,224.94,4942
1402531200,224.94,226.07,220.99,225.79,3155
1402790400,225.79,226.07,222.97,224.66,10976
1402876800,224.66,225.79,222.97,223.25,7744
1402963200,223.25,225.51,220.43,225.51,5555
1403049600,225.51,225.79,221.56,222.97,3965
1403136000,222.97,224.38,220.14,221.27,1423
1403481600,221.27,222.97,216.76,218.73,3820
1403568000,218.73,221.84,215.06,220.14,8173
1403654400,220.14,223.81,218.73,219.86,4748
1403740800,219.86,224.38,221.27,222.4,4227
1404000000,222.4,226.07,220.14,222.97,3632
1404086400,222.97,226.64,222.97,225.79,8617
1404172800,225.79,226.35,224.1,224.38,8616
1404259200,224.38,225.51,221.56,225.51,4863
1404345600,225.51,244.13,224.38,231.43,23364
1404604800,231.43,251.76,228.05,251.76,17498
1404691200,251.76,265.58,254.01,261.35,19971
1404777600,261.35,274.05,262.48,269.54,8729
1404864000,269.54,270.95,261.07,263.89,3931
1404950400,263.89,264.74,259.66,263.33,5620
1405209600,263.33,267.84,256.84,263.89,8821
1405296000,263.89,263.89,256.84,256.84,3288
1405382400,256.84,259.38,248.37,252.6,5182
1405468800,252.6,256.84,251.19,252.6,16217
1405555200,252.6,259.38,252.6,259.38,6154
1405814400,259.38,265.3,256.84,265.3,6658
1405900800,265.3,265.3,261.07,263.04,5231
1405987200,263.04,260.79,254.01,256.84,5518
1406073600,256.84,261.07,254.3,258.25,9771
1406160000,258.25,259.66,255.42,257.4,12151
1406419200,257.4,259.38,254.01,254.58,8650
1406505600,254.58,255.42,246.96,254.01,4191
1406678400,254.01,256.84,245.55,247.52,8120
1406764800,247.52,254.3,247.52,253.45,2555
1407024000,253.45,254.01,234.54,245.55,8742
1407110400,245.55,249.22,241.59,246.11,4284
1407196800,246.11,248.65,240.47,241.03,3757
1407283200,241.03,244.98,238.49,238.49,4029
1407369600,238.49,244.13,237.08,244.13,7164
1407801600,244.13,245.55,239.9,239.9,1342
1407888000,239.9,243.57,235.67,235.67,2632
1407974400,235.67,239.9,234.26,239.9,23103
1408320000,239.9,238.49,232.85,234.26,1394
1408406400,234.26,243.57,230.31,234.54,3843
1408492800,234.54,234.54,230.02,230.31,3026
1408579200,230.31,226.35,213.09,222.97,4090
1408838400,222.97,222.97,220.14,221.56,2975
1408924800,221.56,221.56,202.36,209.14,2484
1409011200,209.14,226.64,212.52,220.71,7383
1409097600,220.71,230.87,216.48,223.81,10642
1409184000,223.81,228.05,221.56,227.2,10579
1409443200,227.2,224.94,217.32,220.71,1532
1409529600,220.71,220.14,214.5,220.14,3733
1409702400,220.14,220.14,216.19,218.73,1341
1409788800,218.73,218.73,211.68,217.32,2091
1410048000,217.32,215.91,200.39,200.39,902
1410220800,200.39,210.83,198.41,208.86,11273
1410307200,208.86,212.24,200.95,210.27,7071
1410393600,210.27,218.17,201.8,218.17,4491
1410739200,208.86,211.4,203.78,208.86,11950
1410825600,208.86,210.55,204.06,207.44,4380
1410912000,207.44,211.11,206.03,206.32,4181
1410998400,206.32,209.7,202.36,205.47,5448
1411257600,204.62,201.8,197.57,200.39,5982
1411344000,200.39,203.78,196.15,203.78,5378
1411430400,203.78,211.4,200.39,203.21,17732
1411516800,203.21,206.03,201.23,204.34,1614
1411862400,204.34,215.91,201.8,215.91,4026
1411948800,215.91,220.71,208.86,217.32,2586
1412035200,217.32,220.14,213.09,217.32,6739
1412726400,217.32,222.97,210.27,210.27,7349
1412812800,210.27,215.35,210.27,211.68,5660
1413072000,211.68,215.91,209.7,211.11,3167
1413158400,211.11,211.96,208.86,211.96,2619
1413244800,211.96,215.91,209.42,215.91,3344
1413331200,215.91,217.6,211.11,217.6,1681
1413417600,217.6,219.58,215.91,219.3,6155
1413676800,219.3,217.89,215.91,217.32,5405
1413763200,217.32,221.27,217.32,217.32,12316
1413849600,217.32,222.4,217.32,222.4,11330
1413936000,222.4,230.87,222.4,227.2,8777
1414281600,227.2,237.93,227.2,234.54,5347
1414368000,234.54,241.31,234.54,239.9,12864
1414454400,239.9,239.9,231.72,237.08,5038
1414627200,237.08,235.67,230.31,232.28,4029
1414886400,232.28,234.82,224.38,234.82,6626
1414972800,234.82,230.87,224.1,224.94,4129
1415059200,224.94,224.66,220.14,223.81,4034
1415145600,223.81,228.89,222.12,227.48,3680
1415232000,227.48,230.87,225.79,226.64,2872
1415491200,226.64,226.35,222.4,224.1,2254
1415577600,224.1,222.97,217.32,220.14,6188
1415664000,220.14,229.74,213.94,229.74,1107
1415750400,229.74,229.74,219.3,222.12,2141
1415836800,222.12,222.68,220.14,222.12,890
1416096000,222.12,225.51,220.14,221.27,1564
1416182400,221.27,220.99,215.91,217.32,3477
1416268800,217.32,217.04,204.62,213.65,4234
1416355200,213.65,217.32,213.09,215.91,6797
1416441600,215.91,216.76,213.09,214.5,8203
1416700800,214.5,228.89,215.91,219.58,5651
1416787200,219.58,220.99,217.32,217.32,955
1416873600,217.32,218.73,213.09,218.73,4598
1417305600,218.73,219.58,215.91,219.58,1669
1417392000,219.58,218.73,214.5,214.5,2074
1417478400,214.5,217.04,210.27,210.27,2070
1417564800,210.27,215.91,211.68,211.68,4601
1417651200,211.68,217.32,214.5,215.35,5200
1417910400,215.35,214.5,211.68,214.5,871
1417996800,214.5,214.5,210.55,212.24,5245
1418083200,212.24,215.91,212.24,213.65,4969
1418169600,213.65,218.17,214.5,214.78,2992
1418256000,214.78,217.89,214.22,217.89,3834
1418515200,217.89,236.23,217.6,232.0,10156
1418601600,232.0,237.64,219.3,227.2,18593
1418688000,227.2,228.33,220.99,225.51,8770
1418774400,225.51,231.43,222.4,225.79,3591
1418860800,225.79,226.92,222.97,224.66,3865
1419120000,224.66,225.51,220.99,224.66,3276
1419206400,224.66,229.74,217.89,228.61,3626
1419292800,228.61,225.79,220.43,225.23,4919
1419379200,225.23,228.89,224.94,225.51,3624
1419724800,225.51,229.18,227.2,227.2,3606
1419811200,227.2,226.92,223.81,226.35,3565
1419984000,226.35,228.05,219.3,226.35,2147
1420070400,226.35,229.74,225.79,227.2,6121
1420329600,227.2,231.15,227.2,231.15,2143
1420416000,231.15,235.1,227.48,228.61,4874
1420502400,228.61,231.72,228.61,230.87,2456
1420588800,230.87,234.26,230.31,232.56,4174
1420675200,232.56,241.31,234.26,235.67,15714
1420934400,235.67,248.37,237.08,246.96,22653
1421020800,246.96,250.63,242.72,247.24,9812
1421107200,247.24,249.78,243.01,249.78,11026
1421193600,249.78,254.01,249.5,250.91,12030
1421539200,250.91,252.6,246.96,246.96,6769
1421625600,246.96,263.89,250.34,250.34,14051
1421712000,250.34,254.58,239.9,246.96,17054
1421884800,246.96,249.78,238.77,249.22,7342
1422144000,249.22,250.06,247.24,250.06,2798
1422230400,250.06,254.01,249.22,251.76,10585
1422316800,251.76,252.04,250.34,250.63,3234
1422403200,250.63,254.01,244.13,253.17,4374
1422489600,253.17,254.01,248.93,250.34,6151
1422748800,250.34,254.01,248.37,249.78,4785
1422835200,249.78,250.91,245.83,250.91,3742
1422921600,250.91,252.32,246.96,248.37,7114
1423008000,248.37,266.71,252.6,258.25,29579
1423094400,258.25,258.25,251.19,255.42,18948
1423353600,255.42,261.35,252.32,261.35,6222
1423440000,261.35,259.66,255.14,258.25,3217
1423526400,258.25,259.66,254.01,254.01,4953
1423612800,254.01,257.96,254.01,255.99,3281
1423699200,255.99,259.66,254.01,256.27,2633
1423958400,256.27,256.55,254.01,254.01,7115
1424044800,254.01,254.3,251.76,253.73,2159
1424304000,253.73,254.3,249.78,250.06,2242
1424563200,250.06,249.78,244.13,244.13,2639
1424649600,244.13,248.37,244.13,245.83,2802
1424736000,245.83,248.37,240.47,246.96,937
1424822400,246.96,249.78,244.7,246.39,3225
1425168000,244.7,246.68,244.7,244.7,1855
1425254400,244.7,247.24,241.31,246.68,1452
1425340800,246.68,246.96,243.57,244.42,2730
1425427200,244.42,248.37,240.18,245.26,3102
1425859200,245.26,245.55,241.31,244.13,1501
1425945600,244.13,246.96,244.13,244.13,668
1426032000,244.13,246.96,244.13,246.11,959
1426118400,246.11,247.8,246.11,247.8,382
1426377600,247.8,245.55,237.64,239.62,5443
1426464000,239.62,238.49,234.26,237.08,1389
1426550400,237.08,241.03,236.8,238.49,1052
1426636800,238.49,239.9,237.08,238.77,416
1426723200,238.77,244.42,238.77,239.9,1481
1426982400,239.9,239.9,239.62,239.9,497
1427068800,239.9,239.9,235.67,235.67,3129
1427155200,235.67,237.08,233.13,235.67,605
1427241600,235.67,238.49,233.69,234.26,2152
1427328000,234.26,236.8,230.31,234.26,403
1427587200,234.26,239.9,233.97,237.08,660
1427673600,237.08,234.26,232.85,232.85,2789
1427760000,232.85,237.08,232.56,237.08,1871
1427846400,237.08,239.9,231.72,233.69,2490
1427932800,233.69,235.1,233.13,235.1,1525
1428192000,235.1,234.26,230.59,230.59,4253
1428278400,230.59,232.0,230.87,232.0,712
1428364800,232.0,232.0,228.61,232.0,1605
1428451200,232.0,237.08,231.43,232.28,712
1428537600,232.28,237.64,234.26,234.82,1655
1428796800,234.82,238.21,234.54,236.51,5617
1428883200,236.51,237.93,235.39,235.67,3572
1429056000,235.67,239.34,231.43,234.26,1393
1429142400,234.26,237.08,225.79,237.08,1544
1429401600,237.08,239.9,237.08,239.62,1047
1429488000,239.62,238.49,228.61,232.85,2336
1429574400,232.85,240.75,230.02,231.43,879
1429660800,231.43,232.56,232.0,232.28,132
1429747200,234.26,237.08,230.87,230.87,1055
1432425600,230.87,228.05,226.64,226.64,36
1432771200,226.64,222.68,206.88,206.88,1409
1433030400,206.88,208.29,193.61,208.29,10950
1433116800,208.29,215.35,206.03,215.35,4682
1433203200,215.35,214.5,211.68,214.5,780
1433289600,214.5,218.17,214.78,217.32,544
1433376000,217.32,223.81,217.32,222.4,1506
1433635200,222.4,224.66,217.32,217.32,1770
1433721600,217.32,236.23,220.99,230.31,1805
1433808000,230.31,238.21,227.48,234.26,6146
1433894400,234.26,234.54,227.48,230.31,706
1433980800,230.31,229.18,221.56,222.97,780
1434240000,222.97,222.97,217.89,217.89,1313
1434326400,217.89,224.1,215.91,218.73,3202
1434412800,218.73,222.97,217.32,217.32,6023
1434499200,217.32,217.32,215.91,216.48,233
1434585600,216.48,219.86,214.5,218.73,1201
1434844800,218.73,215.35,213.09,215.35,800
1434931200,214.5,219.02,214.5,215.06,3435
1435017600,215.06,217.32,214.78,216.19,558
1435104000,216.19,218.73,215.91,217.32,3636
1435190400,217.32,219.3,217.32,217.6,2320
1435449600,218.73,224.38,217.6,220.71,5273
1435536000,220.71,228.61,220.71,224.66,1103
1435622400,227.2,227.2,224.66,226.07,6428
1435708800,226.92,227.2,222.68,222.97,1531
1435795200,220.14,222.97,217.32,222.97,1083
1436054400,223.81,223.81,217.89,217.89,2990
1436140800,221.56,221.56,217.32,220.14,8964
1436227200,223.81,224.38,219.3,220.99,1463
1436313600,223.53,226.07,221.84,226.07,3265
1436400000,226.07,226.07,222.97,225.51,925
1436659200,226.35,226.35,223.25,225.51,2206
1436745600,225.51,225.51,223.53,225.51,825
1436832000,223.53,227.2,219.86,227.2,401
1436918400,224.38,231.43,223.81,231.43,1217
1437004800,231.43,227.48,225.79,225.79,748
1437523200,225.79,229.74,225.79,227.2,1353
1437609600,227.2,230.02,227.2,228.33,1502
1437868800,228.33,236.23,232.28,236.23,3024
1437955200,236.23,232.28,225.79,230.02,4034
1438041600,230.02,228.61,223.25,224.38,2788
1438128000,224.38,225.79,222.97,222.97,3719
1438214400,222.97,229.46,221.56,224.66,7316
1438473600,224.66,225.51,220.99,224.94,1390
1438560000,224.94,226.07,222.97,225.79,6264
1438646400,225.79,226.07,222.4,225.79,4043
1438732800,225.79,226.07,222.97,223.25,6749
1438819200,223.53,228.61,219.58,227.2,9790
1439078400,227.2,233.13,226.35,231.72,5389
1439164800,231.72,230.02,230.02,230.02,1028
1439251200,230.02,234.26,232.0,234.26,126
1439337600,238.21,241.31,238.21,241.31,690
1439424000,237.36,249.5,237.36,249.5,388
1439683200,253.73,266.71,253.73,266.43,1790
1439769600,270.95,275.75,262.48,265.3,2208
1439856000,262.76,263.89,257.68,263.89,5935
1439942400,265.3,267.84,265.02,266.43,3369
1440028800,270.67,275.18,266.71,268.13,3035
1440288000,263.33,263.89,262.48,263.89,214
1440374400,259.66,259.66,251.76,255.42,576
1440460800,254.01,261.35,254.01,257.96,1521
1440547200,257.96,259.66,257.96,258.25,2686
1440633600,262.76,275.75,262.76,269.54,6884
1440979200,270.95,270.95,268.13,270.95,2064
1441065600,270.95,270.95,265.3,265.87,1564
1441152000,261.35,263.04,258.53,263.04,1022
1441238400,260.22,261.07,258.53,260.22,2054
1441497600,262.2,262.2,253.73,253.73,1788
1441584000,254.01,254.3,249.5,249.78,2025
1441670400,245.55,248.65,243.01,248.37,2960
1441756800,247.52,247.52,245.55,245.83,800
1441843200,249.78,254.01,248.65,248.65,4031
1442102400,251.19,254.01,251.19,254.01,2264
1442188800,258.53,258.53,248.65,248.65,1744
1442275200,252.88,258.25,252.88,254.01,1751
1442361600,251.19,251.19,251.19,251.19,300
1442448000,248.37,253.45,248.37,253.45,309
1442880000,252.6,252.6,245.55,245.55,1264
1442966400,245.55,248.37,245.55,245.55,5276
1443052800,249.5,249.5,245.55,245.55,546
1443398400,244.98,245.55,243.57,243.57,456
1443484800,245.55,252.6,244.13,252.6,7786
1443571200,255.42,255.42,251.76,253.45,3304
1443657600,256.84,258.53,255.71,257.12,5817
1443916800,261.63,266.71,261.07,265.3,9593
1444003200,265.3,265.3,260.22,260.22,3107
1444089600,261.07,261.07,257.96,257.96,2562
1444176000,253.45,255.42,252.6,254.01,4954
1444262400,254.01,255.71,254.01,255.71,2484
1444521600,254.01,254.01,248.37,250.06,2887
1444780800,248.93,251.19,247.52,247.52,1009
1444867200,251.76,251.76,250.34,251.19,700
1445126400,251.19,251.19,248.37,249.22,1918
1445212800,249.78,252.6,248.65,252.32,2251
1445731200,254.01,254.01,248.37,248.37,565
1445904000,245.55,245.55,235.67,235.67,4131
1445990400,237.08,238.49,230.02,238.49,2351
1446076800,239.9,244.13,239.9,244.13,118
1446336000,239.9,242.72,239.9,240.47,1335
1446422400,240.47,242.72,239.9,242.72,1799
1446508800,241.31,241.31,234.26,234.26,1192
1446681600,237.08,237.08,237.08,237.08,13
1446940800,239.62,244.13,237.08,243.57,1492
1447027200,244.42,252.04,244.42,251.19,2027
1447113600,248.37,248.37,248.37,248.37,110
1447545600,249.78,249.78,244.7,246.96,2182
1447632000,249.78,249.78,239.05,240.18,1271
1447804800,239.9,241.59,241.31,241.59,189
1447891200,237.36,251.19,237.08,251.19,2437
1448150400,247.24,247.24,238.49,238.49,3056
1448236800,238.49,239.9,234.54,239.9,6321
1448323200,241.31,242.72,237.08,238.77,1084
1448409600,239.9,239.9,234.82,234.82,5334
1448496000,234.26,234.26,230.02,232.85,1787
1448755200,229.18,229.18,225.79,226.07,1412
1448841600,226.07,227.2,223.53,227.2,2564
1448928000,227.2,243.29,228.61,237.08,1638
1449014400,233.13,241.03,233.13,241.03,1254
1449100800,239.9,239.9,235.67,237.64,392
1449187200,237.64,241.31,235.67,236.8,2187
1449446400,238.49,238.49,238.49,238.49,354
1449532800,239.9,244.13,236.23,237.08,2305
1449619200,234.54,239.9,234.54,237.08,2994
1449705600,238.49,239.34,235.95,238.49,2335
1449964800,237.08,241.03,237.08,238.49,3803
1450051200,237.08,240.47,235.95,240.47,2832
1450137600,237.08,238.21,237.08,237.36,7425
1450224000,237.08,238.21,235.67,237.64,2982
1450310400,235.67,235.67,232.85,234.82,2210
1450569600,234.82,234.82,234.82,234.82,300
1450656000,234.82,236.51,232.0,236.51,1727
1450742400,233.13,237.08,233.13,237.08,1002
1450828800,237.08,238.49,234.26,238.21,1960
1450915200,239.9,241.88,239.9,241.31,1034
1451001600,238.49,238.49,237.64,238.49,708
1451260800,238.49,240.47,237.64,237.64,1593
1451347200,237.64,238.77,235.95,238.21,1004
1451520000,239.9,241.03,237.08,240.75,3889
1451779200,242.72,244.13,241.03,244.13,2266
1451865600,244.13,244.98,239.9,242.72,2373
1451952000,242.72,254.01,241.31,241.31,6682
1452038400,243.01,251.47,243.01,251.47,9448
1452124800,250.06,268.13,250.06,265.58,31254
1452384000,265.58,270.1,258.25,263.89,11621
1452470400,268.41,270.95,264.46,270.1,18420
1452556800,274.9,274.9,269.54,272.08,10680
1452643200,272.08,272.36,259.66,268.41,10900
1452729600,265.58,269.54,261.07,261.07,3802
1452988800,265.58,269.54,265.58,268.41,10281
1453075200,269.82,272.08,266.71,271.79,11439
1453161600,271.79,273.77,265.3,270.38,11219
1453248000,270.95,278.0,269.82,277.16,11828
1453334400,277.16,278.0,274.33,278.0,7719
1453593600,278.0,279.41,274.9,274.9,4965
1453680000,272.08,272.36,269.82,269.82,9887
1453766400,269.82,273.49,270.38,270.38,5357
1453852800,270.38,272.64,268.13,271.51,3914
1453939200,267.0,271.79,267.0,271.79,182
1454198400,273.77,274.33,270.38,270.95,12149
1454284800,270.95,271.51,268.97,269.82,6985
1454371200,274.33,274.33,266.15,270.95,3021
1454457600,270.95,273.77,269.54,272.36,8327
1454544000,270.95,278.29,270.95,275.18,13553
1454803200,275.18,279.41,273.21,279.41,9285
1454889600,279.41,285.06,279.41,283.65,27469
1455148800,283.65,282.24,277.16,278.57,13351
1455408000,273.77,275.46,271.51,274.9,6373
1455494400,280.26,279.41,271.23,272.64,3149
1455580800,272.36,276.59,268.97,276.31,1462
1455667200,276.31,276.31,271.51,271.51,3664
1455753600,271.51,273.77,269.82,271.79,3356
1456012800,274.33,274.33,269.54,270.95,11827
1456099200,270.95,272.08,268.97,270.67,5825
1456185600,270.67,268.97,266.71,268.97,3691
1456272000,267.0,268.13,265.3,266.43,4362
1456358400,267.84,268.13,262.76,268.13,1072
1456617600,268.13,271.51,262.48,263.89,3658
1456704000,263.89,265.58,259.94,265.3,563
1456790400,261.35,267.0,261.35,267.0,929
1456876800,265.3,269.54,262.76,269.54,1312
1456963200,269.54,269.54,266.71,268.13,1652
1457222400,266.71,269.25,266.71,267.28,3461
1457568000,267.28,279.98,265.58,279.41,7714
1457827200,282.24,282.24,267.56,275.75,3169
1457913600,271.79,276.31,271.51,273.21,1365
1458000000,273.77,275.18,272.36,275.18,1627
1458086400,273.21,273.49,271.23,273.49,1649
1458172800,268.97,273.77,268.97,272.36,2297
1458432000,273.77,273.77,269.54,270.95,1741
1458518400,269.54,269.54,268.13,269.54,2776
1458691200,268.41,271.51,268.41,271.51,14632
1458777600,271.51,273.77,269.54,273.49,6626
1459036800,273.49,274.9,268.97,273.77,6916
1459123200,273.77,275.18,268.13,268.41,2257
1459209600,265.58,270.95,265.58,269.54,2105
1459296000,269.54,268.41,267.56,267.56,968
1459382400,267.56,274.33,267.56,270.67,2496
1459641600,270.67,266.71,265.3,266.71,200
1459728000,266.71,268.97,266.15,268.13,2739
1459814400,265.3,269.25,265.3,269.25,506
1459900800,269.25,275.18,266.71,270.95,5789
1460246400,270.95,270.95,266.71,268.41,5516
1460332800,268.41,272.92,268.41,272.64,2334
1460419200,272.64,270.95,268.13,268.13,1632
1460592000,268.13,270.95,268.13,269.82,909
1460851200,270.95,273.77,270.38,273.77,2551
1460937600,273.77,275.18,270.95,273.77,2783
1461024000,273.77,272.36,269.82,272.36,2437
1461110400,272.36,274.62,268.13,269.54,2567
1461196800,269.54,269.54,266.71,269.54,8010
1461456000,269.54,270.95,265.3,266.71,6877
1461542400,266.71,269.54,265.02,265.3,2648
1461628800,265.3,268.13,263.89,264.46,5033
1461715200,264.46,265.3,262.2,263.61,4259
1461801600,263.61,270.95,262.48,270.95,4212
1462147200,270.95,283.65,268.41,281.95,23030
1462233600,281.95,288.45,282.8,283.93,30165
1462320000,283.93,283.93,278.85,279.41,10578
1462406400,279.41,282.24,272.92,278.0,3593
1462665600,278.0,282.24,275.18,275.75,4005
1462752000,279.7,283.37,278.0,282.24,12382
1462838400,281.39,282.24,279.98,279.98,5894
1462924800,279.98,279.13,270.95,276.31,3029
1463011200,275.75,276.87,275.75,276.59,669
1463270400,268.13,273.77,261.07,273.77,6415
1463356800,273.77,270.95,268.13,270.95,1000
1463443200,275.18,276.31,271.79,273.21,3643
1463529600,273.21,271.79,270.1,271.79,763
1463616000,271.79,272.36,269.54,270.1,2775
1463875200,270.1,270.95,268.41,269.82,2627
1463961600,269.82,270.95,266.71,268.69,3764
1464048000,268.69,270.95,268.69,269.54,3849
1464134400,269.54,270.95,265.58,270.95,3266
1464220800,270.95,272.36,267.0,270.95,2500
1464480000,270.95,274.62,269.54,272.92,10185
1464566400,272.92,282.24,274.05,280.54,9025
1464652800,280.54,303.4,279.41,303.12,32434
1464739200,303.12,307.64,280.54,286.75,17305
1464825600,286.75,281.67,272.64,280.83,1990
1465084800,280.83,276.59,267.28,268.13,7655
1465171200,268.13,276.59,269.25,276.59,1227
1465257600,271.79,275.46,271.23,272.36,1161
1465344000,272.36,276.03,271.51,272.36,4611
1465430400,275.18,278.0,273.77,274.05,3704
1465689600,274.05,273.77,271.23,273.77,7223
1465776000,273.77,273.77,272.08,273.49,1877
1465862400,273.77,278.85,273.77,276.59,4287
1465948800,273.77,277.16,273.77,277.16,3001
1466035200,277.16,281.39,273.77,276.59,2708
1466294400,276.59,278.0,273.77,275.18,3839
1466380800,275.18,294.37,275.18,292.12,25014
1466467200,292.12,318.36,289.29,316.11,60167
1466553600,321.75,344.89,318.65,344.89,79545
1466640000,344.89,376.5,335.86,341.51,96899
1466899200,341.51,338.68,318.93,322.03,22194
1466985600,322.03,327.68,316.11,323.16,18272
1467072000,323.16,327.39,316.95,325.98,11086
1467158400,325.98,333.32,323.16,329.37,10900
1467244800,329.37,336.14,325.42,327.68,11128
1467504000,327.68,330.22,324.57,327.39,11787
1467590400,327.39,327.68,318.93,322.88,7975
1467676800,317.23,324.29,313.28,321.19,7666
1467763200,318.36,321.19,317.8,318.93,3792
1468108800,318.93,319.77,314.98,315.26,15213
1468195200,315.26,317.23,314.69,316.11,5137
1468281600,316.11,315.26,304.82,313.28,9005
1468368000,313.28,311.87,307.07,308.2,6883
1468454400,307.64,316.11,307.64,316.11,5220
1468713600,316.11,327.39,316.11,320.9,3807
1468800000,320.9,321.75,316.95,321.47,5181
1468886400,321.75,327.39,321.75,324.57,10420
1468972800,323.16,328.81,321.75,321.75,9014
1469059200,321.75,323.16,318.93,319.77,5675
1469404800,319.77,327.39,320.34,324.57,3655
1469491200,324.57,333.04,321.75,333.04,7238
1469577600,333.04,335.3,325.98,333.04,7213
1469664000,333.04,333.04,327.39,333.04,3766
1469923200,333.04,335.86,321.47,327.39,15374
1470009600,327.39,330.22,325.14,327.39,7135
1470096000,327.39,325.98,318.93,325.98,5508
1470182400,325.98,321.75,316.11,318.65,2214
1470268800,318.65,324.57,311.87,313.28,6781
1470528000,313.28,321.75,313.28,313.28,5385
1470614400,313.28,312.44,301.99,301.99,1530
1470700800,307.36,312.72,307.36,312.72,200
1470787200,310.18,317.52,307.64,312.72,11062
1470873600,311.87,317.52,310.74,317.52,3964
1471132800,313.28,313.28,307.64,309.05,4481
1471219200,307.64,307.64,297.76,299.17,3606
1471305600,294.09,301.71,284.21,294.94,8243
1471392000,294.94,301.99,294.94,300.02,6048
1471737600,304.82,304.82,295.22,297.76,1656
1471824000,297.76,301.99,282.8,287.88,2075
1471910400,287.88,292.96,287.88,290.7,5628
1471996800,295.78,303.4,293.53,303.4,10574
1472342400,307.64,310.46,300.58,303.4,8588
1472428800,308.77,308.77,300.58,301.99,13534
1472515200,301.99,303.4,299.17,303.4,8169
1472601600,298.04,298.04,280.83,288.73,14491
1472688000,290.14,290.14,285.06,290.14,4515
1472947200,285.06,286.47,282.24,282.8,3928
1473033600,278.0,287.88,277.72,285.06,1963
1473120000,288.45,288.45,286.47,286.47,1025
1473206400,291.55,294.66,291.55,292.4,2322
1473292800,292.12,298.32,290.14,290.7,3685
1473552000,287.88,293.53,287.88,293.24,2375
1473638400,296.63,296.91,285.34,292.96,10165
1473811200,287.88,292.12,287.88,291.27,2137
1474156800,292.12,296.63,292.12,295.78,10843
1474329600,296.35,296.35,290.7,294.66,11428
1474416000,294.66,294.66,290.99,294.09,9982
1474502400,290.7,292.12,289.29,292.12,2999
1474761600,290.7,292.12,289.29,292.12,2999
1474848000,286.47,287.88,284.49,287.88,2154
1474934400,285.06,290.7,285.06,286.75,2916
1475020800,289.29,289.29,286.47,286.75,683
1475107200,286.47,289.29,285.06,287.32,1790
1475366400,287.88,287.88,283.65,283.65,1670
1475452800,285.06,289.01,285.06,285.62,1445
1475539200,285.06,308.77,285.06,308.77,352
1475625600,314.13,314.13,287.03,287.03,636
1475712000,290.7,292.12,289.29,290.7,660
1476576000,290.7,290.7,290.14,290.14,200
1476662400,286.47,291.27,280.83,285.06,2281
1476748800,285.06,287.88,283.65,287.88,1924
1476835200,288.73,289.86,288.73,289.86,72
1476921600,294.94,299.17,294.94,297.76,15629
1477180800,296.35,296.35,287.88,291.55,1776
1477267200,286.47,289.29,286.47,288.16,513
1477353600,286.47,291.27,285.62,291.27,2368
1477440000,296.35,303.4,288.16,300.58,5635
1477526400,300.58,305.66,299.74,302.84,5900
1478131200,297.48,300.3,289.58,300.3,1794
1478476800,294.94,301.71,290.7,298.61,2029
1478563200,297.76,300.3,295.5,295.78,8675
1478649600,290.7,291.27,281.95,289.29,8000
1478736000,293.53,293.53,285.06,289.01,6448
1478995200,290.7,294.09,282.52,286.47,2149
1479081600,291.55,300.58,285.91,290.7,10056
1479168000,290.7,290.7,287.32,287.32,3389
1479254400,283.37,287.03,283.37,285.91,2577
1479340800,282.24,285.06,278.57,281.11,10033
1479600000,282.24,282.24,268.13,272.64,2400
1479686400,272.64,272.64,258.25,270.1,13700
1479772800,268.13,269.54,261.07,261.07,8171
1479859200,263.89,268.13,259.38,262.48,11538
1479945600,262.76,267.0,259.66,259.66,26598
1480204800,256.84,259.66,251.19,251.19,11188
1480291200,246.96,263.04,238.49,263.04,1800
1480377600,258.53,268.13,249.78,268.13,11100
1480464000,265.3,281.67,264.74,280.83,6714
1480550400,282.24,283.65,273.77,273.77,7158
1480809600,268.97,272.36,265.3,268.13,5543
1480896000,268.41,268.41,265.3,268.13,450
1480982400,268.13,274.62,266.71,268.13,7292
1481068800,268.97,268.97,266.71,268.13,2313
1481155200,263.61,266.71,257.68,265.3,2933
1481414400,260.79,262.48,252.04,252.04,1901
1481500800,248.37,254.01,248.37,252.04,2617
1481673600,247.8,252.6,247.8,252.6,524
1481760000,256.84,258.25,254.01,258.25,1850
1482019200,257.4,257.4,257.4,257.4,18
1482105600,259.66,261.63,256.84,258.25,4518
1482192000,254.01,254.01,249.78,253.17,1639
1482278400,248.93,252.6,246.96,249.5,3158
1482364800,250.91,254.01,249.5,249.5,478
1482710400,249.5,249.5,245.55,245.55,837
1482796800,242.72,242.72,232.0,234.54,4759
1482883200,235.67,242.72,235.67,239.9,2259
1482969600,239.9,246.96,238.49,246.96,4040
1483228800,246.96,253.73,245.55,253.73,2395
1483315200,253.73,256.84,252.32,254.3,3696
1483401600,249.78,254.01,248.09,249.78,1653
1483488000,249.78,252.6,249.5,252.6,2309
1483574400,252.6,254.01,248.65,249.78,3975
1483833600,245.83,249.78,244.42,249.78,1218
1483920000,254.01,255.42,249.5,255.14,3227
1484006400,254.01,255.42,251.19,254.01,2813
1484092800,255.42,255.42,252.04,254.01,1975
1484179200,250.06,251.19,250.06,250.63,1082
1484438400,248.93,249.78,248.93,249.78,1150
1484524800,245.55,251.47,245.55,251.47,1000
1484611200,254.3,254.3,250.06,250.06,1358
1484697600,250.91,251.19,249.78,250.06,523
1484784000,245.55,255.14,245.55,250.34,1340
1485043200,250.34,254.01,250.34,254.01,2573
1485129600,254.01,254.01,249.78,249.78,1443
1485216000,250.06,251.19,245.83,245.83,2148
1485302400,245.55,246.11,239.9,239.9,1311
1485388800,235.67,242.72,231.72,241.31,1389
1485734400,241.31,241.31,226.07,226.07,3077
1485820800,222.12,228.05,218.73,223.81,1286
1485907200,227.48,242.72,227.48,242.72,407
1485993600,246.96,251.19,235.67,235.67,2043
1486252800,234.26,239.62,234.26,238.49,2400
1486339200,241.31,246.68,241.31,244.13,1869
1486425600,241.31,251.19,241.31,251.19,2325
1486512000,247.24,247.24,239.05,240.18,1559
1486598400,238.77,239.9,230.31,230.31,4835
1486857600,226.35,230.31,223.53,225.79,5162
1486944000,223.81,231.43,223.53,231.43,4986
1487030400,232.85,246.11,223.81,239.9,8859
1487116800,244.13,261.07,239.9,261.07,5207
1487203200,265.58,268.13,253.73,258.25,7781
1487462400,254.01,264.74,253.73,264.74,20296
1487548800,260.5,262.48,252.88,258.25,7965
1487635200,262.76,262.76,254.01,254.01,2343
1487721600,254.01,259.66,254.01,259.66,1801
1487808000,255.42,259.94,255.42,255.99,196
1488067200,260.5,261.92,258.25,258.25,4472
1488240000,258.25,259.66,255.42,258.25,17573
1488326400,259.66,260.22,259.38,259.66,2944
1488412800,259.66,261.07,258.81,261.07,2639
1488672000,262.48,272.36,262.48,269.54,2684
1488758400,275.18,275.18,263.61,268.13,4203
1488844800,265.3,268.13,262.48,267.84,9474
1489017600,267.84,272.36,267.84,268.13,6827
1489363200,268.13,269.54,268.13,268.13,2060
1489449600,265.58,266.71,265.3,265.3,2279
1489536000,265.3,277.72,265.3,277.72,2294
1489622400,275.18,278.57,268.41,268.41,6503
1489881600,268.41,277.72,268.41,277.72,8684
1489968000,282.52,294.94,279.41,294.94,17324
1490054400,294.94,301.71,287.88,301.71,13832
1490140800,307.07,313.0,293.53,307.92,24176
1490227200,313.57,313.57,302.84,311.31,33428
1490486400,314.41,333.32,309.33,333.04,20293
1490659200,333.04,351.1,328.52,337.27,25198
1490745600,337.27,343.2,323.44,324.85,18173
1490832000,324.85,334.45,323.16,327.39,11519
1491091200,327.39,333.04,323.44,333.04,5394
1491177600,338.97,345.18,313.57,323.44,13936
1491264000,324.57,330.22,316.11,329.37,12472
1491436800,329.37,324.57,318.93,324.57,9986
1491696000,324.57,330.22,321.75,321.75,9939
1491782400,321.75,328.81,318.93,327.39,8015
1491868800,333.04,338.97,326.83,335.86,12704
1491955200,329.94,335.58,327.39,327.39,17311
1492041600,321.47,333.32,321.47,327.39,5641
1492300800,334.45,335.86,317.52,317.52,3840
1492473600,312.44,324.57,304.82,311.87,16688
1492560000,311.87,330.5,314.69,330.5,7047
1492646400,329.09,329.09,322.03,327.11,5093
1492905600,333.04,338.97,325.98,333.04,9124
1492992000,327.39,333.32,323.16,329.94,5445
1493078400,324.57,331.63,322.31,325.7,7251
1493164800,331.63,331.63,326.83,328.24,3633
1493251200,325.98,334.17,321.75,327.68,8337
1493510400,321.75,334.73,321.75,327.68,9054
1493683200,325.98,333.32,325.98,331.63,11986
1493769600,337.56,347.15,332.48,345.18,39879
1493856000,345.18,348.0,341.22,348.0,31184
1494115200,345.74,351.95,343.2,345.46,13961
1494201600,344.33,352.8,341.79,351.39,20601
1494288000,351.39,377.92,352.8,377.92,39350
1494460800,375.38,375.38,361.26,365.5,41400
1494806400,368.32,370.86,362.67,363.8,15466
1494892800,364.09,366.91,360.13,362.67,10109
1494979200,366.91,366.91,361.26,364.09,5894
1495065600,364.09,370.58,360.13,368.04,13939
1495324800,366.91,366.91,361.83,364.09,7592
1495411200,361.26,364.09,360.42,363.24,5019
1495497600,361.26,364.09,359.85,360.98,7403
1495584000,360.98,366.91,355.62,366.91,8257
1495929600,360.13,361.26,355.62,358.44,18945
1496102400,358.72,364.09,353.08,358.16,15135
1496188800,358.16,361.26,352.8,361.26,11461
1496275200,363.8,363.8,357.03,357.59,7307
1496534400,353.08,357.59,353.08,355.34,7226
1496620800,355.34,358.44,353.36,355.9,6601
1496707200,362.39,362.39,352.8,355.9,5606
1496793600,358.44,359.01,355.62,355.62,5542
1496880000,354.21,356.47,350.26,353.08,4537
1497139200,351.39,355.62,346.02,346.02,7274
1497225600,351.67,355.62,341.51,342.07,3405
1497312000,338.68,353.08,338.68,344.05,2913
1497398400,347.15,351.39,345.74,346.3,4892
1497484800,340.38,351.39,340.38,344.33,6828
1497744000,344.33,343.76,338.68,340.38,5237
1497830400,339.81,341.22,338.12,340.38,7032
1497916800,338.68,341.79,335.86,341.79,6088
1498003200,337.27,346.3,337.27,342.64,4900
1498089600,341.51,347.72,341.51,347.15,8189
1498348800,347.72,353.93,342.92,352.8,2636
1498521600,359.29,359.29,352.8,357.88,16915
1498608000,355.62,363.8,355.62,361.26,12112
1498953600,364.09,370.29,357.59,359.57,14597
1499040000,359.85,360.13,349.97,349.97,8452
1499126400,352.8,355.9,344.89,346.3,2966
1499212800,347.15,351.1,347.15,349.97,1970
1499299200,355.62,355.62,348.84,352.8,1784
1499558400,352.8,358.44,341.51,358.16,7295
1499644800,364.09,364.09,348.56,354.21,3895
1499731200,360.42,363.8,357.88,359.01,5371
1499817600,365.5,365.5,355.9,360.98,10162
1499904000,366.34,366.34,355.62,357.88,18514
1500163200,361.26,361.26,349.97,352.8,3730
1500249600,352.8,352.8,348.56,351.39,11776
1500336000,357.59,357.59,348.56,348.56,22656
1500422400,343.76,352.8,342.92,342.92,25563
1500508800,344.33,346.87,338.4,338.4,25662
1500768000,344.05,344.05,335.86,338.4,41672
1500854400,340.1,341.51,334.45,339.25,80105
1500940800,340.38,366.91,347.15,353.93,31853
1501027200,354.49,354.49,344.33,347.15,7528
1501113600,347.15,347.72,338.68,338.68,4532
1501372800,341.51,341.51,333.04,335.86,2872
1501459200,330.22,342.64,330.22,338.68,2265
1501545600,338.68,344.33,338.68,342.64,2526
1501632000,344.33,351.67,338.68,338.68,5935
1501718400,338.68,341.51,335.86,335.86,1076
1501977600,335.86,341.51,335.86,335.86,1954
1502064000,335.86,335.86,334.17,334.73,2216
1502236800,328.52,338.68,328.52,332.48,918
1502323200,333.04,335.3,327.96,329.09,2889
1502582400,329.09,330.78,326.27,326.27,3764
1502755200,321.75,324.01,311.59,317.8,728
1502841600,323.44,323.44,307.07,307.07,16290
1502928000,310.46,325.14,307.64,325.14,17110
1503187200,331.35,338.68,318.93,321.75,3593
1503273600,319.49,319.49,313.28,313.28,3368
1503360000,310.46,320.06,310.46,316.11,5174
1503446400,316.11,318.36,310.46,311.03,4966
1503532800,311.03,318.36,313.28,316.11,3195
1503792000,316.11,321.75,310.46,310.46,2259
1503878400,308.2,315.54,304.82,304.82,6255
1504051200,304.82,313.28,301.99,304.82,3929
1504137600,304.82,304.82,301.99,301.99,750
1504483200,299.17,304.25,296.35,301.99,5683
1504656000,301.99,302.56,300.86,301.43,504
1504742400,301.99,303.12,299.74,303.12,2933
1505001600,297.48,297.48,290.7,290.7,1645
1505088000,296.35,301.43,293.53,301.43,234
1505174400,299.17,303.12,293.53,295.78,4697
1505260800,299.17,299.74,287.88,287.88,2410
1505347200,293.53,299.17,293.53,298.61,956
1505606400,299.17,304.82,299.17,301.99,1552
1505692800,299.17,310.46,299.17,307.64,835
1505865600,304.82,307.07,301.99,307.07,304
1506211200,304.82,305.38,299.17,305.38,332
1506297600,307.64,310.46,305.94,307.64,962
1506384000,312.72,312.72,296.35,299.17,2150
1506988800,301.99,301.99,301.99,301.99,428
1507075200,301.99,307.64,301.99,304.82,1170
1507420800,299.17,299.74,294.09,299.17,1426
1507507200,299.17,299.17,294.66,298.61,3691
1507593600,293.53,299.17,293.53,294.66,803
1507680000,296.35,296.91,294.66,294.66,299
1507766400,291.27,293.53,291.27,292.4,1241
1508025600,290.7,293.53,290.7,291.83,1014
1508112000,296.35,304.82,295.78,304.82,1638
1508198400,300.3,301.99,293.53,301.99,1266
1508284800,301.99,301.99,294.09,299.17,1877
1508630400,301.99,301.99,296.35,297.48,1946
1508716800,297.48,301.99,296.35,297.48,1232
1508803200,297.48,303.12,294.09,297.48,2327
1508889600,294.66,294.66,287.88,290.7,3114
1509235200,287.88,287.88,285.06,287.88,3325
1509321600,287.88,289.01,287.88,288.45,741
1509408000,290.7,290.7,289.58,289.58,628
1509494400,285.06,287.88,283.93,285.62,840
1509580800,287.32,290.7,284.49,290.7,2039
1509840000,290.14,290.14,280.54,284.49,1820
1509926400,284.49,285.06,282.24,283.37,1760
1510012800,285.06,285.06,282.24,282.8,2249
1510099200,277.72,277.72,272.64,275.46,2459
1510185600,270.95,279.98,269.82,276.59,1560
1510444800,276.59,276.03,268.69,274.33,1090
1510531200,276.59,281.67,276.59,279.41,2372
1510617600,282.24,294.66,282.24,293.53,2960
1510704000,296.35,296.35,282.24,287.88,5130
1510790400,282.8,287.88,276.59,287.88,3357
1511049600,287.88,287.88,287.88,287.88,317
1511136000,287.88,287.88,283.37,286.19,9720
1511222400,285.06,285.06,277.16,278.85,6541
1511308800,283.93,283.93,273.77,273.77,339
1511395200,273.77,285.06,274.33,285.06,1507
1511654400,285.06,285.62,283.37,284.49,1969
1511740800,290.14,296.35,284.49,295.22,10026
1511827200,290.7,304.25,287.88,297.48,2999
1511913600,303.12,326.27,299.17,308.77,118709
1512000000,307.64,324.57,304.82,313.28,10339
1512345600,318.93,318.93,304.25,312.72,8275
1512432000,309.9,309.9,300.86,303.69,6575
1512518400,308.77,310.46,304.82,310.46,5978
1512864000,305.38,306.51,304.25,304.82,1700
1512950400,304.25,309.33,296.35,309.33,4265
1513036800,309.33,310.46,299.17,309.33,3197
1513123200,307.64,307.64,299.74,304.82,6069
1513209600,305.38,305.38,296.91,296.91,6036
1513468800,286.19,291.83,286.19,289.01,4024
1513555200,285.06,292.4,285.06,292.4,1251
1513641600,287.88,287.88,285.62,285.62,3617
1513728000,282.8,290.14,282.24,286.19,2503
1513814400,286.19,287.32,285.06,285.62,2043
1514073600,279.98,291.27,279.98,285.06,7894
1514246400,281.67,282.24,277.72,279.41,1586
1514332800,277.72,278.85,267.0,269.82,7485
1514419200,268.69,276.03,266.43,274.33,6914
1514678400,274.33,274.33,265.3,267.56,7650
1514764800,265.3,285.06,265.3,282.24,6155
1514851200,277.72,284.49,265.3,273.77,45236
1514937600,276.59,281.67,265.3,268.13,35927
1515024000,269.82,269.82,262.48,265.3,47634
1515283200,270.38,270.95,265.3,269.82,21416
1515369600,273.21,273.21,264.17,266.43,25994
1515456000,266.43,270.38,264.74,267.0,117176
1515542400,269.25,269.25,264.74,264.74,33960
1515888000,260.22,262.48,254.58,257.4,31166
1516060800,249.5,259.09,242.72,242.72,125417
1516147200,239.9,241.03,235.95,235.95,290789
1516492800,232.0,238.77,232.0,237.64,134383
1516579200,234.26,244.98,234.26,243.29,122545
1516665600,244.98,244.98,237.08,238.77,68793
1516752000,239.9,239.9,237.64,239.9,11962
1516838400,238.77,240.47,238.21,239.34,42753
1517097600,242.72,242.72,237.08,239.9,63712
1517184000,242.72,242.72,238.21,239.34,11234
1517356800,235.39,239.34,234.82,237.08,53167
1517443200,234.82,237.64,234.82,236.51,68278
1517702400,239.9,239.9,232.0,234.26,51612
1517788800,233.69,233.69,225.23,225.23,84199
1517875200,226.92,226.92,220.14,220.71,41648
1517961600,219.02,220.14,214.5,219.02,20520
1518048000,220.14,228.05,219.02,224.1,12871
1518307200,226.35,226.35,222.4,224.1,5406
1518393600,221.84,222.97,220.71,220.71,4944
1518566400,221.27,225.79,221.27,225.79,7799
1518652800,230.31,231.43,222.4,228.61,30646
1518912000,228.61,229.74,222.97,222.97,20529
1519084800,223.53,224.1,220.14,221.84,10084
1519171200,220.14,222.4,219.58,220.14,6225
1519257600,220.14,224.1,220.14,221.27,2743
1519516800,220.14,220.14,215.06,215.06,6510
1519603200,219.58,219.58,211.68,211.68,9588
1519689600,213.94,216.76,211.68,211.68,14390
1519776000,211.68,211.68,206.03,206.6,8440
1520121600,203.21,203.21,193.05,195.31,19935
1520208000,198.69,199.82,188.53,193.61,9640
1520294400,191.92,200.95,189.66,197.0,19209
1520380800,200.39,204.34,194.74,200.39,8769
1520726400,200.39,198.69,189.66,189.66,15449
1520812800,189.66,192.49,189.1,190.23,10623
1520899200,190.23,194.74,187.41,194.74,2336
1520985600,194.74,195.31,191.36,192.49,5863
1521072000,194.74,199.26,194.18,196.44,5332
1521331200,199.82,202.65,191.92,194.18,12280
1521417600,194.74,194.74,191.36,192.49,10534
1521504000,191.36,191.36,187.41,189.1,8103
1521590400,185.71,187.97,185.15,186.84,6214
1521676800,189.1,190.23,182.33,187.41,9335
1522022400,184.02,184.02,175.55,177.24,14526
1522108800,173.86,187.41,168.78,183.45,27928
1522195200,186.84,186.84,178.37,180.07,14397
1522281600,182.89,183.45,177.81,181.2,17535
1522540800,177.81,178.37,173.29,173.29,27460
1522627200,176.12,176.68,173.29,174.42,10080
1522713600,172.73,177.81,172.73,174.42,10317
1522800000,177.24,183.45,177.24,182.89,10240
1522886400,185.71,191.36,180.63,187.97,22730
1523145600,191.36,198.13,185.71,193.61,46585
1523232000,197.0,200.39,191.92,191.92,37086
1523318400,189.1,195.31,185.71,186.84,14474
1523404800,188.53,188.53,182.89,187.41,20235
1523491200,190.79,191.92,186.28,187.41,21061
1523750400,187.41,190.23,184.58,185.71,9350
1523836800,182.33,192.49,178.94,187.97,20724
1523923200,187.97,197.0,189.1,191.92,25550
1524009600,193.61,211.11,189.66,203.78,72101
1524096000,206.03,217.89,201.52,217.32,101102
1524355200,217.89,229.74,216.76,229.74,85029
1524441600,234.26,234.26,216.19,220.71,93600
1524528000,220.14,224.66,214.5,219.58,57838
1524614400,217.32,224.66,211.68,217.32,37260
1524700800,216.76,219.02,206.6,211.68,36753
1524960000,214.5,217.89,206.6,211.11,13855
1525219200,210.55,221.27,206.03,217.32,36375
1525305600,217.89,225.23,217.89,219.02,39969
1525564800,220.14,222.97,216.76,216.76,9153
1525651200,217.89,217.89,213.37,215.63,10124
1525737600,216.19,221.27,216.19,220.14,10174
1525824000,220.14,222.4,219.02,220.14,7237
1525910400,220.14,220.14,215.06,215.06,18386
1526256000,212.24,213.37,210.55,211.68,17051
1526342400,213.37,214.5,208.86,209.42,8140
1526428800,213.37,213.37,207.73,209.42,5782
1526515200,211.11,212.24,209.42,212.24,6560
1526774400,214.5,217.32,208.86,212.24,26350
1526860800,211.68,211.68,208.29,209.98,15087
1526947200,209.98,211.68,207.73,211.68,9673
1527033600,208.29,215.63,206.03,212.24,8577
1527120000,212.24,211.68,206.03,206.03,10441
1527379200,208.86,208.86,203.21,203.21,10845
1527465600,203.21,211.11,202.08,211.11,27806
1527552000,211.11,215.63,207.73,209.98,33048
1527638400,209.98,215.63,207.16,210.55,61645
1527724800,208.86,209.98,205.47,205.47,10989
1527984000,206.03,206.6,197.57,205.47,16510
1528070400,203.21,207.73,193.05,194.74,11877
1528243200,201.52,201.52,191.92,192.49,14752
1528329600,201.52,201.52,191.92,192.49,14752
1528588800,193.61,193.61,187.97,187.97,19716
1528675200,185.15,195.31,181.2,188.53,12547
1528761600,189.1,190.23,186.28,190.23,4920
1528848000,186.84,193.05,186.84,191.92,3267
1528934400,195.31,198.69,190.23,195.87,19410
1529193600,199.26,199.26,190.23,190.79,11498
1529280000,188.53,193.61,188.53,193.61,1061
1529366400,190.23,191.36,189.1,190.79,3438
1529452800,189.66,189.66,186.28,186.84,2073
1529539200,185.15,190.79,185.15,186.84,3779
1529798400,187.97,191.92,187.97,187.97,7088
1529884800,186.28,187.97,186.28,186.28,1244
1529971200,182.89,187.41,182.89,183.45,3034
1530057600,183.45,186.28,180.07,184.58,7082
1530144000,182.33,185.71,182.33,184.58,3280
1530403200,184.02,185.15,181.2,181.2,5150
1530489600,178.94,180.07,174.99,180.07,105634
1530576000,186.28,186.28,180.63,184.02,3784
1530662400,184.02,187.41,181.2,186.28,31194
1530748800,186.84,191.92,186.28,191.92,33063
1531008000,194.74,194.74,186.28,189.66,29430
1531094400,186.28,188.53,184.02,186.84,3851
1531180800,186.28,187.41,185.71,186.28,7518
1531267200,189.66,189.66,185.15,186.28,15446
1531353600,186.28,186.28,181.76,185.15,7606
1531612800,182.89,184.02,181.76,183.45,5250
1531699200,182.33,186.28,182.33,185.15,7140
1531785600,185.15,186.28,182.89,184.58,2520
1531872000,182.33,182.89,181.76,182.33,2384
1531958400,182.33,182.89,180.63,180.63,11686
1532217600,180.63,182.33,177.81,178.37,12122
1532304000,181.76,183.45,180.07,181.2,6206
1532390400,179.5,185.15,179.5,182.89,12188
1532476800,180.63,181.2,178.94,181.2,6270
1532563200,181.2,181.2,177.81,181.2,9260
1532822400,181.2,181.2,178.37,180.07,15745
1532908800,183.45,182.89,177.81,180.07,8650
1532995200,178.37,180.07,178.37,179.5,3356
1533081600,180.07,180.07,180.07,180.07,900
1533168000,178.94,180.07,174.99,180.07,105634
1533427200,178.37,178.37,176.68,177.24,25784
1533513600,174.99,177.24,173.86,177.24,16914
1533600000,177.81,177.81,175.55,176.12,3792
1533686400,176.12,176.12,174.42,174.99,3380
1533772800,173.29,176.12,169.34,169.34,29657
1534032000,169.34,171.6,168.78,168.78,13624
1534118400,169.34,171.04,168.21,169.34,10168
1534204800,169.34,171.6,169.34,171.6,7532
1534291200,171.6,178.94,171.04,176.68,18076
1534377600,173.29,176.68,172.16,174.42,12823
1534636800,177.81,177.81,169.34,171.04,6035
1534723200,169.91,171.04,169.34,169.91,8642
1534809600,169.34,172.73,169.34,172.73,7870
1534896000,169.34,169.91,169.34,169.34,4422
1534982400,169.34,171.04,165.96,165.96,10994
1535241600,168.21,168.78,165.39,168.78,1156
1535414400,169.34,169.34,165.39,167.65,2758
1535500800,167.08,167.08,165.39,165.39,4836
1535587200,162.57,167.08,162.57,165.96,1650
1535846400,168.78,169.91,165.96,169.91,11858
1535932800,172.16,173.29,167.65,171.6,21846
1536019200,169.34,170.47,167.65,167.65,8090
1536105600,170.47,173.86,167.65,171.04,34132
1536192000,174.42,174.42,169.34,169.34,12757
1536451200,169.34,171.6,166.52,166.52,11448
1536537600,166.52,166.52,164.26,164.83,4404
1536624000,164.83,167.65,164.83,165.96,3688
1536710400,166.52,168.21,165.39,168.21,10546
1536796800,169.91,171.04,166.52,167.65,6578
1537056000,169.34,174.42,168.78,172.16,31285
1537142400,170.47,172.16,168.78,170.47,16072
1537228800,167.08,181.76,167.08,180.63,36148
1537401600,177.24,184.02,169.34,177.24,246708
1537660800,180.07,180.07,174.42,174.99,16486
1537833600,177.81,182.33,174.99,177.81,33652
1537920000,176.68,178.37,176.12,176.68,9431
1538006400,176.12,176.68,173.86,174.42,7090
1538265600,173.86,174.42,169.34,173.86,52213
1538352000,171.6,178.37,171.6,174.99,76420
1538438400,178.37,180.07,169.34,173.29,93726
1538524800,176.68,176.68,170.47,170.47,8997
1538611200,169.91,171.6,167.08,169.34,26710
1538870400,169.34,169.34,166.52,166.52,17105
1538956800,169.34,169.34,165.39,165.39,13888
1539043200,167.65,169.34,163.13,163.7,47961
1539129600,163.7,165.96,161.44,162.0,118051
1539216000,161.44,161.44,155.23,158.33,5348
1539475200,157.09,158.33,156.47,156.47,2870
1539561600,159.58,162.06,155.85,156.47,7126
1540080000,158.96,158.96,156.47,156.47,1730
1540166400,159.58,159.58,159.58,159.58,36
1540252800,157.09,158.33,156.47,158.33,1710
1540339200,161.44,161.44,157.09,157.09,3190
1540425600,157.09,158.96,155.23,155.85,12324
1540684800,155.85,156.47,152.75,153.99,16244
1540771200,152.13,153.99,151.5,152.75,6640
1540857600,150.88,152.75,150.88,152.75,13011
1540944000,152.13,152.13,151.5,151.5,3202
1541030400,153.99,156.47,152.13,152.75,5678
1541289600,151.5,153.99,150.88,152.75,1674
1541376000,154.61,156.47,153.99,156.47,1100
1542153600,151.5,153.37,150.88,152.13,1940
1542240000,152.13,154.61,149.64,150.88,2085
1542499200,150.88,150.88,149.02,149.64,2681
1542585600,149.64,149.64,143.43,145.92,13686
1542672000,145.92,145.92,142.19,142.81,8100
1542758400,142.81,146.54,141.57,142.81,9404
1542844800,142.81,145.92,142.81,143.43,8441
1543104000,143.43,144.67,142.81,144.05,14137
1543190400,144.05,144.67,142.19,142.19,3470
1543276800,142.19,145.92,142.19,144.05,14579
1543363200,144.05,145.3,142.81,144.05,4857
1543449600,144.05,144.05,141.57,142.81,8218
1543708800,142.81,142.81,140.33,142.81,3429
1543795200,142.81,143.43,140.95,141.57,6756
1543881600,141.57,142.81,139.71,141.57,7273
1544054400,139.09,140.33,137.84,138.47,4812
1544313600,138.47,140.33,138.47,140.33,6370
1544400000,140.33,145.3,140.33,141.57,3291
1544486400,141.57,141.57,139.09,139.71,9640
1544572800,139.71,140.95,139.71,139.71,4825
1544659200,139.71,143.43,139.71,142.81,1442
1544918400,142.81,144.05,140.33,140.33,14836
1545004800,140.33,142.19,139.71,141.57,6672
1545091200,141.57,145.3,136.6,136.6,18870
1545177600,136.6,140.95,136.6,137.84,8437
1545264000,137.84,141.57,137.84,140.33,4448
1545523200,140.33,145.3,140.33,143.43,11528
1545609600,143.43,144.67,142.81,143.43,11046
1545696000,143.43,145.3,140.95,140.95,4714
1545782400,140.95,146.54,140.95,145.3,18652
1545868800,145.3,150.26,145.3,146.54,33051
1546128000,146.54,146.54,144.05,145.3,3400
1546214400,145.3,145.92,142.19,142.19,8115
1546300800,142.19,145.3,142.19,145.3,9352
1546387200,145.3,145.3,142.81,144.67,3743
1546473600,144.67,144.67,142.19,142.81,3452
1546732800,142.81,142.81,139.71,141.57,5090
1546819200,141.57,141.57,139.71,140.95,1810
1546905600,140.95,142.19,140.95,142.19,4016
1546992000,142.19,142.81,141.57,142.81,11729
1547078400,142.81,144.05,141.57,144.05,3777
1547337600,144.05,146.54,142.19,144.67,7500
1547424000,144.67,147.16,143.43,147.16,10564
1547510400,147.16,150.88,144.67,150.88,6817
1547596800,150.88,151.5,147.16,147.16,7134
1547683200,147.16,149.02,146.54,147.16,4957
1547942400,147.16,149.02,142.19,149.02,2296
1548028800,149.02,147.78,141.57,144.05,7500
1548115200,144.05,146.54,141.57,144.05,8132
1548201600,144.05,144.67,142.19,143.43,3751
1548288000,143.43,145.92,143.43,144.05,6041
1548547200,144.05,144.05,142.19,142.81,5812
1548633600,142.81,144.67,142.81,143.43,2830
1548720000,143.43,145.92,142.81,142.81,6233
1548806400,142.81,144.67,142.19,143.43,1648
1548892800,143.43,143.43,142.19,142.19,12017
1549152000,141.57,142.81,140.95,140.95,1989
1549238400,140.95,142.81,140.95,141.57,4701
1549324800,142.81,142.81,140.95,140.95,2850
1549411200,140.33,141.57,140.33,140.95,4814
1549497600,139.09,143.43,138.47,140.95,5298
1549756800,140.95,140.95,136.6,137.84,6694
1549843200,136.6,139.71,134.12,137.22,4477
1549929600,135.98,137.84,135.36,136.6,1605
1550016000,135.98,136.6,135.36,135.36,4262
1550102400,135.98,135.98,133.5,134.12,2392
1550361600,134.12,136.6,133.5,133.5,2655
1550448000,132.88,134.74,131.64,134.12,8851
1550534400,132.88,135.98,131.64,135.36,3493
1550620800,135.36,135.36,133.5,133.5,524
1550707200,132.88,135.98,131.64,132.88,6565
1550966400,132.88,134.12,131.64,134.12,6653
1551052800,134.12,134.74,133.5,134.74,1590
1551139200,134.74,135.98,132.26,132.26,2680
1551225600,132.26,134.74,132.26,133.5,2856
1551571200,133.5,137.22,132.26,137.22,3290
1551744000,135.98,137.22,134.74,137.22,7293
1551830400,137.22,137.84,135.98,137.84,4139
1551916800,135.98,140.95,135.98,139.09,908
1552089600,139.09,144.67,136.6,144.67,3833
1552176000,139.09,144.67,136.6,144.67,3833
1552262400,144.05,148.4,140.33,141.57,18433
1552348800,144.05,147.16,141.57,145.3,13819
1552435200,142.81,145.3,142.19,142.81,8434
1552521600,141.57,144.05,140.95,142.81,6539
1552780800,143.43,145.92,142.19,144.67,8245
1552867200,143.43,144.67,140.95,142.19,15676
1552953600,140.95,142.19,140.33,140.33,1481
1553126400,140.95,142.19,139.71,140.33,8369
1553385600,139.09,139.71,136.6,139.71,4738
1553472000,138.47,144.67,137.22,139.09,19485
1553558400,139.09,140.33,137.22,140.33,5268
1553644800,140.33,140.33,139.09,139.71,5075
1553731200,138.47,140.33,138.47,139.71,17598
1553990400,139.71,139.71,138.47,139.71,3753
1554076800,139.71,141.57,139.71,139.71,6399
1554163200,139.71,142.19,139.71,140.95,3965
1554249600,140.95,142.81,140.33,142.81,6801
1554336000,142.81,142.81,140.95,141.57,4150
1554595200,139.71,142.19,139.71,142.19,113261
1554681600,142.19,143.43,140.33,141.57,19351
1554768000,141.57,144.05,139.71,139.71,15340
1554854400,139.09,139.71,137.84,139.09,4128
1554940800,139.71,141.57,139.71,141.57,3142
1555286400,140.95,141.57,139.09,140.95,2082
1555372800,141.57,142.81,140.33,142.81,6249
1555459200,142.81,143.43,141.57,141.57,22834
1555545600,139.71,142.19,139.71,141.57,4689
1555804800,141.57,144.67,140.95,144.05,27527
1555891200,145.92,145.92,140.95,140.95,15921
1555977600,140.95,142.19,140.33,142.19,9785
1556064000,140.95,142.19,139.71,140.95,14564
1556150400,140.95,143.43,140.33,142.19,11254
1556409600,142.81,155.85,142.19,153.37,47208
1556496000,155.23,162.06,149.02,155.85,34773
1556582400,153.37,171.37,153.37,171.37,125611
1556755200,174.48,176.96,163.3,170.13,62966
1557014400,162.06,172.0,161.44,163.92,37277
1557100800,162.06,167.03,158.96,167.03,25709
1557187200,170.13,170.13,161.44,165.17,30229
1557273600,162.06,164.54,157.71,160.2,18207
1557360000,163.3,166.41,155.23,159.58,11557
1557619200,158.96,162.68,156.47,161.44,22234
1557705600,161.44,168.27,160.2,167.03,36524
1557792000,170.13,173.86,164.54,165.79,40411
1557878400,168.89,170.75,165.17,165.17,28285
1557964800,167.65,170.13,162.06,168.27,33089
1558224000,170.13,170.75,162.68,166.41,20426
1558310400,167.65,167.65,162.68,167.03,16501
1558396800,164.54,183.17,164.54,177.58,150446
1558483200,180.69,191.24,174.48,185.66,189034
1558569600,183.17,183.17,168.89,172.0,84285
1558828800,170.13,173.24,167.03,170.13,30428
1558915200,167.65,169.51,165.79,168.27,19091
1559001600,167.65,171.37,164.54,166.41,25365
1559088000,169.51,173.86,167.03,170.75,36258
1559174400,173.86,180.07,166.41,167.03,73991
1559433600,170.13,170.13,163.92,164.54,35413
1559520000,163.92,168.27,160.82,161.44,18073
1559606400,163.3,163.92,158.96,158.96,15030
1559779200,159.58,160.2,158.33,158.33,9618
1560124800,158.33,160.2,155.85,155.85,31728
1560211200,158.33,160.82,156.47,156.47,7250
1560297600,149.02,161.44,149.02,160.2,12251
1560384000,157.09,162.06,157.09,158.33,27904
1560643200,155.85,161.44,155.85,161.44,9264
1560729600,158.33,161.44,157.71,158.33,15245
1560816000,155.85,160.2,155.85,156.47,8089
1560902400,155.85,158.33,153.99,155.23,15781
1560988800,158.33,158.33,155.23,155.85,5783
1561248000,155.85,155.85,152.75,152.75,15325
1561334400,155.23,158.33,155.23,155.85,3764
1561420800,155.85,157.09,153.99,153.99,7753
1561507200,151.5,156.47,151.5,153.37,6340
1561593600,155.23,156.47,153.37,153.37,6483
1561852800,153.37,153.99,151.5,151.5,20103
1561939200,150.26,154.61,149.02,152.13,3632
1562025600,150.26,153.99,150.26,152.13,3780
1562112000,154.61,160.2,150.26,157.71,6800
1562198400,155.85,155.85,155.23,155.23,6561
1562457600,153.99,154.61,153.99,154.61,4087
1562544000,154.61,155.23,153.37,154.61,2639
1562630400,152.75,156.47,152.75,155.85,4829
1562716800,155.23,156.47,153.37,153.37,11944
1562803200,152.13,155.23,152.13,155.23,8079
1563062400,155.23,155.23,154.61,155.23,2578
1563148800,155.23,157.09,155.23,155.85,1110
1563235200,163.3,166.41,152.13,152.13,935
1563321600,154.61,157.71,154.61,157.09,10437
1563408000,159.58,164.54,157.09,157.09,3336
1563667200,157.09,157.09,153.99,154.61,6467
1563753600,153.99,157.09,153.99,155.23,5177
1563840000,155.85,156.47,155.23,155.23,25526
1563926400,157.09,157.09,155.23,156.47,2902
1564012800,155.23,155.85,154.61,154.61,3009
1564272000,152.13,153.37,152.13,152.13,1667
1564358400,152.75,154.61,151.5,154.61,11776
1564444800,153.99,153.99,152.75,153.99,1487
1564531200,153.99,156.47,153.99,153.99,1146
1564617600,156.47,159.58,152.13,152.13,7495
1564876800,154.61,154.61,150.88,150.88,17309
1564963200,150.88,153.37,149.02,153.37,14344
1565049600,155.23,155.23,150.88,150.88,2308
1565136000,149.64,152.13,149.64,151.5,12132
1565222400,149.64,150.88,149.02,150.26,10987
1565481600,149.02,149.64,147.78,147.78,13239
1565568000,150.26,150.26,147.78,147.78,1321
1565654400,146.54,148.4,146.54,147.78,3595
1565740800,145.92,149.02,145.92,147.16,15696
1565827200,149.64,149.64,146.54,146.54,1503
1566086400,145.3,145.3,143.43,144.05,12062
1566172800,144.67,145.92,142.19,143.43,12744
1566259200,142.19,142.19,139.71,139.71,12428
1566345600,139.71,139.71,139.09,139.71,3516
1566432000,138.47,141.57,138.47,138.47,4280
1566691200,138.47,139.71,136.6,139.09,10953
1566777600,137.22,139.09,136.6,137.22,24540
1566864000,139.09,139.09,136.6,136.6,2099
1566950400,137.84,137.84,135.36,135.36,2744
1567036800,134.12,135.98,134.12,135.98,3532
1567296000,134.12,135.98,131.64,134.12,8180
1567382400,134.12,134.12,129.77,129.77,2080
1567468800,129.77,134.74,129.77,134.12,2244
1567555200,134.12,135.98,134.12,134.12,552
1567641600,132.26,134.12,131.01,132.26,6344
1567900800,130.39,132.26,129.77,130.39,3061
1567987200,130.39,130.39,128.53,129.77,1567
1568073600,128.53,129.77,125.43,128.53,8126
1568160000,129.15,129.15,125.43,125.43,9950
1568246400,123.56,126.67,123.56,125.43,9151
1568505600,123.56,124.18,121.7,121.7,7456
1568592000,121.7,122.32,120.46,121.7,5402
1568678400,119.84,126.67,119.84,126.05,13546
1568764800,124.18,127.91,121.7,127.29,7856
1568851200,127.29,127.29,122.32,122.32,1463
1569110400,124.18,124.18,117.98,119.22,3414
1569196800,119.84,119.84,114.25,116.73,7701
1569283200,114.87,117.98,114.25,114.87,7320
1569456000,114.87,116.73,113.63,113.63,1510
1569715200,113.63,115.49,113.63,114.87,466
1569801600,115.49,122.32,114.87,120.46,3902
1569888000,122.94,126.67,121.08,125.43,3329
1569974400,122.94,127.91,119.22,121.08,10178
1570060800,122.94,124.81,121.7,122.32,2630
1571011200,120.46,120.46,116.11,116.11,1480
1571097600,117.98,119.84,117.98,119.84,1848
1571184000,118.6,119.84,117.98,117.98,1232
1571270400,119.22,119.22,116.11,116.11,4383
1571529600,117.98,119.84,117.98,119.84,361
1571616000,115.49,121.7,115.49,121.7,1767
1571702400,119.84,119.84,117.98,117.98,1018
1571788800,117.98,120.46,117.98,120.46,3415
1571875200,122.32,122.32,119.22,120.46,1264
1572480000,118.6,119.22,117.98,117.98,279
1572739200,116.73,117.35,116.11,116.73,3366
1572825600,116.73,121.7,116.11,119.22,4448
1572912000,121.08,121.08,117.35,117.35,2788
1572998400,117.98,117.98,116.73,117.35,1871
1573084800,117.35,117.35,116.11,116.11,3509
1573344000,115.49,115.49,114.87,115.49,3615
1573430400,117.35,117.98,116.11,117.98,1842
1573516800,117.98,119.22,115.49,116.11,1723
1573603200,116.11,116.73,114.87,116.73,2969
1573689600,116.73,116.11,113.63,116.11,8781
1573948800,115.49,117.98,114.87,117.98,6337
1574035200,117.35,117.35,114.25,114.25,4379
1574121600,113.63,114.87,113.63,114.87,2824
1574208000,114.25,118.6,114.25,115.49,5953
1574294400,114.87,115.49,114.87,115.49,3081
1574553600,114.87,114.87,111.14,111.14,7911
1574640000,113.01,113.01,108.04,109.28,12372
1574726400,111.14,114.87,109.9,111.77,7188
1574812800,111.14,113.63,111.14,113.63,10496
1574899200,114.87,115.49,111.77,111.77,3424
1575158400,111.77,115.49,111.77,113.01,4881
1575244800,113.01,114.25,111.77,111.77,7720
1575331200,113.63,114.25,113.63,113.63,2050
1575417600,113.63,114.25,112.39,113.01,7849
1575504000,113.63,114.25,113.01,113.63,5281
1575763200,113.01,116.11,113.01,116.11,6068
1575849600,114.87,121.7,114.87,119.84,18852
1575936000,121.08,121.08,116.73,119.22,21878
1576022400,120.46,122.32,119.84,119.84,10259
1576108800,121.7,127.29,117.98,124.18,35857
1576368000,126.05,126.67,122.94,123.56,11094
1576454400,122.32,122.32,117.98,119.22,22222
1576540800,117.35,121.08,115.49,119.22,7536
1576627200,117.98,118.6,116.73,116.73,4720
1576713600,115.49,120.46,114.87,114.87,8530
1576972800,115.49,116.73,113.01,113.63,26781
1577059200,102.45,108.66,102.45,108.66,11538
1577145600,109.28,109.28,106.8,106.8,4216
1577232000,116.8,118.84,116.8,116.8,3119
1577318400,118.84,118.84,115.43,115.43,11586
1577577600,114.06,114.06,113.38,113.38,4309
1577664000,114.06,116.11,112.7,115.43,2999
1577750400,116.8,116.8,114.06,114.06,2817
1577836800,115.43,115.43,112.7,114.75,7885
1577923200,114.75,115.43,112.7,114.75,8729
1578182400,112.7,118.84,112.7,114.75,11699
1578268800,116.11,118.84,116.11,118.84,5826
1578355200,120.89,124.99,118.84,121.58,17642
1578441600,122.94,124.99,118.84,118.84,16399
1578528000,120.89,122.94,120.89,120.89,315
1578787200,122.94,129.09,122.94,125.67,22269
1578873600,127.04,137.97,127.04,137.97,48792
1578960000,137.97,144.8,131.14,132.5,33714
1579046400,132.5,140.7,132.5,133.87,16269
1579132800,136.6,140.02,133.87,139.33,20592
1579392000,140.02,153.0,139.33,150.26,70795
1579478400,153.0,155.73,142.07,144.8,31230
1579564800,144.8,145.48,142.07,144.8,13185
1579651200,143.43,143.43,137.97,140.7,10209
1579737600,137.97,142.75,137.29,137.97,8843
1579996800,137.29,137.29,133.19,135.24,12430
1580083200,136.6,136.6,133.87,133.87,18661
1580169600,135.92,138.65,135.24,135.24,11170
1580256000,135.92,135.92,132.5,133.19,8858
1580342400,135.24,140.7,134.55,136.6,16519
1580601600,139.33,139.33,136.6,139.33,10826
1580688000,137.29,149.58,132.5,148.21,102932
1580774400,148.21,159.14,142.75,155.04,161114
1580860800,153.68,153.68,146.85,146.85,21173
1580947200,149.58,149.58,143.43,146.16,20721
1581206400,147.53,150.26,143.43,146.85,16990
1581292800,144.8,148.9,142.75,145.48,9347
1581379200,148.21,155.73,147.53,150.26,70115
1581465600,153.0,155.04,148.9,148.9,33794
1581552000,150.95,150.95,146.85,149.58,23202
1581811200,148.9,150.95,143.43,150.95,49284
1581897600,148.21,165.29,148.21,160.51,136947
1581984000,160.51,163.92,155.04,157.78,73384
1582070400,160.51,160.51,153.0,159.83,22111
1582156800,159.83,162.56,157.09,160.51,83527
1582416000,163.24,174.85,159.14,170.75,141182
1582502400,170.75,174.17,163.24,163.92,65697
1582588800,162.56,176.22,162.56,176.22,122048
1582675200,179.63,185.78,174.85,178.27,130792
1582761600,176.9,176.9,170.75,172.12,54272
1583020800,172.12,175.53,165.29,167.34,31811
1583107200,164.61,164.61,154.36,154.36,21655
1583193600,154.36,164.61,146.85,157.09,53459
1583280000,157.09,157.78,147.53,148.9,30826
1583366400,146.16,153.68,140.7,150.95,31451
1583798400,148.21,148.21,142.07,142.07,13810
1583884800,144.8,153.0,142.07,153.0,22718
1583971200,151.63,154.36,143.43,146.85,41702
1584230400,146.85,146.85,139.33,142.07,14797
1584316800,139.33,144.8,136.6,140.02,23131
1584403200,137.29,137.97,131.14,131.14,36009
1584489600,129.77,135.24,129.09,132.5,14807
1584576000,130.46,137.29,130.46,136.6,23032
1584835200,136.6,136.6,135.24,135.24,600
1593388800,133.19,135.24,125.67,136.6,9889
1593475200,133.87,142.07,133.87,142.07,2820
1593561600,144.8,144.8,144.8,144.8,100
1593648000,144.8,144.8,139.33,139.33,1950
1593907200,142.07,143.43,136.6,139.33,11211
1593993600,140.02,143.43,138.65,143.43,4271
1594080000,146.16,153.68,143.43,148.9,10375
1594166400,148.9,148.9,144.8,146.85,9347
1594252800,144.8,149.58,141.38,149.58,13850
1594512000,149.58,152.31,148.21,150.26,8899
1594598400,150.26,157.09,148.9,155.73,20481
1594684800,155.73,155.73,150.26,153.0,10715
1594771200,153.0,155.04,150.26,152.31,17445
1594857600,153.68,157.09,150.95,157.09,10051
1595116800,159.83,162.56,159.83,162.56,20
1595203200,165.29,174.17,153.0,156.41,34537
1595289600,153.68,160.51,151.63,153.68,16116
1595376000,155.73,155.73,149.58,152.31,21184
1595462400,149.58,155.04,149.58,155.04,9211
1595721600,157.09,157.09,148.21,154.36,15738
1595808000,151.63,154.36,148.9,152.31,17676
1595894400,148.9,153.0,148.9,150.95,10902
1595980800,148.9,153.0,148.21,152.31,15253
1596067200,153.68,153.68,149.58,151.63,20332
1596326400,150.26,154.36,146.85,150.26,35015
1596412800,153.0,153.0,148.9,150.26,21764
1596585600,148.21,149.58,147.53,148.9,20439
1596672000,148.9,148.9,146.16,148.21,15556
1596931200,145.48,150.26,145.48,148.21,6976
1597017600,150.95,154.36,149.58,153.0,42411
1597104000,154.36,157.09,153.0,155.73,55265
1597190400,158.46,164.61,155.73,159.14,79202
1597276800,166.66,166.66,154.36,156.41,40777
1597536000,154.36,157.09,150.95,157.09,23760
1597622400,164.61,164.61,155.04,157.09,5567
1597708800,156.41,159.14,155.04,155.73,6075
1597795200,153.0,154.36,151.63,152.31,12703
1597881600,152.31,154.36,151.63,154.36,21961
1598140800,157.09,157.09,151.63,155.04,5463
1598227200,162.56,162.56,155.73,157.09,35760
1598313600,157.09,159.83,157.09,158.46,29679
1598400000,161.19,163.92,157.78,163.92,59222
1598486400,163.92,168.02,161.87,163.24,67182
1598745600,163.24,168.7,158.46,165.29,66897
1598832000,173.49,174.85,165.29,170.07,115496
1599004800,172.8,186.46,171.44,186.46,228271
1599091200,195.34,195.34,174.85,177.58,108339
1599350400,186.46,188.51,174.17,177.58,101566
1599436800,175.53,178.95,174.17,175.53,81721
1599523200,176.22,183.73,172.12,180.32,115516
1599609600,182.36,184.41,178.27,184.41,89313
1599696000,193.29,193.29,178.27,185.1,51757
1599955200,185.1,196.02,183.05,193.29,142725
1600041600,196.71,205.59,193.98,198.07,228757
1600128000,200.12,201.49,192.61,193.98,49831
1600214400,190.56,206.27,190.56,204.9,185030
1600300800,209.0,211.05,200.81,204.9,200918
1600560000,204.9,204.9,195.34,198.07,119043
1600646400,194.66,200.81,191.93,197.39,102296
1600732800,199.44,200.81,194.66,197.39,76992
1600819200,198.76,200.81,194.66,200.81,54745
1600905600,199.44,210.37,198.07,204.9,163642
1601164800,204.9,207.64,200.81,202.17,91612
1601251200,200.12,202.17,200.12,200.81,14700
1601337600,200.81,202.17,198.07,199.44,46439
1601424000,196.71,204.9,196.71,199.44,53139
1601510400,200.12,202.85,196.71,198.07,102651
1601769600,198.76,199.44,195.34,196.02,32069
1601856000,198.76,213.1,196.02,205.59,209093
1601942400,208.32,221.98,208.32,217.88,338280
1602028800,219.25,238.37,219.25,232.22,333122
1602115200,236.32,248.62,230.86,232.22,258266
1602374400,233.59,234.96,224.71,227.44,228075
1602460800,230.86,230.86,224.03,226.76,121621
1602547200,229.49,229.49,221.98,224.03,165039
1602633600,223.35,223.35,217.88,218.56,79377
1602720000,221.98,230.18,218.56,225.39,84741
1602979200,223.35,224.03,219.25,221.3,29648
1603065600,219.93,229.49,219.93,229.49,70329
1603152000,230.86,235.64,226.76,234.96,55272
1603238400,238.37,238.37,230.18,232.22,56567
1603324800,229.49,234.96,228.81,229.49,44986
1603843200,231.54,232.22,225.39,232.22,34602
1603929600,236.32,237.69,230.86,232.91,86759
1604188800,233.59,235.64,232.22,233.59,37718
1604275200,232.22,234.27,232.22,233.59,48475
1604361600,232.22,234.27,232.22,234.27,117789
1604448000,239.05,239.05,230.86,232.91,35114
1604534400,232.22,238.37,230.86,235.64,61002
1604793600,239.05,243.15,237.69,239.05,116593
1604880000,243.84,243.84,238.37,241.1,78150
1604966400,241.79,241.79,239.05,241.1,64009
1605052800,242.47,247.93,239.05,243.84,133607
1605139200,245.88,248.62,241.79,243.15,92193
1605657600,244.52,245.2,240.42,241.79,70843
1605744000,242.47,243.84,241.1,242.47,67144
1606003200,245.2,245.2,236.32,236.32,52552
1606089600,239.05,239.05,234.96,238.37,27901
1606176000,238.37,241.1,238.37,239.05,26189
1606262400,242.47,245.88,237.69,241.1,50171
1606348800,242.47,249.98,242.47,242.47,129502
1606608000,241.79,245.88,240.42,245.88,118397
1606694400,249.3,269.11,245.88,267.06,180479
1606780800,269.79,273.89,256.13,259.55,214999
1606867200,264.33,276.62,262.28,269.11,147296
1606953600,282.08,282.08,260.91,263.64,184123
1607212800,263.64,263.64,249.98,249.98,105063
1607299200,254.76,259.55,240.42,256.13,54399
1607385600,259.55,271.16,254.08,259.55,93699
1607472000,259.55,264.33,251.35,253.4,53032
1607558400,253.4,254.76,250.67,254.76,49013
1607817600,254.08,257.5,251.35,252.03,55577
1607904000,252.03,255.45,247.25,249.3,75786
1607990400,254.08,254.08,248.62,249.98,42257
1608076800,262.28,262.28,242.47,243.15,62178
1608163200,254.76,254.76,240.42,241.79,68619
1608422400,241.79,250.67,229.49,230.18,86435
1608508800,232.22,241.79,220.61,233.59,66629
1608595200,237.69,241.79,232.91,234.27,59108
1608681600,238.37,243.15,234.27,235.64,27029
1608768000,232.22,239.05,231.54,236.32,36866
1609027200,239.74,241.79,230.86,230.86,103885
1609113600,231.4,232.16,223.14,223.89,27321
1609200000,221.64,222.39,213.37,216.38,62121
1609286400,217.88,217.88,211.87,214.88,16739
1609372800,218.63,221.64,214.88,215.63,22314
1609632000,219.38,226.9,219.38,220.89,38100
1609718400,224.64,237.42,224.64,231.4,33005
1609804800,230.65,241.17,229.15,238.92,41272
1609891200,240.42,241.17,235.91,237.42,34495
1609977600,237.42,237.42,231.4,234.41,72974
1610236800,236.66,240.42,235.91,238.92,44937
1610323200,235.91,247.93,235.91,242.67,40138
1610409600,246.43,247.18,241.92,246.43,89344
1610496000,248.69,250.19,246.43,247.93,52608
1610841600,259.95,259.95,248.69,250.94,35864
1610928000,255.45,255.45,247.18,247.93,40169
1611014400,248.69,249.44,243.43,244.18,33118
1611100800,256.2,256.2,238.92,245.68,42780
1611187200,245.68,256.2,242.67,255.45,59208
1611446400,259.2,263.71,251.69,254.7,68015
1611532800,256.95,256.95,250.19,253.19,52458
1611619200,265.21,265.21,250.94,251.69,39132
1611705600,250.94,253.19,247.93,251.69,44782
1611792000,252.44,253.19,247.93,248.69,53097
1612051200,244.18,247.93,235.91,241.92,45441
1612137600,246.43,247.93,241.92,243.43,44366
1612224000,247.93,255.45,244.18,255.45,80868
1612310400,266.72,272.73,254.7,267.47,237077
1612396800,270.47,282.49,264.46,277.99,270968
1612656000,282.49,288.5,275.73,280.24,118809
1612742400,283.25,285.5,274.23,275.73,76483
1612828800,289.26,289.26,266.72,272.73,111585
1612915200,271.22,273.48,268.22,271.22,55061
1613001600,270.47,274.98,266.72,268.97,60065
1613260800,264.46,269.72,262.21,262.21,107063
1613347200,262.96,274.98,262.96,271.22,71173
1613433600,271.22,275.73,265.97,274.98,72399
1613520000,274.98,274.98,268.22,268.22,19717
1613606400,264.46,273.48,264.46,268.22,52539
1613865600,272.73,274.23,265.97,270.47,72769
1613952000,284.0,284.0,265.97,265.97,79107
1614038400,263.71,268.97,261.46,268.22,62904
1614124800,273.48,277.24,262.96,266.72,68093
1614211200,266.72,266.72,260.71,262.96,65404
1614470400,257.7,261.46,253.19,253.94,49894
1614556800,251.69,265.21,249.44,255.45,30460
1614643200,259.95,259.95,247.18,248.69,50168
1614729600,247.93,255.45,244.93,250.19,45872
1614816000,253.94,263.71,251.69,257.7,59617
1615075200,259.2,263.71,255.45,255.45,28921
1615248000,256.2,258.45,251.69,255.45,28307
1615334400,259.95,270.47,250.94,268.22,145500
1615680000,273.48,273.48,258.45,259.2,46045
1615766400,259.2,262.96,256.2,257.7,22711
1615852800,256.2,261.46,253.19,254.7,28605
1615939200,258.45,259.2,254.7,257.7,19855
1616025600,259.95,261.46,256.95,259.95,20051
1616284800,261.46,261.46,255.45,256.2,52426
1616371200,260.71,265.97,254.7,265.97,86725
1616457600,260.71,274.23,260.71,273.48,144285
1616544000,277.99,279.49,269.72,270.47,98265
1616630400,268.97,274.23,263.71,265.21,52237
1616976000,264.46,264.46,258.45,260.71,22379
1617062400,265.21,268.22,260.71,264.46,21679
1617148800,266.72,268.22,264.46,264.46,26812
1617235200,260.71,276.48,260.71,268.97,117749
1617494400,268.97,279.49,268.97,277.24,132075
1617580800,276.48,277.99,271.22,274.23,65436
1617667200,271.98,293.01,271.22,291.51,289102
1617753600,296.77,306.54,279.49,279.49,269079
1617840000,284.0,287.0,278.74,278.74,112623
1618185600,284.0,284.0,274.98,277.99,50851
1618272000,276.48,282.49,276.48,280.99,51821
1618444800,284.0,287.0,278.74,282.49,77092
1618704000,287.0,287.75,280.24,280.99,77641
1618790400,278.74,284.75,277.24,280.24,85153
1618876800,276.48,283.25,276.48,282.49,80654
1618963200,287.0,289.26,280.99,283.25,140876
1619049600,283.25,287.75,282.49,287.0,102487
1619308800,285.5,287.0,274.98,277.99,89278
1619395200,272.73,278.74,265.21,270.47,77302
1619481600,270.47,277.99,268.97,277.24,35577
1619568000,285.5,285.5,271.22,277.24,34450
1619654400,277.24,289.26,275.73,285.5,98113
1619913600,289.26,296.02,284.0,292.26,139165
1620000000,293.76,294.52,286.25,287.0,93394
1620086400,283.25,291.51,283.25,290.01,68901
1620172800,286.25,298.27,286.25,296.77,166254
1620259200,297.52,298.27,287.75,290.01,95604
1620518400,290.01,294.52,289.26,289.26,70432
1620604800,293.01,293.01,287.0,289.26,36288
1620691200,289.26,292.26,286.25,290.76,48123
1620777600,290.01,291.51,285.5,290.01,56401
1620864000,290.76,294.52,290.76,293.01,85814
1621123200,300.53,306.54,290.01,302.78,223295
1621209600,304.28,308.79,300.53,304.28,102197
1621296000,309.54,330.58,305.03,322.31,262654
1621382400,330.58,330.58,305.03,307.29,211453
1621468800,308.79,312.55,303.53,305.79,116893
1621728000,302.78,314.05,295.27,312.55,108368
1621814400,317.05,319.31,309.54,313.3,135230
1621900800,318.56,330.58,311.04,327.57,337593
1622073600,327.57,359.88,317.05,359.88,634507
1622332800,375.66,389.18,356.12,371.9,665753
1622419200,375.66,375.66,341.85,356.87,431837
1622505600,356.12,360.63,342.6,345.6,239113
1622592000,345.6,360.63,340.35,380.17,652405
1622678400,398.95,398.95,372.65,380.92,584586
1622937600,398.95,398.95,365.89,372.65,425925
1623024000,379.41,389.93,368.9,387.68,406068
1623110400,391.44,408.72,389.18,398.2,362592
1623196800,405.71,405.71,390.68,391.44,218377
1623283200,394.44,395.19,391.44,399.7,218959
1623542400,419.23,419.23,398.2,426.75,523894
1623628800,435.01,456.05,416.98,427.5,512563
1623715200,432.01,442.52,410.22,411.72,249073
1623801600,411.72,419.23,389.18,398.2,381587
1623888000,394.44,409.47,390.68,400.45,203910
1624147200,400.45,404.96,377.91,387.68,205492
1624233600,391.44,391.44,361.38,364.39,230760
1624320000,382.42,388.43,362.13,386.18,181893
1624406400,398.2,398.2,366.64,371.9,177182
1624492800,365.14,383.17,362.13,371.15,213322
1624752000,377.91,382.42,367.39,369.65,148982
1624838400,387.68,387.68,360.63,361.38,90951
1624924800,367.39,368.14,356.87,357.63,81593
1625011200,353.12,366.64,350.86,356.87,81171
1625097600,363.64,371.9,360.63,363.64,89719
1625356800,363.64,368.14,357.63,358.38,37809
1625443200,375.66,375.66,355.37,357.63,29976
1625529600,356.87,368.14,353.87,358.38,47239
1625616000,357.63,364.39,356.87,361.38,50382
1625702400,379.41,379.41,353.87,360.63,29989
1625961600,360.63,373.4,354.62,371.9,60378
1626048000,378.66,378.66,360.63,367.39,85922
1626134400,385.42,385.42,357.63,368.9,43432
1626220800,371.9,377.91,362.89,376.41,94133
1626307200,379.41,398.2,379.41,385.42,162915
1626566400,390.68,400.38,386.93,394.44,125434
1626652800,394.44,406.46,391.44,401.95,163023
1626739200,407.21,409.47,395.19,405.79,153640
1626912000,409.47,427.5,407.21,418.48,291643
1627171200,421.49,429.0,416.98,423.74,232522
1627257600,428.25,444.03,419.98,438.77,481206
1627344000,443.28,462.06,435.01,458.3,585518
1627430400,467.32,476.33,444.03,447.78,522854
1627516800,450.79,456.05,444.03,450.71,281412
1627776000,459.65,460.56,441.77,450.79,280407
1627862400,458.3,458.3,439.52,444.1,224761
1627948800,440.27,458.23,439.89,453.04,177203
1628035200,462.06,485.12,454.55,476.33,802416
1628121600,484.6,484.6,463.56,467.24,423362
1628380800,467.24,488.35,458.3,477.84,495342
1628467200,487.38,493.61,480.84,482.34,362773
1628553600,489.86,489.86,462.06,466.57,268440
1628640000,469.57,487.6,469.57,480.84,307708
1628726400,480.84,489.86,468.82,470.32,286510
1628985600,470.32,470.32,435.76,456.8,355170
1629072000,456.8,461.31,448.16,456.05,161591
1629158400,446.96,484.6,446.96,467.32,299432
1629244800,473.33,507.14,473.33,485.35,720412
1629331200,494.37,494.37,468.07,471.07,291418
1629763200,461.68,465.82,445.53,445.6,291414
1629849600,436.74,461.98,435.76,441.02,202160
1629936000,449.29,473.63,441.77,469.57,203885
1630195200,478.96,478.96,450.94,451.92,219984
1630368000,451.54,459.8,438.02,439.52,169132
1630454400,443.28,447.03,427.05,433.51,135866
1630540800,435.76,441.02,409.47,419.98,168405
1630800000,413.22,421.49,377.99,386.18,186253
1630886400,386.18,424.79,380.92,424.79,156046
1630972800,433.28,435.76,404.96,417.73,162978
1631059200,410.29,423.59,402.7,404.21,89822
1631145600,405.71,420.59,401.95,413.3,135669
1631404800,421.56,446.88,419.23,441.77,316608
1631491200,450.56,457.55,425.24,428.25,133514
1631577600,436.51,436.51,419.23,422.99,75975
1631664000,431.4,431.4,410.97,414.73,70821
1631750400,413.22,413.22,390.68,392.94,149026
1632096000,385.42,390.68,358.38,368.14,118836
1632182400,368.14,390.68,341.85,369.65,122714
1632268800,377.01,397.45,375.66,387.68,92200
1632355200,395.19,395.34,379.41,380.17,85751
1632614400,387.68,387.75,358.38,358.75,116522
1632700800,365.89,380.17,347.11,356.12,122317
1632787200,350.11,359.88,338.17,339.22,98410
1632873600,332.91,359.13,332.91,359.13,109450
1632960000,359.13,371.9,348.61,362.13,99125
1633219200,362.13,362.13,334.34,335.84,193056
1633305600,330.58,331.4,313.64,316.53,163083
1633392000,319.83,323.06,312.4,314.05,82136
1633478400,314.05,338.84,314.05,334.71,69248
1633824000,341.4,344.63,320.66,322.31,40334
1633910400,322.31,322.31,311.9,317.36,55031
1634428800,322.31,323.14,312.4,316.53,11620
1634515200,314.05,314.05,304.13,304.96,61075
1634601600,302.48,302.48,288.35,294.21,81291
1634688000,300.08,318.18,300.08,303.47,23260
1634774400,305.79,311.57,297.52,301.65,64748
1635033600,297.52,318.18,295.87,314.88,52144
1635120000,321.07,341.32,315.95,332.23,103063
1635206400,334.79,353.72,334.71,342.98,96993
1635292800,347.11,350.41,333.06,335.54,90393
1635379200,332.31,347.93,332.31,345.45,70501
1635638400,347.11,379.34,338.84,379.17,160439
1635724800,384.3,388.43,360.33,367.77,133562
1635811200,374.38,375.21,363.64,368.26,49737
1635897600,375.21,380.08,366.94,366.94,59415
1636329600,374.21,381.65,366.12,366.12,57389
1636416000,360.41,367.77,343.8,352.89,101707
1636588800,352.89,352.89,332.23,333.06,72821
1636848000,339.67,348.76,326.45,338.84,48121
1636934400,345.62,359.01,344.63,349.59,96517
1637020800,349.59,379.34,349.59,376.03,160596
1637107200,383.47,400.0,383.47,388.43,198680
1637193600,389.26,391.98,376.03,377.69,97892
1637452800,370.17,396.69,370.17,377.69,83429
1637539200,385.21,385.21,372.73,376.86,66097
1637625600,376.86,376.86,361.16,363.64,87862
1637712000,359.5,376.03,353.72,368.6,68730
1637798400,362.81,374.38,355.37,361.98,63626
1638057600,354.79,361.98,339.83,344.38,131556
1638144000,344.38,361.98,340.5,344.63,65073
1638230400,347.11,354.55,342.23,346.28,69650
1638316800,352.89,358.68,347.93,351.24,47555
1638403200,352.07,352.07,342.15,342.98,50496
1638662400,342.98,342.98,328.51,328.93,69054
1638748800,329.75,345.45,310.41,344.63,93066
1638835200,350.41,355.37,334.71,334.79,77241
1638921600,333.88,339.26,318.18,321.49,63899
1639008000,321.49,338.84,310.08,316.53,56514
1639267200,321.49,322.31,304.96,305.79,51648
1639353600,305.79,305.79,286.78,290.91,95334
1639440000,296.69,318.18,296.69,318.18,37108
1639526400,322.31,338.02,314.05,319.83,74799
1639612800,314.05,326.2,305.79,305.95,35476
1639958400,309.92,312.07,295.12,300.0,28366
1640044800,305.79,313.8,304.13,312.4,22966
1640131200,318.18,338.68,318.1,337.27,93650
1640217600,338.84,342.98,328.18,337.19,73855
1640476800,338.84,342.15,331.49,335.54,67039
1640563200,335.54,341.32,320.91,324.79,85029
1640649600,324.79,332.98,319.01,330.58,49421
1640736000,327.36,335.54,323.97,323.97,33239
1641081600,330.41,332.23,325.21,331.4,37321
1641168000,331.4,338.02,328.93,333.88,62595
1641254400,327.36,342.98,327.27,342.15,70034
1641340800,342.15,353.72,337.19,342.15,133382
1641427200,339.75,349.83,338.84,347.11,82985
1641686400,353.72,366.78,348.02,363.64,181263
1641772800,367.77,371.9,356.94,362.81,188066
1641859200,363.64,383.39,356.2,373.55,169203
1641945600,373.55,380.99,362.98,366.86,157414
1642032000,366.94,383.47,361.98,379.34,142110
1642291200,386.78,394.21,380.17,387.6,243951
1642377600,392.56,395.87,380.17,395.04,190156
1642464000,395.04,398.35,377.69,383.47,154530
1642550400,376.86,390.91,371.9,372.73,125958
1642636800,373.55,380.17,371.9,380.17,92191
1642896000,380.17,386.78,374.38,378.51,93253
1642982400,373.55,373.55,355.37,359.5,186204
1643068800,355.37,366.12,351.24,357.02,102172
1643155200,351.4,356.2,346.28,348.76,89275
1643241600,348.76,355.29,346.28,347.11,53826
1643500800,354.05,371.9,354.05,371.9,119599
1643587200,379.34,379.34,361.16,363.64,87262
1643673600,359.5,376.86,357.93,375.21,117200
1643846400,382.64,387.6,374.38,376.03,214167
1644105600,383.47,385.12,372.31,379.34,230508
1644192000,372.73,384.3,372.73,380.08,91889
1644278400,387.6,396.69,370.25,376.03,234144
1644364800,368.6,373.55,362.89,368.6,95511
1644451200,363.64,374.3,362.81,370.25,76464
1644710400,363.64,363.64,347.93,348.76,165365
1644796800,348.76,357.85,346.12,351.24,113000
1644883200,357.85,370.08,351.32,366.94,87728
1644969600,367.77,372.64,357.36,360.33,68165
1645056000,360.33,365.29,354.63,359.5,65710
1645315200,352.31,362.81,345.45,356.2,85587
1645401600,362.73,362.81,355.37,361.07,43886
1645488000,363.64,369.83,361.16,361.98,73553
1645574400,363.64,371.9,363.64,370.17,197688
1645660800,370.25,374.38,353.72,356.2,146971
1645920000,356.2,366.12,356.2,358.02,77595
1646006400,365.12,371.9,347.11,348.35,144881
1646179200,346.28,348.76,333.14,333.14,82705
1646524800,338.84,339.67,332.07,334.71,54472
1646611200,335.54,338.76,329.42,331.4,116573
1646784000,331.4,338.02,320.0,325.45,113604
1646870400,330.99,342.98,322.31,337.19,73892
1647129600,342.15,348.76,338.02,345.29,101379
1647216000,345.45,347.11,340.5,343.39,9387
1647302400,339.92,345.45,337.19,338.76,54662
1647388800,334.71,339.67,331.4,334.3,73674
1647734400,335.54,337.19,330.91,331.4,29179
1647820800,338.02,341.32,331.4,341.32,41182
1647907200,342.98,344.55,338.02,338.02,28696
1647993600,336.36,338.02,334.71,334.71,29192
1648080000,334.79,336.36,331.4,331.49,38376
1648339200,332.23,332.23,322.31,324.71,72475
1648425600,324.71,328.02,319.01,320.66,43216
1648512000,323.14,325.62,314.05,317.36,35257
1648598400,321.49,326.36,315.29,322.48,31575
1648684800,327.27,327.69,316.03,316.53,30522
1648944000,316.53,320.66,314.13,315.7,24996
1649030400,321.49,321.49,314.88,314.88,15774
1649116800,314.88,314.88,307.44,311.65,36665
1649203200,309.09,312.4,302.48,308.26,22884
1649289600,312.31,316.53,309.09,312.56,17538
1649635200,318.76,324.79,306.78,306.78,35878
1649721600,309.92,309.92,300.99,302.48,36584
1649808000,302.48,310.25,297.52,310.25,36982
1650153600,310.74,314.05,299.17,299.17,23897
1650240000,297.52,301.65,294.21,295.04,34275
1650326400,300.83,305.79,291.9,305.79,22462
1650412800,301.74,305.79,298.26,298.26,34451
1650499200,292.56,300.74,291.74,296.69,16127
1650758400,302.48,326.36,297.52,318.18,26375
1650844800,322.31,323.97,305.79,312.48,37081
1650931200,310.74,314.88,306.61,309.09,18112
1651017600,315.21,315.21,300.83,311.57,25110
1651104000,311.57,317.36,305.79,305.87,13776
1651449600,303.72,304.96,299.34,300.0,17826
1651622400,301.65,304.05,294.21,295.87,24049
1651708800,294.21,300.0,290.08,291.74,24578
1651968000,297.52,300.0,285.29,299.17,24327
1652054400,300.83,310.99,299.17,305.79,40812
1652140800,305.87,321.16,305.79,318.18,37776
1652227200,318.43,330.58,315.79,329.75,54877
1652313600,331.4,335.54,318.18,319.83,58671
1652745600,317.36,323.55,309.42,309.92,145313
1652832000,306.61,323.97,301.65,314.05,72531
1652918400,311.57,318.18,305.79,307.85,33253
1653004800,304.13,314.05,304.13,304.13,18968
1653264000,302.48,305.7,295.87,297.52,34860
1653350400,297.52,303.31,292.56,295.87,35015
1653436800,299.17,307.44,295.87,301.82,54051
1653523200,301.65,307.44,297.52,299.17,19417
1653609600,300.0,301.65,295.95,297.44,23380
1653868800,297.52,300.83,289.26,290.08,24899
1653955200,289.26,293.39,283.47,287.6,34409
1654041600,289.26,291.74,283.47,287.27,36106
1654128000,284.3,290.91,280.99,284.05,31738
1654214400,286.78,286.78,274.55,275.95,31868
1654473600,279.34,280.99,270.25,271.07,54327
1654560000,268.6,275.21,261.57,263.55,53469
1654646400,261.24,281.82,261.16,276.86,59360
1654732800,280.99,281.82,267.36,268.51,56158
1654819200,268.6,270.99,263.72,264.96,23128
1655078400,262.81,266.94,260.33,261.98,52118
1655164800,264.46,265.29,258.68,260.25,27976
1655251200,260.33,260.99,255.37,257.85,30443
1655337600,256.2,262.81,253.72,257.85,43547
1655424000,257.85,264.38,253.88,257.6,31471
1655596800,256.28,256.28,247.85,247.93,50161
1655683200,247.11,248.26,240.5,240.5,80959
1655769600,243.72,250.41,240.5,247.93,66662
1655856000,243.8,247.77,236.36,239.67,63861
1655942400,234.88,237.27,227.69,229.83,70630
1656028800,227.27,239.67,222.31,227.27,31769
1656201600,229.75,250.0,229.75,249.92,129379
1656288000,253.72,253.72,239.67,239.92,96863
1656374400,244.71,244.71,233.88,234.71,21119
1656460800,234.71,247.77,230.83,242.15,77035
1656547200,246.28,260.17,242.98,259.5,123744
1656633600,264.46,264.46,252.64,254.96,79587
1656806400,252.07,267.77,250.33,267.77,152776
1656892800,269.42,281.49,261.16,266.12,135431
1656979200,261.16,270.25,253.31,256.2,78497
1657065600,261.32,261.32,247.11,255.45,112426
1657152000,260.5,265.29,248.02,251.98,74961
1657238400,256.94,256.94,246.28,246.28,53525
1657497600,242.98,246.28,231.4,233.22,90749
1657584000,237.19,242.98,231.49,234.71,85676
1657670400,238.02,252.07,233.88,248.76,78942
1657756800,253.72,256.12,243.8,253.64,76860
1657843200,257.77,257.77,245.45,252.89,44905
1658016000,248.76,255.37,248.76,252.81,53108
1658102400,252.81,255.45,247.93,252.89,35162
1658188800,252.89,261.16,252.89,259.09,91856
1658275200,257.02,261.9,252.07,257.85,39567
1658361600,257.85,259.5,252.89,253.8,34040
1658448000,249.59,254.55,248.76,249.75,53932
1658620800,249.75,259.5,248.02,259.42,57766
1658707200,264.46,274.38,260.33,272.73,142536
1658793600,276.03,278.18,263.64,266.94,135616
1658880000,262.81,273.55,261.65,272.73,96690
1658966400,273.55,286.61,268.76,277.69,181159
1659052800,274.38,281.07,272.98,280.17,30074
1659225600,284.3,285.12,276.86,278.51,84076
1659312000,282.64,290.74,276.86,280.99,124117
1659398400,280.99,285.12,278.84,282.64,62053
1659484800,286.78,290.91,281.32,284.3,110354
1659571200,283.55,284.88,275.45,275.45,99222
1659657600,275.45,276.86,268.6,270.25,93438
1659830400,275.21,280.66,270.33,276.03,51904
1659916800,280.17,285.7,272.98,276.03,83698
1660003200,273.55,279.34,264.55,265.29,69323
1660089600,264.46,269.75,259.5,266.12,74206
1660176000,264.46,271.4,262.4,264.46,54310
1660435200,264.63,267.77,259.5,261.16,45662
1660521600,260.33,273.55,256.28,272.73,73042
1660608000,275.21,278.1,265.37,266.12,87057
1660694400,264.46,272.73,261.57,269.42,32837
1660780800,264.46,276.86,264.46,275.95,69895
1661040000,280.99,280.99,271.07,272.64,73272
1661126400,270.25,273.55,269.59,272.73,23935
1661212800,272.64,272.64,264.96,271.82,103317
1661299200,271.9,272.73,268.6,271.82,41183
1661385600,266.94,273.97,266.2,270.99,41815
1661472000,265.62,269.42,264.96,265.29,28916
1661644800,261.24,266.12,257.11,260.33,58877
1661731200,256.28,263.64,256.2,263.64,25738
1661817600,263.64,267.77,260.0,262.81,22356
1661904000,262.81,262.81,255.54,257.69,38813
1661990400,261.16,261.16,252.89,258.6,34979
1662076800,253.72,260.33,253.72,258.6,10341
1662249600,262.73,262.73,256.28,259.92,23123
1662336000,257.85,261.16,254.96,259.5,24522
1662422400,264.63,264.63,238.51,240.5,288363
1662508800,238.02,240.5,231.07,234.63,76584
1662595200,232.23,234.71,229.75,233.8,27623
1662854400,235.04,235.04,226.61,228.93,31341
1662940800,226.45,228.84,224.38,227.27,37127
1663027200,228.1,231.16,226.53,229.75,31247
1663113600,228.1,239.26,228.1,237.44,49888
1663200000,240.5,240.5,224.88,229.67,52032
1663286400,225.12,227.27,216.53,227.27,20127
1663459200,222.73,223.14,218.02,221.4,36179
1663632000,221.49,221.49,212.81,215.21,54384
1663718400,216.53,218.76,211.16,214.71,21622
1663804800,214.88,214.88,211.74,213.55,21989
1664064000,211.74,212.4,210.83,210.83,23304
1664236800,210.83,215.62,209.92,212.4,88390
1664323200,215.62,215.62,206.86,206.86,14886
1664409600,207.44,210.33,207.44,210.33,10670
1665273600,208.26,215.7,208.26,215.7,10899
1665360000,217.36,219.01,209.26,213.14,9286
1665446400,210.74,211.57,206.61,209.92,26481
1665532800,208.26,211.82,207.44,210.74,18532
1665619200,210.83,213.14,208.26,210.74,28265
1665878400,207.85,209.92,207.44,209.09,15443
1665964800,206.78,210.74,206.61,208.26,17646
1666137600,210.74,210.74,206.61,210.66,26865
1666224000,206.86,209.92,206.86,209.09,11361
1666483200,208.26,214.88,208.26,214.55,20397
1667174400,214.88,222.73,211.57,222.31,33911
1667260800,226.36,227.27,218.18,227.02,29652
1667347200,225.62,229.34,221.57,223.47,29718
1667433600,220.66,224.79,218.68,223.14,18472
1667692800,219.09,234.71,219.01,233.06,36390
1667779200,237.19,237.19,226.12,230.41,73462
1667865600,227.27,228.93,223.88,223.97,24424
1667952000,224.79,224.79,216.53,217.6,64400
1668038400,218.93,219.01,211.57,212.56,34816
1668297600,216.78,219.83,210.99,211.57,20076
1668384000,211.74,219.83,211.57,219.01,22290
1668470400,219.01,221.49,214.96,217.36,34858
1668556800,219.01,220.99,216.61,219.75,18446
1668643200,223.97,228.93,221.74,227.19,42324
1669075200,229.75,232.89,224.13,226.45,42751
1669161600,222.4,226.69,221.98,223.88,17392
1669248000,223.14,227.27,220.25,227.27,21313
1669507200,227.27,234.71,224.38,233.88,79429
1669593600,232.31,238.84,232.23,234.88,41925
1669680000,233.06,234.71,228.43,233.88,27727
1669766400,229.92,232.15,229.92,231.57,16205
1669852800,228.1,232.98,227.93,232.23,23103
1670112000,230.0,235.95,230.0,233.64,35603
1670198400,235.37,235.37,228.51,229.75,27638
1670284800,227.36,231.4,227.36,228.35,23715
1670371200,228.1,230.58,225.79,227.27,21460
1670716800,225.7,226.45,223.31,224.3,26375
1670803200,220.83,227.27,220.83,227.19,28704
1670889600,223.14,225.54,222.73,223.97,14934
1670976000,226.45,227.27,223.14,225.62,26926
1671062400,221.74,226.36,221.74,222.4,10165
1671321600,219.09,222.31,219.09,221.4,22066
1671408000,220.66,224.71,218.26,223.14,10460
1671494400,220.83,226.28,220.83,223.97,21615
1671580800,223.64,227.27,222.89,223.14,18547
1671667200,223.14,226.45,221.49,222.98,20942
1672012800,225.62,235.54,224.79,234.71,41716
1672099200,235.54,243.8,232.23,238.02,82735
1672185600,233.31,242.64,233.31,238.02,30281
1672272000,239.67,252.07,236.78,252.07,67305
1672531200,252.89,258.68,247.11,248.76,98646
1672617600,248.76,258.02,246.53,258.02,74997
1672704000,252.89,263.64,252.89,254.55,69312
1672790400,258.68,272.73,255.37,271.9,341806
1672876800,277.27,285.12,267.77,274.38,161298
1673136000,279.83,280.5,268.68,276.86,104131
1673222400,272.73,283.47,271.32,282.64,88721
1673308800,288.26,309.5,287.6,289.26,356260
1673481600,295.04,305.7,283.55,285.95,156844
1673913600,291.65,296.69,279.34,292.56,109327
1674000000,298.35,303.31,287.6,288.43,132292
1674086400,288.43,291.32,281.9,285.95,62828
1674432000,288.43,288.43,276.94,278.51,76885
1674518400,276.86,280.99,272.31,279.09,66869
1674604800,278.51,284.3,276.2,276.86,93798
1674691200,277.02,283.47,276.94,280.17,59614
1674950400,275.21,285.12,272.73,279.34,55667
1675036800,279.34,280.99,273.14,274.38,45313
1675123200,272.73,276.86,269.83,272.73,42122
1675209600,272.64,277.02,268.6,272.73,35314
1675296000,277.69,277.69,266.12,266.36,52179
1675555200,266.12,275.21,265.29,269.34,69559
1675641600,266.28,267.77,264.21,266.86,54362
1675728000,268.6,284.3,268.6,282.64,100505
1675814400,288.26,290.08,276.86,280.99,79565
1675900800,286.36,289.26,276.03,279.34,48406
1676160000,274.05,276.78,268.43,271.9,85795
1676332800,268.68,273.39,267.19,267.77,34647
1676419200,267.77,270.99,262.81,266.12,82086
1676505600,262.4,266.12,257.19,258.68,67384
1676851200,254.63,261.16,254.55,258.68,23399
1677024000,262.81,271.07,258.68,264.46,36466
1677110400,260.33,268.51,258.68,258.76,55559
1677369600,253.88,262.81,248.93,258.68,65550
1677456000,261.16,265.29,254.63,258.76,94987
1677542400,255.37,268.6,252.07,265.7,207644
1677628800,270.17,270.17,261.16,263.47,48420
1677715200,261.98,261.98,255.54,260.25,29813
1677974400,260.33,260.33,253.47,254.13,45236
1678147200,252.89,263.55,252.89,258.68,41314
1678320000,263.64,270.17,261.16,269.42,47322
1678579200,272.73,279.26,264.46,264.46,50608
1678665600,264.46,265.29,256.2,261.16,78913
1678752000,257.19,264.46,257.19,261.24,18168
1678838400,257.02,265.29,247.93,265.29,235440
1678924800,265.29,267.19,259.17,263.64,75335
1679184000,267.77,267.77,263.22,263.64,31606
1679270400,267.52,271.9,264.13,271.9,76905
1679443200,266.53,276.12,266.53,268.6,65924
1679529600,263.64,268.6,261.98,264.46,37902
1679788800,264.46,269.26,263.22,265.95,34209
1679875200,265.37,272.73,261.98,271.9,50711
1679961600,274.71,277.27,271.07,275.21,58239
1680048000,275.21,285.12,273.55,280.99,98138
1680134400,286.53,286.53,278.51,280.17,51584
1680393600,280.17,285.12,271.07,271.07,71326
1680480000,267.36,275.04,267.36,271.49,28354
1680566400,272.73,277.6,268.6,273.55,33417
1680652800,271.57,279.17,271.57,276.78,37541
1680739200,275.37,279.17,275.29,276.03,28733
1680998400,271.07,276.03,266.69,269.42,27788
1681084800,274.79,274.79,266.03,268.18,56255
1681171200,273.39,274.38,267.93,271.07,27424
1681257600,272.73,285.04,272.73,284.3,101942
1681344000,289.26,289.26,277.69,278.51,62521
1681603200,278.51,284.05,278.51,280.99,38356
1681689600,280.99,285.12,276.03,277.6,38002
1681776000,280.99,280.99,275.54,278.51,25517
1681862400,277.77,282.64,277.77,282.64,18904
1681948800,287.52,287.6,278.51,280.91,23623
1682208000,284.21,284.21,278.68,280.66,14289
1682294400,278.51,280.99,277.11,279.34,8860
1682380800,277.02,280.99,277.02,280.5,24728
1682467200,279.34,282.64,277.69,280.17,14037
1682553600,276.61,280.99,276.61,279.26,20260
1682812800,283.47,283.47,272.73,275.21,26146
1682985600,275.21,275.21,267.27,271.49,33062
1683072000,267.6,270.25,266.94,268.43,19467
1683158400,265.29,269.42,262.81,268.1,24930
1683417600,270.25,270.25,264.46,265.29,15708
1683504000,262.89,267.77,261.16,263.64,27770
1683590400,262.07,273.97,262.07,270.25,16666
1683676800,272.73,272.73,265.45,272.56,12177
1683763200,268.6,270.25,266.2,270.17,15699
1684022400,272.73,272.73,262.81,265.45,12979
1684108800,264.46,268.51,261.98,265.29,11321
1684195200,266.12,269.5,264.46,267.36,12239
1684281600,268.6,271.82,266.12,270.25,17973
1684368000,272.73,277.6,270.25,276.86,21434
1684627200,275.29,282.64,275.21,276.86,43385
1684713600,272.73,279.34,272.31,277.69,27580
1684800000,281.82,283.88,277.69,282.56,39199
1684886400,283.47,285.95,277.69,281.82,47500
1685232000,283.47,294.88,281.9,286.78,107922
1685404800,282.07,288.43,279.34,279.34,84900
1685491200,280.17,283.39,272.31,276.78,70932
1685577600,277.69,284.3,272.73,280.17,61066
1685836800,285.7,300.0,285.12,297.52,124011
1685923200,302.48,314.05,295.87,302.48,201376
1686009600,308.51,313.22,302.48,311.57,159083
1686096000,313.22,321.49,306.86,310.74,106078
1686182400,304.63,311.82,304.63,308.68,89655
1686441600,309.92,316.12,307.44,315.7,106727
1686528000,314.05,319.83,308.26,310.5,78497
1686614400,306.86,320.66,306.86,317.11,144186
1686700800,321.9,324.55,308.26,310.74,152347
1686787200,309.09,316.53,308.26,310.74,117881
1687046400,316.78,333.06,310.91,328.1,175488
1687132800,330.58,330.58,318.43,320.66,90219
1687219200,317.36,322.15,309.92,313.22,90127
1687305600,319.42,319.42,307.19,308.26,116806
1687392000,308.26,318.18,304.21,306.61,75047
1687651200,312.4,315.7,302.56,309.92,121949
1687737600,315.7,321.49,310.74,314.88,115662
1687824000,314.88,320.58,309.09,319.59,120310
1687910400,322.23,322.23,307.77,309.09,104481
1688256000,314.05,314.05,298.43,298.43,97934
1688342400,298.43,305.79,294.46,296.69,57294
1688428800,302.15,302.15,293.39,299.17,77154
1688515200,304.13,305.79,295.87,295.87,51568
1688601600,297.52,303.31,294.13,299.17,93136
1688860800,299.34,306.36,295.29,299.17,112960
1688947200,304.96,304.96,296.69,298.35,38975
1689033600,296.69,299.17,290.83,293.39,96164
1689120000,295.04,305.7,293.39,301.24,81435
1689206400,307.19,311.49,295.29,295.87,75121
1689465600,296.69,301.74,292.56,293.39,40114
1689552000,294.21,305.79,293.47,303.22,35510
1689638400,298.43,307.27,298.43,301.65,44608
1689724800,298.35,303.31,298.35,302.48,27163
1689811200,301.65,308.26,300.08,304.96,65683
1690070400,299.26,310.74,299.26,308.35,56674
1690156800,308.35,311.9,300.83,302.48,83986
1690243200,300.91,314.05,299.17,304.13,40984
1690329600,310.17,310.17,298.43,304.96,29835
1690416000,305.79,305.79,297.52,297.6,33315
1690675200,297.6,298.35,293.47,295.87,28022
1690761600,291.74,299.17,290.25,294.13,42108
1690848000,290.08,299.5,288.43,289.26,40163
1690934400,286.03,296.69,286.03,294.21,18717
1691020800,300.0,300.0,293.39,293.64,25184
1691280000,293.47,293.47,285.95,292.56,41874
1691366400,287.69,300.0,286.94,295.04,49402
1691452800,289.17,295.04,287.77,290.91,30993
1691539200,287.6,297.52,287.6,293.39,35296
1691625600,297.52,302.48,291.65,299.17,122003
1691884800,297.52,301.65,295.12,297.52,68045
1691971200,297.6,300.83,295.87,295.87,65388
1692057600,295.04,298.43,289.42,290.91,37343
1692144000,287.02,294.96,286.12,291.74,75697
1692230400,293.31,293.39,287.69,289.5,81116
1692489600,294.13,294.21,283.72,285.95,51627
1692576000,285.95,288.51,280.33,282.64,81305
1692662400,281.16,289.26,279.5,286.03,25519
1692748800,289.17,290.83,283.55,289.26,42680
1692835200,289.26,294.88,282.23,283.47,41816
1693094400,281.82,285.12,279.34,280.99,22290
1693180800,277.77,282.64,277.77,280.83,14532
1693267200,279.09,284.96,279.09,283.14,12700
1693353600,279.5,284.79,279.5,283.47,10615
1693699200,278.6,284.3,276.45,276.86,21996
1693785600,276.03,286.78,273.72,276.86,24866
1693872000,281.82,281.82,274.38,277.6,10129
1694044800,273.88,276.86,273.72,276.03,19123
1694304000,274.05,279.09,273.72,278.51,12596
1694390400,276.12,281.74,275.21,278.51,28186
1694476800,283.47,283.47,276.12,276.12,14048
1694563200,278.51,284.21,277.85,284.13,27128
1694908800,283.47,285.04,276.45,276.86,34082
1694995200,274.63,283.47,274.63,279.26,10292
1695081600,284.79,285.12,275.45,284.96,18341
1695254400,290.0,297.52,284.3,293.39,111542
1695513600,297.52,297.52,289.26,291.74,60634
1695600000,290.08,295.79,289.26,289.26,21208
1695686400,295.04,300.91,293.39,297.52,77630
1695772800,299.17,299.92,291.24,291.98,37944
1696118400,291.4,291.74,282.73,285.12,46923
1696204800,289.26,289.26,283.47,286.78,21708
1696291200,292.48,295.87,278.51,278.84,54668
1696377600,284.38,289.26,280.41,280.99,27578
1696464000,281.82,285.12,279.34,279.34,36648
1696723200,280.99,283.47,272.73,274.38,37077
1696809600,271.07,276.03,270.25,272.73,33053
1696896000,273.55,276.61,269.92,270.25,40506
1696982400,272.73,272.73,262.73,270.73,26341
1697068800,270.91,270.91,265.64,269.09,13438
1697414400,264.82,266.36,259.55,265.45,9933
1697500800,268.18,270.0,257.18,259.09,16436
1697587200,263.64,268.73,260.91,263.55,6642
1697673600,261.82,266.91,256.64,265.45,4608
1698537600,266.36,266.36,259.09,260.91,5058
1698624000,259.09,263.18,259.09,261.82,4327
1698710400,265.45,265.55,260.91,263.64,5465
1698796800,267.73,267.73,262.82,264.55,9200
1698883200,260.91,265.45,260.91,264.91,5519
1699142400,270.0,270.0,259.36,261.82,5200
1699228800,261.82,267.0,261.82,265.45,7133
1699315200,265.45,269.64,264.55,266.36,15045
1699401600,268.18,268.18,262.73,263.64,8142
1699488000,263.64,268.91,262.73,265.0,19010
1700438400,270.0,274.91,268.55,273.64,25924
1700524800,275.45,276.36,271.0,272.0,21217
1700611200,271.82,279.09,270.0,279.09,24215
1700697600,277.27,283.64,277.27,283.64,12646
1700956800,278.0,294.45,272.73,293.55,37147
1701043200,292.73,298.45,289.09,290.91,29476
1701129600,293.64,293.64,286.36,290.82,13048
1701216000,290.82,295.45,284.55,284.55,12482
1701302400,289.09,295.27,281.82,286.36,25515
1701561600,281.45,289.82,279.09,282.73,23076
1701648000,283.64,286.36,280.09,283.55,6232
1701734400,289.18,289.18,280.64,281.27,21844
1701820800,280.45,281.82,279.09,280.0,9550
1701907200,285.55,290.91,275.45,280.91,13085
1702166400,286.45,302.73,286.45,300.0,7071
1702252800,306.0,309.09,294.09,297.27,54696
1702339200,296.55,314.18,296.55,313.45,56287
1702425600,312.73,318.82,308.18,309.09,64566
1702512000,308.18,310.0,303.64,305.64,41521
1702771200,301.18,327.27,294.55,323.64,78382
1702857600,327.27,340.27,321.82,331.64,99193
1702944000,327.27,336.27,319.45,333.0,59756
1703030400,339.36,339.36,324.55,335.0,90399
1703116800,334.55,334.55,322.73,324.55,53167
1703376000,318.18,338.18,318.18,327.27,106153
1703635200,330.09,331.82,320.91,320.91,45045
1703721600,324.45,330.0,320.36,323.64,43685
1704067200,322.73,327.27,319.09,320.0,48619
1704153600,315.45,319.09,315.09,318.18,19729
1704240000,318.45,324.55,313.82,322.73,28206
1704326400,322.73,330.73,322.73,326.36,61398
1704585600,329.09,331.82,319.36,321.0,51394
1704672000,321.82,330.91,320.0,330.91,96645
1704758400,332.36,343.0,330.55,332.73,126982
1704844800,333.64,335.45,328.27,329.0,29861
1704931200,324.82,334.45,324.73,331.82,30494
1705190400,335.0,345.45,334.09,339.82,137591
1705363200,345.27,346.55,336.45,343.55,127774
1705449600,348.0,348.18,330.0,330.91,93610
1705536000,331.82,336.36,327.91,331.82,71654
1705795200,331.82,338.45,327.73,330.0,69621
1705881600,327.27,330.91,324.09,324.55,44185
1705968000,327.27,328.18,321.82,326.18,42006
1706054400,327.27,331.91,319.91,322.27,32740
1706140800,321.82,324.55,316.36,319.09,41838
1706400000,325.45,325.45,314.55,318.91,44097
1706486400,318.91,330.91,318.91,323.64,43956
1706572800,330.0,330.0,324.18,325.55,42725
1706659200,331.82,332.0,322.73,323.64,72147
1706745600,327.27,327.27,316.36,318.91,28037
1707004800,315.55,320.91,315.55,319.09,32907
1707091200,320.91,325.45,311.82,318.09,38766
1707177600,320.55,328.18,316.55,321.82,16696
1707264000,321.82,334.55,321.82,327.64,51768
1707350400,323.64,331.73,322.09,330.45,49238
1707609600,336.36,338.45,327.27,330.0,68659
1707696000,329.09,333.55,324.64,331.82,47693
1707782400,325.18,330.0,323.73,327.09,49231
1707868800,326.36,326.82,320.0,326.82,40639
1707955200,320.36,326.36,318.18,319.09,47391
1708214400,315.45,320.91,313.64,317.73,59474
1708387200,318.18,320.91,313.64,316.36,72842
1708473600,315.45,318.0,313.82,313.82,39018
1708560000,313.64,318.18,313.18,315.27,40026
1708819200,320.82,320.82,305.91,306.55,78379
1708905600,303.64,310.91,303.64,310.0,31004
1708992000,309.09,314.55,309.09,311.55,19807
1709078400,311.82,314.18,306.36,306.36,35967
1709164800,311.82,311.82,303.91,306.36,43829
1709424000,304.55,311.36,304.55,309.0,29007
1709510400,315.09,330.91,315.09,325.45,14190
1709596800,331.91,331.91,312.73,313.64,44240
1709683200,318.0,319.0,308.18,317.27,41735
1709769600,320.0,321.82,313.64,317.18,17813
1710028800,318.18,320.0,314.64,315.45,22573
1710201600,319.45,320.91,316.55,320.0,28402
1710288000,320.18,321.73,313.73,315.45,56522
1710374400,318.18,318.18,311.82,313.45,32477
1710633600,308.18,320.0,308.18,314.55,23429
1710720000,317.27,318.18,314.27,317.27,42724
1710806400,311.82,318.18,311.82,313.73,27298
1710892800,312.91,317.27,311.09,314.55,22393
1710979200,311.82,317.55,310.91,313.64,24428
1711324800,312.0,314.45,309.27,311.36,31684
1711411200,309.36,314.45,309.36,310.36,21454
1711497600,311.36,315.45,309.09,310.91,20846
1711584000,310.0,312.55,306.55,307.45,42069
1711843200,308.18,312.45,307.09,309.91,12380
1711929600,310.0,310.45,306.91,307.27,37618
1712016000,307.27,309.0,306.36,307.18,11802
1712102400,307.27,309.09,306.73,307.18,17043
1712188800,307.09,309.09,306.36,306.73,24406
1712448000,306.36,310.73,306.36,310.73,27713
1712620800,310.0,313.64,309.36,310.45,22942
1712707200,310.45,313.45,308.82,309.09,60416
1713052800,309.09,310.0,300.0,303.64,640870
1713139200,309.64,309.64,296.91,297.45,210354
1713225600,296.55,300.91,295.45,300.36,104140
1713398400,297.45,301.82,295.45,295.55,43138
1713657600,296.36,299.45,292.27,297.27,19396
1713744000,298.18,300.91,293.82,294.55,27298
1713916800,294.55,295.91,290.09,293.45,99409
1714003200,298.18,298.18,292.73,293.45,12591
1714262400,293.64,299.09,291.09,299.09,28623
1714348800,300.91,302.73,295.45,298.73,18313
1714435200,295.45,305.18,293.73,301.82,58849
1714608000,306.45,307.09,297.64,297.91,41522
1714867200,297.27,299.0,295.82,295.91,15634
1714953600,298.18,301.82,292.73,292.73,50614
1715040000,297.27,297.27,290.91,291.36,19815
1715126400,291.91,296.36,291.82,294.27,28222
1715212800,299.09,299.09,291.82,294.55,35656
1715472000,290.18,296.45,290.18,296.45,22198
1715558400,291.09,297.91,291.09,297.27,11616
1715644800,298.18,300.91,294.55,300.09,41943
1715731200,300.91,303.64,296.82,297.36,18071
1715817600,300.91,301.82,295.45,298.91,27222
1716076800,304.82,309.09,297.45,305.45,72546
1716163200,299.36,312.73,299.36,308.45,45454
1716249600,308.45,314.55,303.36,305.45,92078
1716336000,305.45,313.09,305.45,310.82,116379
1716681600,309.09,310.91,304.27,304.27,61832
1716768000,304.27,309.91,304.0,305.45,20092
1716940800,311.55,317.73,301.82,301.82,22413
1717027200,301.82,306.09,298.18,298.18,38308
1717286400,304.09,304.55,298.73,300.09,83525
1717372800,301.0,301.82,297.36,299.0,14195
1717459200,296.36,300.91,295.45,295.55,51238
1717545600,295.45,304.45,291.0,299.09,524908
1717632000,302.73,302.73,295.27,297.27,41051
1717891200,303.18,303.18,295.0,295.82,17345
1717977600,301.73,301.73,295.82,299.09,34489
1718064000,305.0,305.0,298.18,300.91,108394
1718150400,300.09,304.09,298.09,300.0,42596
1718236800,300.91,300.91,294.55,295.91,53991
1718496000,300.91,300.91,292.27,295.45,41497
1718668800,300.91,300.91,291.73,291.91,56880
1718755200,293.45,293.55,290.36,291.73,38548
1718841600,297.55,297.55,291.0,291.27,36490
1719100800,291.91,293.64,289.09,290.0,46771
1719187200,290.91,292.64,289.27,289.64,26272
1719273600,293.64,299.09,290.55,292.82,62399
1719360000,294.55,295.18,290.27,291.18,24189
1719446400,290.0,292.64,289.64,290.09,27978
1719705600,289.27,292.73,287.45,287.55,26445
1719792000,287.36,290.91,287.36,290.91,22573
1719878400,296.36,302.73,291.82,294.55,59787
1719964800,294.45,294.45,289.82,292.73,27201
1720051200,291.0,295.45,290.91,291.09,61554
1720310400,291.0,296.36,287.27,291.73,105890
1720396800,295.0,295.45,291.82,291.91,44334
1720483200,291.36,294.64,289.27,289.45,131264
1720569600,295.18,298.82,291.27,297.27,168447
1720656000,298.18,302.55,295.55,298.18,93409
1720915200,304.09,315.45,301.82,308.18,80953
1721001600,310.0,312.73,304.55,308.64,87377
1721088000,311.82,327.27,304.91,321.82,145502
1721174400,325.45,331.18,317.36,330.0,224564
1721260800,333.64,340.0,320.0,329.09,197245
1721520000,335.36,340.0,324.73,335.45,191765
1721606400,337.55,359.09,329.09,354.55,315099
1721692800,355.45,376.09,354.55,375.45,477783
1721779200,374.73,383.64,366.36,369.09,358407
1721865600,363.64,387.73,363.64,386.36,426015
1722124800,387.27,406.36,378.73,402.73,364675
1722211200,409.09,418.18,395.45,397.27,613844
1722297600,404.55,408.73,390.0,402.73,350633
1722384000,404.55,431.82,402.73,410.91,436293
1722470400,413.64,452.0,406.36,451.82,872303
1722816000,460.82,496.36,454.55,486.36,852836
1722902400,486.36,501.82,460.91,485.45,800822
1722988800,495.09,523.64,472.73,519.09,1017338
1723075200,529.45,544.64,510.0,525.45,738838
1723334400,525.45,544.55,525.45,531.0,641263
1723420800,541.55,541.55,513.18,520.91,576402
1723507200,527.27,537.82,510.0,537.82,689284
1723593600,548.55,578.55,528.45,574.55,959365
1723680000,586.0,616.64,577.27,616.64,1272947
1723939200,618.18,618.18,577.45,581.82,722400
1724198400,581.82,589.09,560.91,563.55,584009
1724284800,567.27,577.27,558.18,561.82,526200
1724544000,573.0,573.0,534.55,536.36,496348
1724716800,531.82,545.45,509.09,511.82,494535
1724803200,514.55,531.82,509.09,522.73,486083
1724889600,532.55,536.27,510.64,517.27,386425
1725148800,513.64,526.36,506.36,512.73,308871
1725235200,517.27,542.73,511.0,540.91,384183
1725321600,551.73,551.73,527.27,527.27,344540
1725408000,537.82,537.91,505.45,505.45,342313
1725494400,504.55,513.64,496.82,502.0,208627
1725753600,511.82,511.82,482.73,484.55,280103
1725840000,484.55,485.45,462.73,464.64,311255
1725926400,472.73,477.27,458.18,461.82,217827
1726012800,464.55,473.64,460.91,466.36,250439
1726099200,468.18,498.18,466.36,489.09,264639
1726358400,493.64,509.09,469.09,469.18,384252
1726444800,470.0,473.64,459.09,463.64,221173
1726617600,460.91,472.18,454.36,460.0,109962
1726963200,469.18,477.18,455.45,458.91,129455
1727049600,461.73,461.82,441.0,448.18,234589
1727136000,448.91,454.55,436.36,438.55,237324
1727222400,447.27,453.64,435.73,450.0,115266
1727308800,459.0,459.09,438.18,438.27,81544
1727568000,429.55,445.09,422.73,430.91,106132
1727654400,430.91,447.27,428.18,445.36,94876
1727740800,451.45,474.55,450.91,472.73,191653
1727827200,468.18,481.82,463.64,472.64,234562
1728172800,471.82,497.27,470.0,494.55,134326
1728259200,500.0,513.64,494.64,505.45,188432
1728345600,505.45,515.45,495.45,499.82,181250
1728432000,507.27,507.27,492.0,495.45,76898
1728950400,497.82,504.55,495.45,502.73,57251
1729036800,512.73,519.09,501.82,508.18,92729
1729123200,516.36,518.18,499.09,499.09,98951
1729382400,489.18,509.09,481.82,490.91,164637
1729468800,481.09,495.45,476.36,476.36,122320
1729555200,472.73,490.91,472.73,480.82,83411
1729641600,483.64,488.18,477.27,477.27,52869
1729728000,474.55,490.91,474.55,481.36,84301
1729987200,479.09,487.27,476.55,478.18,49661
1730073600,474.91,486.27,474.91,480.91,35694
1730160000,486.36,520.82,486.36,499.09,155737
1730246400,509.0,510.91,494.73,503.64,113211
1730764800,503.64,513.64,500.0,500.91,56400
1730851200,497.36,504.55,492.73,496.36,57818
1731196800,505.45,524.55,500.09,524.55,304072
1731283200,524.91,536.36,522.73,530.0,391722
1731369600,530.0,556.36,524.55,528.18,222034
1731456000,517.64,528.18,513.73,517.27,187665
1731542400,514.55,524.45,509.27,510.0,181913
1731801600,518.18,527.18,509.09,510.0,145769
1731974400,510.91,516.36,494.55,495.45,154630
1732060800,496.45,507.18,494.55,498.55,76278
1732147200,498.18,517.27,489.09,493.18,93567
1732406400,497.27,509.09,490.91,509.0,162490
1732492800,519.09,519.09,498.18,516.36,169231
1732579200,506.09,519.09,503.73,513.64,113535
1732665600,515.45,521.82,511.82,516.18,128321
1732752000,526.45,526.45,503.73,509.0,130026
1733011200,498.91,503.64,491.09,500.0,123231
1733097600,510.0,510.0,490.0,504.55,117529
1733184000,500.0,533.18,488.18,530.0,308883
1733270400,519.45,528.18,513.64,517.18,328379
1733356800,506.91,527.27,500.0,501.82,158111
1733616000,503.64,503.64,489.09,490.91,72720
1733702400,490.91,498.18,488.27,491.73,100995
1733788800,500.0,503.64,491.82,499.36,341654
1733875200,504.55,509.0,490.91,498.18,74239
1733961600,500.0,504.55,489.09,489.55,72025
1734307200,499.09,499.09,477.27,478.09,93358
1734393600,480.0,485.45,477.27,480.91,46763
1734480000,489.09,489.09,472.91,474.55,44374
1734566400,477.27,479.73,467.27,470.82,75360
1734825600,471.82,474.55,465.45,470.91,76912
1734912000,480.27,490.91,470.91,488.18,176274
1734998400,497.0,498.0,488.0,491.0,106110
1735171200,482.4,490.0,477.3,481.7,47255
1735430400,482.0,482.0,458.5,462.0,95825
1735603200,460.0,460.0,442.3,447.9,71238
1735689600,448.0,449.0,443.0,444.0,17272
1735776000,445.0,448.0,438.1,448.0,51728
1736035200,448.1,456.0,443.0,455.0,68336
1736121600,464.1,476.5,457.0,475.0,118198
1736208000,484.5,484.9,468.0,482.0,107119
1736294400,491.6,491.6,476.0,484.6,50761
1736380800,478.0,486.8,472.0,481.0,144090
1736640000,481.0,481.0,470.1,471.0,22778
1736726400,467.0,471.9,455.0,456.3,66377
1736899200,465.0,468.0,458.0,459.0,39568
1736985600,460.0,464.0,456.1,460.0,45387
1737244800,460.0,469.0,455.0,466.5,29161
1737331200,467.0,469.9,460.0,466.5,51350
1737417600,459.0,475.8,459.0,471.0,59927
1737504000,471.1,485.0,467.0,484.0,104066
1737590400,477.0,491.9,476.0,484.0,113861
1737849600,490.0,510.0,481.0,501.0,199108
1737936000,511.0,519.0,498.0,514.0,233576
1738022400,504.1,519.9,504.1,512.5,138069
1738454400,522.0,528.4,515.0,517.0,270431
1738540800,522.0,526.6,506.7,517.0,289252
1738627200,515.0,519.7,506.0,509.0,104413
1738713600,507.0,515.0,501.1,509.0,77210
1738800000,519.1,525.0,507.2,514.0,312967
1739059200,520.0,520.0,501.0,502.3,165710
1739145600,512.3,512.3,494.0,498.5,70135
1739232000,499.0,503.8,491.3,496.0,59875
1739318400,505.9,505.9,493.0,498.0,67161
1739404800,504.0,504.0,488.0,488.5,92967
1739664000,498.0,498.0,485.6,490.1,93819
1739750400,499.0,515.0,486.2,506.8,234890
1739836800,516.9,522.0,505.0,514.9,316340
1740009600,525.0,525.0,500.0,500.0,105642
1740268800,490.0,516.9,490.0,501.0,134854
1740355200,511.0,511.0,496.0,497.0,110904
1740441600,505.0,505.0,490.0,494.0,76101
1740614400,503.0,505.0,495.0,505.0,84311
1740873600,515.0,522.9,503.9,519.0,171708
1740960000,508.7,531.0,508.7,514.6,211942
1741046400,524.8,524.8,509.0,509.9,95130
1741132800,508.0,510.0,500.0,504.0,123408
1741219200,507.7,507.7,498.0,499.0,46992
1741478400,498.2,501.9,489.3,490.0,117331
1741564800,490.0,496.9,478.0,478.1,156133
1741651200,485.0,486.0,470.1,471.0,88625
1741737600,479.0,479.0,468.3,477.8,56393
1742083200,480.0,480.0,471.6,473.9,44632
1742169600,473.9,480.0,469.0,474.9,78870
1742256000,474.1,478.0,470.1,471.0,41246
1742342400,471.0,471.0,465.5,467.0,44690
1742428800,476.3,476.3,465.0,465.3,44291
1742688000,465.0,465.0,451.0,452.6,71879
1742774400,447.1,463.6,447.1,456.14,71506
1742860800,454.0,457.0,443.1,447.5,84328
1742947200,450.0,462.5,448.0,459.92,57408
1743033600,464.5,474.0,459.0,471.22,93936
1743292800,462.0,483.8,462.0,479.9,152864
1743465600,480.0,480.0,467.0,475.75,51245
1743552000,479.0,479.0,469.5,471.48,32681
1743638400,471.0,485.0,470.3,479.96,144290
1743984000,485.0,485.0,470.0,472.13,27223
1744070400,468.3,471.9,461.0,469.0,30872
1744156800,478.0,478.0,469.0,473.46,35545
1744243200,475.0,477.9,470.3,472.26,50321
1744502400,470.0,477.8,466.0,474.91,44694
1744675200,483.4,483.4,469.0,476.82,32286
1744761600,470.0,501.0,470.0,489.18,143867
1744848000,495.0,518.8,491.0,514.67,441209
1745107200,517.0,548.0,517.0,536.86,701732
1745193600,540.0,550.1,530.0,532.22,394736
1745280000,542.8,563.0,535.0,536.45,536014
1745366400,542.0,542.0,508.0,510.94,695164
1745452800,506.0,515.0,498.2,513.41,344249
1745712000,510.0,555.0,510.0,550.33,784987
1745798400,561.3,561.3,540.1,545.5,616139
1745884800,547.0,579.0,547.0,570.1,1450691
1745971200,574.9,599.0,574.9,585.89,865121
1746316800,590.0,600.0,579.2,582.6,1024928
1746403200,576.0,592.6,572.0,583.63,837159
1746489600,584.0,617.0,584.0,614.2,1532482
1746576000,602.0,634.0,602.0,630.16,945954
1746662400,622.0,637.9,617.6,620.88,1043743
1746921600,625.0,627.0,602.0,613.11,865520
1747094400,625.0,625.0,595.0,599.08,778264
1747180800,592.0,607.0,570.0,571.16,596164
1747267200,582.5,604.9,563.1,576.97,464712
1747526400,588.0,588.0,550.0,555.94,399126
1747612800,559.9,569.9,555.5,563.38,281420
1747699200,557.3,588.8,550.0,581.19,533461
1747785600,592.8,604.0,575.0,578.08,558440
1747872000,583.0,583.0,557.0,560.59,249043
1748131200,561.0,565.0,546.0,555.08,215005
1748217600,566.1,571.0,553.0,557.08,272267
1748304000,555.1,575.0,555.0,564.64,467389
1748390400,566.0,583.8,564.0,568.66,329617
1748822400,579.9,591.0,560.0,563.1,245428
1748908800,552.0,570.0,551.0,554.14,301536
1748995200,564.9,564.9,551.1,552.2,157030
1749081600,563.2,568.4,550.1,564.89,306279
1749340800,553.7,590.6,553.7,585.26,752551
1749427200,588.0,594.0,579.1,588.56,428625
1749513600,599.0,609.0,588.0,591.78,746018
1749600000,593.0,618.0,590.0,614.99,978512
1749686400,624.0,648.0,624.0,635.84,1180505
1749945600,635.0,675.0,635.0,670.62,1343025
1750032000,675.0,684.9,643.0,644.49,1435902
1750118400,631.7,660.0,631.7,654.27,1161879
1750204800,665.0,670.0,644.9,648.16,1091837
1750291200,660.0,660.0,627.0,629.41,661847
1750550400,616.9,634.0,600.0,601.94,757968
1750636800,604.0,618.0,596.0,612.13,466879
1750723200,620.0,625.4,601.8,602.62,292843
1750809600,603.0,616.0,599.1,612.65,332456
1750896000,600.4,619.0,600.4,606.45,375459
1751155200,595.0,613.9,595.0,600.96,295930
1751241600,589.0,613.9,589.0,604.84,516956
1751328000,616.9,616.9,603.0,610.77,260026
1751414400,615.0,619.0,604.5,605.17,388306
1751500800,596.0,612.0,596.0,598.17,330461
1751760000,604.9,604.9,587.0,588.21,290802
1751846400,580.5,591.0,580.1,581.95,228772
1751932800,593.5,605.0,575.0,595.6,247947
1752019200,601.5,608.0,598.0,600.35,230739
1752105600,604.0,604.0,589.9,593.14,326295
1752364800,602.0,605.0,583.0,585.49,260273
1752451200,583.1,597.0,582.0,587.13,235022
1752537600,587.3,611.0,587.3,609.0,330871
1752624000,610.0,630.5,607.0,626.91,645601
1752710400,628.0,648.1,628.0,643.84,665475
1752969600,645.0,649.0,624.0,626.01,759031
1753056000,621.0,635.0,616.3,625.46,513221
1753142400,630.0,640.0,623.1,625.37,524859
1753228800,633.0,637.8,620.1,631.42,597088
1753315200,631.5,655.0,628.0,648.42,654851
1753574400,635.5,664.9,630.0,636.22,1167756
1753660800,637.0,642.0,626.0,631.82,511120
1753747200,638.0,642.0,626.0,627.5,302137
1753833600,640.0,640.0,612.2,614.8,371632
1753920000,615.0,621.0,605.0,605.76,310695
1754179200,607.1,612.0,595.1,597.33,279849
1754265600,609.2,609.2,593.0,599.29,244278
1754352000,606.0,606.0,590.0,591.27,180605
1754438400,603.0,603.0,586.0,589.81,133681
1754524800,586.1,599.8,586.1,590.02,132510
1754870400,592.0,596.1,578.3,579.62,192844
1754956800,591.2,591.2,569.7,571.19,176115
1755043200,582.6,582.6,566.0,566.54,170179
1755129600,566.6,571.8,562.0,567.92,144565
1755388800,570.0,572.5,561.4,562.67,98317
1755475200,563.1,566.9,560.6,563.07,75738
1755561600,564.0,572.0,564.0,565.01,68938
1755648000,565.0,567.8,560.0,560.14,135786
1755734400,562.0,563.9,555.1,557.48,88507
1755993600,562.0,562.0,552.0,553.44,73643
1756080000,555.6,562.0,547.7,559.17,89973
1756166400,563.8,563.8,556.8,559.08,40403
1756252800,570.2,581.0,558.8,576.3,173913
1756339200,587.8,587.8,560.0,562.37,149728
1756598400,562.0,564.0,553.0,555.89,65341
1756684800,552.1,567.0,549.0,557.53,108975
1756771200,559.0,562.0,552.0,554.16,89534
1756857600,554.0,557.0,547.0,548.16,85357
1756944000,548.16,553.0,542.0,546.68,82141
1757203200,551.0,551.0,540.0,541.1,76664
1757289600,551.9,551.9,533.0,537.84,119782
1758153600,527.1,527.5,491.0,500.0,21887
1758412800,491.1,538.0,491.0,534.13,146454
1758585600,540.0,551.0,534.0,546.0,78936
1758672000,549.9,549.9,527.0,528.9,56683
1758758400,532.5,537.0,527.5,532.5,29869
1759017600,543.1,543.1,532.3,535.9,37371
1759795200,525.2,525.2,505.0,516.9,174167
1759881600,517.0,517.0,495.6,500.0,161809
1759968000,510.0,530.0,500.0,500.0,129522
1760227200,495.0,497.0,482.0,483.5,80614
1760313600,476.0,505.0,476.0,500.0,106603
1760400000,505.0,515.0,492.0,493.0,135337
1760486400,485.2,497.9,485.2,490.0,38575
1760572800,497.0,508.0,485.0,487.0,66152
1760832000,484.1,495.0,484.1,490.2,31615
1761436800,483.2,489.9,475.0,487.1,40110
1761609600,490.0,512.0,489.0,510.0,129697
1761696000,515.0,520.0,493.0,504.0,75790
1761782400,499.0,525.0,498.0,523.0,131443
1762041600,524.5,536.0,520.0,525.0,146451
1762128000,526.3,531.9,518.5,520.8,84866
1762214400,531.2,531.2,511.1,512.0,57298
1762300800,511.0,517.0,504.0,512.0,49389
1762387200,515.0,517.0,504.7,504.7,60778
1762646400,504.1,504.1,495.1,497.1,59964
1762732800,501.0,501.0,493.0,495.2,31992
1762819200,499.0,505.0,496.2,503.6,38809
1762905600,506.9,506.9,495.0,498.9,75102
1762992000,502.0,502.0,495.0,495.1,46162
1763251200,500.0,500.0,490.3,492.0,62122
1763337600,498.5,499.0,493.0,496.9,24794
1763424000,500.0,508.7,497.0,502.0,100624
1763510400,512.0,512.0,498.0,504.9,60567
1763596800,500.0,503.0,498.0,500.9,47849
1763856000,509.0,516.0,504.0,514.0,101118
1763942400,514.0,527.0,514.0,521.3,147305
1764028800,510.9,527.0,510.9,523.0,103224
1764115200,513.0,531.0,513.0,529.0,133659
1764201600,518.5,536.0,518.5,533.0,109833
1764460800,522.4,548.2,522.4,533.6,298689
1764547200,523.0,544.0,523.0,538.5,135456
1764633600,527.8,545.0,527.8,541.9,86611
1764720000,544.8,545.0,530.0,530.0,137163
1765065600,530.1,538.8,527.5,528.0,119850
1765152000,527.0,536.9,527.0,529.2,98862
1765238400,532.0,533.9,527.0,528.4,62018
1765324800,530.0,530.5,523.1,523.2,56019
1765411200,522.1,532.0,521.3,527.0,68486
1765670400,527.0,529.4,520.3,521.0,74106
1765756800,520.1,527.8,520.1,526.0,76271
1765843200,530.0,530.4,525.3,529.6,47846
1765929600,530.1,536.0,530.1,532.0,37360
1766016000,530.1,532.0,527.0,527.0,47201
1766275200,522.4,529.9,521.5,523.9,49148
1766361600,521.7,525.0,517.2,518.8,51670
1766448000,520.0,520.0,513.0,518.0,30358
1766534400,520.0,520.0,514.5,515.0,65973
1766880000,521.1,534.2,520.0,531.1,75943
1766966400,527.0,535.0,526.1,528.9,83759
1767139200,533.8,537.0,530.0,530.0,59726
1767225600,535.0,536.0,525.0,525.0,38453
1767484800,525.0,529.3,523.0,523.0,29012
1767571200,531.0,531.0,522.0,526.0,71987
1767657600,516.0,537.0,516.0,532.0,76816
1767744000,535.0,535.0,528.0,529.0,59078
1767830400,525.0,530.0,525.0,529.8,37212
1768176000,530.0,532.5,525.1,526.7,53250
1768262400,531.9,555.0,523.1,552.0,207894
1768348800,554.9,562.3,549.0,551.5,236554
1768694400,549.0,561.5,549.0,555.0,167503
1768867200,544.0,565.0,544.0,559.0,202907
1768953600,548.0,563.0,548.0,551.0,110196
1769040000,551.0,554.0,543.0,553.9,107617
1769299200,556.0,560.0,550.0,557.6,187413
1769385600,560.0,564.1,548.0,558.0,253479
1769472000,560.0,564.0,547.0,552.0,249853
1769558400,555.0,555.0,543.0,546.0,74068
1769644800,544.0,561.0,544.0,547.6,164969
1769904000,547.6,547.6,537.0,538.1,85860
1769990400,528.1,545.0,528.1,535.0,47330
1770076800,537.0,541.8,533.0,535.2,119885
1770163200,524.5,545.0,524.5,534.9,89594
1770249600,539.8,544.9,531.0,541.6,81202
1770508800,542.3,548.0,535.0,535.5,89818
1770595200,546.2,546.2,528.0,530.0,110179
1770681600,531.9,531.9,522.0,522.8,73839
