date,open,high,low,close,volume
1325462400,41.23,41.05,40.78,40.87,140
1325548800,40.87,41.05,41.05,41.05,40
1325635200,41.05,41.23,41.23,41.23,20
1325721600,41.23,41.31,40.96,40.96,3580
1325980800,40.96,41.23,41.05,41.05,310
1326067200,41.05,40.96,40.96,40.96,100
1326153600,40.96,41.31,41.14,41.31,40
1326240000,41.31,41.14,41.14,41.14,40
1326758400,41.14,41.27,40.43,41.27,190
1327795200,41.27,41.09,40.21,41.09,210
1328140800,41.09,41.8,41.27,41.8,70
1328745600,41.8,41.58,41.36,41.36,2220
1329782400,41.36,41.18,40.3,40.83,4180
1329955200,40.83,41.14,40.3,41.14,4210
1330214400,41.14,41.31,40.25,40.96,4190
1330300800,40.96,40.78,40.78,40.78,4000
1330387200,40.78,40.61,40.61,40.61,4000
1330473600,40.61,41.18,40.07,41.18,4310
1330560000,41.18,41.31,40.83,41.31,3040
1330819200,41.31,41.14,40.74,41.09,3100
1331424000,41.09,41.09,41.09,41.09,50
1332115200,41.09,40.92,40.74,40.74,20
1332201600,40.74,41.27,40.92,41.27,30
1332979200,41.27,41.45,41.45,41.45,10
1333324800,41.45,41.27,40.56,41.09,510
1334016000,41.09,41.45,41.27,41.45,30
1334707200,41.45,41.84,41.62,41.62,30
1334793600,41.62,41.84,40.52,40.52,80
1335052800,40.52,41.4,40.34,41.4,560
1335225600,41.4,41.58,41.58,41.58,10
1335398400,41.58,41.84,41.62,41.84,110
1335744000,41.84,41.84,41.62,41.84,60
1336521600,41.84,42.29,41.84,42.29,120
1336608000,42.29,42.07,42.07,42.07,30
1336867200,42.07,41.84,41.84,41.84,100
1337040000,41.84,41.62,41.62,41.62,30
1337472000,41.62,41.84,41.71,41.71,460
1337644800,41.71,41.49,40.92,41.27,550
1337817600,41.27,41.62,41.23,41.23,220
1338076800,41.23,41.4,41.4,41.4,10
1338249600,41.4,41.58,41.58,41.58,10
1338336000,41.58,41.98,41.8,41.98,20
1338768000,41.98,41.76,41.14,41.14,450
1338854400,41.14,41.93,40.96,41.93,2130
1338940800,41.93,41.71,41.49,41.49,60
1339027200,41.49,41.62,40.92,41.62,1570
1339286400,41.62,41.58,41.23,41.58,480
1339372800,41.58,41.53,41.36,41.53,410
1339459200,41.53,41.31,41.31,41.31,100
1339545600,41.31,41.49,41.27,41.45,260
1339632000,41.45,41.4,41.09,41.09,590
1339891200,41.09,40.92,40.92,40.92,10
1339977600,40.92,41.62,40.74,41.62,830
1340064000,41.62,41.4,41.05,41.05,300
1340150400,41.05,41.23,41.23,41.23,10
1340236800,41.23,41.4,41.05,41.4,310
1340582400,41.4,41.8,41.58,41.8,20
1340668800,41.8,41.58,41.58,41.58,50
1340755200,41.58,41.8,41.8,41.8,10
1340841600,41.8,41.76,41.36,41.76,120
1341100800,41.76,41.53,41.53,41.53,30
1341187200,41.53,41.31,41.0,41.0,700
1341273600,41.0,41.18,41.0,41.0,90
1341360000,41.0,41.18,40.83,41.18,230
1341446400,41.18,41.36,41.36,41.36,20
1341705600,41.36,41.98,41.53,41.98,200
1341792000,41.98,42.64,42.15,42.42,250
1341878400,42.42,43.3,42.64,43.3,1090
1341964800,43.3,43.22,43.22,43.22,50
1342051200,43.22,42.99,42.99,42.99,500
1342483200,42.99,43.04,42.99,43.04,110
1342656000,43.04,42.82,42.82,42.82,20
1343001600,42.82,43.04,43.04,43.04,10
1344384000,43.04,42.82,42.38,42.38,2680
1345075200,42.38,42.15,41.18,41.18,1670
1345334400,41.18,41.18,41.0,41.18,80
1345507200,41.18,41.71,41.0,41.71,370
1345593600,41.71,41.62,40.96,41.62,520
1345939200,41.62,42.73,41.4,42.73,3720
1346025600,42.73,43.48,42.95,43.26,2370
1346112000,43.26,43.57,43.08,43.35,1400
1346198400,43.35,44.06,43.57,44.01,930
1346284800,44.01,44.76,44.23,44.76,5460
1346544000,44.76,45.21,44.68,44.68,240
1346630400,44.68,44.81,44.41,44.68,620
1346716800,44.68,44.94,44.68,44.94,220
1346803200,44.94,44.68,44.68,44.68,100
1346889600,44.68,44.41,43.88,44.01,940
1347148800,44.01,44.32,44.06,44.32,1170
1347235200,44.32,44.76,44.54,44.76,500
1347321600,44.76,45.3,44.76,45.3,1100
1347408000,45.3,46.53,45.52,46.18,1540
1347494400,46.18,45.91,45.91,45.91,1000
1347753600,45.91,46.8,46.22,46.8,990
1347840000,46.8,47.11,47.11,47.11,80
1347926400,47.11,47.42,46.8,46.8,230
1348099200,46.8,46.49,45.87,45.87,90
1348444800,45.87,46.14,46.14,46.14,10
1348531200,46.14,45.83,45.12,45.3,1510
1348617600,45.3,45.47,45.03,45.47,570
1348704000,45.47,45.74,45.74,45.74,200
1348963200,45.74,46.93,45.91,46.62,2490
1349136000,46.62,46.89,46.58,46.58,30
1349222400,46.58,46.27,45.69,45.69,110
1349308800,45.69,46.22,45.91,46.22,100
1349568000,46.22,47.02,46.53,47.02,740
1349654400,47.02,47.02,46.71,46.71,850
1349740800,46.71,46.45,46.4,46.4,1020
1349827200,46.4,46.71,46.09,46.09,70
1349913600,46.09,46.4,45.91,46.09,2300
1350172800,46.09,46.0,45.91,45.91,350
1350259200,45.91,45.91,45.83,45.83,300
1350432000,45.83,46.0,46.0,46.0,90
1350518400,46.0,47.29,46.31,47.29,200
1351728000,47.29,47.15,46.98,47.15,860
1351987200,47.15,47.29,47.11,47.29,2750
1352073600,47.29,46.98,46.71,46.71,40
1352246400,46.71,47.02,47.02,47.02,900
1352332800,47.02,48.13,47.29,48.13,1910
1352592000,48.13,48.44,48.44,48.44,10
1352678400,48.44,48.35,48.08,48.35,380
1353196800,48.35,47.99,47.99,47.99,20
1353369600,47.99,48.39,48.3,48.39,30
1353456000,48.39,48.04,47.73,47.73,1580
1353542400,47.73,47.42,47.42,47.42,240
1353801600,47.42,47.42,47.42,47.42,70
1353888000,47.42,47.24,47.24,47.24,4500
1353974400,47.24,47.51,46.89,46.89,2090
1354060800,46.89,47.86,47.2,47.86,190
1354147200,47.86,47.55,47.55,47.55,120
1354492800,47.55,47.24,47.24,47.24,100
1354752000,47.24,46.98,46.98,46.98,10
1355356800,46.98,47.6,47.29,47.29,150
1355616000,47.29,47.91,47.29,47.91,60
1355702400,47.91,48.26,47.86,48.26,12100
1355788800,48.26,48.13,48.13,48.13,70
1356220800,48.13,48.48,48.48,48.48,10
1356307200,48.48,48.48,48.13,48.13,2220
1356480000,48.13,48.83,48.35,48.83,270
1356566400,48.83,48.52,48.52,48.52,100
1356998400,48.52,48.92,48.52,48.57,2290
1357084800,48.57,48.22,47.86,47.86,11710
1357171200,47.86,47.55,47.55,47.55,20
1357516800,47.55,49.19,47.86,49.19,190
1357603200,49.19,49.54,49.54,49.54,30
1357689600,49.54,49.9,49.85,49.9,60
1357776000,49.9,50.43,50.12,50.43,270
1358208000,50.43,50.69,50.29,50.29,310
1358294400,50.29,50.47,50.12,50.47,320
1358380800,50.47,50.83,50.56,50.83,40
1358640000,50.83,50.43,50.43,50.43,170
1358726400,50.43,50.34,50.34,50.34,170
1358899200,50.34,50.34,49.94,49.94,1130
1358985600,49.94,50.29,49.67,50.29,580
1359244800,50.29,50.34,50.34,50.34,30
1359331200,50.34,50.34,50.34,50.34,20
1359504000,50.34,50.74,50.74,50.74,20
1359936000,50.74,50.96,50.96,50.96,30
1360108800,50.96,52.15,51.36,52.15,40
1360195200,52.15,52.73,52.29,52.29,250
1360454400,52.29,52.64,52.11,52.64,90
1360713600,52.64,52.64,52.2,52.64,120
1360800000,52.64,53.08,53.08,53.08,20
1361059200,53.08,53.35,53.35,53.35,100
1361232000,53.35,54.67,53.79,54.67,50
1361318400,54.67,55.12,55.12,55.12,10
1361404800,55.12,55.43,55.43,55.43,10
1361664000,55.43,54.94,53.57,53.57,450
1361750400,53.57,54.9,54.01,54.41,250
1361836800,54.41,54.41,53.97,54.41,220
1361923200,54.41,54.36,53.92,53.92,360
1362009600,53.92,53.48,53.21,53.21,70
1362268800,53.21,53.35,52.11,52.9,1670
1362528000,52.9,52.55,52.55,52.55,50
1362614400,52.55,52.55,52.11,52.55,2070
1362960000,52.55,52.33,52.33,52.33,90
1363132800,52.33,52.33,51.67,51.67,960
1363564800,51.67,51.36,51.31,51.36,520
1363651200,51.36,51.75,51.75,51.75,20
1363737600,51.75,51.44,51.44,51.44,300
1364169600,51.44,51.22,51.22,51.22,60
1364342400,51.22,51.44,51.0,51.0,560
1364428800,51.0,50.78,50.07,50.07,1280
1364774400,50.07,50.07,50.07,50.07,100
1364860800,50.07,50.38,50.07,50.38,450
1364947200,50.38,49.98,49.98,49.98,110
1365033600,49.98,50.34,49.98,50.34,300
1365292800,50.34,50.56,50.16,50.16,90
1365379200,50.16,50.43,50.16,50.43,230
1365465600,50.43,50.43,50.43,50.43,50
1365638400,50.43,50.78,50.78,50.78,100
1366243200,50.78,50.38,50.38,50.38,500
1366502400,50.38,50.16,49.76,49.76,600
1366588800,49.76,49.41,49.41,49.41,10
1366675200,49.41,49.76,49.76,49.76,500
1367193600,49.76,49.45,49.41,49.41,1000
1367280000,49.41,50.34,49.76,50.34,380
1367798400,50.34,50.12,49.94,49.94,400
1367971200,49.94,49.59,49.59,49.59,100
1368316800,49.59,49.94,49.9,49.9,2100
1368403200,49.9,50.21,49.85,50.21,460
1368489600,50.21,50.56,50.12,50.12,2010
1368576000,50.12,50.34,50.34,50.34,100
1368662400,50.34,50.74,50.34,50.34,2010
1368921600,50.34,51.98,50.38,51.98,1210
1369008000,51.98,51.62,51.22,51.22,2470
1369094400,51.22,51.44,51.22,51.22,130
1369180800,51.22,50.83,50.83,50.83,200
1369267200,50.83,51.67,50.6,51.67,190
1369526400,51.67,52.46,52.06,52.46,30
1369612800,52.46,54.63,52.86,54.63,4250
1369699200,54.63,57.02,55.07,57.02,10150
1369872000,57.02,59.36,56.71,56.71,7420
1370131200,56.71,56.49,54.32,54.32,3140
1370217600,54.32,55.65,52.77,52.99,4240
1370304000,52.99,53.44,53.44,53.44,940
1371081600,54.21,54.34,53.41,54.21,170
1371513600,54.21,53.78,52.48,52.48,210
1371945600,52.48,54.21,52.48,54.21,240
1372032000,54.21,54.65,54.65,54.65,10
1372723200,54.65,55.08,55.08,55.08,10
1372809600,55.08,55.08,53.78,53.78,590
1373241600,53.78,53.78,53.78,53.78,200
1373414400,53.78,54.21,54.21,54.21,500
1373500800,54.21,54.28,54.28,54.28,1000
1373846400,54.28,55.58,54.71,55.58,30
1373932800,55.58,56.07,56.07,56.07,10
1374019200,56.07,55.58,55.08,55.08,200
1374364800,55.08,55.2,55.2,55.2,360
1374537600,55.2,57.68,55.51,57.68,3080
1374624000,57.68,59.79,58.18,59.23,380
1374710400,59.23,58.74,58.12,58.12,260
1374969600,58.12,60.47,58.61,60.47,2660
1375056000,60.47,61.03,60.47,60.78,2030
1375142400,60.78,61.34,60.22,60.78,4120
1375228800,60.78,61.34,61.34,61.34,20
1375315200,61.34,61.34,60.16,60.47,2426
1375574400,60.47,60.9,60.47,60.9,68
1375660800,60.9,60.35,59.66,59.85,920
1375747200,59.85,61.52,59.85,60.72,1750
1375833600,60.72,60.78,60.28,60.28,1550
1375920000,60.28,60.47,60.04,60.16,330
1376179200,60.16,60.16,60.16,60.16,40
1376265600,60.16,59.85,59.66,59.66,120
1376352000,59.66,61.34,60.22,60.78,1484
1376438400,60.78,61.34,60.78,60.78,180
1376524800,60.78,62.02,60.78,61.4,1582
1376784000,61.4,63.13,61.89,62.7,13836
1376870400,62.7,62.33,61.4,61.89,4894
1376956800,61.89,62.02,61.4,61.77,12662
1377388800,61.77,63.19,62.02,63.13,3852
1377475200,63.13,63.13,61.96,61.96,1424
1377561600,61.96,62.08,61.96,62.02,1528
1377734400,62.02,62.64,61.52,62.14,2220
1377993600,62.14,62.64,62.02,62.02,3622
1378080000,62.02,62.64,62.02,62.64,912
1378166400,62.64,63.88,62.2,62.33,2290
1378252800,62.33,62.7,62.08,62.08,58
1378339200,62.08,61.89,61.46,61.46,460
1378598400,61.46,62.08,62.08,62.08,42
1378684800,62.08,62.02,61.46,61.46,104
1378771200,61.46,60.84,60.35,60.47,478
1378857600,60.47,61.34,59.91,61.34,694
1378944000,61.34,61.4,61.4,61.4,120
1379203200,61.4,61.71,61.09,61.71,1080
1379289600,61.71,61.4,61.4,61.4,330
1379376000,61.4,61.96,61.4,61.96,1296
1379548800,61.96,63.26,61.96,62.95,4464
1379808000,62.95,62.95,62.33,62.33,714
1379894400,62.33,61.83,61.4,61.4,800
1379980800,61.4,61.4,61.4,61.4,400
1380067200,61.4,62.02,62.02,62.02,300
1380153600,62.02,62.64,62.02,62.02,22
1380412800,62.02,62.02,62.02,62.02,500
1380499200,62.02,61.71,61.71,61.71,200
1380672000,61.71,61.09,61.09,61.09,40
1380758400,61.09,61.09,61.09,61.09,80
1381190400,61.09,62.64,61.4,62.14,18268
1381276800,62.14,62.33,62.33,62.33,162
1381363200,62.33,62.64,62.08,62.08,782
1382227200,62.08,62.33,62.14,62.14,640
1382313600,62.14,62.95,62.33,62.95,1300
1382400000,62.95,62.51,60.22,60.22,324
1382486400,60.22,61.4,60.78,61.4,518
1382572800,61.4,62.33,62.02,62.33,1550
1382832000,62.33,61.71,61.71,61.71,500
1382918400,61.71,63.26,61.4,63.26,192
1383004800,63.26,64.19,62.95,62.95,238
1383177600,62.95,62.51,62.33,62.51,200
1383696000,62.51,63.01,62.64,63.01,1890
1383782400,63.01,64.81,63.01,63.38,2004
1384041600,63.38,64.5,63.88,63.88,220
1384128000,63.88,64.5,63.26,63.88,810
1384214400,63.88,65.18,64.5,64.5,232
1384300800,64.5,65.11,64.12,64.12,670
1384387200,64.12,64.74,63.26,63.26,882
1384992000,63.26,65.18,63.88,65.18,30
1385251200,65.18,66.97,65.86,66.04,1780
1385337600,66.04,66.04,65.36,65.36,380
1385424000,65.36,68.83,65.73,67.1,6190
1385510400,67.1,68.52,66.97,67.34,984
1385596800,67.34,68.46,67.41,68.46,1778
1385856000,68.46,70.75,69.2,70.07,3320
1385942400,70.07,74.34,70.19,74.03,12306
1386028800,74.03,78.37,74.47,78.37,1994
1386115200,78.37,83.14,79.3,82.77,6904
1386201600,82.77,86.17,83.76,84.32,1368
1386460800,84.32,85.37,82.21,82.33,3336
1386547200,82.33,81.34,78.68,78.68,1752
1386633600,78.68,78.62,76.02,76.02,1020
1386720000,76.02,76.88,73.85,73.85,2198
1386806400,73.85,77.5,72.98,77.5,6626
1387065600,77.5,80.29,77.5,80.29,1544
1387152000,80.29,81.59,79.98,81.59,1730
1387324800,81.59,82.58,81.59,82.58,250
1387411200,82.58,83.08,81.59,82.15,3130
1387670400,82.15,83.14,82.77,82.77,1170
1387756800,82.77,82.77,81.47,82.58,3454
1387843200,82.58,82.09,81.84,81.96,1050
1388016000,81.96,83.08,82.95,83.08,800
1388275200,83.08,83.08,82.09,83.08,1936
1388448000,83.08,82.09,81.22,81.22,420
1388534400,81.22,82.21,78.43,78.43,2180
1388620800,78.43,80.29,77.81,80.29,4708
1388880000,80.29,79.98,79.3,79.3,200
1388966400,79.3,79.3,77.5,78.43,598
1389052800,78.43,78.12,78.12,78.12,500
1389139200,78.12,79.67,78.49,79.36,1960
1389225600,79.36,79.98,78.8,78.8,992
1389484800,78.8,80.6,78.43,80.6,2034
1389571200,80.6,85.62,81.59,85.55,2622
1389657600,85.55,91.07,86.61,91.07,1498
1389830400,91.07,95.03,91.44,94.53,3546
1390089600,94.53,96.33,93.92,94.66,3186
1390176000,94.66,93.92,92.37,93.3,1544
1390262400,93.3,93.61,92.49,92.99,3102
1390348800,92.99,92.99,92.37,92.37,484
1390435200,92.37,92.43,92.37,92.37,116
1390694400,92.37,91.75,90.82,91.13,376
1390780800,91.13,91.75,89.89,89.89,530
1390867200,89.89,93.17,90.82,93.17,168
1390953600,93.17,95.65,90.94,90.94,2992
1391299200,90.94,91.44,89.89,89.89,2442
1391385600,89.89,92.37,89.89,92.37,1858
1391472000,92.37,94.84,92.68,92.99,2680
1391558400,92.99,94.84,92.37,92.37,1622
1391644800,92.37,92.37,91.13,92.37,1150
1391904000,92.37,92.37,92.37,92.37,200
1391990400,92.37,96.08,92.37,95.77,2476
1392076800,95.77,94.47,92.68,92.68,1580
1392163200,92.68,92.99,92.37,92.99,332
1392249600,92.99,94.22,94.22,94.22,928
1392508800,94.22,99.3,94.53,98.56,4156
1392595200,98.56,101.29,99.92,100.11,4670
1392681600,100.11,102.83,100.98,101.35,4004
1392854400,101.35,106.24,102.71,104.75,2984
1393113600,104.75,107.23,104.75,105.13,4034
1393200000,105.13,105.37,104.75,104.75,222
1393286400,104.75,104.75,103.52,104.13,380
1393372800,104.13,105.06,103.52,103.83,1422
1393804800,103.83,104.13,103.52,103.52,300
1393891200,103.52,102.09,101.97,101.97,214
1393977600,101.97,103.21,102.28,102.34,554
1394064000,102.34,103.21,101.97,101.97,314
1394323200,101.97,100.54,97.32,100.42,3006
1394409600,100.42,99.18,96.64,98.62,2588
1394496000,98.62,100.42,98.56,100.42,1690
1394582400,100.42,100.73,99.92,100.42,4700
1394668800,100.42,100.79,97.63,99.8,9180
1395014400,99.8,99.8,98.56,98.56,428
1395100800,98.56,97.94,97.01,97.01,928
1395187200,97.01,98.44,94.84,98.44,4990
1395273600,98.44,101.66,99.74,101.66,998
1395532800,101.66,101.72,101.66,101.66,670
1395619200,101.66,102.34,101.97,102.28,1292
1395705600,102.28,108.1,102.96,103.52,8788
1395792000,103.52,104.26,103.52,103.64,2908
1395878400,103.64,105.68,101.22,101.66,9724
1396224000,101.66,104.94,101.66,104.26,8762
1396310400,104.26,105.68,104.13,105.37,10878
1396742400,139.75,106.86,106.86,106.86,56
1397088000,106.86,111.6,108.44,111.6,38
1397347200,111.6,118.38,113.27,114.66,1258
1397606400,114.66,114.66,114.66,114.66,154
1397952000,116.34,116.52,116.52,116.52,100
1398124800,116.52,117.92,117.92,117.92,188
1398211200,117.92,119.4,116.52,116.52,500
1398643200,116.52,115.59,115.59,115.59,100
1398729600,115.59,114.66,113.27,113.27,200
1398816000,113.27,112.34,111.6,111.6,300
1399161600,111.6,110.48,109.93,110.39,2090
1399248000,110.39,111.97,109.09,110.02,2796
1399334400,110.02,108.44,105.28,106.77,1232
1399420800,106.77,110.48,105.19,110.48,730
1399766400,110.48,112.34,110.48,110.48,390
1399852800,110.48,111.88,110.95,110.95,830
1399939200,110.95,112.62,109.28,109.28,8640
1400112000,109.28,110.95,110.85,110.95,300
1400371200,110.95,110.95,110.95,110.95,72
1400457600,110.95,111.88,109.74,109.74,400
1400544000,109.74,111.88,110.95,110.95,530
1400630400,110.95,110.48,109.55,110.02,972
1400716800,110.02,110.85,109.28,110.02,1700
1400976000,110.02,114.94,110.95,114.94,1382
1401062400,114.94,113.27,113.27,113.27,42
1401148800,113.27,115.59,114.2,114.2,1074
1401235200,114.2,116.99,115.59,116.52,1642
1401580800,116.52,125.44,118.29,119.31,2142
1401667200,119.31,122.93,118.47,119.31,7042
1401753600,119.31,121.07,117.64,117.64,1706
1401840000,117.64,118.38,116.61,117.92,624
1401926400,117.92,116.15,112.81,114.48,4396
1402272000,131.91,126.0,120.98,126.0,1200
1402358400,126.0,125.89,125.89,125.89,28
1402444800,125.89,126.22,124.33,126.22,150
1402531200,126.22,124.33,122.43,122.43,504
1402790400,122.43,120.54,117.3,117.3,200
1402876800,117.3,119.09,117.64,119.09,304
1402963200,119.09,119.09,119.09,119.09,78
1403049600,119.09,121.65,119.2,121.65,2514
1403136000,121.65,122.32,120.98,121.54,3040
1403481600,121.54,122.77,120.98,122.65,2926
1403568000,122.65,123.21,122.1,122.65,1584
1403654400,122.65,122.1,122.1,122.1,28
1403740800,122.1,123.66,123.66,123.66,388
1404000000,123.66,123.32,121.32,123.32,1636
1404086400,123.32,123.77,123.21,123.77,500
1404172800,123.77,127.34,121.87,127.34,8152
1404259200,127.34,131.24,129.23,130.9,1076
1404345600,130.9,129.34,128.9,128.9,430
1404604800,128.9,130.46,129.34,130.46,742
1404691200,130.46,135.7,131.57,135.7,860
1404777600,135.7,138.26,137.7,137.7,898
1404864000,137.7,135.59,134.36,134.36,350
1405209600,134.36,134.25,134.25,134.25,200
1405296000,134.25,132.13,132.13,132.13,832
1405382400,132.13,132.13,132.13,132.13,358
1405468800,132.13,132.13,130.12,132.13,1810
1405555200,132.13,133.8,132.13,132.13,210
1405814400,132.13,133.8,132.13,133.8,1822
1406073600,133.8,133.8,133.8,133.8,28
1406160000,133.8,132.13,131.68,131.68,555
1406678400,131.68,131.02,131.02,131.02,300
1406764800,131.02,129.34,125.66,128.23,670
1407024000,128.23,127.67,127.67,127.67,100
1407110400,127.67,128.79,123.88,125.78,506
1407196800,125.78,123.88,123.88,123.88,370
1407283200,123.88,122.32,122.1,122.21,466
1407369600,122.21,122.1,120.2,120.2,1040
1407888000,120.2,120.98,118.53,120.98,302
1407974400,120.98,123.32,121.54,123.32,450
1408320000,123.32,123.21,122.65,122.65,4431
1408406400,122.65,124.55,122.65,123.21,412
1408492800,123.21,122.1,119.98,119.98,2512
1408579200,119.98,118.19,118.08,118.08,250
1408838400,118.08,116.52,109.05,109.05,846
1408924800,109.05,107.6,103.37,103.37,1441
1409011200,103.37,107.83,103.37,107.83,530
1409097600,107.83,115.85,109.39,115.85,2386
1409184000,115.85,120.98,115.41,115.41,6557
1409443200,115.41,118.19,115.3,116.41,3587
1409529600,116.41,114.85,113.07,114.29,1139
1409702400,114.29,114.29,113.18,113.18,555
1409788800,113.18,113.18,108.94,108.94,497
1410048000,108.94,107.6,104.48,105.37,459
1410220800,105.37,109.72,106.49,109.72,640
1410307200,109.72,111.28,109.72,109.72,375
1410739200,108.16,107.6,107.6,107.6,200
1410912000,107.6,109.94,107.6,107.6,1311
1411257600,107.6,106.04,102.59,102.59,552
1411344000,102.59,101.14,98.57,99.24,893
1411430400,99.24,106.38,100.58,106.38,944
1411516800,106.38,105.93,105.93,105.93,500
1411862400,105.93,108.72,107.49,108.72,709
1411948800,108.72,112.06,109.94,112.06,1910
1412035200,112.06,115.41,112.62,114.85,2855
1412726400,114.85,116.52,111.95,111.95,2096
1412812800,111.95,113.73,110.95,113.73,3155
1413072000,113.73,115.63,114.29,115.3,1062
1413158400,115.3,115.41,114.74,115.41,997
1413244800,115.41,115.41,113.73,115.41,441
1413331200,115.41,117.64,114.29,117.53,3169
1413417600,117.53,118.64,116.75,116.86,1754
1413676800,116.86,117.64,116.52,117.64,429
1413763200,117.64,116.97,116.52,116.52,1876
1413849600,116.52,118.31,115.74,118.31,4012
1413936000,118.31,121.43,119.31,120.98,845
1414281600,120.98,124.21,122.77,124.21,700
1414368000,124.21,124.88,122.32,123.21,5013
1414454400,123.21,122.65,121.65,121.65,1246
1414627200,121.65,121.54,120.54,120.54,1789
1414886400,120.54,120.54,118.08,119.2,1807
1414972800,119.2,117.41,116.3,117.08,1005
1415059200,117.08,116.75,114.85,116.75,950
1415145600,116.75,118.53,117.64,118.53,654
1415232000,118.53,119.31,118.19,119.31,602
1415491200,119.31,117.53,117.53,117.53,70
1415577600,117.53,115.85,115.85,115.85,118
1415664000,115.85,114.29,114.29,114.29,416
1415750400,114.29,114.85,114.29,114.52,344
1415836800,114.52,113.4,113.4,113.4,85
1416096000,113.4,116.75,114.96,114.96,490
1416182400,114.96,115.41,112.29,112.29,350
1416268800,112.29,115.41,112.06,113.18,891
1416355200,113.18,116.63,114.29,116.63,1688
1416441600,116.63,116.63,115.96,116.08,1375
1416700800,116.08,118.75,116.52,118.75,1169
1416787200,118.75,116.97,116.97,116.97,375
1416873600,116.97,115.96,115.18,115.96,402
1417305600,115.96,115.85,114.52,114.52,548
1417564800,114.52,114.85,109.5,110.95,1052
1417651200,110.95,109.39,109.28,109.28,492
1417996800,109.28,107.71,106.15,107.05,1820
1418083200,107.05,106.04,105.93,106.04,319
1418169600,106.04,107.6,106.04,107.38,1047
1418256000,107.38,108.72,108.72,108.72,100
1418601600,108.72,114.85,110.28,113.18,2216
1418688000,113.18,113.62,110.39,113.62,2037
1418774400,113.62,112.62,112.17,112.17,310
1418860800,112.17,116.52,110.95,116.52,999
1419120000,116.52,115.96,115.63,115.74,417
1419206400,115.74,114.29,113.96,114.29,687
1419292800,114.29,114.29,112.73,112.95,239
1419379200,112.95,114.74,111.51,114.74,1926
1419724800,114.74,118.31,115.41,117.97,1211
1419811200,117.97,116.52,116.19,116.19,882
1419984000,116.19,115.41,115.41,115.41,233
1420070400,115.41,117.41,115.96,117.41,90
1420329600,117.41,118.75,117.08,118.75,574
1420416000,118.75,117.75,116.97,117.75,970
1420502400,117.75,117.53,116.52,117.53,1402
1420588800,117.53,117.64,115.96,117.53,1858
1420675200,117.53,119.31,118.75,119.2,557
1420934400,119.2,119.87,119.87,119.87,250
1421020800,119.87,120.87,118.19,120.87,1658
1421107200,120.87,123.77,117.64,123.77,2095
1421193600,123.77,123.88,120.98,120.98,491
1421539200,120.98,120.98,120.98,120.98,34
1421625600,120.98,125.78,122.1,123.21,781
1422144000,123.21,121.54,117.86,120.98,1950
1422230400,120.98,124.55,122.65,124.55,302
1422316800,124.55,122.65,120.2,120.2,1358
1422403200,120.2,120.98,119.76,120.42,1047
1422489600,120.42,122.21,120.98,121.54,3906
1422748800,121.54,122.1,121.2,122.1,622
1422835200,122.1,121.87,120.98,121.54,1770
1422921600,121.54,122.1,121.43,121.43,863
1423008000,121.43,122.65,121.43,122.1,1876
1423094400,122.1,122.99,122.99,122.99,441
1423353600,122.99,121.09,118.53,118.53,2241
1423440000,118.53,118.75,115.41,115.41,1627
1423526400,115.41,118.42,113.73,118.42,3329
1423612800,118.42,123.77,120.2,120.76,2753
1423699200,120.76,123.21,121.54,121.87,2133
1423958400,121.87,123.77,122.1,123.21,3144
1424044800,123.21,123.77,119.53,120.42,6100
1424304000,120.42,121.65,120.42,120.98,6233
1424563200,120.98,119.11,119.11,119.11,481
1424649600,119.11,119.24,119.24,119.24,140
1424822400,119.24,117.5,117.5,117.5,160
1425168000,117.5,126.47,119.24,126.47,445
1425254400,126.47,128.47,126.6,128.47,1555
1425340800,128.47,128.47,126.6,128.47,228
1425427200,128.47,128.34,127.0,127.0,328
1425945600,127.0,130.88,128.87,130.88,342
1426032000,130.88,131.02,130.35,130.35,427
1426118400,130.35,128.34,128.34,128.34,21
1426377600,128.34,126.33,126.33,126.33,105
1426464000,126.33,124.99,124.46,124.46,87
1426550400,124.46,126.33,126.33,126.33,10
1426982400,126.33,124.46,124.46,124.46,48
1427068800,124.46,122.59,122.59,122.59,481
1427155200,122.59,122.32,120.98,122.32,703
1427241600,122.32,122.32,121.65,122.32,528
1427328000,122.32,121.92,120.31,120.31,981
1427587200,120.31,120.31,119.64,119.64,303
1427760000,119.64,120.71,120.71,120.71,1000
1427932800,120.71,121.65,118.97,119.38,510
1428192000,119.38,117.77,117.77,117.77,210
1428278400,117.77,117.77,117.77,117.77,140
1428451200,117.77,118.71,116.97,118.71,487
1428537600,118.71,120.85,117.64,120.85,996
1428796800,120.85,122.59,122.59,122.59,16
1428883200,122.59,122.99,122.99,122.99,40
1429056000,122.99,121.12,117.5,117.5,430
1429142400,117.5,117.9,117.1,117.9,619
1432512000,117.9,116.17,108.94,108.94,100
1432598400,108.94,107.34,104.39,104.39,60
1432684800,104.39,102.92,97.3,97.3,82
1432771200,97.3,95.96,92.89,93.56,442
1433030400,93.56,94.22,93.56,94.22,120
1433203200,94.22,95.56,95.56,95.56,150
1433376000,95.56,95.7,95.7,95.7,93
1433635200,95.7,97.03,97.03,97.03,10
1433980800,97.03,103.86,98.37,103.86,527
1434326400,103.86,107.87,105.33,107.87,1205
1434412800,107.87,109.34,107.6,108.81,1396
1434499200,108.81,108.0,107.74,108.0,487
1434585600,108.0,109.61,108.94,108.94,974
1434844800,108.94,109.61,109.61,109.61,500
1434931200,110.28,111.62,110.28,110.55,5540
1435017600,112.15,113.76,112.15,113.76,442
1435104000,114.69,119.24,114.69,119.24,383
1435190400,117.64,117.64,117.5,117.5,220
1435449600,118.31,120.58,118.31,120.58,818
1435536000,122.32,124.46,122.32,124.33,894
1435622400,122.45,122.45,120.31,120.31,370
1435708800,119.64,120.31,118.57,120.31,5054
1435795200,121.38,122.05,120.18,121.65,2606
1436054400,120.98,121.65,120.98,121.65,2228
1436140800,121.52,121.52,120.98,120.98,676
1436227200,121.12,121.65,121.12,121.38,820
1436313600,123.52,123.52,121.65,121.65,140
1436400000,119.78,121.65,119.78,121.65,550
1436659200,120.45,120.98,119.64,119.64,1190
1436745600,119.64,119.64,119.64,119.64,200
1436832000,119.78,119.78,119.78,119.78,440
1436918400,119.64,119.64,119.64,119.64,600
1437523200,120.98,120.98,119.11,119.64,813
1437609600,119.64,120.31,119.64,119.64,1359
1438560000,119.64,121.38,119.64,121.38,540
1438646400,121.38,121.92,119.91,120.31,1150
1438732800,120.31,121.52,120.31,121.52,1331
1438819200,121.52,124.19,122.32,124.19,158
1439251200,124.19,127.94,124.19,127.94,2144
1439337600,128.74,135.03,128.34,133.29,8737
1439424000,135.3,143.86,135.3,143.86,11990
1439683200,146.13,155.5,146.13,155.5,9730
1439769600,158.04,163.12,154.96,157.1,4729
1439856000,155.76,158.31,153.09,157.77,4519
1439942400,155.76,157.64,155.76,157.5,1118
1440028800,157.1,159.64,155.23,155.23,1087
1440288000,155.23,157.1,153.09,157.1,2273
1440374400,154.56,157.1,154.43,154.43,2152
1440460800,152.15,154.43,152.02,154.43,426
1440547200,154.43,154.43,153.76,153.76,300
1440633600,153.09,154.43,153.09,153.76,1796
1440979200,147.74,157.77,147.74,156.57,6608
1441065600,156.57,163.79,155.76,155.76,3281
1441152000,158.31,159.11,153.22,153.36,1991
1441238400,154.43,154.43,153.36,153.89,1965
1441497600,152.42,154.43,152.42,153.89,1200
1441584000,152.42,155.1,151.75,154.03,3868
1441670400,156.43,156.43,155.23,156.43,1588
1441756800,157.1,159.64,156.57,159.64,2132
1441843200,159.64,159.64,154.43,154.69,6505
1442102400,157.24,159.64,157.1,159.11,2383
1442188800,159.78,161.12,158.44,159.78,3972
1442275200,159.78,159.78,159.11,159.24,3225
1442361600,158.44,158.44,158.44,158.44,1000
1442448000,157.1,160.98,156.43,160.85,2974
1442880000,158.31,158.31,155.76,155.76,1151
1442966400,158.31,159.64,157.1,159.11,640
1443052800,159.11,159.11,156.57,156.7,2148
1443398400,154.03,156.43,154.03,156.43,942
1443484800,156.43,157.1,155.76,156.43,1944
1443571200,155.5,156.03,154.69,156.03,2662
1443657600,157.77,157.77,154.43,154.43,1980
1443916800,153.09,157.77,153.09,155.76,798
1444003200,155.1,155.1,154.43,154.56,1244
1444089600,154.43,154.43,153.09,154.03,1743
1444176000,152.42,152.82,152.42,152.82,350
1444262400,152.96,154.43,151.75,154.43,1584
1444521600,151.89,151.89,150.15,150.15,275
1444780800,150.41,150.41,145.6,145.6,101
1445212800,146.4,150.82,146.4,148.41,852
1446076800,146.0,146.0,143.72,143.72,172
1446336000,143.06,143.72,143.06,143.06,1544
1446422400,143.06,144.39,143.06,144.39,796
1446595200,143.19,143.19,142.79,143.06,350
1446681600,142.39,143.06,141.32,141.32,897
1446940800,143.46,143.46,143.46,143.46,10
1447027200,145.73,145.73,145.73,145.73,20
1447804800,143.46,146.0,143.46,145.87,836
1447891200,143.72,144.26,143.72,143.72,800
1448150400,141.99,141.99,141.99,141.99,100
1448236800,139.98,139.98,136.23,139.71,1367
1448323200,137.84,137.84,136.5,137.17,1963
1448409600,138.37,138.37,133.16,133.16,1458
1448496000,132.49,136.37,132.49,135.03,3745
1448755200,133.02,134.36,131.02,134.36,1542
1448841600,134.36,134.36,134.36,134.36,354
1448928000,134.36,139.18,136.37,139.04,2489
1449014400,137.44,142.12,136.37,139.84,1775
1449100800,141.85,141.99,141.85,141.99,510
1449187200,144.26,153.36,144.13,153.36,7892
1449446400,154.43,154.56,150.95,153.36,10675
1449532800,151.35,153.76,151.35,153.09,1179
1449619200,155.1,161.79,155.1,156.43,3872
1449705600,153.89,160.98,153.76,160.45,4455
1449964800,163.52,168.47,158.44,159.11,4693
1450051200,160.45,161.65,160.45,161.25,3587
1450137600,163.93,174.63,163.93,174.63,20795
1450224000,174.63,178.51,173.02,177.3,20996
1450310400,178.51,178.78,174.9,178.51,11736
1450569600,178.51,175.56,171.95,171.95,561
1450656000,171.95,176.64,173.16,176.64,458
1450742400,176.37,176.37,174.49,176.37,2685
1450828800,176.37,191.22,179.31,181.45,19127
1450915200,184.39,184.39,180.65,180.92,6334
1451001600,183.86,186.94,181.99,186.94,7341
1451260800,186.94,189.21,186.53,187.87,5146
1451347200,187.87,193.22,188.14,193.22,5501
1451520000,195.23,200.98,194.56,200.98,7639
1451779200,204.33,211.55,202.59,211.55,7422
1451865600,211.55,217.84,207.27,211.82,6993
1451952000,208.21,209.95,205.26,207.67,5145
1452038400,207.67,207.94,205.53,207.81,4516
1452124800,209.28,214.23,205.53,207.94,2930
1452384000,207.94,210.48,204.6,206.74,4498
1452470400,203.26,207.94,203.26,206.6,4602
1452556800,206.47,206.47,202.99,203.26,2626
1452643200,203.26,202.46,199.78,200.85,4122
1452729600,203.93,206.6,201.92,203.93,8743
1452988800,205.26,209.95,201.25,209.55,4630
1453075200,208.61,214.63,208.61,211.15,10805
1453161600,211.28,215.03,208.07,214.63,14720
1453248000,214.63,222.12,214.63,221.45,15323
1453334400,221.85,221.32,217.97,221.05,5751
1453593600,221.05,226.0,219.31,226.0,12764
1453680000,228.01,229.35,221.32,226.0,10038
1453766400,226.67,226.67,220.25,225.06,5059
1453852800,225.06,228.01,223.99,225.33,4659
1453939200,222.66,225.33,222.12,225.33,8073
1454198400,222.66,225.33,221.99,223.99,11359
1454284800,223.99,228.01,222.66,227.34,7555
1454371200,228.01,231.22,226.8,231.08,5781
1454457600,231.22,232.69,227.47,232.02,2296
1454544000,229.48,236.7,229.48,232.42,2955
1454803200,232.42,247.41,229.61,247.41,11372
1454889600,247.41,256.5,249.28,255.43,11755
1455148800,255.43,262.66,247.67,262.66,14237
1455408000,264.13,272.82,254.1,261.59,13509
1455494400,262.92,262.92,250.48,254.1,11684
1455580800,254.1,258.38,250.75,258.38,15738
1455667200,258.38,260.78,254.76,258.64,8325
1455753600,258.64,259.85,256.77,259.45,4035
1456012800,259.45,259.45,254.76,257.44,5572
1456099200,257.44,258.64,254.76,255.7,10763
1456185600,255.7,256.1,253.96,254.76,4612
1456272000,258.64,258.64,249.41,252.09,6334
1456358400,252.09,255.3,250.08,255.3,9616
1456617600,255.3,259.98,254.76,258.11,5907
1456704000,258.11,262.66,254.9,259.45,5482
1456790400,255.43,266.8,255.43,266.8,11275
1456876800,266.8,278.04,266.8,275.5,35119
1456963200,275.51,300.06,280.32,286.29,8461
1457222400,289.44,309.35,289.44,304.37,4804
1457568000,307.69,319.3,301.38,319.3,10590
1457827200,325.11,330.08,312.67,325.77,15985
1457913600,320.3,324.28,314.32,314.32,10650
1458000000,314.32,319.3,309.68,318.31,8300
1458086400,322.62,322.62,316.81,317.64,6890
1458172800,317.64,325.94,316.31,325.6,8093
1458432000,325.6,330.91,323.45,325.94,6154
1458518400,324.28,325.77,319.3,321.62,841
1458691200,321.79,321.79,317.64,317.64,1001
1458777600,317.64,318.31,313.49,316.65,4930
1459036800,316.65,316.81,309.35,315.15,6132
1459123200,315.15,315.98,311.5,315.98,4883
1459209600,311.01,316.81,310.34,315.15,4852
1459296000,315.15,315.15,312.67,312.67,1788
1459382400,312.67,311.34,309.02,311.34,1599
1459641600,311.34,313.16,303.54,306.36,1896
1459728000,306.36,313.49,306.36,311.01,7071
1459814400,314.32,317.48,311.01,314.32,3223
1459900800,314.32,324.28,317.31,323.78,14737
1460246400,323.78,319.14,313.49,316.81,5553
1460332800,316.81,320.96,316.81,319.3,3916
1460419200,319.3,326.77,317.64,325.94,12978
1460592000,325.94,334.23,323.95,334.23,4513
1460851200,334.23,364.92,334.23,364.92,9691
1460937600,364.92,389.31,365.75,381.51,11030
1461024000,381.51,387.65,367.41,380.68,8820
1461110400,380.68,381.34,377.36,378.36,1616
1461196800,378.36,385.66,375.7,385.66,5134
1461456000,385.66,395.28,384.0,393.95,4261
1461542400,393.95,393.12,385.66,388.97,5792
1461628800,388.97,390.63,382.34,388.97,8772
1461715200,388.97,399.59,382.34,390.47,3373
1461801600,390.47,392.29,383.33,388.97,3520
1462147200,388.97,388.97,377.36,384.0,1817
1462233600,384.0,384.83,379.02,379.02,6004
1462320000,379.02,380.68,372.55,377.36,8221
1462406400,377.36,381.51,374.04,381.01,11187
1462665600,381.01,384.83,382.34,383.17,3880
1462752000,383.17,392.29,379.19,388.97,3674
1462838400,390.63,425.14,390.63,424.81,15114
1462924800,424.81,435.26,427.13,431.28,4484
1463011200,425.47,433.77,425.47,430.45,8887
1463270400,425.47,425.47,417.51,425.3,2746
1463356800,425.3,418.84,412.2,416.84,3520
1463443200,415.52,421.16,415.52,420.49,2051
1463529600,420.49,423.15,417.18,422.15,1725
1463616000,422.15,439.07,423.81,428.13,6649
1463875200,428.13,468.1,428.13,468.1,20416
1463961600,468.1,476.9,450.02,475.24,21552
1464048000,475.24,477.73,462.3,471.59,10264
1464134400,471.59,475.24,458.65,468.93,30049
1464220800,468.93,475.74,457.82,475.07,13302
1464480000,475.07,501.78,483.53,489.17,21103
1464566400,489.17,489.01,480.05,482.7,9149
1464652800,482.7,486.02,477.73,486.02,5885
1464739200,486.02,491.66,473.25,473.25,6283
1464825600,473.25,477.73,465.28,477.73,5649
1465084800,477.73,475.24,460.47,468.44,12448
1465171200,468.44,483.53,467.94,474.91,8674
1465257600,475.07,480.55,469.1,480.55,8940
1465344000,480.55,508.42,471.59,507.42,19646
1465430400,497.97,529.15,497.97,524.84,14831
1465689600,524.84,553.04,506.76,541.59,11241
1465776000,541.59,550.05,534.96,547.07,10020
1465862400,557.35,583.07,549.89,561.5,13368
1465948800,561.5,583.07,561.5,578.92,11201
1466035200,578.92,617.9,574.77,616.08,20286
1466294400,616.08,616.24,581.74,604.63,19194
1466380800,604.63,607.95,583.9,591.36,20998
1466467200,591.36,594.35,589.7,592.19,6001
1466553600,588.04,616.08,588.04,607.95,20072
1466640000,607.95,629.18,603.8,624.37,25779
1466899200,624.37,624.54,609.61,609.61,9548
1466985600,609.61,617.9,602.97,607.62,9320
1467072000,607.62,612.93,588.04,607.12,8481
1467158400,607.12,607.95,599.66,606.29,7104
1467244800,606.29,607.95,598.0,601.65,7066
1467504000,601.65,607.95,591.36,596.34,11049
1467590400,596.34,599.66,568.14,586.38,8333
1467676800,575.6,587.38,575.6,579.75,8106
1467763200,579.75,587.21,579.75,583.07,6872
1468108800,583.07,607.95,583.07,591.36,6846
1468195200,591.36,593.02,571.45,571.45,6497
1468281600,571.45,582.24,541.59,565.65,8523
1468368000,565.65,566.48,548.23,564.82,10987
1468454400,566.48,577.26,558.18,566.31,7780
1468713600,566.31,572.78,559.84,564.32,5868
1468800000,564.32,617.9,549.89,611.27,17997
1468886400,619.56,622.88,599.66,612.93,22331
1468972800,616.24,635.32,615.42,632.83,27739
1469059200,632.83,657.22,631.18,648.59,15799
1469404800,648.59,664.35,652.74,664.35,15025
1469491200,664.35,664.35,654.4,664.35,13744
1469577600,664.35,666.01,656.06,657.05,9377
1469664000,657.05,666.01,649.42,649.42,12343
1469923200,649.42,660.21,636.98,639.3,9221
1470009600,639.3,641.13,632.83,632.83,5375
1470096000,632.83,639.47,617.9,621.22,5237
1470182400,621.22,633.0,593.19,617.07,13133
1470268800,617.07,607.95,594.68,594.68,5131
1470528000,594.68,617.41,569.13,571.45,4549
1470614400,571.45,576.43,533.3,533.3,7832
1470700800,543.42,583.9,543.42,583.9,3147
1470787200,595.01,601.31,571.95,591.36,18575
1470873600,599.66,599.66,587.21,593.19,2952
1471132800,580.25,585.72,566.48,566.64,6956
1471219200,565.48,583.07,544.41,554.04,8129
1471305600,543.58,574.77,534.96,569.8,11604
1471392000,569.8,580.41,559.01,567.31,3538
1471737600,561.5,578.09,561.5,561.5,4529
1471824000,558.18,558.18,548.23,549.89,3577
1471910400,539.94,554.87,529.98,544.91,7416
1471996800,555.2,593.02,553.21,578.09,6226
1472342400,589.04,594.35,579.75,594.02,9533
1472428800,605.3,605.3,584.73,600.32,7667
1472515200,599.66,612.1,594.68,607.62,12173
1472601600,607.95,622.05,607.78,622.05,18490
1472688000,614.59,624.54,611.27,612.1,7128
1472947200,614.59,619.56,607.95,617.9,6299
1473033600,616.24,620.39,609.94,613.76,4376
1473120000,613.76,617.74,607.12,607.95,6166
1473206400,616.24,619.56,602.97,611.6,3668
1473292800,604.63,621.22,604.63,616.24,2232
1473552000,614.59,616.24,608.45,612.1,3621
1473638400,607.95,616.24,607.95,612.93,5105
1473811200,616.24,621.22,614.59,615.42,4123
1474156800,615.42,615.42,603.97,605.46,2918
1474329600,602.97,607.95,591.36,593.85,1958
1474416000,587.21,602.14,583.07,599.66,4772
1474502400,591.36,619.23,591.36,619.23,14506
1474761600,591.36,619.23,591.36,619.23,14506
1474848000,603.31,617.57,603.31,614.59,13484
1474934400,607.95,628.02,607.95,615.91,5983
1475020800,614.59,617.07,609.61,614.59,9446
1475107200,616.24,622.05,608.12,619.56,9220
1475366400,609.61,657.72,609.61,657.72,31422
1475452800,649.42,671.98,649.42,671.98,22057
1475539200,684.76,724.74,684.76,694.38,51003
1475625600,695.71,700.85,684.76,700.02,15451
1475712000,699.19,699.36,692.55,695.21,15097
1476576000,699.19,699.19,684.26,685.92,5085
1476662400,687.58,691.06,674.47,685.92,7535
1476748800,688.41,692.39,682.6,692.39,5323
1476835200,695.87,695.87,689.4,693.88,7473
1476921600,691.23,723.91,691.23,723.91,15338
1477180800,720.76,743.98,708.48,740.66,13762
1477267200,741.49,742.32,724.07,730.71,7255
1477353600,732.2,732.37,720.76,722.41,6574
1477440000,708.81,724.9,708.81,721.59,15000
1477526400,724.07,726.56,715.95,723.74,7264
1478131200,724.07,728.06,719.1,723.41,7150
1478476800,724.07,730.71,718.27,724.07,4965
1478563200,713.62,722.58,710.8,716.44,5201
1478649600,707.48,707.48,690.9,698.36,4023
1478736000,709.97,709.97,690.9,704.17,7108
1478995200,691.06,702.34,690.9,691.23,7941
1479081600,691.06,704.5,691.06,699.19,14845
1479168000,694.21,714.95,694.21,701.51,8055
1479254400,700.85,707.32,699.36,701.68,4011
1479340800,700.85,700.85,685.92,687.74,17629
1479600000,680.94,680.94,634.82,657.72,19930
1479686400,654.4,668.5,641.13,664.35,6881
1479772800,652.74,666.01,645.11,657.72,9971
1479859200,651.08,651.41,633.83,641.79,6093
1479945600,646.11,652.74,612.6,638.97,16457
1480204800,626.86,629.52,579.75,579.75,18087
1480291200,568.8,612.93,528.32,580.25,16170
1480377600,569.8,611.93,558.18,596.34,14166
1480464000,607.62,631.18,596.34,631.18,15710
1480550400,643.12,680.61,633.0,649.42,29020
1480809600,649.42,656.89,632.83,632.83,13370
1480896000,633.66,636.32,621.22,623.21,7418
1480982400,622.88,636.15,617.9,625.37,16479
1481068800,632.83,632.83,617.9,620.23,14877
1481155200,621.22,626.86,621.22,624.54,46013
1481414400,624.54,637.81,600.92,600.92,12492
1481500800,590.03,600.65,574.11,584.73,5655
1481673600,597.47,597.47,577.29,595.34,1978
1481760000,600.65,617.9,598.0,612.6,4289
1482019200,616.58,637.81,612.6,634.89,7154
1482105600,646.84,646.84,613.92,613.92,4390
1482192000,612.6,615.25,600.65,600.65,2562
1482278400,600.65,600.65,584.73,584.73,6173
1482364800,582.07,601.18,582.07,598.0,5920
1482710400,595.34,595.34,568.8,577.82,7255
1482796800,569.07,570.92,551.02,558.45,7006
1482883200,547.83,568.8,547.83,558.18,5199
1482969600,568.8,587.38,566.15,574.11,6601
1483228800,575.44,590.03,572.25,579.42,4396
1483315200,590.03,590.3,572.78,578.36,5460
1483401600,584.73,584.73,559.51,564.02,4799
1483488000,559.51,574.11,559.51,567.74,3547
1483574400,570.13,570.13,564.82,566.15,8309
1483833600,560.84,574.11,560.84,572.78,1034
1483920000,572.78,583.66,572.78,580.74,1724
1484006400,582.07,587.38,574.11,583.4,2555
1484092800,594.28,594.28,584.73,586.05,3258
1484179200,588.71,592.69,585.26,588.71,1942
1484438400,590.03,594.02,584.73,594.02,7776
1484524800,596.67,596.67,584.73,590.03,862
1484611200,579.42,588.71,579.42,586.85,2719
1484697600,584.73,594.81,584.73,591.36,4431
1484784000,594.81,595.34,584.73,592.42,3594
1485043200,592.69,600.65,584.73,591.36,3392
1485129600,584.73,588.44,577.03,582.6,4394
1485216000,573.05,576.76,570.39,570.39,2082
1485302400,566.15,566.15,545.44,547.57,7943
1485388800,547.57,558.18,527.66,544.91,5285
1485734400,544.91,544.91,493.15,493.15,6363
1485820800,483.86,505.36,466.08,497.14,6295
1485907200,505.1,529.78,501.12,529.78,3718
1485993600,539.6,559.51,518.9,521.02,6307
1486252800,522.35,531.11,511.73,521.02,1285
1486339200,521.02,521.02,502.44,505.36,2129
1486425600,495.81,501.12,495.81,501.12,2094
1486512000,491.83,496.87,482.8,486.52,4591
1486598400,485.19,485.19,461.3,461.83,6316
1486857600,453.61,464.75,432.11,433.43,7822
1486944000,425.47,453.34,419.63,452.01,9207
1487030400,444.32,457.32,435.56,452.01,9077
1487116800,460.51,482.01,448.83,478.82,4643
1487203200,486.52,505.1,469.8,505.1,10441
1487462400,513.06,532.7,496.34,532.7,11140
1487548800,542.79,563.23,526.33,544.91,16045
1487635200,554.47,560.57,522.62,531.64,8497
1487721600,531.64,541.73,518.37,523.68,7874
1487808000,513.86,523.94,513.06,521.02,2017
1488067200,511.73,511.73,494.75,494.75,6127
1488240000,486.78,488.91,473.25,483.86,9910
1488326400,486.52,496.07,483.86,491.83,7168
1488412800,501.12,502.44,494.48,502.44,5510
1488672000,502.71,530.05,502.71,522.35,8788
1488758400,526.33,530.31,511.73,517.84,13721
1488844800,508.28,518.37,498.73,510.41,4330
1489017600,513.06,518.37,511.73,511.73,2624
1489363200,515.72,526.6,513.86,521.82,9037
1489449600,523.68,525.01,515.98,518.37,4603
1489536000,509.08,523.68,506.43,523.41,2853
1489622400,521.29,523.15,515.72,520.76,2829
1489881600,520.76,548.36,521.02,545.71,9049
1489968000,550.22,591.36,550.22,591.36,23862
1490054400,602.51,611.27,569.33,601.98,20125
1490140800,609.94,620.56,592.69,593.48,14905
1490227200,595.34,605.69,574.11,600.65,11325
1490486400,605.96,628.52,602.24,617.64,10309
1490659200,617.64,652.41,624.54,644.98,9953
1490745600,644.98,664.09,628.52,627.46,16322
1490832000,627.46,645.51,624.54,635.16,8710
1491091200,647.1,695.94,645.77,690.9,32801
1491177600,704.17,717.44,641.26,664.35,30814
1491264000,663.03,664.35,636.22,641.79,12594
1491436800,641.79,643.12,624.54,630.11,9153
1491696000,633.83,635.16,619.5,625.6,7239
1491782400,624.54,636.48,611.0,626.66,12252
1491868800,642.85,642.85,624.54,637.81,11501
1491955200,637.81,650.02,615.25,615.25,9822
1492041600,605.96,636.48,605.96,625.87,6784
1492300800,613.92,625.6,602.24,602.24,8666
1492473600,590.83,598.0,558.18,559.78,17011
1492560000,558.18,599.32,553.14,598.0,5564
1492646400,609.41,620.82,587.65,592.69,2789
1492905600,603.84,636.48,603.84,613.92,7516
1492992000,613.92,619.23,595.34,604.63,7248
1493078400,598.0,604.9,593.75,595.87,7912
1493164800,585.52,598.0,584.99,592.69,5838
1493251200,592.69,600.65,583.4,597.73,6141
1493510400,598.0,598.0,586.05,587.65,4067
1493683200,587.38,597.47,577.03,588.71,5002
1493769600,599.85,611.27,590.03,592.69,3849
1493856000,584.73,591.36,584.73,588.18,10878
1494115200,598.0,598.0,578.09,578.09,2369
1494201600,579.42,589.5,578.09,583.93,2325
1494288000,583.93,584.73,579.42,579.42,3408
1494460800,579.42,584.19,568.27,578.09,3263
1494806400,579.68,600.65,579.68,591.36,3527
1494892800,584.73,590.03,582.07,584.73,4533
1494979200,579.42,588.71,579.42,588.18,1608
1495065600,588.71,585.26,577.56,584.46,1996
1495324800,584.46,584.46,569.07,575.44,2083
1495411200,564.82,570.13,564.82,569.33,3303
1495497600,569.07,580.74,568.8,569.07,3379
1495584000,568.8,582.07,568.8,582.07,1396
1495929600,571.45,579.42,571.45,572.78,2465
1496102400,566.15,566.15,554.47,554.47,9450
1496188800,554.47,553.14,544.91,546.24,7979
1496275200,555.53,555.53,544.91,548.89,4575
1496534400,557.92,557.92,540.93,541.46,4346
1496620800,548.89,548.89,539.6,539.87,3723
1496707200,539.87,566.68,539.87,564.82,8750
1496793600,568.8,574.37,552.87,552.87,5611
1496880000,552.87,560.84,552.87,554.47,3333
1497139200,557.92,563.23,536.95,544.91,8710
1497225600,536.95,545.97,533.23,538.01,3990
1497312000,534.3,544.91,531.64,531.64,5739
1497398400,522.35,538.28,522.35,538.28,3279
1497484800,534.3,542.79,534.3,535.89,3239
1497744000,535.89,538.28,521.29,528.99,2378
1497830400,531.64,531.64,518.37,518.37,4934
1497916800,509.35,531.38,509.35,521.02,3132
1498003200,521.02,530.31,519.43,519.7,3459
1498089600,527.66,534.3,522.35,523.68,3023
1498348800,526.33,526.86,519.7,520.49,3625
1498521600,518.37,523.68,518.37,523.68,2167
1498608000,523.68,536.15,523.68,527.92,923
1498953600,531.64,531.64,526.33,526.33,2424
1499040000,518.37,523.68,514.39,523.68,1983
1499126400,523.68,525.01,518.37,522.35,1784
1499212800,522.35,526.33,518.9,526.33,1117
1499299200,536.15,546.24,532.17,543.58,7527
1499558400,543.58,564.02,532.97,546.24,6107
1499644800,539.6,551.55,539.6,539.6,5070
1499731200,541.2,549.42,539.6,549.42,1814
1499817600,543.05,551.55,542.26,546.24,1672
1499904000,540.93,547.57,540.93,544.65,3348
1500163200,544.65,544.65,536.15,539.6,1644
1500249600,536.95,555.53,534.3,555.53,1483
1500336000,558.18,576.5,556.86,576.23,4814
1500422400,576.76,587.38,566.15,570.92,6807
1500508800,570.92,579.42,570.92,574.11,2984
1500768000,582.07,591.1,582.07,583.4,8605
1500854400,586.05,586.05,577.56,581.81,7721
1500940800,579.42,589.24,579.42,586.05,4767
1501027200,586.05,611.27,586.05,597.73,8895
1501113600,590.83,598.26,587.38,595.34,12943
1501372800,584.73,604.9,584.73,603.04,8855
1501459200,595.34,611.27,595.34,604.63,4444
1501545600,604.63,605.69,596.67,596.67,2155
1501632000,598.0,598.0,594.02,594.02,3131
1501718400,594.02,603.31,586.32,586.32,3596
1501977600,584.73,584.73,575.7,580.48,3834
1502064000,573.05,587.38,572.78,586.05,2677
1502236800,584.46,598.0,584.46,591.36,3473
1502323200,588.71,602.51,588.71,593.22,6702
1502582400,604.37,609.94,590.57,590.57,5942
1502755200,584.73,587.38,580.74,580.74,1514
1502841600,582.07,588.71,574.64,584.73,7024
1502928000,582.07,588.71,582.07,584.73,9276
1503187200,591.36,592.69,583.4,583.66,3942
1503273600,582.07,588.71,582.07,587.38,2461
1503360000,590.03,596.67,588.97,590.83,4993
1503446400,587.38,588.71,584.73,584.73,2917
1503532800,584.73,586.05,582.07,585.79,2855
1503792000,585.79,588.71,580.48,584.73,2265
1503878400,582.07,584.46,580.74,581.01,1782
1504051200,581.01,583.4,570.13,578.09,792
1504137600,578.09,576.76,565.35,565.35,1912
1504483200,558.18,568.8,551.55,556.86,4710
1504656000,567.21,568.8,555.53,563.49,2456
1504742400,558.18,558.18,552.87,552.87,1913
1505001600,543.58,552.87,535.89,535.89,3611
1505088000,542.26,551.55,536.95,543.58,1718
1505174400,543.58,543.58,531.64,531.64,5016
1505260800,529.25,542.26,528.99,539.6,3049
1505347200,531.64,551.55,531.64,551.55,2124
1505606400,557.92,557.92,543.58,547.57,5361
1505692800,547.57,549.96,544.91,547.04,1561
1505865600,544.91,557.92,544.91,555.0,4302
1506211200,550.22,556.59,548.89,555.0,703
1506297600,557.65,559.51,555.53,559.51,1849
1506384000,560.84,563.49,554.2,557.92,4186
1506988800,558.18,560.84,558.18,559.51,758
1507075200,560.84,563.49,558.18,558.18,1983
1507420800,552.87,552.87,538.54,540.93,1308
1507507200,536.95,536.95,525.54,531.91,2498
1507593600,531.64,539.6,531.64,539.6,1794
1507680000,539.6,540.13,539.6,540.13,165
1507766400,536.95,540.93,536.95,538.54,1365
1508025600,539.6,540.93,534.3,534.3,523
1508112000,544.38,554.2,544.38,553.14,1066
1508198400,554.2,558.18,540.93,548.89,4270
1508284800,547.57,552.87,547.57,552.34,314
1508630400,552.87,552.87,544.91,548.89,399
1508716800,548.89,550.22,546.24,546.5,637
1508803200,546.5,557.92,547.57,551.02,901
1508889600,547.57,547.57,544.91,544.91,439
1509235200,541.2,543.58,539.6,540.4,525
1509321600,534.3,542.26,534.3,539.34,4890
1509408000,539.34,550.22,529.52,531.64,7997
1509494400,528.19,531.64,521.02,523.68,4616
1509580800,523.68,523.68,518.37,518.37,1834
1509840000,513.06,517.31,509.08,516.51,4362
1509926400,516.51,518.37,506.96,515.72,1149
1510012800,523.68,523.68,510.41,510.41,1412
1510099200,505.1,505.63,500.85,501.12,2228
1510185600,506.16,510.41,491.83,502.44,3634
1510444800,502.44,499.52,491.83,499.52,7318
1510531200,508.02,508.02,498.73,500.85,2857
1510617600,500.59,506.43,497.14,501.91,5675
1510704000,499.79,502.44,497.14,498.73,2152
1510790400,494.48,502.18,491.3,491.83,6557
1511049600,491.83,491.83,485.19,485.19,457
1511136000,494.22,494.22,488.91,489.17,1053
1511222400,488.91,492.62,487.85,492.62,915
1511308800,489.44,495.81,489.44,493.42,469
1511395200,493.69,501.12,496.34,496.34,860
1511654400,496.34,505.63,499.79,505.1,554
1511740800,514.39,514.39,500.32,502.44,1472
1511827200,502.44,505.1,501.91,504.04,894
1511913600,503.77,509.08,497.14,497.14,11730
1512000000,503.77,503.77,495.81,500.59,4474
1512345600,500.59,511.73,497.14,497.4,16012
1512432000,503.77,503.77,491.83,491.83,22652
1512518400,492.36,502.18,492.36,499.26,36133
1512864000,508.4,517.99,491.63,492.99,3645
1512950400,496.42,498.13,492.99,494.71,777
1513036800,491.28,492.99,483.07,483.75,1295
1513123200,483.07,491.63,483.07,489.57,1078
1513209600,489.91,489.91,482.72,482.72,1220
1513468800,484.43,485.46,475.88,475.88,1600
1513555200,474.16,475.88,463.89,463.89,2010
1513641600,458.76,460.47,455.33,455.67,5954
1513728000,456.36,457.04,453.96,455.33,2012
1513814400,453.62,455.33,450.2,450.54,3269
1514073600,451.56,458.76,447.11,449.17,2355
1514246400,441.64,444.72,439.92,444.72,936
1514332800,438.21,439.92,431.71,432.39,2155
1514419200,425.88,434.79,425.88,434.79,1601
1514678400,426.91,429.65,418.01,423.83,4741
1514764800,429.65,432.73,423.83,432.73,1868
1514851200,440.61,440.61,427.94,432.39,3731
1514937600,434.79,434.79,425.54,426.57,1100
1515024000,424.52,429.65,424.52,429.65,1049
1515283200,433.08,438.21,433.08,435.81,1373
1515369600,439.92,446.77,438.21,438.21,1455
1515456000,438.21,447.8,435.13,443.69,2785
1515542400,438.55,441.29,435.47,437.53,946
1515888000,433.08,434.44,426.57,426.91,1663
1516060800,431.36,433.08,427.94,428.28,426
1516147200,427.94,427.94,426.23,426.23,170
1516492800,426.57,437.53,424.52,426.23,1982
1516579200,421.09,426.23,421.09,426.23,865
1516665600,421.78,426.23,421.78,422.8,362
1516752000,421.78,424.17,421.09,422.8,1088
1516838400,421.78,425.88,421.09,425.88,714
1517097600,433.76,435.47,431.36,432.73,1564
1517184000,434.79,434.79,429.65,429.65,748
1517356800,431.36,431.36,427.94,429.31,1656
1517443200,428.62,431.02,428.28,431.02,746
1517702400,432.05,434.44,426.23,431.36,1434
1517788800,437.87,437.87,423.49,426.23,1667
1517875200,426.23,427.94,426.23,427.94,342
1517961600,427.94,427.94,425.2,425.54,1060
1518048000,418.35,427.94,417.67,425.88,891
1518307200,425.2,425.88,421.09,421.09,1506
1518393600,417.67,421.09,415.96,417.67,2098
1518566400,417.67,424.52,412.53,424.52,1082
1518652800,431.36,450.2,426.91,446.77,4234
1518912000,446.77,451.22,434.79,434.79,4991
1519084800,438.21,438.21,426.23,426.23,1864
1519171200,421.09,426.23,421.09,426.23,168
1519257600,424.52,429.99,418.01,418.01,2518
1519516800,421.09,421.09,418.01,419.38,128
1519603200,421.43,425.2,421.09,421.43,1511
1519689600,417.67,431.36,408.08,425.88,5741
1519776000,424.52,424.52,408.42,409.45,4682
1520121600,400.89,401.23,390.62,400.55,4008
1520208000,395.41,395.41,391.99,393.36,3297
1520294400,391.99,417.32,373.16,393.7,4333
1520380800,400.21,400.89,390.28,398.49,2875
1520726400,398.84,400.55,381.37,388.56,2052
1520812800,388.56,395.75,384.11,384.11,2755
1520899200,386.85,388.56,381.72,385.14,1466
1520985600,386.85,387.19,383.77,383.77,1369
1521072000,390.62,390.62,388.91,388.91,141
1521331200,390.28,390.28,386.85,386.85,2652
1521417600,385.48,386.85,383.77,386.85,2600
1521504000,381.72,382.06,368.02,373.5,2946
1521590400,366.65,366.65,354.67,359.12,4454
1521676800,356.04,362.88,349.87,355.01,3186
1522022400,348.5,348.5,330.36,332.07,3865
1522108800,328.64,352.61,318.37,347.48,4459
1522195200,353.64,353.64,341.31,344.05,5636
1522281600,342.34,352.61,341.31,352.61,1521
1522540800,346.11,346.79,339.94,343.02,2144
1522627200,342.34,342.34,341.65,341.65,510
1522713600,339.6,345.42,339.6,345.42,214
1522800000,345.76,356.04,343.02,354.32,3659
1522886400,357.75,364.25,349.53,364.25,12087
1523145600,369.39,386.85,359.46,384.8,21711
1523232000,386.85,400.89,376.58,381.72,10996
1523318400,376.58,380.0,366.65,369.05,5118
1523404800,362.88,369.73,362.88,366.31,5073
1523491200,369.73,376.58,369.39,374.18,3259
1523750400,374.18,383.43,367.33,381.72,3714
1523836800,383.43,394.73,376.58,394.73,11185
1523923200,394.73,410.82,397.12,410.13,13783
1524009600,412.19,425.88,405.68,415.96,7567
1524096000,414.24,417.67,403.97,407.4,5902
1524355200,407.4,428.97,408.08,427.94,8375
1524441600,435.81,443.35,418.35,420.41,13603
1524528000,427.94,427.94,404.31,404.31,5797
1524614400,402.26,415.96,402.26,406.03,4358
1524700800,399.52,420.06,399.52,402.26,4622
1524960000,395.41,406.37,395.07,401.23,2111
1525219200,401.23,401.23,394.04,401.23,1949
1525305600,406.71,415.96,401.92,403.97,6987
1525564800,404.31,404.31,390.28,391.3,11156
1525651200,386.85,390.28,383.09,383.43,10403
1525737600,383.43,393.7,383.43,393.7,17188
1525824000,393.7,396.44,386.51,389.25,2601
1525910400,389.25,393.36,386.85,388.56,5227
1526256000,382.74,386.85,381.37,382.4,6247
1526342400,389.25,393.7,382.06,383.43,4094
1526428800,383.43,386.51,381.72,383.43,6395
1526515200,384.11,385.14,381.72,381.72,3200
1526774400,388.56,388.56,381.72,381.72,2498
1526860800,383.43,386.17,383.09,383.43,877
1526947200,383.43,383.43,376.58,380.0,4020
1527033600,380.0,380.0,370.42,378.29,1930
1527120000,378.29,381.37,371.44,371.44,1875
1527379200,371.44,371.44,364.6,368.02,3450
1527465600,368.02,400.89,366.31,400.89,7567
1527552000,400.55,400.55,386.85,390.28,10997
1527638400,386.85,401.92,386.85,388.91,9929
1527724800,393.7,393.7,384.8,384.8,2324
1527984000,377.95,377.95,369.73,370.42,5033
1528070400,363.23,379.66,362.88,364.25,10999
1528243200,375.21,375.21,362.88,363.91,11212
1528329600,375.21,375.21,362.88,363.91,11212
1528588800,364.6,364.94,356.04,356.38,5722
1528675200,359.46,375.21,356.04,366.31,4482
1528761600,369.73,369.73,361.17,362.2,2767
1528848000,364.6,364.6,362.88,364.6,1380
1528934400,369.73,369.73,362.88,362.88,1587
1529193600,363.23,365.97,361.17,364.6,1331
1529280000,364.6,368.7,359.46,368.7,1528
1529366400,362.88,366.31,362.88,363.23,482
1529452800,357.06,363.23,356.72,362.88,780
1529539200,362.88,364.6,361.17,358.09,1462
1529798400,362.88,364.6,359.46,359.8,2690
1529884800,365.97,365.97,356.72,357.75,3931
1529971200,356.04,358.43,350.9,350.9,4197
1530057600,352.61,357.75,347.48,352.61,1387
1530144000,349.19,355.69,349.19,350.9,2662
1530403200,345.76,356.04,336.18,336.18,3968
1530489600,337.2,340.63,335.49,337.55,2001
1530576000,338.92,342.34,333.1,339.26,585
1530662400,342.34,345.76,338.23,342.0,2280
1530748800,347.48,362.54,345.42,362.54,2706
1531008000,369.05,369.73,358.43,359.46,4499
1531094400,356.04,356.04,349.53,350.9,1846
1531180800,345.76,358.09,345.76,350.9,1193
1531267200,346.11,358.09,346.11,350.9,1477
1531353600,350.9,351.93,345.76,348.16,2315
1531612800,345.76,345.76,344.05,344.05,1143
1531699200,345.76,364.6,340.97,364.6,874
1531785600,359.46,359.46,346.79,348.5,3539
1531872000,351.93,351.93,345.76,347.48,509
1531958400,347.48,347.48,342.34,346.45,3096
1532217600,342.68,342.68,340.63,340.97,875
1532304000,335.49,349.53,335.49,349.53,324
1532390400,355.35,365.62,352.61,352.95,3844
1532476800,350.9,352.27,347.13,349.19,1851
1532563200,344.39,355.35,344.39,345.76,402
1532822400,347.48,347.48,345.42,345.76,546
1532908800,344.05,350.9,344.05,350.9,1041
1532995200,345.76,349.19,345.76,348.16,495
1533081600,345.42,347.82,344.74,345.76,2262
1533168000,345.08,345.08,342.34,344.05,2022
1533427200,343.02,345.08,341.31,341.31,1091
1533513600,339.94,340.63,338.57,340.63,4972
1533600000,343.71,343.71,338.92,339.26,876
1533686400,344.05,344.05,338.23,338.57,1240
1533772800,336.18,339.6,336.18,338.23,2451
1534032000,336.18,336.18,333.1,334.46,1738
1534118400,333.1,337.55,332.07,332.07,4286
1534204800,335.15,336.86,332.75,336.52,560
1534291200,338.92,347.82,337.2,344.05,6293
1534377600,350.21,350.56,342.34,342.34,4563
1534636800,338.92,338.92,337.2,338.23,1220
1534723200,335.49,336.18,333.78,335.15,1055
1534809600,332.75,338.92,332.75,335.49,1495
1534896000,339.94,339.94,336.86,338.23,2308
1534982400,335.49,337.2,335.49,335.83,1570
1535241600,332.41,337.2,332.41,337.2,1566
1535414400,335.49,335.49,332.07,332.75,749
1535500800,334.81,336.18,334.81,334.81,2405
1535587200,337.2,337.2,335.49,336.86,2396
1535846400,338.92,342.34,336.86,338.92,927
1535932800,333.78,350.9,333.78,345.08,2089
1536019200,345.76,352.61,340.97,349.19,4575
1536105600,350.9,357.75,347.48,355.35,5065
1536192000,357.75,358.43,346.79,347.13,2168
1536451200,344.05,344.05,339.94,339.94,480
1536537600,338.92,340.63,338.92,340.29,504
1536624000,345.76,348.5,340.63,340.63,218
1536710400,345.76,350.9,344.05,350.9,776
1536796800,346.45,350.9,346.11,350.9,600
1537056000,350.9,357.06,350.9,352.61,2406
1537142400,352.95,365.97,350.56,357.75,2425
1537228800,357.75,364.25,352.95,357.75,4315
1537401600,357.75,357.75,350.9,350.9,2135
1537660800,350.9,350.9,349.19,349.19,430
1537833600,349.19,355.35,349.19,354.32,1218
1537920000,352.61,352.61,349.19,350.9,2129
1538006400,349.53,354.32,342.34,348.16,3880
1538265600,348.16,348.16,344.05,345.76,972
1538352000,341.65,342.0,336.52,338.92,1921
1538438400,338.92,343.71,337.55,343.71,3059
1538524800,338.92,338.92,336.86,338.57,1114
1538611200,338.92,338.92,335.49,335.83,1482
1538870400,335.49,335.49,332.07,332.41,4920
1538956800,335.49,335.49,332.07,333.1,1202
1539043200,332.07,335.83,331.38,332.07,3064
1539129600,330.7,333.78,330.36,333.78,233
1539216000,330.36,337.2,330.36,337.2,243
1539475200,333.78,339.6,332.75,339.6,422
1539561600,335.49,337.2,333.44,336.18,1925
1540080000,338.92,338.92,336.18,337.2,80
1540166400,336.52,337.2,331.04,334.81,279
1540252800,333.78,335.49,332.07,332.75,3382
1540339200,333.78,333.78,333.78,333.78,100
1540425600,335.49,335.49,332.07,333.78,945
1540684800,328.64,333.78,328.64,330.7,900
1540771200,326.93,330.36,326.93,328.64,159
1540857600,329.33,330.36,328.64,330.36,1061
1540944000,330.36,330.7,328.99,330.01,719
1541030400,332.07,332.07,330.01,330.36,523
1541289600,330.36,330.36,328.64,329.33,431
1541376000,330.36,330.36,330.36,330.36,241
1542153600,325.22,332.07,323.85,330.01,1326
1542240000,330.01,330.01,324.19,325.22,286
1542499200,325.22,330.36,325.22,328.64,2833
1542585600,328.64,330.01,324.54,324.88,467
1542672000,324.88,324.88,319.74,323.51,567
1542758400,323.51,324.54,319.06,324.54,871
1542844800,324.54,324.88,320.08,324.88,808
1543190400,324.88,324.88,313.24,313.24,1515
1543276800,313.24,313.24,312.89,312.89,72
1543363200,312.89,312.89,309.81,309.81,1075
1543449600,309.81,310.84,299.54,299.54,388
1543708800,299.78,299.78,289.95,290.98,4456
1543795200,290.98,296.12,290.98,294.4,316
1543881600,294.4,299.54,293.38,299.54,556
1544054400,290.98,295.77,288.58,290.98,3315
1544313600,290.98,296.12,290.98,292.69,506
1544400000,292.69,295.09,291.32,291.32,1234
1544486400,291.32,294.4,290.98,292.69,1848
1544572800,292.69,293.72,291.66,293.72,1263
1544659200,293.72,303.99,293.72,299.54,894
1544918400,299.54,311.52,299.54,311.52,2190
1545004800,311.52,325.22,311.52,325.22,2175
1545091200,325.22,327.62,316.66,318.37,31292
1545177600,318.37,327.62,314.95,318.37,5842
1545264000,318.37,321.8,317.0,321.8,5041
1545523200,321.8,335.83,321.8,335.83,3679
1545609600,335.83,343.71,330.36,335.49,7026
1545696000,335.49,338.57,332.07,335.49,6203
1545782400,335.49,347.82,335.49,346.11,5402
1545868800,346.11,361.17,346.11,350.9,8531
1546128000,350.9,360.83,346.11,352.61,6060
1546214400,352.61,352.61,343.02,343.02,2000
1546300800,343.02,343.02,337.55,338.92,1270
1546387200,338.92,340.63,338.57,340.63,1510
1546473600,340.63,344.05,340.63,342.34,523
1546732800,342.34,342.34,340.29,340.29,651
1546819200,340.29,344.05,340.29,342.0,2350
1546905600,342.0,345.76,339.6,339.6,2358
1546992000,339.6,340.97,338.92,339.6,1327
1547078400,339.6,347.48,339.6,347.48,1905
1547337600,347.48,347.48,343.37,343.37,880
1547424000,343.37,347.13,342.34,346.79,698
1547510400,346.79,356.04,346.79,356.04,2661
1547596800,356.04,356.04,349.53,349.53,2533
1547683200,349.53,349.53,345.76,345.76,131
1547942400,345.76,345.76,342.68,342.68,557
1548028800,342.68,345.76,342.68,343.71,781
1548115200,343.71,344.05,339.94,340.63,236
1548201600,340.63,347.48,337.89,344.39,787
1548288000,344.39,346.79,343.71,345.76,9007
1548547200,345.76,345.76,339.6,339.6,1112
1548633600,339.6,349.87,339.6,349.87,1011
1548720000,349.87,349.87,341.31,345.42,955
1548806400,345.42,345.42,340.97,342.0,1193
1548892800,342.0,342.0,340.29,340.29,380
1549152000,339.26,340.63,339.26,340.63,4471
1549238400,339.26,340.63,337.2,339.26,1488
1549324800,335.83,340.63,335.83,340.63,431
1549411200,337.55,340.63,337.2,337.2,470
1549497600,337.55,337.55,332.07,332.07,2240
1549756800,327.62,332.07,320.77,320.77,3123
1549843200,318.37,328.64,318.37,324.88,1026
1549929600,326.93,327.96,324.88,327.62,1842
1550016000,327.62,327.62,323.17,323.17,1936
1550102400,321.8,323.51,320.08,321.8,1404
1550361600,326.93,326.93,319.74,320.08,2004
1550448000,320.08,321.8,318.37,321.8,1750
1550534400,326.25,332.41,321.8,325.22,729
1550620800,325.56,325.56,319.4,321.8,4719
1550707200,323.51,327.62,321.8,327.62,796
1550966400,325.56,327.62,318.37,324.19,12106
1551052800,325.22,325.22,319.4,325.22,2220
1551139200,322.14,325.22,322.14,325.22,510
1551225600,322.82,325.22,320.08,322.14,15903
1551571200,322.14,325.22,318.37,323.51,3260
1551744000,323.17,327.27,321.8,321.8,6774
1551830400,320.08,326.93,320.08,326.93,1897
1551916800,328.64,330.36,325.9,328.99,4286
1552089600,328.64,333.78,328.3,333.78,830
1552176000,328.64,333.78,328.3,333.78,830
1552262400,328.64,337.55,325.22,337.55,6009
1552348800,342.34,342.34,335.49,335.49,8058
1552435200,336.18,336.18,332.41,332.41,1010
1552521600,332.07,336.52,332.07,332.75,1938
1552780800,338.57,339.6,333.78,334.46,2393
1552867200,334.46,335.49,329.67,330.7,10628
1552953600,329.67,329.67,328.64,329.67,688
1553126400,331.04,331.04,326.93,326.93,3478
1553385600,325.22,325.22,322.48,323.85,2183
1553472000,327.62,327.62,324.19,324.19,2234
1553558400,325.22,326.93,325.22,325.22,346
1553644800,325.22,325.56,325.22,325.22,300
1553731200,326.93,328.64,326.59,328.64,767
1553990400,330.01,334.46,323.51,334.46,1881
1554076800,332.07,332.07,326.93,326.93,1211
1554163200,327.96,328.3,326.25,326.93,2639
1554249600,330.01,330.36,325.56,325.9,2435
1554336000,323.85,327.62,323.85,323.85,2613
1554595200,324.19,326.59,320.08,323.17,2415
1554681600,323.17,337.89,318.71,332.07,7078
1554768000,335.15,335.15,328.99,328.99,1155
1554854400,326.93,332.75,326.25,332.41,1857
1554940800,328.64,330.7,327.62,330.7,1552
1555286400,332.07,332.07,325.22,326.93,831
1555372800,328.64,332.75,328.64,328.99,10923
1555459200,328.99,335.15,329.33,332.07,2631
1555545600,330.36,333.78,326.93,331.38,3501
1555804800,331.38,337.2,328.64,332.75,25346
1555891200,333.78,339.6,332.07,333.78,7725
1555977600,333.78,334.12,332.41,332.41,10105
1556064000,333.78,336.52,332.41,332.41,1064
1556150400,333.44,335.49,332.07,333.44,7657
1556409600,339.26,361.17,339.26,347.48,22531
1556496000,353.64,360.14,341.65,345.76,9777
1556582400,345.76,345.76,334.46,340.63,4087
1556755200,334.46,338.92,334.46,337.2,2665
1557014400,338.92,338.92,332.07,338.57,2686
1557100800,332.41,335.49,332.07,335.49,2092
1557187200,335.49,335.49,333.78,333.78,1760
1557273600,328.99,333.44,328.99,332.41,1373
1557360000,333.44,338.23,328.64,332.75,2246
1557619200,333.78,334.46,332.07,333.1,5746
1557705600,335.49,335.83,330.36,333.44,10235
1557792000,339.26,339.26,329.33,333.78,15313
1557878400,330.36,331.73,327.96,327.96,11095
1557964800,330.36,330.36,325.56,325.9,3815
1558224000,323.51,325.22,322.14,325.22,9727
1558310400,325.22,325.22,320.08,320.77,7547
1558396800,326.59,326.59,321.11,321.11,2248
1558483200,326.93,326.93,322.14,323.51,2300
1558569600,323.51,323.51,321.8,322.14,3866
1558828800,322.14,323.51,321.45,322.82,4702
1558915200,321.8,322.48,319.74,319.74,4346
1559001600,320.08,320.43,317.34,318.37,4466
1559088000,319.06,320.08,318.37,318.71,5760
1559174400,321.8,324.54,318.37,318.37,4293
1559433600,320.08,320.08,317.34,317.34,5194
1559520000,317.69,318.37,314.95,314.95,2319
1559606400,314.95,314.95,312.21,312.55,1440
1559779200,313.24,313.24,311.52,312.89,1701
1560124800,313.24,313.24,309.81,311.52,1449
1560211200,311.18,312.21,309.81,309.81,1537
1560297600,305.02,310.5,305.02,309.81,733
1560384000,307.42,309.81,307.42,309.81,1275
1560643200,305.7,308.1,303.99,303.99,9043
1560729600,301.25,308.78,299.54,303.31,978
1560816000,304.33,307.76,304.33,304.68,1653
1560902400,305.36,306.05,301.94,301.94,3114
1560988800,301.25,304.68,301.25,303.31,708
1561248000,301.25,301.25,282.42,285.5,17352
1561334400,284.13,290.64,285.5,290.3,2827
1561420800,289.27,292.01,287.56,287.56,3129
1561507200,287.56,287.56,284.13,284.47,2745
1561593600,285.84,285.84,280.71,280.71,3224
1561852800,280.71,280.71,275.91,277.28,4331
1561939200,279.0,282.42,275.91,279.0,5888
1562025600,279.0,287.56,279.0,287.56,2730
1562112000,292.69,292.69,287.21,287.9,3160
1562198400,287.9,290.98,287.9,288.24,2616
1562457600,286.19,289.95,286.19,289.95,1908
1562544000,289.61,290.64,289.27,289.27,4419
1562630400,289.27,290.98,287.9,288.58,3008
1562716800,287.56,289.61,288.58,289.61,489
1562803200,288.93,290.3,288.24,289.61,4063
1563062400,289.61,290.98,289.27,289.27,1372
1563148800,290.98,291.32,290.64,291.32,496
1563235200,304.33,304.33,290.98,291.32,683
1563321600,291.66,302.96,291.66,294.4,1311
1563408000,295.09,296.8,294.4,294.4,1090
1563667200,294.75,295.09,294.4,294.75,1055
1563753600,295.43,298.86,295.43,297.49,3346
1563840000,300.91,304.33,299.88,301.25,2239
1563926400,308.1,309.47,302.96,309.47,5974
1564012800,311.18,311.52,307.07,307.07,3331
1564272000,304.68,304.68,300.57,301.25,5925
1564358400,301.25,301.25,298.51,300.91,1153
1564444800,305.7,305.7,299.54,301.94,8665
1564531200,301.25,301.59,301.25,301.25,2510
1564617600,306.39,306.39,299.88,299.88,8633
1564876800,302.96,302.96,297.83,298.17,2682
1564963200,300.91,302.96,299.54,300.91,376
1565049600,298.17,298.51,297.14,297.14,4245
1565136000,292.01,297.83,292.01,296.12,2351
1565222400,290.98,292.69,290.98,290.98,3457
1565481600,288.93,290.98,288.24,289.27,1166
1565568000,289.27,293.03,289.27,292.69,1103
1565654400,290.98,294.4,290.98,291.66,624
1565740800,291.32,292.69,290.98,290.98,1729
1565827200,296.12,296.12,292.01,292.01,980
1566086400,289.27,290.98,287.9,288.58,688
1566172800,290.98,292.69,290.98,292.69,268
1566259200,289.27,294.4,289.27,294.4,489
1566345600,296.12,296.12,292.01,294.4,2919
1566432000,292.69,293.03,289.95,289.95,824
1566777600,287.9,290.64,286.19,290.64,541
1566864000,289.27,292.35,287.56,289.27,342
1566950400,287.56,287.56,284.13,284.47,2229
1567036800,289.61,293.72,285.84,285.84,1066
1567296000,284.13,285.84,284.13,285.5,1459
1567382400,285.5,285.84,284.13,285.84,1033
1567468800,285.5,290.98,282.76,290.98,1863
1567555200,287.56,290.3,287.56,290.3,1293
1567641600,290.3,294.4,289.27,294.4,10899
1567900800,297.83,297.83,288.58,288.58,1620
1567987200,288.58,289.27,284.47,289.27,762
1568073600,289.27,289.27,283.45,283.45,778
1568160000,287.9,287.9,280.37,280.37,1315
1568246400,280.02,280.71,275.91,277.28,5380
1568505600,277.28,277.28,274.54,275.57,700
1568592000,273.86,275.57,269.07,270.09,3197
1568678400,270.09,277.97,270.09,275.91,589
1568764800,280.71,285.16,275.57,284.13,1180
1568851200,282.42,282.42,277.28,277.28,2243
1569110400,275.57,277.28,269.07,269.07,1958
1569196800,270.44,271.81,270.44,271.81,570
1569283200,269.07,272.15,269.07,272.15,521
1569456000,268.72,270.44,268.72,268.72,868
1569715200,267.01,267.7,267.01,267.35,196
1569801600,269.07,270.44,269.07,269.07,308
1569888000,272.15,272.15,271.12,272.15,585
1569974400,273.86,273.86,269.75,269.75,949
1570060800,271.12,272.15,271.12,272.15,4034
1570665600,272.15,272.15,272.15,272.15,100
1571011200,276.94,276.94,268.72,270.44,1015
1571097600,270.44,275.23,270.44,275.23,817
1571184000,276.6,276.6,274.54,275.23,609
1571270400,275.57,277.28,273.86,275.57,4272
1571529600,273.86,273.86,272.49,273.86,414
1571616000,273.86,277.97,273.18,274.2,2645
1571702400,279.0,279.0,275.91,279.0,1694
1571788800,279.0,280.71,279.0,279.0,2314
1571875200,282.08,282.08,279.0,280.37,1261
1572480000,279.34,279.34,278.65,278.65,120
1572739200,278.31,278.65,276.26,277.63,765
1572825600,279.0,279.0,276.26,278.31,2768
1572912000,280.71,280.71,276.26,276.26,399
1572998400,279.0,279.0,277.28,279.0,410
1573084800,279.68,279.68,277.63,277.63,1145
1573344000,278.65,279.34,278.65,279.0,1261
1573430400,277.63,283.79,277.28,279.34,2724
1573516800,278.65,283.79,277.28,281.74,1011
1573603200,281.39,283.45,280.71,281.74,3829
1573689600,281.74,281.39,279.68,280.02,572
1573948800,281.05,281.05,278.31,278.31,1329
1574035200,279.0,279.68,279.0,279.68,156
1574121600,279.0,280.71,279.0,279.68,275
1574208000,281.05,282.42,280.02,280.37,1637
1574294400,279.0,279.0,279.0,279.0,120
1574553600,279.0,280.37,275.57,279.0,1407
1574640000,275.91,279.0,275.91,279.0,445
1574726400,279.68,280.02,279.34,280.02,2281
1574812800,280.02,282.42,280.02,282.42,905
1574899200,281.39,285.84,282.42,283.79,585
1575158400,279.34,282.42,279.34,280.71,698
1575244800,279.0,280.71,277.63,277.97,2388
1575331200,277.97,280.71,277.97,279.34,1389
1575417600,279.34,297.49,279.34,284.13,4590
1575504000,289.27,294.4,289.27,294.4,3181
1575763200,295.09,295.09,292.01,294.06,3479
1575849600,290.98,302.62,290.98,297.14,6061
1575936000,302.28,302.28,298.51,299.54,3626
1576022400,297.83,313.24,297.14,308.44,5019
1576108800,310.84,328.64,309.81,325.22,13323
1576368000,325.22,330.36,319.4,322.14,5282
1576454400,320.08,320.08,309.47,316.66,3368
1576540800,316.32,322.48,314.95,321.8,7958
1576627200,323.85,323.85,318.03,318.71,1220
1576713600,318.03,321.11,315.98,315.98,2523
1576972800,315.29,325.22,313.24,324.88,4031
1577059200,325.22,325.9,318.37,324.54,7489
1577145600,330.36,330.36,318.37,318.37,3989
1577232000,323.51,323.51,316.66,317.0,3024
1577318400,321.11,322.48,318.37,321.11,2794
1577577600,319.06,319.06,318.37,318.37,9240
1577664000,318.37,323.17,318.37,320.43,1537
1577750400,326.25,326.25,319.74,321.8,1087
1577836800,321.11,322.14,319.4,320.43,1520
1577923200,320.43,320.77,318.37,318.37,2009
1578182400,318.71,321.11,318.37,320.77,3619
1578268800,320.43,324.54,320.08,323.17,4144
1578355200,318.37,324.19,318.37,323.51,3286
1578441600,329.33,329.33,318.37,321.8,4883
1578528000,321.8,338.57,321.8,335.49,10388
1578787200,338.92,361.86,338.92,361.86,25739
1578873600,361.86,365.97,349.19,351.58,29909
1578960000,352.61,357.75,345.42,349.19,10107
1579046400,354.32,357.41,347.82,351.58,6068
1579132800,356.04,356.04,346.45,350.9,13596
1579392000,349.87,381.03,349.53,369.73,48299
1579478400,369.73,370.42,349.87,355.01,22582
1579564800,352.95,368.7,349.19,362.88,16974
1579651200,369.05,369.05,356.04,364.25,11972
1579737600,369.39,378.29,364.6,374.18,54473
1579996800,378.29,378.29,362.2,362.54,6878
1580083200,366.31,369.73,362.88,369.73,10319
1580169600,376.24,398.84,369.73,397.12,32650
1580256000,400.89,418.69,400.89,413.22,55250
1580342400,415.96,432.73,411.85,420.75,44024
1580601600,421.09,434.44,421.09,426.23,35390
1580688000,426.57,434.1,421.43,431.36,19935
1580774400,430.68,431.02,418.01,419.04,17083
1580860800,424.52,426.57,414.93,420.41,10931
1580947200,425.88,425.88,416.64,420.75,7739
1581206400,414.24,420.75,409.11,412.53,7567
1581292800,414.24,414.24,407.05,413.9,11962
1581379200,421.43,423.15,416.64,418.69,16109
1581465600,421.09,421.09,414.24,415.61,13354
1581552000,419.72,421.09,414.24,418.35,37475
1581811200,425.2,448.48,423.15,448.48,56988
1581897600,456.7,472.11,451.91,454.99,88801
1581984000,448.48,460.47,446.77,454.65,49161
1582070400,462.18,462.18,446.77,451.91,40748
1582156800,451.91,472.45,452.59,472.45,83431
1582416000,479.3,494.71,476.56,488.54,77549
1582502400,488.54,496.42,484.43,486.15,91112
1582588800,495.12,532.95,495.12,532.95,92998
1582675200,543.19,564.56,537.85,542.3,39515
1582761600,539.63,548.98,518.71,532.95,38097
1583020800,532.95,539.18,504.47,510.7,38626
1583107200,508.92,509.81,462.18,462.18,18049
1583193600,462.18,493.34,431.47,477.76,44514
1583280000,468.86,477.76,444.82,457.73,35280
1583366400,449.27,466.63,441.26,452.83,27721
1583798400,453.28,453.28,431.47,431.47,9965
1583884800,439.48,464.4,427.46,464.4,48165
1583971200,467.08,467.08,435.47,439.92,28232
1584230400,444.37,444.37,402.09,406.54,24398
1584316800,406.54,416.33,393.19,406.54,23923
1584403200,413.22,413.22,391.41,397.64,31273
1584489600,390.96,396.3,375.38,385.17,15658
1584576000,385.62,402.53,372.71,391.85,21624
1584835200,393.19,393.63,386.51,393.19,410
1589241600,389.62,392.74,382.06,382.06,355
1589328000,374.94,374.94,371.38,371.38,20
1593388800,364.7,370.93,339.77,384.28,4037
1593475200,384.28,420.78,384.28,420.78,2652
1593561600,428.8,460.84,428.8,460.84,4537
1593648000,469.3,471.08,423.9,427.91,6266
1593907200,419.89,435.47,411.88,433.25,8758
1593993600,425.23,458.17,423.45,457.73,8348
1594080000,450.16,471.08,450.16,465.29,25441
1594166400,471.08,474.64,446.6,462.18,8958
1594252800,457.73,467.97,457.73,459.95,7121
1594512000,468.41,477.31,464.4,466.63,6645
1594598400,462.18,468.86,462.18,466.63,7711
1594684800,467.08,472.86,461.73,466.63,12455
1594771200,466.63,472.42,462.18,470.64,10398
1594857600,471.53,477.76,466.63,475.53,6997
1595116800,484.43,521.38,484.43,521.38,170
1595203200,546.31,556.54,477.31,493.34,18540
1595289600,493.34,513.81,488.89,504.47,35082
1595376000,511.14,530.73,502.24,521.82,43037
1595462400,526.72,558.77,517.82,555.65,67955
1595721600,560.1,590.37,560.1,586.81,68007
1595808000,597.94,599.28,564.56,571.23,44393
1595894400,565.45,581.03,565.45,570.34,24116
1595980800,562.78,571.23,556.1,557.88,30624
1596067200,561.44,566.78,552.09,561.44,40929
1596326400,551.65,561.89,547.2,553.43,53243
1596412800,546.31,561.89,546.31,557.43,15553
1596585600,551.65,552.09,538.74,546.31,24628
1596672000,540.96,546.75,534.73,542.3,17336
1596931200,537.85,551.2,533.84,551.2,19753
1597017600,560.1,577.91,552.54,572.57,27006
1597104000,575.68,581.47,566.78,571.23,18440
1597190400,571.23,573.46,563.22,571.23,24271
1597276800,566.78,572.12,564.11,566.78,23435
1597536000,567.23,567.23,554.76,558.77,16016
1597622400,562.33,569.9,559.21,567.67,16375
1597708800,577.91,581.47,568.12,570.79,18997
1597795200,560.1,570.79,560.1,562.33,14212
1597881600,572.57,572.57,561.44,562.33,5674
1598140800,570.79,570.79,560.55,569.01,15272
1598227200,579.69,590.37,572.57,572.57,19767
1598313600,572.57,573.46,565.0,571.23,28303
1598400000,575.24,586.81,570.34,579.69,47801
1598486400,586.37,586.37,573.46,573.46,14709
1598745600,573.46,577.91,566.78,569.01,11434
1598832000,596.6,608.62,571.68,586.81,48226
1599004800,597.94,620.64,587.7,593.49,134591
1599091200,597.94,613.52,591.26,611.29,98746
1599350400,640.67,640.67,611.29,619.31,61120
1599436800,617.97,623.76,610.85,613.52,50830
1599523200,643.34,643.34,607.73,613.96,27212
1599609600,615.74,629.1,615.74,626.87,56841
1599696000,629.1,644.23,626.87,634.88,45779
1599955200,646.46,646.9,632.21,643.34,57457
1600041600,640.23,644.68,622.87,626.87,45703
1600128000,626.87,633.55,622.42,628.65,41451
1600214400,632.21,632.21,623.31,625.98,23709
1600300800,625.98,638.0,625.09,635.33,40613
1600560000,631.32,635.33,627.32,635.33,26762
1600646400,634.88,638.0,629.1,632.66,47165
1600732800,620.64,632.66,604.17,612.63,237796
1600819200,601.06,617.53,601.06,617.53,81883
1600905600,619.75,620.2,610.85,611.29,35048
1601164800,609.51,613.52,604.62,605.06,28062
1601251200,602.39,610.85,602.39,604.62,25947
1601337600,605.51,608.62,603.73,606.4,20507
1601424000,598.83,606.84,598.83,603.73,13647
1601510400,608.62,632.66,604.17,629.1,99031
1601769600,631.32,639.78,621.09,623.76,42879
1601856000,623.76,630.88,613.96,615.3,15207
1601942400,620.2,621.98,612.63,612.63,24413
1602028800,615.3,617.08,609.07,611.74,17039
1602115200,617.08,617.08,609.07,610.4,20350
1602374400,610.4,613.07,604.62,605.51,13230
1602460800,605.51,613.52,604.62,607.29,12588
1602547200,608.18,614.85,605.95,606.84,9508
1602633600,606.84,607.73,604.62,604.62,3547
1602720000,613.52,613.52,602.39,602.39,10094
1602979200,613.07,613.96,604.17,609.51,18210
1603065600,613.07,615.3,609.07,615.3,22027
1603152000,616.19,617.08,611.29,614.85,20920
1603238400,623.76,623.76,612.18,614.41,2813
1603324800,613.52,613.52,611.74,612.63,3808
1603843200,613.07,619.75,610.85,617.97,8637
1603929600,628.21,629.1,617.97,628.65,19668
1604188800,631.32,642.45,631.32,637.11,53142
1604275200,635.33,635.77,631.32,631.32,13279
1604361600,631.32,639.34,629.1,638.45,24244
1604448000,631.77,641.12,629.54,634.44,20887
1604534400,632.21,635.77,629.99,634.44,21268
1604793600,627.76,644.68,627.76,639.78,87960
1604880000,644.68,655.36,640.67,646.9,50095
1604966400,647.35,652.24,640.67,646.9,23639
1605052800,653.58,675.84,647.79,673.61,79735
1605139200,674.06,678.06,663.82,675.39,40477
1605657600,673.61,735.93,673.61,730.58,103006
1605744000,731.48,744.38,718.12,721.24,59797
1606003200,729.25,729.25,685.63,697.65,80215
1606089600,697.65,697.65,684.74,690.97,72771
1606176000,703.88,723.46,695.42,723.02,94195
1606262400,736.82,780.44,736.37,773.76,92968
1606348800,820.94,820.94,768.87,782.22,100016
1606608000,782.22,782.22,755.96,767.08,58955
1606694400,778.21,805.81,761.3,780.88,64678
1606780800,795.13,796.02,761.3,775.99,72462
1606867200,773.76,791.12,755.51,777.32,64018
1606953600,782.66,796.02,770.2,770.65,62645
1607212800,769.31,769.31,744.38,744.83,63921
1607299200,742.6,784.89,724.8,760.41,53313
1607385600,773.76,778.21,747.5,757.29,50938
1607472000,751.51,760.41,741.27,747.05,51231
1607558400,738.15,762.63,738.15,751.51,25939
1607817600,758.18,774.21,753.73,772.43,48376
1607904000,796.02,847.65,776.43,847.65,138355
1607990400,862.78,876.14,816.05,818.27,103404
1608076800,818.27,831.63,784.89,791.57,83318
1608163200,806.7,808.93,767.08,779.99,97977
1608422400,817.83,817.83,747.05,747.05,80047
1608508800,738.15,767.08,716.79,755.96,71844
1608595200,770.65,829.85,755.96,829.85,82267
1608681600,862.78,870.35,809.37,824.5,90800
1608768000,809.37,837.86,790.23,800.02,79130
1609027200,773.76,819.61,772.87,775.54,43879
1609113600,782.66,782.66,762.63,772.87,38157
1609200000,772.87,773.76,755.96,763.97,26294
1609286400,769.31,782.66,765.75,773.76,25815
1609372800,782.66,804.03,769.31,771.98,39974
1609632000,782.66,802.25,781.33,801.36,48532
1609718400,816.94,861.45,808.93,840.53,138474
1609804800,881.48,882.37,842.75,860.56,362719
1609891200,876.14,877.03,840.53,844.98,107218
1609977600,847.21,847.65,832.07,833.85,80188
1610236800,833.85,838.3,820.5,823.17,68659
1610323200,831.63,838.75,820.5,826.29,44791
1610409600,833.85,836.08,828.51,831.63,23983
1610496000,833.85,844.98,832.07,837.41,49017
1610841600,841.86,849.43,836.97,847.65,36713
1610928000,871.69,871.69,849.43,851.21,31367
1611014400,856.11,858.33,832.07,845.87,42497
1611100800,887.27,918.42,845.43,917.09,129564
1611187200,961.6,987.42,933.11,970.5,106846
1611446400,1018.13,1018.13,951.81,976.29,96114
1611532800,978.96,985.19,961.6,967.83,90801
1611619200,969.61,1000.77,958.49,1000.77,107645
1611705600,1029.7,1080.45,1014.57,1080.45,105904
1611792000,1085.79,1158.79,1085.79,1140.09,107001
1612051200,1174.37,1174.37,1101.37,1114.72,132791
1612137600,1129.86,1136.53,1107.6,1129.41,82799
1612224000,1140.98,1185.49,1129.41,1178.82,134592
1612310400,1205.53,1218.88,1152.11,1164.57,75095
1612396800,1143.21,1174.37,1143.21,1161.01,44703
1612656000,1174.37,1241.13,1165.46,1231.79,118303
1612742400,1232.23,1240.69,1197.07,1210.42,47377
1612828800,1217.1,1218.88,1174.37,1189.5,39991
1612915200,1207.75,1241.13,1173.03,1241.13,123804
1613001600,1245.59,1245.59,1207.75,1209.53,68932
1613260800,1174.37,1220.21,1174.37,1193.51,48009
1613347200,1216.65,1240.24,1197.07,1218.88,70442
1613433600,1227.78,1264.28,1219.77,1250.04,110548
1613520000,1252.26,1263.39,1236.68,1247.81,54115
1613606400,1247.81,1250.04,1230.01,1234.01,30555
1613865600,1234.01,1281.2,1221.1,1261.16,97986
1613952000,1281.2,1285.65,1249.59,1276.74,106765
1614038400,1285.65,1285.65,1232.23,1261.16,78148
1614124800,1263.39,1285.65,1250.04,1256.71,44703
1614211200,1265.62,1265.62,1236.68,1239.8,37735
1614470400,1300.78,1361.76,1270.96,1274.07,356214
1614556800,1303.45,1303.45,1258.94,1276.74,106096
1614643200,1285.65,1296.77,1212.2,1232.23,78447
1614729600,1232.23,1232.23,1196.62,1196.62,90821
1614816000,1255.38,1255.38,1207.75,1240.24,89475
1615075200,1301.23,1301.23,1207.75,1213.98,54180
1615248000,1227.78,1230.01,1181.04,1184.16,246807
1615334400,1239.81,1239.81,1137.44,1137.44,63199
1615680000,1154.51,1154.51,1061.8,1064.08,58602
1615766400,1057.82,1091.95,1027.68,1038.49,54876
1615852800,1086.26,1086.26,1025.97,1039.62,27426
1615939200,1059.53,1091.95,1039.06,1079.43,23490
1616025600,1097.63,1126.07,1069.2,1095.93,48789
1616284800,1116.97,1145.98,1100.48,1145.41,43377
1616371200,1201.71,1201.71,1132.89,1136.88,42400
1616457600,1192.61,1192.61,1131.76,1152.23,53828
1616544000,1173.84,1173.84,1146.54,1148.25,33658
1616630400,1131.76,1168.16,1122.66,1124.93,28197
1616976000,1126.07,1136.88,1113.56,1115.83,18089
1617062400,1115.83,1176.12,1115.83,1134.6,32338
1617148800,1190.34,1190.34,1134.6,1145.41,26107
1617235200,1201.71,1201.71,1128.91,1143.13,29545
1617494400,1146.54,1154.51,1131.76,1140.29,33624
1617580800,1153.94,1153.94,1132.33,1136.88,20698
1617667200,1159.06,1159.06,1127.21,1130.05,20822
1617753600,1148.82,1152.23,1109.01,1112.99,23516
1617840000,1058.39,1141.99,1058.39,1116.4,20929
1618185600,1120.95,1131.76,1104.46,1114.13,31392
1618272000,1119.81,1126.07,1109.01,1109.01,14475
1618444800,1109.01,1121.52,1106.16,1107.87,21429
1618704000,1119.81,1120.38,1097.06,1098.2,18021
1618790400,1097.06,1106.16,1086.83,1089.67,15108
1618876800,1089.1,1097.63,1072.61,1085.12,19879
1618963200,1080.57,1091.95,1066.35,1068.06,20607
1619049600,1068.06,1069.2,1049.29,1065.22,20662
1619308800,1074.88,1074.88,1035.07,1035.64,39759
1619395200,1021.42,1035.07,1009.48,1015.17,34502
1619481600,1015.17,1052.14,1015.17,1051.57,25275
1619568000,1052.14,1073.75,1035.64,1058.96,10849
1619654400,1056.69,1069.2,1052.7,1057.82,10546
1619913600,1063.51,1121.52,1063.51,1120.38,30493
1620000000,1143.13,1153.94,1102.75,1116.4,26008
1620086400,1117.54,1125.5,1095.93,1109.58,10811
1620172800,1091.95,1114.13,1091.95,1103.89,9076
1620259200,1098.77,1103.32,1088.53,1090.81,13879
1620518400,1081.14,1091.95,1063.51,1074.88,11868
1620604800,1063.51,1091.95,1063.51,1089.1,7613
1620691200,1086.26,1122.09,1086.26,1103.32,14597
1620777600,1124.36,1124.36,1093.65,1098.77,12888
1620864000,1152.8,1152.8,1101.05,1117.54,30959
1621123200,1172.14,1227.3,1160.76,1227.3,112745
1621209600,1287.59,1347.87,1257.44,1279.62,141558
1621296000,1296.69,1296.69,1245.5,1267.68,49183
1621382400,1268.25,1268.25,1229.58,1238.68,57923
1621468800,1250.05,1251.19,1238.68,1239.25,34188
1621728000,1211.38,1239.81,1200.0,1230.71,35065
1621814400,1177.25,1262.56,1177.25,1225.03,32458
1621900800,1225.03,1234.13,1215.93,1222.18,27487
1622073600,1222.18,1222.18,1183.51,1202.85,51612
1622332800,1217.07,1225.6,1194.32,1194.32,46163
1622419200,1200.0,1209.67,1174.41,1177.25,53047
1622505600,1182.94,1182.94,1148.25,1165.31,41556
1622592000,1211.38,1240.95,1171.57,1238.68,98688
1622678400,1245.5,1268.25,1239.81,1242.09,63685
1622937600,1302.94,1302.94,1217.07,1218.2,35966
1623024000,1211.38,1236.97,1204.55,1226.16,67327
1623110400,1250.05,1250.05,1219.91,1236.97,29501
1623196800,1251.19,1259.72,1225.6,1225.6,29480
1623283200,1285.31,1285.31,1212.52,1219.34,26919
1623542400,1219.34,1299.53,1202.85,1268.25,128297
1623628800,1325.12,1325.12,1264.84,1281.33,83124
1623715200,1296.69,1296.69,1262.56,1267.68,39207
1623801600,1268.25,1272.23,1232.42,1246.07,40413
1623888000,1246.07,1246.07,1227.87,1227.87,39950
1624147200,1251.19,1251.19,1193.18,1202.85,42122
1624233600,1205.69,1206.83,1162.47,1164.74,50320
1624320000,1166.45,1222.75,1165.88,1198.87,33157
1624406400,1189.2,1210.24,1174.41,1177.25,31090
1624492800,1189.77,1200.0,1160.76,1165.31,27300
1624752000,1171.57,1188.63,1148.82,1163.04,18388
1624838400,1178.96,1179.53,1160.19,1163.61,15524
1624924800,1176.69,1176.69,1155.07,1156.78,18232
1625011200,1149.96,1157.35,1143.7,1148.25,17414
1625097600,1148.82,1163.04,1126.07,1145.98,24585
1625356800,1160.19,1163.04,1140.29,1144.27,17695
1625443200,1163.04,1163.04,1123.23,1131.76,26942
1625529600,1132.33,1143.13,1126.07,1131.76,20185
1625616000,1131.76,1131.76,1113.56,1117.54,21545
1625702400,1120.38,1126.07,1111.85,1115.83,25406
1625961600,1154.51,1154.51,1123.23,1148.25,37895
1626048000,1154.51,1165.88,1126.07,1136.88,40044
1626134400,1137.44,1154.51,1126.07,1128.91,31450
1626220800,1140.29,1145.98,1126.07,1133.46,18276
1626307200,1135.17,1140.29,1124.36,1127.21,28977
1626566400,1143.13,1165.88,1137.44,1165.88,30566
1626652800,1182.94,1207.97,1174.41,1190.28,33682
1626739200,1208.48,1208.48,1176.69,1181.8,26457
1626912000,1202.85,1204.55,1174.52,1177.25,32128
1627171200,1188.63,1198.87,1165.88,1171.45,42093
1627257600,1174.98,1188.63,1170.71,1174.41,31140
1627344000,1173.84,1181.8,1168.16,1170.43,30316
1627430400,1187.49,1216.95,1174.41,1211.38,71998
1627516800,1235.26,1235.26,1200.0,1200.0,40770
1627776000,1208.53,1210.81,1182.94,1185.79,33869
1627862400,1205.12,1209.1,1177.25,1181.8,30507
1627948800,1200.0,1200.0,1176.69,1178.39,29911
1628035200,1197.16,1197.73,1174.98,1177.25,36481
1628121600,1177.25,1184.08,1172.7,1177.82,27470
1628380800,1196.59,1219.91,1169.86,1176.4,32208
1628467200,1199.55,1199.55,1165.88,1177.25,24640
1628553600,1180.1,1191.47,1173.84,1182.94,23635
1628640000,1182.94,1190.34,1182.94,1186.92,20727
1628726400,1186.92,1191.47,1180.67,1183.51,24011
1628985600,1183.51,1188.63,1165.88,1168.72,49992
1629072000,1174.41,1177.25,1152.23,1153.37,38683
1629158400,1165.31,1165.31,1143.13,1144.27,34755
1629244800,1144.27,1154.51,1142.56,1142.56,26318
1629331200,1140.29,1203.42,1137.44,1170.43,41506
1629763200,1193.18,1205.41,1171.0,1171.57,20502
1629849600,1171.57,1171.57,1151.66,1151.66,14003
1629936000,1151.66,1165.88,1140.29,1143.13,23861
1630195200,1161.9,1163.04,1128.91,1136.88,22866
1630368000,1131.76,1140.29,1114.7,1114.7,18220
1630454400,1114.7,1126.64,1103.32,1103.89,19160
1630540800,1105.6,1111.85,1086.26,1086.83,24633
1630800000,1089.1,1089.1,1031.09,1047.3,41932
1630886400,1052.14,1103.32,1040.76,1103.32,21508
1630972800,1103.32,1123.23,1066.58,1091.38,14460
1631059200,1079.43,1089.1,1054.98,1057.25,20139
1631145600,1057.25,1077.73,1040.76,1063.51,38117
1631404800,1083.42,1103.89,1065.79,1074.32,20151
1631491200,1094.79,1094.79,1078.3,1083.42,9736
1631577600,1083.42,1095.93,1066.35,1077.73,9268
1631664000,1074.88,1083.42,1060.67,1066.35,15842
1631750400,1064.36,1064.36,1034.22,1037.35,24543
1632096000,1054.98,1054.98,987.87,998.11,32225
1632182400,986.73,1040.76,965.12,1003.79,27449
1632268800,1023.13,1040.76,1009.48,1029.39,16895
1632355200,1049.29,1049.29,1029.96,1032.23,14711
1632614400,1040.76,1040.76,1015.17,1015.17,10823
1632700800,1015.17,1015.17,979.34,981.61,16544
1632787200,970.24,978.2,949.77,961.08,26437
1632873600,960.0,977.69,949.77,977.63,16051
1632960000,991.85,995.26,975.36,979.34,14066
1633219200,979.34,981.61,953.18,958.3,21480
1633305600,948.63,974.79,941.24,962.28,11190
1633392000,980.99,1003.23,956.59,999.24,25871
1633478400,1012.33,1040.76,995.26,1040.76,17557
1633824000,1052.14,1063.51,1009.48,1012.33,23971
1633910400,1000.95,1002.15,983.89,995.26,14183
1634428800,1014.6,1014.6,983.89,1000.95,3410
1634515200,983.89,995.26,966.83,977.63,9963
1634601600,958.87,961.14,935.55,946.92,16446
1634688000,965.52,1000.89,955.45,958.3,8672
1634774400,958.87,969.67,949.77,961.14,17409
1635033600,957.73,966.83,955.45,965.69,7803
1635120000,984.46,996.69,978.2,995.83,8634
1635206400,1014.6,1040.76,1004.93,1037.35,14477
1635292800,1052.14,1057.25,1034.51,1041.33,24536
1635379200,1040.19,1045.31,1029.39,1036.78,9321
1635638400,1049.29,1060.67,1035.07,1060.1,9954
1635724800,1080.57,1080.57,1052.14,1053.84,12924
1635811200,1037.92,1055.55,1037.35,1054.98,11842
1635897600,1075.45,1075.45,1058.96,1066.92,9177
1636329600,1066.98,1073.18,1040.76,1049.29,9148
1636416000,1040.76,1040.76,1010.62,1020.97,13448
1636588800,1008.34,1035.07,983.89,993.56,10160
1636848000,1000.95,1006.64,986.73,1000.44,8269
1636934400,1019.72,1019.72,1003.79,1012.33,6627
1637020800,1012.33,1016.25,992.42,1003.79,9486
1637107200,1012.33,1031.66,1012.33,1017.44,6401
1637193600,1001.01,1020.29,1001.01,1004.36,8037
1637452800,1018.01,1018.01,1000.95,1004.48,7387
1637539200,1018.01,1018.01,1006.64,1006.64,6531
1637625600,1000.95,1006.64,991.28,996.4,7719
1637712000,1003.79,1003.79,978.2,989.52,16964
1637798400,990.43,998.11,966.83,993.56,10788
1638057600,984.46,989.58,952.04,955.45,19694
1638144000,944.08,974.22,937.82,952.04,14160
1638230400,955.45,963.98,946.35,955.45,3876
1638316800,961.14,974.22,953.18,969.67,12627
1638403200,969.67,987.3,956.02,956.59,7973
1638662400,956.59,956.59,938.39,946.92,15166
1638748800,936.12,955.45,915.07,947.49,11674
1638835200,947.49,961.14,921.33,937.82,8529
1638921600,919.62,937.65,915.59,918.49,13203
1639008000,931.57,931.57,904.84,919.05,9241
1639267200,927.02,928.72,871.85,874.69,15041
1639353600,857.63,857.63,805.88,827.49,22592
1639440000,841.71,870.14,827.49,869.52,7539
1639526400,886.07,918.49,852.51,884.36,20683
1639612800,900.23,900.29,853.08,868.44,6895
1639958400,856.04,858.77,838.87,849.1,10964
1640044800,853.65,857.06,847.4,856.21,6963
1640131200,858.77,898.58,858.77,890.05,12068
1640217600,906.6,977.35,891.19,977.06,42007
1640476800,996.23,1009.48,960.57,1003.79,34293
1640563200,1023.53,1023.53,955.45,959.43,31837
1640649600,946.92,965.69,925.54,955.45,11810
1640736000,974.22,974.22,944.08,959.72,6887
1641081600,974.79,986.73,959.43,985.03,15041
1641168000,1004.36,1023.7,992.48,1012.33,38932
1641254400,1012.89,1015.17,1000.95,1004.36,15126
1641340800,1009.48,1020.86,996.4,1006.64,31867
1641427200,1006.64,1023.7,1001.01,1006.64,11809
1641686400,1015.17,1040.76,1015.17,1020.86,19425
1641772800,1021.99,1039.06,1020.86,1027.68,22040
1641859200,1028.25,1062.94,1028.25,1057.82,45516
1641945600,1060.1,1072.04,1029.39,1037.92,30054
1642032000,1051.57,1060.67,1041.9,1053.84,30918
1642291200,1053.84,1086.26,1060.67,1068.63,29960
1642377600,1089.1,1107.3,1063.51,1105.6,42110
1642464000,1109.01,1128.34,1101.05,1105.6,41479
1642550400,1109.01,1121.52,1097.63,1110.71,33075
1642636800,1111.85,1168.67,1103.89,1159.62,89152
1642896000,1182.43,1243.8,1174.98,1186.87,84066
1642982400,1194.32,1194.32,1141.99,1145.41,82920
1643068800,1154.51,1159.85,1114.7,1139.72,51203
1643155200,1154.51,1154.51,1114.7,1118.22,40311
1643241600,1140.23,1182.94,1137.73,1152.23,55151
1643500800,1174.92,1221.62,1171.57,1178.39,49964
1643587200,1178.39,1187.95,1153.94,1154.51,47626
1643673600,1173.84,1174.41,1148.82,1152.8,37556
1643846400,1157.35,1171.57,1143.13,1146.54,134452
1644105600,1169.41,1219.91,1169.41,1182.94,87486
1644192000,1159.28,1205.12,1159.28,1171.11,20634
1644278400,1194.48,1217.69,1153.37,1154.85,23862
1644364800,1153.37,1160.02,1125.27,1129.71,21734
1644451200,1123.79,1131.19,1109.01,1115.66,21953
1644710400,1101.61,1101.61,1053.56,1059.47,38720
1644796800,1038.33,1079.43,1035.07,1072.04,19759
1644883200,1090.52,1092.74,1069.08,1089.79,14042
1644969600,1106.79,1106.79,1072.78,1072.85,9205
1645056000,1075.74,1083.13,1071.3,1075.74,9030
1645315200,1054.22,1074.26,1034.33,1055.04,11486
1645401600,1072.04,1085.28,1054.3,1057.25,12244
1645488000,1075.74,1077.96,1057.25,1071.3,7886
1645574400,1070.56,1075.74,1057.25,1064.65,5145
1645660800,1057.25,1060.95,1027.68,1038.03,19905
1645920000,1038.03,1057.99,1031.38,1032.19,9837
1646006400,1052.08,1053.56,1025.46,1027.68,11149
1646179200,1027.68,1027.68,994.78,995.89,13633
1646524800,995.89,1006.98,979.62,1006.91,8953
1646611200,1024.65,1024.65,1005.5,1005.5,5514
1646784000,1025.61,1025.61,998.26,1001.8,5855
1646870400,992.19,1009.94,992.19,1009.05,5726
1647129600,1016.59,1064.65,1016.59,1055.92,14987
1647216000,1057.25,1071.3,1050.6,1053.56,3863
1647302400,1053.56,1053.56,1038.03,1038.03,8632
1647388800,1055.04,1055.04,1035.81,1042.47,4590
1647734400,1042.47,1055.04,1027.68,1031.38,8108
1647820800,1035.07,1035.07,1013.63,1031.38,4059
1647907200,1035.07,1049.86,1029.16,1033.0,7472
1647993600,1044.54,1044.61,1023.98,1031.38,2636
1648080000,1045.42,1045.42,1020.29,1021.77,6235
1648339200,1021.77,1055.78,986.28,1005.5,15724
1648425600,1020.29,1020.29,979.62,984.8,8261
1648512000,1004.02,1004.02,972.23,972.23,4764
1648598400,972.3,984.8,964.84,978.15,6051
1648684800,978.15,988.5,961.14,970.75,5881
1648944000,987.02,987.76,958.92,958.92,7002
1649030400,977.78,977.78,947.09,953.75,9617
1649116800,942.66,946.35,914.64,925.65,11842
1649203200,913.08,916.78,889.42,890.9,14819
1649289600,890.9,909.39,887.21,893.27,7047
1649635200,911.09,923.8,876.12,876.56,11689
1649721600,876.56,885.73,853.94,855.41,8179
1649808000,871.68,871.68,838.34,865.03,8407
1650153600,882.03,882.03,850.98,857.63,6780
1650240000,850.24,852.46,839.15,840.63,5065
1650326400,840.63,845.8,828.06,836.19,6974
1650412800,819.48,849.5,819.48,835.45,4822
1650499200,828.06,842.85,828.06,839.15,5037
1650758400,855.93,856.15,839.15,853.2,9537
1650844800,836.93,885.73,836.93,848.02,10170
1650931200,831.76,847.28,831.76,837.67,8010
1651017600,828.13,842.11,826.58,840.63,5574
1651104000,849.5,850.24,836.93,836.93,3398
1651449600,853.2,853.2,820.67,831.02,4414
1651622400,831.76,845.8,799.96,815.64,6451
1651708800,802.18,829.54,792.57,796.27,6248
1651968000,807.36,807.36,765.22,783.7,9365
1652054400,791.09,797.01,787.4,797.01,4863
1652140800,795.53,796.27,781.63,796.27,10296
1652227200,811.79,820.67,791.09,818.45,7126
1652313600,802.18,834.71,802.18,823.62,5493
1652745600,823.62,829.54,798.49,799.23,5557
1652832000,814.75,814.75,789.61,798.49,8680
1652918400,813.27,814.31,794.79,795.53,4419
1653004800,795.53,795.53,780.74,780.74,2559
1653264000,780.82,780.82,765.22,766.69,3513
1653350400,766.69,774.83,754.13,771.13,2300
1653436800,776.31,790.35,776.31,788.14,4175
1653523200,794.79,800.7,785.18,791.83,2418
1653609600,791.83,794.79,780.08,794.79,2260
1653868800,809.58,809.58,777.78,777.78,6204
1653955200,771.87,790.72,757.82,759.3,4538
1654041600,746.73,754.13,683.37,683.37,39573
1654128000,669.77,669.77,632.87,660.23,32880
1654214400,656.53,659.49,637.61,641.01,14657
1654473600,643.22,666.88,641.01,656.53,11983
1654560000,656.53,658.01,646.18,648.4,12754
1654646400,657.27,672.65,649.88,660.23,14832
1654732800,672.58,682.78,654.31,655.79,22383
1654819200,643.96,657.27,643.96,657.27,9374
1655078400,658.01,658.01,639.53,643.22,8462
1655164800,635.83,635.83,604.78,605.52,30048
1655251200,593.69,598.86,570.99,573.73,27096
1655337600,569.29,572.99,558.2,563.75,30276
1655424000,574.47,585.56,567.81,572.99,6354
1655596800,573.73,573.73,560.57,562.64,9791
1655683200,572.99,572.99,540.46,543.41,16333
1655769600,543.41,569.29,539.72,551.55,13640
1655856000,562.49,562.49,538.98,543.41,7759
1655942400,535.28,536.02,524.93,526.41,12639
1656028800,517.91,538.24,514.58,530.85,7605
1656201600,530.85,563.3,524.93,561.16,18495
1656288000,571.51,574.1,558.2,561.9,17578
1656374400,554.5,569.29,549.33,549.33,9399
1656460800,540.46,569.29,540.46,567.81,9889
1656547200,576.68,602.56,569.29,602.56,21757
1656633600,612.91,615.35,590.73,609.22,12950
1656806400,619.57,634.94,605.52,632.13,15733
1656892800,635.83,677.97,626.96,650.62,34074
1656979200,650.62,661.71,623.26,626.96,19304
1657065600,626.96,626.96,586.89,610.69,19857
1657152000,622.89,646.18,605.52,605.52,13632
1657238400,595.24,607.07,591.47,591.47,8804
1657497600,579.64,579.64,555.1,559.68,23979
1657584000,561.9,570.77,554.28,564.85,16357
1657670400,576.09,584.08,561.9,583.34,9018
1657756800,591.47,601.82,587.03,595.17,15558
1657843200,595.17,606.26,595.17,596.65,9888
1658016000,606.26,606.26,584.82,598.86,11675
1658102400,610.84,620.97,606.26,617.35,24470
1658188800,628.44,646.92,628.44,635.83,16166
1658275200,648.4,650.62,628.44,649.14,13282
1658361600,654.31,654.31,638.79,643.22,14221
1658448000,633.61,641.75,621.04,627.7,10702
1658620800,639.53,648.33,630.66,647.66,10139
1658707200,660.23,670.58,651.36,665.4,20796
1658793600,675.61,675.61,646.92,647.14,14247
1658880000,634.35,650.62,634.35,643.22,11381
1658966400,635.83,660.97,635.83,643.22,15560
1659052800,643.22,652.1,630.66,644.7,8314
1659225600,657.27,697.86,646.92,692.39,63851
1659312000,706.07,715.68,680.19,686.11,23314
1659398400,698.68,698.68,680.19,688.32,15723
1659484800,688.32,689.8,673.54,673.69,14968
1659571200,673.69,673.69,650.62,652.84,27193
1659657600,650.62,654.31,638.35,638.35,13751
1659830400,641.75,650.62,637.31,638.05,11847
1659916800,639.53,643.22,628.44,630.66,14359
1660003200,629.18,637.31,613.65,617.5,15855
1660089600,628.44,628.44,606.26,612.17,13854
1660176000,624.3,624.3,604.04,604.78,6403
1660435200,598.86,609.95,591.47,591.54,9131
1660521600,603.37,618.09,600.34,615.94,18435
1660608000,627.7,631.4,612.99,613.65,12148
1660694400,613.65,621.78,604.78,612.17,1915
1660780800,617.35,617.35,606.26,616.61,8566
1661040000,617.35,626.96,613.65,615.13,4250
1661126400,616.61,616.61,606.26,609.95,3992
1661212800,621.04,621.04,607.74,609.95,2940
1661299200,610.69,613.65,603.3,608.48,3161
1661385600,602.56,612.17,600.34,602.56,4228
1661472000,602.56,604.04,598.27,598.27,2884
1661644800,597.9,597.9,579.27,579.64,13885
1661731200,571.51,579.64,568.55,577.5,5535
1661817600,587.03,587.03,570.1,571.58,6494
1661904000,574.47,576.68,565.59,565.59,9107
1661990400,569.29,586.96,560.42,572.25,8596
1662076800,572.25,581.86,570.4,572.99,3680
1662249600,584.08,595.17,561.9,579.64,10732
1662336000,569.29,587.03,561.9,575.94,17284
1662422400,572.99,583.26,568.4,569.29,5755
1662508800,569.29,575.21,565.59,567.81,3102
1662595200,565.59,575.94,559.68,559.68,9085
1662854400,560.49,569.29,558.2,559.68,6207
1662940800,569.29,569.29,549.33,550.81,9034
1663027200,558.2,568.55,554.5,561.16,6963
1663113600,569.29,580.38,568.55,576.54,4936
1663200000,580.38,580.38,551.55,551.99,15912
1663286400,542.01,550.81,530.85,547.11,6377
1663459200,547.11,547.11,532.32,536.76,6283
1663632000,536.76,536.76,518.05,519.83,14139
1663718400,511.62,535.87,510.22,519.83,8366
1663804800,519.76,534.62,517.54,526.41,8833
1664064000,535.95,535.95,517.54,524.93,9017
1664236800,524.93,532.32,524.93,524.93,4651
1664323200,531.51,531.58,521.97,524.19,3374
1664409600,528.63,528.63,521.23,527.89,10236
1665273600,528.63,541.2,528.63,536.02,6170
1665360000,539.72,539.72,528.63,529.37,11919
1665446400,523.45,528.63,523.45,523.45,4506
1665532800,528.63,530.85,520.49,525.67,4209
1665619200,525.67,535.43,521.23,524.93,11627
1665878400,524.93,532.32,517.54,526.41,11878
1665964800,524.93,527.81,519.76,519.76,3296
1666137600,521.23,524.19,516.8,519.02,5066
1666224000,519.76,521.97,516.8,519.76,4683
1666483200,523.08,527.89,521.23,524.93,6411
1667174400,528.63,532.32,524.19,527.89,7503
1667260800,527.89,545.63,524.93,542.67,18058
1667347200,543.41,561.9,541.2,551.55,11288
1667433600,548.59,561.16,543.41,558.13,6570
1667692800,547.85,575.21,547.85,572.99,12111
1667779200,576.68,582.6,564.85,565.59,14775
1667865600,565.59,576.68,561.9,567.81,8529
1667952000,559.68,561.97,545.63,545.63,7192
1668038400,539.72,555.24,535.28,536.76,6418
1668297600,536.76,547.11,533.06,533.8,2804
1668384000,532.32,546.89,530.18,545.63,4097
1668470400,547.11,556.65,539.72,544.15,4284
1668556800,550.81,550.81,541.94,548.59,4846
1668643200,557.46,561.9,550.81,560.42,8197
1669075200,571.51,572.99,558.2,565.59,5782
1669161600,575.94,575.94,558.2,558.94,4137
1669248000,558.94,569.29,558.94,558.94,3115
1669507200,558.94,572.99,558.94,571.88,6591
1669593600,576.68,576.68,565.59,565.59,11330
1669680000,562.64,573.73,558.94,570.77,3338
1669766400,570.77,576.61,567.07,575.94,4373
1669852800,580.38,580.38,569.29,572.99,5706
1670112000,572.99,581.86,572.99,578.9,8297
1670198400,584.08,584.08,570.77,570.77,32779
1670284800,565.59,576.68,560.42,576.68,4164
1670371200,587.77,587.77,569.29,574.47,4920
1670716800,570.77,572.99,550.81,558.2,9741
1670803200,547.85,565.59,547.85,565.59,2921
1670889600,565.59,574.98,564.85,567.89,2431
1670976000,576.68,576.68,561.9,569.29,3257
1671062400,569.29,569.29,561.16,561.16,2038
1671321600,572.32,583.34,558.2,565.59,9989
1671408000,565.59,565.59,554.28,556.87,11344
1671494400,564.71,565.59,558.2,564.19,7732
1671580800,564.12,567.74,560.42,560.42,5855
1671667200,565.59,565.59,558.2,560.42,9286
1672012800,571.58,584.08,568.55,583.34,16105
1672099200,594.95,628.44,591.47,613.65,23329
1672185600,621.04,625.48,602.56,618.83,12888
1672272000,609.95,644.7,607.0,644.7,22044
1672531200,654.31,676.49,651.36,658.75,27155
1672617600,650.62,666.88,650.62,664.59,21209
1672704000,658.01,666.88,650.62,653.58,17726
1672790400,655.05,674.28,654.31,673.54,25692
1672876800,673.54,683.89,665.4,679.38,23286
1673136000,683.89,713.46,673.54,699.41,35371
1673222400,702.37,727.51,702.37,724.55,33721
1673308800,733.42,746.73,689.8,697.94,45556
1673481600,711.24,725.44,671.32,677.16,37481
1673913600,675.76,696.46,675.76,695.72,14225
1674000000,709.62,720.12,702.74,713.09,25853
1674086400,717.16,724.55,709.77,712.72,13324
1674432000,720.78,722.33,695.64,695.64,19910
1674518400,702.37,702.37,681.74,691.28,8746
1674604800,703.85,709.03,694.98,700.89,14708
1674691200,706.07,716.42,701.63,709.77,15080
1674950400,695.72,709.77,694.98,700.3,19240
1675036800,702.37,713.39,692.02,693.5,38652
1675123200,694.68,703.26,664.67,668.1,29713
1675209600,681.39,681.39,655.32,659.52,11834
1675296000,660.38,668.95,656.09,662.95,12582
1675555200,672.38,673.24,656.26,656.43,9427
1675641600,651.89,656.09,645.8,654.37,6018
1675728000,664.67,677.53,655.4,677.53,22485
1675814400,686.11,692.2,677.53,681.82,18605
1675900800,675.81,684.91,668.35,680.96,9951
1676160000,677.53,677.53,652.66,659.52,23848
1676332800,651.8,657.8,649.31,653.52,13946
1676419200,666.38,666.38,650.09,651.72,4223
1676505600,651.8,655.23,643.22,644.94,9730
1676851200,638.94,643.22,634.65,643.22,9154
1677024000,643.22,655.23,638.94,645.8,3876
1677110400,644.08,644.94,634.65,637.14,7066
1677369600,630.36,636.36,605.49,632.93,10344
1677456000,635.51,648.37,628.64,643.22,5593
1677542400,639.79,642.37,630.36,632.93,6081
1677628800,645.54,645.54,626.07,626.07,6825
1677715200,617.58,626.07,613.29,613.29,8813
1677974400,617.5,617.5,608.06,609.86,6742
1678147200,604.63,624.36,604.63,615.09,3770
1678320000,627.36,639.79,619.21,625.21,8073
1678579200,637.22,637.22,625.21,626.93,7938
1678665600,618.35,625.21,614.92,621.78,4150
1678752000,618.35,639.11,616.64,638.94,9385
1678838400,638.94,643.22,628.64,642.37,9745
1678924800,638.94,643.22,627.79,643.22,7270
1679184000,651.8,651.8,631.39,643.22,5202
1679270400,647.51,651.8,638.08,649.23,7411
1679443200,651.8,653.52,643.22,643.22,5777
1679529600,643.22,643.31,632.08,634.65,5274
1679788800,645.8,645.8,626.16,629.67,9324
1679875200,641.51,666.55,613.21,651.8,9972
1679961600,664.67,664.67,638.94,644.94,10849
1680048000,639.02,643.22,632.93,643.22,4323
1680134400,651.8,651.8,640.65,642.37,4473
1680393600,642.37,656.09,626.07,626.93,14946
1680480000,639.37,639.37,609.01,609.01,15788
1680566400,609.78,617.5,607.2,613.12,6680
1680652800,614.07,614.07,600.34,604.72,20274
1680739200,608.92,612.26,603.77,608.83,5317
1680998400,608.92,613.12,600.34,602.06,11229
1681084800,608.92,608.92,597.77,600.77,8667
1681171200,602.06,615.78,600.34,613.21,6209
1681257600,624.36,645.8,618.35,645.8,10594
1681344000,645.8,655.23,627.79,628.64,13198
1681603200,636.36,639.79,626.07,629.93,4334
1681689600,626.07,627.79,617.5,620.93,4387
1681776000,620.93,627.79,614.92,621.78,2268
1681862400,617.5,632.93,617.5,621.78,12199
1681948800,621.78,626.07,617.5,618.35,5446
1682208000,621.78,621.78,613.81,617.5,7022
1682294400,613.21,621.61,612.35,616.04,5018
1682380800,612.52,625.04,612.35,620.07,11933
1682467200,621.78,627.79,618.61,623.5,6319
1682553600,618.35,623.5,613.21,621.78,7064
1682812800,626.07,626.07,613.55,626.07,6162
1682985600,625.21,631.99,617.15,621.78,7086
1683072000,617.5,620.93,617.15,618.27,6521
1683158400,630.27,630.27,618.18,621.18,5454
1683417600,618.44,626.07,615.78,619.21,3411
1683504000,617.5,619.21,604.63,607.2,12241
1683590400,611.49,614.84,604.72,613.12,6873
1683676800,617.5,617.5,606.35,608.15,8552
1683763200,601.63,607.2,601.54,607.2,9025
1684022400,608.92,608.92,599.66,599.66,9501
1684108800,592.62,601.97,584.91,598.63,14140
1684195200,600.34,603.77,596.05,602.83,4732
1684281600,600.34,612.35,600.34,610.55,5483
1684368000,608.92,620.07,608.92,618.44,8176
1684627200,618.7,629.5,615.87,617.5,7877
1684713600,629.42,631.22,614.92,627.79,16215
1684800000,636.36,647.0,629.5,644.94,14154
1684886400,647.51,651.8,634.65,651.8,14641
1685232000,651.8,660.38,632.08,633.79,22723
1685404800,621.87,629.5,613.21,618.35,18670
1685491200,606.0,619.3,600.34,608.92,18193
1685577600,604.63,617.58,602.06,614.07,9138
1685836800,614.07,634.65,614.07,630.36,11480
1685923200,642.37,647.34,617.75,618.35,12271
1686009600,630.7,641.51,622.73,641.51,11556
1686096000,651.8,652.66,635.51,635.51,13136
1686182400,630.36,665.69,629.67,656.09,26738
1686441600,668.1,673.24,658.66,662.18,20307
1686528000,675.39,683.53,656.09,660.38,34440
1686614400,662.09,685.25,649.23,675.81,52962
1686700800,681.82,708.4,679.25,694.68,50058
1686787200,708.58,708.58,692.97,698.97,26772
1687046400,703.26,730.27,694.68,729.85,53483
1687132800,741.85,741.85,716.12,720.41,39145
1687219200,723.84,737.56,696.4,696.4,25460
1687305600,698.97,708.32,684.56,694.77,26056
1687392000,708.4,713.55,694.68,705.66,22130
1687651200,707.55,776.16,707.55,771.87,80576
1687737600,787.31,794.17,759.01,763.29,50093
1687824000,763.29,780.45,756.43,771.87,44148
1687910400,771.87,783.88,754.72,763.29,60001
1688256000,767.58,771.87,744.51,746.14,34184
1688342400,746.14,754.72,724.7,728.99,32138
1688428800,733.28,756.43,729.85,737.56,19170
1688515200,746.14,746.23,710.98,710.98,29090
1688601600,722.13,722.13,700.69,710.98,18288
1688860800,724.7,745.97,724.7,740.99,18487
1688947200,737.56,755.57,730.7,738.42,34428
1689033600,749.57,749.57,735.85,743.57,15449
1689120000,741.85,753.77,720.5,734.13,50827
1689206400,748.71,748.71,722.98,725.56,19035
1689465600,739.28,746.14,720.5,724.7,20265
1689552000,722.13,745.28,722.13,741.85,16907
1689638400,755.57,762.44,749.57,750.43,20373
1689724800,762.26,762.26,747.86,751.29,13551
1689811200,758.15,758.15,741.85,746.14,7529
1690070400,744.43,762.44,743.57,753.0,16780
1690156800,739.28,753.0,732.42,737.56,20115
1690243200,733.45,740.99,724.7,728.04,15882
1690329600,741.77,741.77,713.55,721.27,11703
1690416000,734.99,734.99,708.4,716.47,10288
1690675200,716.12,722.98,703.26,709.26,14072
1690761600,707.55,720.41,705.83,712.61,11693
1690848000,713.55,716.12,690.39,692.97,17579
1690934400,694.68,698.97,681.82,698.89,9381
1691020800,710.98,711.84,694.68,698.89,7149
1691280000,694.68,703.26,672.38,686.02,20713
1691366400,672.38,694.68,672.38,683.53,12734
1691452800,694.68,694.68,669.81,676.67,13048
1691539200,664.67,690.39,663.98,690.39,22403
1691625600,692.97,704.55,686.11,698.97,8321
1691884800,687.14,702.4,687.14,702.4,6959
1691971200,702.4,706.69,695.54,701.54,6512
1692057600,699.83,706.69,686.96,698.54,12521
1692144000,690.48,692.11,675.81,676.67,16980
1692230400,689.54,690.39,671.61,674.96,13002
1692489600,669.81,677.44,664.67,667.24,7859
1692576000,667.32,673.24,658.75,660.38,9340
1692662400,664.67,668.87,659.18,667.92,3921
1692748800,667.92,681.82,664.84,680.96,16336
1692835200,692.97,692.97,660.38,670.67,12412
1693094400,668.95,668.95,658.66,660.38,13794
1693180800,668.95,668.95,654.8,660.38,3397
1693267200,670.67,670.67,656.09,658.66,3895
1693353600,668.95,668.95,651.8,660.38,8649
1693699200,668.95,668.95,640.65,643.22,16498
1693785600,654.37,654.37,633.79,636.36,10734
1693872000,647.51,647.51,634.65,634.65,5969
1694044800,642.37,642.37,626.07,628.64,12137
1694304000,630.36,634.65,626.07,631.65,4707
1694390400,626.16,651.72,626.07,650.09,4744
1694476800,662.95,662.95,637.22,643.22,5907
1694563200,647.51,660.12,638.94,656.09,8760
1694908800,649.23,657.8,644.08,645.8,4544
1694995200,635.68,655.23,635.68,655.23,2688
1695081600,644.17,660.38,643.22,656.09,2849
1695254400,668.95,677.53,657.29,664.67,19480
1695513600,656.09,668.95,654.37,656.09,2774
1695600000,666.38,666.38,649.23,652.32,4839
1695686400,664.67,670.67,654.37,656.17,7642
1695772800,664.67,664.67,649.23,651.8,7217
1696118400,643.22,651.8,640.65,640.65,6143
1696204800,633.88,646.66,632.08,644.94,3874
1696291200,635.51,643.22,634.65,638.08,4179
1696377600,627.87,643.22,627.87,639.71,6343
1696464000,634.65,645.8,632.93,634.65,25443
1696723200,647.34,647.34,625.39,626.07,8752
1696809600,624.36,632.08,622.64,624.36,4634
1696896000,618.35,636.62,617.92,619.21,6043
1696982400,617.92,638.08,617.5,619.21,10550
1697068800,618.35,620.07,613.72,613.72,6486
1697414400,625.21,625.21,600.34,600.34,14044
1697500800,612.35,630.36,605.92,613.12,4784
1697587200,614.07,636.36,613.21,626.07,5695
1697673600,626.07,626.07,621.78,624.36,2394
1698537600,612.35,621.78,608.92,613.21,2907
1698624000,609.78,621.78,608.92,621.78,2091
1698710400,626.07,626.07,619.3,624.19,3294
1698796800,626.07,638.08,617.07,617.07,2672
1698883200,609.78,621.87,609.78,616.64,2700
1699142400,608.92,619.21,607.2,611.49,4311
1699228800,623.67,635.51,611.92,626.07,4380
1699315200,629.5,630.36,623.5,629.5,1750
1699401600,626.07,629.93,619.3,625.99,1569
1699488000,621.78,633.36,620.75,620.75,2689
1700438400,622.64,626.07,621.78,621.78,3028
1700524800,621.78,621.78,608.92,617.5,3638
1700611200,622.64,635.51,608.92,626.07,2277
1700697600,638.08,638.08,614.07,630.36,1811
1700956800,632.08,647.51,631.22,647.51,6598
1701043200,658.66,664.67,647.51,654.97,5171
1701129600,667.24,667.24,652.66,654.37,2284
1701216000,658.66,658.66,634.65,644.94,5626
1701302400,643.31,643.31,633.79,635.51,5623
1701561600,626.93,633.79,621.78,626.07,4589
1701648000,620.07,630.36,620.07,628.64,4616
1701734400,628.64,632.08,624.44,630.36,1097
1701820800,626.16,634.65,626.07,634.65,4365
1701907200,629.67,646.66,629.5,638.08,7591
1702166400,650.77,675.81,650.77,668.1,1920
1702252800,681.39,681.39,651.8,664.67,18363
1702339200,667.24,676.67,656.95,668.95,11802
1702425600,682.33,682.33,662.09,667.24,8684
1702512000,655.23,663.81,655.23,656.09,6080
1702771200,642.97,658.66,605.49,656.95,29572
1702857600,660.38,674.96,656.95,663.64,20028
1702944000,659.52,675.81,656.95,675.73,18382
1703030400,687.82,687.82,677.53,682.68,24863
1703116800,678.39,683.53,656.09,662.95,18571
1703376000,676.16,676.16,658.66,658.66,15370
1703635200,658.66,684.31,658.66,660.38,11415
1703721600,649.23,677.53,649.23,654.37,15719
1704067200,667.24,667.24,651.8,656.09,12861
1704153600,645.11,656.09,628.64,638.94,16174
1704240000,629.5,646.66,629.5,638.94,22101
1704326400,643.22,647.51,634.65,634.99,14074
1704585600,629.5,638.94,626.07,627.02,14111
1704672000,634.65,638.85,630.36,637.99,11573
1704758400,647.51,660.38,643.22,650.94,18734
1704844800,663.89,663.89,643.22,656.09,14865
1704931200,660.38,660.38,647.77,650.09,15319
1705190400,651.8,654.46,648.37,649.66,11894
1705363200,651.8,660.38,651.8,656.52,18245
1705449600,659.09,668.78,657.8,660.21,31670
1705536000,656.95,656.95,644.08,651.8,9773
1705795200,644.17,650.94,634.65,635.51,25477
1705881600,635.51,646.57,627.96,629.93,19275
1705968000,642.37,642.37,624.01,626.07,11258
1706054400,635.51,635.51,615.95,621.78,26633
1706140800,619.3,629.33,616.12,625.9,18381
1706400000,638.34,638.94,626.07,634.65,14901
1706486400,634.65,642.28,632.08,632.08,11869
1706572800,642.37,642.37,629.5,629.59,11040
1706659200,637.82,637.82,626.07,626.07,11445
1706745600,633.7,633.7,609.78,618.35,18821
1707004800,618.35,621.78,604.37,615.78,22157
1707091200,615.78,625.21,613.21,618.27,5836
1707177600,624.36,626.07,614.92,624.36,5264
1707264000,634.48,634.48,622.3,625.73,5686
1707350400,623.5,626.07,621.78,622.13,6738
1707609600,626.07,629.5,620.93,624.36,14498
1707696000,626.07,636.36,626.07,632.59,12677
1707782400,642.28,642.28,622.64,623.41,9184
1707868800,619.3,626.07,619.3,626.07,4454
1707955200,629.5,630.27,619.64,620.93,6471
1708214400,608.92,608.92,602.92,604.97,33981
1708387200,602.06,607.8,600.34,601.2,12294
1708473600,611.49,611.49,600.69,602.06,5916
1708560000,602.06,602.06,587.48,588.42,16319
1708819200,583.36,594.34,581.56,583.36,15405
1708905600,579.76,587.48,579.76,584.05,6619
1708992000,591.77,602.92,591.77,600.26,6347
1709078400,596.05,599.49,591.77,596.05,7374
1709164800,584.99,604.63,584.99,591.77,10431
1709424000,587.91,599.06,584.82,585.76,4334
1709510400,597.43,597.43,597.43,597.43,20
1709596800,609.35,613.21,595.2,596.05,15627
1709683200,600.34,604.63,593.65,600.26,14229
1709769600,611.84,611.84,596.05,603.77,6602
1710028800,608.92,614.92,606.52,609.78,11810
1710201600,621.78,631.22,613.21,630.36,15542
1710288000,634.65,636.36,626.07,630.36,18317
1710374400,626.07,632.85,612.35,617.5,10098
1710633600,621.78,623.5,615.78,617.5,8195
1710720000,612.35,619.21,608.92,614.07,7012
1710806400,616.64,624.36,608.92,608.92,8283
1710892800,620.84,632.85,608.92,613.21,8196
1710979200,615.78,624.27,583.19,605.4,18842
1711324800,604.63,609.78,602.06,602.06,11180
1711411200,599.49,608.92,592.62,600.34,13751
1711497600,608.92,608.92,598.63,599.14,3280
1711584000,601.2,601.2,596.83,596.83,11088
1711843200,597.0,607.98,594.34,595.2,4960
1711929600,595.2,599.49,592.62,593.48,8008
1712016000,596.91,596.91,591.77,594.34,8557
1712102400,595.11,600.34,591.77,595.2,6257
1712188800,594.34,596.05,588.34,591.77,8458
1712448000,599.49,599.91,590.91,596.05,11276
1712620800,600.51,604.63,597.77,600.17,11080
1712707200,600.43,600.43,591.85,592.28,8953
1713052800,600.34,600.34,588.51,591.68,7696
1713139200,590.91,592.2,586.62,586.62,8566
1713225600,589.19,590.05,584.99,586.11,6177
1713398400,585.76,585.76,580.19,581.48,8813
1713657600,581.48,584.05,579.76,583.19,6990
1713744000,583.19,593.48,583.19,584.05,4926
1713916800,591.77,591.77,586.62,588.25,5540
1714003200,587.48,587.48,579.76,586.54,12061
1714262400,596.91,596.91,585.08,587.48,6069
1714348800,596.05,597.77,585.76,586.19,4856
1714435200,597.6,597.6,585.85,591.85,11989
1714608000,603.69,603.69,590.05,590.05,9209
1714867200,601.03,601.03,584.05,589.19,12248
1714953600,585.76,590.74,574.61,585.76,17813
1715040000,591.77,591.77,581.48,581.48,4261
1715126400,583.19,587.48,576.33,583.19,5245
1715212800,594.85,594.85,578.99,583.19,7151
1715472000,593.4,595.11,585.76,589.11,11266
1715558400,591.77,596.05,585.16,589.19,5285
1715644800,596.05,597.51,585.85,591.77,11295
1715731200,600.26,602.06,588.34,590.05,13776
1715817600,591.77,599.91,591.77,591.77,9203
1716076800,603.6,622.21,592.71,620.07,33133
1716163200,625.9,630.36,615.78,617.32,15822
1716249600,621.7,621.7,608.92,613.12,8086
1716336000,609.78,620.93,608.92,614.15,15943
1716681600,626.07,626.07,613.64,613.64,13282
1716768000,613.64,617.5,608.92,615.78,7566
1716940800,611.49,621.78,609.78,613.21,11210
1717027200,604.72,624.36,600.51,602.06,7146
1717286400,608.92,609.78,600.51,602.06,6388
1717372800,614.07,614.07,601.89,602.92,6524
1717459200,600.34,608.06,600.34,601.2,7404
1717545600,592.71,604.63,592.71,598.63,6698
1717632000,610.55,616.55,596.14,596.91,6658
1717891200,597.77,604.55,596.05,596.05,8933
1717977600,599.49,599.49,590.99,594.34,7710
1718064000,594.34,620.07,594.34,608.92,13905
1718150400,611.06,614.07,602.92,605.49,5898
1718236800,612.26,612.26,599.06,606.35,12581
1718496000,595.28,612.35,595.28,605.06,7387
1718668800,606.35,607.12,600.34,600.34,8213
1718755200,596.05,611.41,590.22,601.11,46332
1718841600,611.32,611.32,587.48,591.77,15386
1719100800,596.05,596.05,586.62,591.77,7848
1719187200,602.06,602.06,583.19,589.97,5469
1719273600,590.05,597.77,587.74,589.28,4826
1719360000,591.42,591.77,585.16,585.76,8988
1719446400,587.48,587.48,584.48,584.48,4467
1719705600,593.4,593.4,579.76,582.5,11298
1719792000,579.25,583.19,578.9,582.33,13406
1719878400,593.91,616.64,587.48,595.54,9547
1719964800,607.38,607.38,584.13,591.77,4233
1720051200,602.06,602.06,590.14,592.8,14035
1720310400,599.57,604.63,594.08,599.49,22835
1720396800,608.06,608.06,597.77,601.2,11114
1720483200,596.14,606.09,596.14,604.63,11316
1720569600,611.49,616.55,604.63,613.21,18805
1720656000,616.64,620.07,613.21,617.41,16532
1720915200,629.67,641.51,618.35,629.5,13925
1721001600,641.17,641.51,617.58,620.07,20997
1721088000,626.07,637.22,617.5,634.22,23617
1721174400,634.65,668.95,634.65,668.95,35804
1721260800,673.24,695.54,672.38,681.82,62627
1721520000,681.82,698.11,677.53,698.03,51605
1721606400,709.26,710.98,684.39,698.97,41608
1721692800,684.99,733.28,684.99,727.96,47949
1721779200,728.99,737.56,712.69,724.61,59713
1721865600,720.41,732.42,711.84,722.13,49081
1722124800,736.54,763.29,722.13,746.31,54979
1722211200,746.31,759.01,734.22,738.42,67822
1722297600,738.42,746.14,711.92,734.99,49562
1722384000,745.97,754.63,737.56,746.14,51777
1722470400,754.72,780.45,746.14,763.29,94528
1722816000,766.72,786.45,766.72,782.25,57996
1722902400,776.16,797.86,746.14,754.72,104406
1722988800,769.81,774.19,747.86,773.58,66956
1723075200,777.87,798.46,773.58,777.02,67888
1723334400,784.73,804.46,783.02,798.46,62590
1723420800,813.89,878.22,801.89,877.36,109742
1723507200,894.85,916.81,857.63,890.22,107351
1723593600,907.98,960.55,875.64,913.38,118995
1723680000,926.24,926.24,887.65,891.94,71250
1723939200,909.78,909.78,856.78,862.78,98358
1724198400,862.78,896.23,849.06,851.63,77911
1724284800,851.63,857.63,836.71,837.05,68814
1724544000,837.05,849.06,824.19,830.19,81804
1724716800,822.47,828.04,796.74,796.74,74292
1724803200,796.74,828.82,773.58,780.45,40434
1724889600,771.87,783.02,760.72,771.1,82159
1725148800,771.1,777.87,754.72,756.35,40227
1725235200,759.01,792.45,751.37,784.73,46243
1725321600,789.02,840.48,786.45,825.9,55820
1725408000,814.75,833.62,783.45,783.45,56853
1725494400,768.52,784.73,763.38,780.45,35224
1725753600,784.73,793.31,759.01,759.09,27788
1725840000,757.29,764.58,741.34,743.57,28310
1725926400,743.57,759.01,738.94,739.37,19009
1726012800,741.85,746.14,733.28,733.28,8999
1726099200,733.28,744.43,722.81,741.85,19605
1726358400,747.94,755.57,733.36,737.56,22189
1726444800,728.99,737.56,716.12,716.12,16755
1726617600,716.12,722.13,703.26,703.26,16930
1726963200,717.32,724.7,699.83,701.54,12989
1727049600,707.55,707.55,686.11,686.11,19446
1727136000,675.81,713.55,673.24,678.3,24673
1727222400,677.53,688.68,670.75,685.25,21549
1727308800,698.11,698.11,673.24,676.67,18756
1727568000,669.81,685.16,664.67,675.04,14464
1727654400,674.96,690.39,661.66,687.74,8260
1727740800,699.83,725.56,694.77,725.56,14515
1727827200,725.64,735.85,711.84,720.33,16393
1728172800,707.12,728.13,706.69,723.84,11559
1728259200,728.99,741.77,722.21,733.28,10681
1728345600,733.28,741.85,728.99,734.56,3966
1728432000,727.27,728.64,723.07,725.56,11226
1728950400,739.28,739.28,717.15,733.28,3787
1729036800,742.71,746.14,734.13,741.85,13233
1729123200,754.72,754.72,742.71,747.0,10486
1729382400,737.56,740.99,729.07,731.13,15241
1729468800,722.13,724.7,710.12,710.12,15469
1729555200,722.98,722.98,709.26,713.55,10557
1729641600,724.7,724.7,707.89,713.55,6228
1729728000,706.69,711.84,703.26,703.52,3784
1729987200,707.55,707.55,694.68,702.4,9060
1730073600,710.12,710.98,703.26,706.69,4011
1730160000,720.41,741.85,706.0,737.56,23680
1730246400,741.85,747.86,739.28,741.85,12403
1730764800,729.85,767.5,729.85,746.31,15874
1730851200,746.14,750.43,732.85,735.85,6093
1731196800,735.85,759.86,730.7,759.01,20553
1731283200,771.87,771.87,752.14,763.29,21062
1731369600,776.16,776.16,750.51,758.92,18394
1731456000,761.58,761.58,741.94,741.94,7858
1731542400,741.94,746.14,734.99,744.43,17042
1731801600,750.43,750.43,739.37,740.14,15034
1731974400,741.85,744.43,733.28,737.56,18397
1732060800,724.7,737.56,724.7,735.76,4754
1732147200,749.49,749.49,720.41,724.7,11089
1732406400,738.42,738.42,718.78,724.53,9758
1732492800,724.7,725.56,717.84,719.55,4952
1732579200,733.28,746.14,722.98,724.79,6631
1732665600,728.99,737.39,726.59,737.39,5840
1732752000,737.56,741.85,725.64,734.91,11571
1733011200,729.67,729.67,720.5,723.84,13373
1733097600,723.84,730.7,716.12,718.7,13431
1733184000,721.27,721.27,716.21,717.84,9515
1733270400,731.48,731.48,714.84,719.55,8538
1733356800,715.27,718.7,701.54,703.09,14409
1733616000,716.98,716.98,690.39,707.55,23380
1733702400,710.12,710.12,694.68,699.83,4861
1733788800,713.55,713.55,686.96,703.26,6526
1733875200,715.27,729.5,685.25,711.84,9340
1733961600,711.84,719.55,694.68,709.09,4559
1734307200,719.55,719.55,681.9,693.83,6134
1734393600,707.63,707.63,681.82,690.39,4393
1734480000,698.97,703.69,686.11,693.83,7360
1734566400,687.82,697.26,683.96,686.11,5511
1734825600,679.25,687.82,677.53,680.1,5396
1734912000,681.99,688.59,675.81,684.31,6112
1734998400,683.53,692.97,679.25,684.39,6240
1735171200,677.53,686.96,677.53,681.82,2718
1735430400,674.1,686.96,674.1,685.25,12554
1735603200,673.24,686.11,673.24,685.25,5746
1735689600,686.11,686.11,674.36,684.39,3874
1735776000,697.26,697.26,675.04,681.82,4020
1736035200,690.39,695.45,674.1,676.67,8660
1736121600,672.47,685.25,669.81,676.76,14719
1736208000,689.54,689.54,675.9,680.96,6398
1736294400,694.51,694.51,677.79,678.9,6786
1736380800,692.45,692.45,678.82,682.68,14004
1736640000,696.31,696.31,677.53,686.02,4105
1736726400,686.96,697.17,676.67,680.1,6671
1736899200,669.04,686.11,669.04,680.53,4591
1736985600,670.84,682.59,670.84,677.44,5604
1737244800,683.53,684.39,671.53,671.53,7978
1737331200,673.24,681.73,664.67,675.81,17989
1737417600,668.95,694.68,668.95,689.45,16467
1737504000,698.89,698.97,692.11,695.54,9503
1737590400,694.68,695.54,689.71,692.97,8687
1737849600,701.54,701.54,688.08,689.19,17036
1737936000,688.68,689.54,681.9,682.68,9381
1738022400,678.39,690.39,677.53,681.99,10634
1738454400,695.63,709.26,695.63,709.26,31387
1738540800,720.41,725.39,713.55,716.12,23913
1738627200,727.96,728.99,716.21,717.84,15407
1738713600,732.16,732.16,711.84,722.98,19389
1738800000,737.39,737.39,713.55,716.98,12231
1739059200,720.41,721.27,707.55,710.12,15651
1739145600,712.69,718.7,704.97,715.27,20434
1739232000,720.41,722.13,703.26,722.13,50805
1739318400,736.51,736.51,715.09,719.81,22480
1739404800,707.74,714.06,705.66,712.17,12167
1739664000,715.0,715.09,702.83,713.11,14422
1739750400,712.26,728.3,712.26,728.3,18130
1739836800,728.3,740.47,721.7,729.25,14794
1740009600,726.42,745.28,726.42,728.49,8149
1740268800,716.98,731.13,702.83,730.19,12285
1740355200,730.19,735.85,721.7,731.04,13302
1740441600,726.51,735.85,726.42,733.58,14426
1740614400,733.58,746.23,724.53,740.47,27924
1740873600,744.25,777.36,744.25,773.68,35370
1740960000,778.3,801.04,778.3,797.17,64291
1741046400,797.17,801.89,783.96,785.75,28782
1741132800,785.85,792.45,769.81,771.7,19117
1741219200,765.19,840.57,764.15,812.26,38484
1741478400,806.6,811.32,782.08,789.81,18581
1741564800,800.0,802.08,772.64,776.42,12784
1741651200,768.96,778.3,761.32,764.15,16008
1741737600,767.83,767.83,744.43,759.43,14109
1742083200,745.57,778.3,745.57,748.21,21138
1742169600,745.28,757.55,743.58,750.94,10854
1742256000,754.62,754.72,738.68,748.58,16563
1742342400,749.06,749.06,738.21,738.68,6115
1742428800,735.85,749.06,734.91,736.01,5507
1742688000,733.96,745.19,721.89,722.96,7294
1742774400,721.7,740.57,721.7,735.15,6750
1742860800,726.42,749.06,713.21,716.43,17638
1742947200,729.25,745.28,721.7,736.04,9598
1743033600,749.06,749.06,730.38,737.44,8512
1743292800,724.53,749.91,722.74,740.12,13337
1743465600,750.0,750.0,732.08,735.69,8060
1743552000,745.28,745.28,726.42,730.81,9372
1743638400,729.25,745.38,729.25,732.06,7925
1743984000,745.28,745.28,721.7,725.78,4748
1744070400,726.42,735.85,720.75,730.42,10203
1744156800,727.45,738.68,725.47,732.26,17850
1744243200,726.42,735.85,726.42,727.75,8469
1744502400,726.42,729.25,716.98,719.23,14456
1744675200,731.13,733.02,720.38,728.17,5061
1744761600,742.64,742.64,728.21,728.58,8575
1744848000,741.51,759.43,727.45,756.2,23554
1745107200,768.87,774.53,754.72,773.12,41462
1745193600,773.58,777.92,765.09,772.61,27012
1745280000,773.3,827.26,764.34,773.91,31873
1745366400,764.15,765.19,757.55,759.43,11787
1745452800,754.72,764.15,725.75,754.28,23645
1745712000,749.06,762.26,740.57,746.72,21203
1745798400,745.28,750.0,743.4,746.12,3090
1745884800,746.04,754.72,741.13,741.7,4315
1745971200,737.74,745.28,735.19,735.83,19137
1746316800,746.23,746.23,733.11,735.26,10625
1746403200,733.96,745.28,727.36,731.26,9347
1746489600,731.13,738.68,716.98,717.81,24115
1746576000,716.98,735.85,707.55,732.61,38685
1746662400,747.17,747.17,716.51,718.82,20029
1746921600,720.0,726.42,715.19,716.24,16863
1747094400,719.81,721.7,712.26,714.42,11425
1747180800,713.21,719.81,707.64,717.21,5138
1747267200,713.21,721.7,709.43,712.77,9598
1747526400,712.26,714.15,707.55,711.57,7470
1747612800,712.26,716.98,697.36,700.73,69612
1747699200,698.11,714.72,698.11,710.67,9362
1747785600,724.81,738.68,712.26,712.42,8445
1747872000,712.26,721.6,707.55,713.07,23125
1748131200,712.26,719.81,709.53,712.13,9483
1748217600,726.32,726.32,695.28,700.52,46099
1748304000,703.3,710.38,702.83,702.98,7170
1748390400,701.89,709.43,698.11,707.93,25793
1748822400,720.75,721.98,706.6,707.58,8006
1748908800,702.83,710.28,702.83,705.92,10070
1748995200,718.87,718.87,694.34,701.27,6298
1749081600,699.06,704.72,697.17,698.26,22510
1749340800,697.17,702.83,697.08,698.06,8722
1749427200,702.74,702.83,693.3,696.4,12975
1749513600,696.4,702.83,693.96,697.02,11470
1749600000,699.25,702.83,692.17,694.1,7877
1749686400,694.34,708.21,694.34,701.25,17266
1749945600,698.11,702.83,697.26,697.75,19240
1750032000,695.47,712.26,693.68,702.94,22895
1750118400,695.85,704.72,695.28,697.42,7313
1750204800,695.47,702.83,695.28,697.33,4431
1750291200,698.11,698.11,692.45,693.52,21508
1750550400,693.4,693.4,685.85,686.55,10546
1750636800,686.51,686.6,679.25,680.85,7061
1750723200,693.4,693.4,679.34,680.44,9676
1750809600,681.13,683.96,678.3,683.77,13783
1750896000,683.96,684.43,674.53,676.09,15338
1751155200,675.57,679.25,672.64,676.17,9152
1751241600,689.62,689.62,668.58,674.83,9798
1751328000,683.96,688.68,682.08,686.87,4363
1751414400,693.4,707.55,686.89,705.66,22533
1751500800,706.6,763.02,698.11,743.78,90681
1751760000,729.25,743.4,716.98,733.79,41762
1751846400,720.75,733.02,715.09,718.19,20994
1751932800,716.98,725.47,712.26,716.36,14124
1752019200,711.42,731.13,711.42,724.92,7838
1752105600,721.7,738.68,717.92,731.49,37562
1752364800,746.04,754.72,721.7,729.98,26229
1752451200,732.08,740.57,721.7,722.21,9502
1752537600,735.85,735.85,721.7,727.45,14680
1752624000,741.98,741.98,726.42,729.75,22324
1752710400,744.34,750.94,735.94,745.8,27416
1752969600,754.72,773.58,746.7,754.53,45266
1753056000,754.72,759.34,741.51,750.92,40028
1753142400,765.66,777.36,765.09,775.49,53963
1753228800,778.4,778.4,760.38,763.83,53132
1753315200,766.04,770.75,761.6,764.33,26366
1753574400,764.15,777.36,764.15,764.32,45419
1753660800,764.15,766.98,755.19,762.01,27980
1753747200,776.23,781.13,769.81,773.01,36689
1753833600,778.3,778.3,757.64,758.99,29897
1753920000,750.94,759.43,740.66,745.55,26531
1754179200,736.89,745.28,730.19,731.1,22509
1754265600,740.57,740.57,718.96,729.79,19151
1754352000,729.79,743.4,717.92,721.95,12288
1754438400,715.09,726.42,707.64,721.54,13558
1754524800,725.47,728.3,720.75,726.64,13504
1754870400,727.45,733.02,714.15,716.78,10882
1754956800,716.79,723.58,709.53,711.58,11674
1755043200,711.32,721.7,698.11,707.61,9826
1755129600,712.26,712.26,702.83,705.51,9313
1755388800,707.64,709.43,701.89,702.99,15329
1755475200,703.77,708.49,701.89,702.58,5656
1755561600,702.83,708.49,698.11,703.29,9536
1755648000,707.55,707.55,698.3,699.29,11206
1755734400,697.17,702.83,693.4,696.56,10845
1755993600,698.11,702.83,690.57,690.99,9106
1756080000,701.89,701.89,690.28,693.41,8411
1756166400,688.68,698.11,688.68,692.07,7798
1756252800,702.83,705.66,691.51,702.27,13178
1756339200,714.15,714.15,693.4,694.16,9430
1756598400,693.4,706.6,688.96,694.94,9939
1756684800,701.89,701.89,694.34,699.97,6117
1756771200,699.97,707.55,695.28,696.49,4786
1756857600,704.53,704.53,690.75,692.55,5161
1756944000,694.34,695.0,689.62,693.24,13222
1757203200,692.45,696.23,688.77,693.46,5755
1757289600,688.77,693.4,680.19,685.57,6893
1758153600,671.89,671.89,617.17,617.17,2150
1758412800,604.91,604.91,555.47,589.47,79980
1758585600,600.85,622.64,589.62,620.47,21715
1758672000,620.75,622.64,610.38,615.19,9398
1758758400,602.92,613.21,602.83,607.55,11244
1759017600,600.0,637.74,597.26,637.74,12448
1759795200,625.0,625.09,607.55,614.15,8784
1759881600,613.21,613.21,594.34,601.89,9628
1759968000,613.21,636.79,601.89,605.66,9658
1760227200,612.26,612.26,575.47,586.79,20839
1760313600,575.47,596.23,575.47,596.23,7395
1760400000,595.28,595.28,577.83,580.19,8321
1760486400,577.45,587.74,575.75,583.02,21126
1760572800,594.25,594.25,571.7,576.04,5638
1760832000,564.62,575.38,564.53,574.53,4364
1761436800,568.87,575.47,568.87,575.47,3603
1761609600,577.36,594.15,577.36,591.51,4737
1761696000,593.4,600.94,584.91,586.89,3985
1761782400,580.19,597.17,576.6,596.23,8051
1762041600,606.6,606.6,597.17,602.83,9819
1762128000,611.32,611.32,600.94,603.77,5833
1762214400,603.77,603.77,594.34,595.28,5960
1762300800,606.51,606.51,583.77,594.34,2778
1762387200,594.34,603.77,592.45,594.34,3648
1762646400,591.7,594.34,582.55,589.62,3668
1762732800,594.34,600.0,588.68,590.57,3582
1762819200,584.91,595.28,583.02,592.45,3229
1762905600,585.09,596.42,585.0,596.23,5477
1762992000,598.11,599.06,585.85,592.92,5806
1763251200,586.79,604.72,581.13,588.68,11440
1763337600,584.91,594.34,582.08,588.68,12931
1763424000,600.38,607.55,588.68,594.06,5783
1763510400,594.43,594.43,585.0,593.4,5238
1763596800,583.96,594.34,583.96,586.79,5751
1763856000,589.72,603.77,589.62,603.77,14502
1763942400,608.49,625.47,608.49,625.47,22940
1764028800,622.64,631.98,609.91,631.13,15116
1764115200,627.36,640.57,619.34,637.74,10276
1764201600,625.47,641.51,617.92,632.08,6400
1764460800,636.79,636.79,613.21,613.21,8479
1764547200,625.47,637.74,608.49,615.09,6685
1764633600,608.49,627.36,608.49,616.04,14694
1764720000,613.21,616.04,603.77,603.77,7081
1765065600,603.77,606.6,589.62,597.17,10388
1765152000,608.49,608.49,586.79,594.34,5095
1765238400,586.79,608.02,586.79,597.64,3238
1765324800,593.4,603.77,593.4,596.23,3581
1765411200,596.23,599.06,592.45,592.45,11660
1765670400,589.62,597.17,588.96,589.62,6367
1765756800,585.85,600.0,585.85,597.17,7407
1765843200,607.55,608.49,598.11,608.49,4566
1765929600,608.02,608.02,596.32,601.04,11698
1766016000,606.6,609.15,602.17,602.83,12050
1766275200,605.66,608.49,594.34,599.06,4487
1766361600,599.06,601.89,596.23,601.42,2234
1766448000,594.34,604.25,590.57,599.06,3252
1766534400,599.06,603.77,590.57,599.06,13292
1766880000,605.66,615.28,601.13,615.0,20024
1766966400,626.9,630.0,624.0,626.5,12047
1767139200,630.0,638.0,628.0,630.0,4902
1767225600,630.0,634.0,630.0,631.0,5873
1767484800,631.0,635.0,623.0,630.2,5936
1767571200,630.2,632.9,624.0,630.0,8038
1767657600,642.0,652.0,631.0,632.0,2411
1767744000,641.0,641.0,626.0,626.0,13460
1767830400,635.0,637.8,625.2,632.0,6353
1768176000,625.0,635.0,624.0,625.2,8058
1768262400,627.0,627.0,624.5,625.5,6425
1768348800,625.0,635.0,622.8,626.1,2726
1768694400,628.0,634.2,628.0,630.0,4231
1768867200,642.5,645.0,631.2,642.9,16280
1768953600,651.0,651.0,638.0,640.0,9997
1769040000,636.0,640.0,633.0,638.6,6524
1769299200,645.0,650.9,635.1,650.0,16177
1769385600,650.0,660.0,640.0,650.0,9970
1769472000,637.0,660.0,625.0,642.0,9442
1769558400,641.5,642.0,630.1,635.0,10304
1769644800,637.0,649.0,627.1,628.0,12133
1769904000,628.0,639.0,621.0,622.6,10863
1769990400,622.0,630.0,620.0,625.0,9904
1770076800,615.0,634.09,612.5,624.0,13557
1770163200,611.6,630.0,611.6,624.0,6247
1770249600,629.9,635.0,620.1,633.0,8657
1770508800,631.0,636.0,628.0,630.0,14418
1770595200,637.0,637.0,622.5,631.7,11356
1770681600,621.0,633.4,621.0,625.0,8788
1770768000,620.1,632.0,620.1,629.0,4975
1770854400,622.0,627.5,622.0,624.9,8403
